,Num_Acc,place,catu,grav,sexe,secu,locp,actp,etatp,an_nais,num_veh,senc,catv,occutc,obs,obsm,choc,manv,mois,jour,hrmn,lum,agg,int,atm,col,mom,catvopp,catv_gen,catvopp_gen
313,201600000149,1.0,1,1,1,11.0,0.0,0.0,0.0,1973.0,B02,2.0,15,0,0.0,2.0,3.0,0.0,2,24,1345,1,1,1,1,1,2,7,3,2
314,201600000150,1.0,1,3,2,11.0,0.0,0.0,0.0,1982.0,A01,2.0,7,0,6.0,0.0,1.0,1.0,6,16,300,3,2,1,1,7,0,7,2,2
315,201600000151,1.0,1,1,1,11.0,0.0,0.0,0.0,1959.0,A01,0.0,7,0,0.0,1.0,3.0,1.0,7,8,1830,1,2,1,1,6,4,7,2,2
316,201600000151,0.0,3,3,2,0.0,2.0,5.0,1.0,2001.0,A01,0.0,7,0,0.0,1.0,3.0,1.0,7,8,1830,1,2,1,1,6,4,7,2,2
317,201600000152,1.0,1,1,1,11.0,0.0,0.0,0.0,1998.0,A01,2.0,7,0,0.0,1.0,3.0,1.0,9,12,945,1,2,1,1,6,1,7,2,2
318,201600000152,0.0,3,3,1,0.0,2.0,5.0,2.0,2011.0,A01,2.0,7,0,0.0,1.0,3.0,1.0,9,12,945,1,2,1,1,6,1,7,2,2
319,201600000153,1.0,1,3,1,21.0,0.0,0.0,0.0,1984.0,A01,1.0,33,0,13.0,0.0,1.0,0.0,11,2,2230,3,1,1,1,6,5,33,1,1
320,201600000154,1.0,1,3,1,21.0,0.0,0.0,0.0,1964.0,A01,1.0,30,0,0.0,0.0,1.0,1.0,2,11,645,2,2,1,1,7,1,30,1,1
321,201600000155,1.0,1,2,1,21.0,0.0,0.0,0.0,1988.0,A01,1.0,33,0,6.0,0.0,1.0,14.0,7,2,1400,1,2,1,1,6,3,33,1,1
322,201600000156,1.0,1,1,1,11.0,0.0,0.0,0.0,1996.0,B02,2.0,7,0,0.0,2.0,7.0,11.0,8,28,2000,2,2,1,1,3,4,33,2,1
323,201600000156,1.0,1,3,1,21.0,0.0,0.0,0.0,1961.0,A01,1.0,33,0,0.0,2.0,2.0,1.0,8,28,2000,2,2,1,1,3,4,7,1,2
324,201600000157,1.0,1,3,1,21.0,0.0,0.0,0.0,1997.0,B02,0.0,35,0,0.0,2.0,7.0,21.0,12,17,2100,5,2,1,2,1,4,7,1,2
325,201600000157,1.0,1,1,1,13.0,0.0,0.0,0.0,1980.0,A01,0.0,7,0,0.0,2.0,3.0,17.0,12,17,2100,5,2,1,2,1,4,35,2,1
326,201600000158,1.0,1,3,1,11.0,0.0,0.0,0.0,1971.0,A01,1.0,7,0,14.0,0.0,1.0,1.0,12,21,500,3,1,6,1,7,0,7,2,2
327,201600000159,1.0,1,1,2,11.0,0.0,0.0,0.0,1972.0,A01,1.0,7,0,0.0,2.0,3.0,19.0,12,27,1015,1,2,6,1,3,1,1,2,1
328,201600000159,1.0,1,3,1,21.0,0.0,0.0,0.0,1970.0,B02,2.0,1,0,0.0,2.0,1.0,19.0,12,27,1015,1,2,6,1,3,1,7,1,2
329,201600000160,1.0,1,1,1,11.0,0.0,0.0,0.0,1968.0,A01,2.0,7,0,0.0,1.0,2.0,1.0,1,28,715,3,2,1,1,6,1,7,2,2
330,201600000160,0.0,3,3,2,0.0,2.0,3.0,1.0,1958.0,A01,2.0,7,0,0.0,1.0,2.0,1.0,1,28,715,3,2,1,1,6,1,7,2,2
331,201600000161,1.0,1,1,1,21.0,0.0,0.0,0.0,1974.0,B02,0.0,2,0,0.0,0.0,4.0,1.0,7,9,2100,1,2,1,1,2,4,2,1,1
332,201600000161,1.0,1,3,1,22.0,0.0,0.0,0.0,1970.0,A01,0.0,2,0,0.0,0.0,1.0,2.0,7,9,2100,1,2,1,1,2,4,2,1,1
333,201600000162,1.0,1,1,1,11.0,0.0,0.0,0.0,1969.0,A01,0.0,7,0,0.0,1.0,2.0,1.0,8,30,1500,1,2,1,7,6,3,7,2,2
334,201600000162,0.0,3,2,2,0.0,1.0,3.0,1.0,1932.0,A01,0.0,7,0,0.0,1.0,2.0,1.0,8,30,1500,1,2,1,7,6,3,7,2,2
335,201600000163,1.0,1,3,1,11.0,0.0,0.0,0.0,1969.0,B02,0.0,7,0,0.0,2.0,1.0,1.0,9,2,1315,1,1,1,1,4,2,7,2,2
336,201600000163,1.0,1,1,1,11.0,0.0,0.0,0.0,1994.0,C03,0.0,7,0,0.0,2.0,8.0,0.0,9,2,1315,1,1,1,1,4,2,7,2,2
337,201600000163,1.0,1,1,1,11.0,0.0,0.0,0.0,1975.0,A01,0.0,7,0,0.0,2.0,1.0,11.0,9,2,1315,1,1,1,1,4,2,7,2,2
338,201600000164,1.0,1,2,1,1.0,0.0,0.0,0.0,1926.0,B02,1.0,1,0,0.0,2.0,2.0,1.0,9,13,1000,1,2,1,1,1,1,10,1,2
339,201600000164,1.0,1,1,1,11.0,0.0,0.0,0.0,1990.0,A01,2.0,10,0,0.0,2.0,6.0,4.0,9,13,1000,1,2,1,1,1,1,1,2,1
340,201600000165,0.0,3,3,2,0.0,4.0,3.0,1.0,2002.0,A01,2.0,7,0,0.0,1.0,1.0,1.0,10,14,800,2,1,1,1,6,1,7,2,2
341,201600000165,1.0,1,1,1,11.0,0.0,0.0,0.0,1982.0,A01,2.0,7,0,0.0,1.0,1.0,1.0,10,14,800,2,1,1,1,6,1,7,2,2
342,201600000166,1.0,1,1,1,11.0,0.0,0.0,0.0,1970.0,A01,2.0,7,0,0.0,2.0,5.0,15.0,10,30,1445,1,2,1,1,2,3,33,2,1
343,201600000166,1.0,1,3,1,21.0,0.0,0.0,0.0,1977.0,B02,2.0,33,0,0.0,2.0,1.0,1.0,10,30,1445,1,2,1,1,2,3,7,1,2
344,201600000167,1.0,1,3,1,22.0,0.0,0.0,0.0,1988.0,B02,0.0,1,0,0.0,2.0,0.0,0.0,11,19,900,1,1,1,7,3,1,7,1,2
345,201600000167,1.0,1,1,1,11.0,0.0,0.0,0.0,1979.0,A01,0.0,7,0,0.0,9.0,2.0,19.0,11,19,900,1,1,1,7,3,1,1,2,1
346,201600000168,1.0,1,1,1,11.0,0.0,0.0,0.0,1990.0,A01,1.0,7,0,0.0,1.0,2.0,1.0,12,3,1645,1,2,1,1,6,3,7,2,2
347,201600000168,0.0,3,3,2,0.0,2.0,3.0,2.0,1943.0,A01,1.0,7,0,0.0,1.0,2.0,1.0,12,3,1645,1,2,1,1,6,3,7,2,2
348,201600000168,0.0,3,3,2,0.0,2.0,3.0,2.0,1954.0,A01,1.0,7,0,0.0,1.0,2.0,1.0,12,3,1645,1,2,1,1,6,3,7,2,2
349,201600000169,1.0,1,3,1,21.0,0.0,0.0,0.0,1999.0,A01,0.0,2,0,0.0,2.0,1.0,17.0,1,29,1645,1,2,1,8,1,3,7,1,2
350,201600000169,1.0,1,1,2,11.0,0.0,0.0,0.0,1993.0,B02,0.0,7,0,0.0,0.0,8.0,15.0,1,29,1645,1,2,1,8,1,3,2,2,1
351,201600000170,1.0,1,1,2,11.0,0.0,0.0,0.0,1987.0,A01,1.0,7,0,0.0,1.0,1.0,1.0,2,2,800,2,2,1,2,6,1,7,2,2
352,201600000170,0.0,3,3,2,0.0,4.0,3.0,2.0,2001.0,A01,1.0,7,0,0.0,1.0,1.0,1.0,2,2,800,2,2,1,2,6,1,7,2,2
353,201600000171,1.0,1,1,1,11.0,0.0,0.0,0.0,1989.0,A01,0.0,10,0,0.0,0.0,0.0,15.0,2,25,1100,1,1,1,1,1,1,33,2,1
354,201600000171,1.0,1,3,1,21.0,0.0,0.0,0.0,1993.0,B02,0.0,33,0,0.0,2.0,0.0,1.0,2,25,1100,1,1,1,1,1,1,10,1,2
355,201600000172,1.0,1,3,1,21.0,0.0,0.0,0.0,1975.0,A01,0.0,33,0,11.0,0.0,1.0,0.0,2,27,1715,1,2,1,1,7,3,33,1,1
356,201600000173,1.0,1,3,1,21.0,0.0,0.0,0.0,1971.0,A01,0.0,33,0,0.0,0.0,0.0,1.0,3,13,1715,1,2,1,1,7,3,33,1,1
357,201600000174,1.0,1,1,1,11.0,0.0,0.0,0.0,1985.0,A01,0.0,7,0,14.0,2.0,3.0,13.0,3,16,630,2,1,1,1,1,1,7,2,2
358,201600000174,1.0,1,3,1,11.0,0.0,0.0,0.0,1967.0,B02,0.0,7,0,0.0,2.0,1.0,1.0,3,16,630,2,1,1,1,1,1,7,2,2
359,201600000175,1.0,1,2,1,21.0,0.0,0.0,0.0,1955.0,B02,2.0,34,0,0.0,2.0,4.0,1.0,3,17,1945,3,1,1,1,5,4,7,1,2
360,201600000175,1.0,1,1,1,11.0,0.0,0.0,0.0,1983.0,C03,2.0,7,0,14.0,0.0,1.0,17.0,3,17,1945,3,1,1,1,5,4,34,2,1
361,201600000175,1.0,1,1,1,11.0,0.0,0.0,0.0,1968.0,A01,2.0,7,0,0.0,2.0,1.0,2.0,3,17,1945,3,1,1,1,5,4,34,2,1
362,201600000176,1.0,1,3,1,21.0,0.0,0.0,0.0,1997.0,A01,2.0,30,0,0.0,0.0,3.0,1.0,6,8,2245,3,2,1,1,7,5,30,1,1
363,201600000177,1.0,1,3,1,11.0,0.0,0.0,0.0,1971.0,A01,1.0,7,0,2.0,0.0,2.0,1.0,8,13,2045,2,1,1,1,6,4,7,2,2
364,201600000178,1.0,1,2,1,21.0,0.0,0.0,0.0,1990.0,A01,1.0,33,0,12.0,0.0,0.0,1.0,8,26,100,5,1,1,1,7,0,33,1,1
365,201600000179,1.0,1,2,1,11.0,0.0,0.0,0.0,1930.0,A01,1.0,7,0,13.0,0.0,2.0,1.0,9,8,1430,1,1,1,1,7,3,7,2,2
366,201600000180,1.0,1,3,1,11.0,0.0,0.0,0.0,1977.0,A01,2.0,7,0,13.0,0.0,3.0,1.0,10,14,445,3,1,1,1,7,0,7,2,2
367,201600000181,1.0,1,2,1,13.0,0.0,0.0,0.0,1996.0,A01,0.0,7,0,14.0,0.0,1.0,1.0,12,23,245,3,1,1,9,6,0,7,2,2
368,201600000182,1.0,1,3,2,11.0,0.0,0.0,0.0,1997.0,A01,0.0,7,0,0.0,2.0,3.0,1.0,12,29,1730,3,1,1,9,1,3,7,2,2
369,201600000182,2.0,2,3,1,11.0,0.0,0.0,0.0,1997.0,A01,0.0,7,0,0.0,2.0,3.0,1.0,12,29,1730,3,1,1,9,1,3,7,2,2
370,201600000182,1.0,1,4,1,11.0,0.0,0.0,0.0,1996.0,B02,0.0,7,0,0.0,2.0,3.0,1.0,12,29,1730,3,1,1,9,1,3,7,2,2
371,201600000183,1.0,1,1,1,11.0,0.0,0.0,0.0,1983.0,B02,2.0,17,0,0.0,2.0,1.0,1.0,3,7,1745,1,1,1,4,4,3,10,3,2
372,201600000183,1.0,1,2,1,11.0,0.0,0.0,0.0,1994.0,A01,1.0,7,0,0.0,2.0,2.0,1.0,3,7,1745,1,1,1,4,4,3,17,2,3
373,201600000183,1.0,1,1,1,11.0,0.0,0.0,0.0,1971.0,C03,1.0,10,0,0.0,2.0,1.0,1.0,3,7,1745,1,1,1,4,4,3,17,2,3
374,201600000184,1.0,1,1,1,11.0,0.0,0.0,0.0,1968.0,A01,0.0,37,0,1.0,1.0,5.0,16.0,4,7,845,1,2,1,8,6,1,37,3,3
375,201600000184,0.0,3,3,1,0.0,4.0,3.0,1.0,1938.0,A01,0.0,37,0,1.0,1.0,5.0,16.0,4,7,845,1,2,1,8,6,1,37,3,3
376,201600000185,1.0,1,3,1,21.0,0.0,0.0,0.0,1974.0,A01,0.0,33,0,13.0,0.0,1.0,1.0,4,9,1745,2,1,1,1,7,3,33,1,1
377,201600000185,2.0,2,3,2,21.0,0.0,0.0,0.0,1983.0,A01,0.0,33,0,13.0,0.0,1.0,1.0,4,9,1745,2,1,1,1,7,3,33,1,1
378,201600000186,1.0,1,4,1,21.0,0.0,0.0,0.0,1997.0,B02,0.0,31,0,0.0,2.0,0.0,2.0,10,26,1745,1,2,1,5,3,3,2,1,1
379,201600000186,1.0,1,2,1,21.0,0.0,0.0,0.0,1977.0,A01,0.0,2,0,0.0,2.0,8.0,11.0,10,26,1745,1,2,1,5,3,3,31,1,1
380,201600000187,1.0,1,1,1,11.0,0.0,0.0,0.0,1991.0,A01,2.0,7,0,0.0,1.0,3.0,1.0,1,10,215,3,1,1,2,6,0,7,2,2
381,201600000187,0.0,3,3,1,0.0,1.0,3.0,2.0,1990.0,A01,2.0,7,0,0.0,1.0,3.0,1.0,1,10,215,3,1,1,2,6,0,7,2,2
382,201600000188,1.0,1,3,1,21.0,0.0,0.0,0.0,1999.0,A01,0.0,30,0,0.0,0.0,0.0,0.0,2,26,1630,1,1,1,1,7,3,30,1,1
383,201600000189,1.0,1,1,1,11.0,0.0,0.0,0.0,1985.0,C03,0.0,7,0,0.0,2.0,1.0,0.0,12,13,1745,3,1,1,8,5,3,7,2,2
384,201600000189,1.0,1,3,1,11.0,0.0,0.0,0.0,1962.0,A01,0.0,7,0,0.0,2.0,1.0,13.0,12,13,1745,3,1,1,8,5,3,7,2,2
385,201600000189,1.0,1,1,1,11.0,0.0,0.0,0.0,1956.0,B02,0.0,7,0,0.0,2.0,1.0,0.0,12,13,1745,3,1,1,8,5,3,7,2,2
386,201600000189,2.0,2,3,2,11.0,0.0,0.0,0.0,1955.0,B02,0.0,7,0,0.0,2.0,1.0,0.0,12,13,1745,3,1,1,8,5,3,7,2,2
387,201600000190,1.0,1,2,1,11.0,0.0,0.0,0.0,1938.0,A01,2.0,7,0,2.0,9.0,3.0,1.0,2,25,1430,1,1,1,1,1,3,14,2,3
388,201600000190,1.0,1,1,1,11.0,0.0,0.0,0.0,1976.0,B02,2.0,14,0,0.0,0.0,0.0,1.0,2,25,1430,1,1,1,1,1,3,7,3,2
389,201600000191,1.0,1,2,1,12.0,0.0,0.0,0.0,1936.0,A01,1.0,7,0,2.0,0.0,1.0,14.0,7,11,1330,1,1,1,1,6,2,7,2,2
390,201600000192,1.0,1,3,2,11.0,0.0,0.0,0.0,1994.0,A01,1.0,7,0,0.0,2.0,3.0,13.0,9,14,1700,1,1,1,7,1,3,7,2,2
391,201600000192,1.0,1,2,2,11.0,0.0,0.0,0.0,1959.0,B02,2.0,7,0,0.0,2.0,3.0,2.0,9,14,1700,1,1,1,7,1,3,7,2,2
392,201600000193,5.0,2,4,2,13.0,0.0,0.0,0.0,2005.0,A01,2.0,38,0,0.0,2.0,3.0,1.0,11,15,745,2,1,1,5,1,1,17,3,3
393,201600000193,5.0,2,4,2,13.0,0.0,0.0,0.0,2004.0,A01,2.0,38,0,0.0,2.0,3.0,1.0,11,15,745,2,1,1,5,1,1,17,3,3
394,201600000193,5.0,2,4,1,13.0,0.0,0.0,0.0,2004.0,A01,2.0,38,0,0.0,2.0,3.0,1.0,11,15,745,2,1,1,5,1,1,17,3,3
395,201600000193,5.0,2,3,1,13.0,0.0,0.0,0.0,2003.0,A01,2.0,38,0,0.0,2.0,3.0,1.0,11,15,745,2,1,1,5,1,1,17,3,3
396,201600000193,5.0,2,3,2,13.0,0.0,0.0,0.0,2003.0,A01,2.0,38,0,0.0,2.0,3.0,1.0,11,15,745,2,1,1,5,1,1,17,3,3
397,201600000193,5.0,2,4,2,13.0,0.0,0.0,0.0,2003.0,A01,2.0,38,0,0.0,2.0,3.0,1.0,11,15,745,2,1,1,5,1,1,17,3,3
398,201600000193,2.0,2,4,1,13.0,0.0,0.0,0.0,2004.0,A01,2.0,38,0,0.0,2.0,3.0,1.0,11,15,745,2,1,1,5,1,1,17,3,3
399,201600000193,2.0,2,4,2,13.0,0.0,0.0,0.0,2003.0,A01,2.0,38,0,0.0,2.0,3.0,1.0,11,15,745,2,1,1,5,1,1,17,3,3
400,201600000193,2.0,2,4,1,13.0,0.0,0.0,0.0,2003.0,A01,2.0,38,0,0.0,2.0,3.0,1.0,11,15,745,2,1,1,5,1,1,17,3,3
401,201600000193,2.0,2,4,2,13.0,0.0,0.0,0.0,2002.0,A01,2.0,38,0,0.0,2.0,3.0,1.0,11,15,745,2,1,1,5,1,1,17,3,3
403,201600000193,1.0,1,2,2,13.0,0.0,0.0,0.0,1969.0,A01,2.0,38,0,0.0,2.0,3.0,1.0,11,15,745,2,1,1,5,1,1,17,3,3
404,201600000193,2.0,2,4,2,13.0,0.0,0.0,0.0,2005.0,A01,2.0,38,0,0.0,2.0,3.0,1.0,11,15,745,2,1,1,5,1,1,17,3,3
405,201600000193,1.0,1,3,1,13.0,0.0,0.0,0.0,1980.0,B03,1.0,17,0,0.0,2.0,3.0,13.0,11,15,745,2,1,1,5,1,1,38,3,3
406,201600000194,1.0,1,1,1,11.0,0.0,0.0,0.0,1978.0,A01,2.0,17,0,0.0,0.0,4.0,0.0,1,7,1900,3,1,1,6,4,4,10,3,2
407,201600000194,1.0,1,3,1,11.0,0.0,0.0,0.0,1988.0,B02,2.0,10,0,0.0,2.0,1.0,2.0,1,7,1900,3,1,1,6,4,4,17,2,3
408,201600000194,1.0,1,4,1,11.0,0.0,0.0,0.0,1966.0,C03,2.0,10,0,1.0,0.0,1.0,2.0,1,7,1900,3,1,1,6,4,4,17,2,3
409,201600000195,1.0,1,3,1,13.0,0.0,0.0,0.0,1973.0,A01,2.0,7,0,4.0,0.0,3.0,13.0,2,13,2030,3,1,1,2,6,4,7,2,2
410,201600000196,4.0,2,1,1,11.0,0.0,0.0,0.0,2011.0,B02,2.0,7,0,0.0,0.0,6.0,1.0,6,25,1430,1,1,1,1,2,3,33,2,1
411,201600000196,3.0,2,1,2,11.0,0.0,0.0,0.0,2014.0,B02,2.0,7,0,0.0,0.0,6.0,1.0,6,25,1430,1,1,1,1,2,3,33,2,1
412,201600000196,1.0,1,1,2,11.0,0.0,0.0,0.0,1987.0,B02,2.0,7,0,0.0,0.0,6.0,1.0,6,25,1430,1,1,1,1,2,3,33,2,1
413,201600000196,2.0,2,1,1,11.0,0.0,0.0,0.0,1969.0,B02,2.0,7,0,0.0,0.0,6.0,1.0,6,25,1430,1,1,1,1,2,3,33,2,1
414,201600000196,1.0,1,3,1,21.0,0.0,0.0,0.0,1960.0,A01,2.0,33,0,0.0,2.0,1.0,1.0,6,25,1430,1,1,1,1,2,3,7,1,2
415,201600000197,1.0,1,3,1,11.0,0.0,0.0,0.0,1955.0,A01,2.0,7,0,0.0,0.0,6.0,0.0,3,19,2315,3,1,1,1,2,5,7,2,2
416,201600000197,2.0,2,3,2,11.0,0.0,0.0,0.0,1956.0,A01,2.0,7,0,0.0,0.0,6.0,0.0,3,19,2315,3,1,1,1,2,5,7,2,2
417,201600000197,1.0,1,1,1,11.0,0.0,0.0,0.0,1986.0,B02,2.0,7,0,0.0,2.0,2.0,17.0,3,19,2315,3,1,1,1,2,5,7,2,2
418,201600000197,2.0,2,1,1,11.0,0.0,0.0,0.0,1987.0,B02,2.0,7,0,0.0,2.0,2.0,17.0,3,19,2315,3,1,1,1,2,5,7,2,2
419,201600000198,4.0,2,3,1,31.0,0.0,0.0,0.0,2013.0,B02,0.0,7,0,0.0,0.0,4.0,23.0,4,16,1815,1,1,9,1,4,4,7,2,2
420,201600000198,3.0,2,3,2,31.0,0.0,0.0,0.0,2010.0,B02,0.0,7,0,0.0,0.0,4.0,23.0,4,16,1815,1,1,9,1,4,4,7,2,2
421,201600000198,1.0,1,3,1,11.0,0.0,0.0,0.0,1979.0,B02,0.0,7,0,0.0,0.0,4.0,23.0,4,16,1815,1,1,9,1,4,4,7,2,2
422,201600000198,2.0,2,2,2,11.0,0.0,0.0,0.0,1980.0,B02,0.0,7,0,0.0,0.0,4.0,23.0,4,16,1815,1,1,9,1,4,4,7,2,2
423,201600000198,1.0,1,1,1,13.0,0.0,0.0,0.0,1989.0,C03,2.0,7,0,0.0,0.0,1.0,2.0,4,16,1815,1,1,9,1,4,4,7,2,2
424,201600000198,2.0,2,1,1,11.0,0.0,0.0,0.0,1944.0,A01,1.0,7,0,0.0,0.0,4.0,23.0,4,16,1815,1,1,9,1,4,4,7,2,2
425,201600000198,1.0,1,3,1,11.0,0.0,0.0,0.0,1971.0,A01,1.0,7,0,0.0,0.0,4.0,23.0,4,16,1815,1,1,9,1,4,4,7,2,2
426,201600000199,1.0,1,3,1,11.0,0.0,0.0,0.0,1961.0,A01,1.0,17,0,4.0,0.0,3.0,1.0,4,18,1145,1,1,1,1,6,1,17,3,3
427,201600000200,1.0,1,3,1,21.0,0.0,0.0,0.0,1970.0,A01,1.0,33,0,0.0,2.0,3.0,11.0,7,24,1700,1,1,1,1,3,3,10,1,2
428,201600000200,2.0,2,3,2,21.0,0.0,0.0,0.0,2002.0,A01,1.0,33,0,0.0,2.0,3.0,11.0,7,24,1700,1,1,1,1,3,3,10,1,2
429,201600000200,1.0,1,4,1,11.0,0.0,0.0,0.0,1989.0,B02,1.0,10,0,0.0,0.0,5.0,1.0,7,24,1700,1,1,1,1,3,3,33,2,1
430,201600000201,1.0,1,4,1,11.0,0.0,0.0,0.0,1958.0,B02,1.0,10,0,0.0,2.0,5.0,2.0,8,13,2215,3,1,1,1,2,5,7,2,2
431,201600000201,2.0,2,4,2,11.0,0.0,0.0,0.0,1957.0,B02,1.0,10,0,0.0,2.0,5.0,2.0,8,13,2215,3,1,1,1,2,5,7,2,2
432,201600000201,1.0,1,1,1,11.0,0.0,0.0,0.0,1994.0,A01,1.0,7,0,0.0,2.0,3.0,2.0,8,13,2215,3,1,1,1,2,5,10,2,2
433,201600000202,1.0,1,1,1,11.0,0.0,0.0,0.0,1992.0,B01,1.0,17,0,0.0,0.0,6.0,2.0,9,28,745,1,1,1,1,2,1,10,3,2
434,201600000202,1.0,1,4,1,11.0,0.0,0.0,0.0,1994.0,C02,1.0,10,0,0.0,2.0,2.0,2.0,9,28,745,1,1,1,1,2,1,17,2,3
435,201600000202,2.0,2,3,1,11.0,0.0,0.0,0.0,1989.0,C02,1.0,10,0,0.0,2.0,2.0,2.0,9,28,745,1,1,1,1,2,1,17,2,3
436,201600000203,1.0,1,3,2,11.0,0.0,0.0,0.0,1992.0,C02,2.0,7,0,4.0,2.0,2.0,17.0,11,9,1200,1,1,1,3,3,2,17,2,3
437,201600000203,1.0,1,3,1,11.0,0.0,0.0,0.0,1974.0,B01,2.0,17,0,0.0,0.0,0.0,2.0,11,9,1200,1,1,1,3,3,2,7,3,2
438,201600000204,2.0,2,1,1,11.0,0.0,0.0,0.0,1985.0,B02,2.0,7,0,0.0,2.0,7.0,2.0,12,1,730,1,1,1,1,1,1,7,2,2
439,201600000204,1.0,1,1,2,11.0,0.0,0.0,0.0,1985.0,B02,2.0,7,0,0.0,2.0,7.0,2.0,12,1,730,1,1,1,1,1,1,7,2,2
440,201600000204,1.0,1,3,1,11.0,0.0,0.0,0.0,1970.0,A01,2.0,7,0,6.0,2.0,3.0,11.0,12,1,730,1,1,1,1,1,1,7,2,2
441,201600000204,2.0,2,3,2,11.0,0.0,0.0,0.0,1989.0,A01,2.0,7,0,6.0,2.0,3.0,11.0,12,1,730,1,1,1,1,1,1,7,2,2
442,201600000205,1.0,1,4,2,11.0,0.0,0.0,0.0,1973.0,A01,1.0,7,0,0.0,0.0,9.0,1.0,12,29,1830,3,1,1,1,3,4,15,2,3
443,201600000205,1.0,1,1,1,11.0,0.0,0.0,0.0,1961.0,B02,1.0,15,0,0.0,0.0,8.0,1.0,12,29,1830,3,1,1,1,3,4,7,3,2
444,201600000206,1.0,1,3,2,22.0,0.0,0.0,0.0,2009.0,A01,2.0,1,0,0.0,0.0,0.0,0.0,6,10,1800,1,2,3,1,3,4,10,1,2
445,201600000206,1.0,1,1,1,11.0,0.0,0.0,0.0,1960.0,B02,2.0,10,0,8.0,2.0,7.0,14.0,6,10,1800,1,2,3,1,3,4,1,2,1
446,201600000206,2.0,2,1,1,11.0,0.0,0.0,0.0,1960.0,B02,2.0,10,0,8.0,2.0,7.0,14.0,6,10,1800,1,2,3,1,3,4,1,2,1
447,201600000207,1.0,1,3,1,21.0,0.0,0.0,0.0,1986.0,A01,0.0,33,0,0.0,2.0,1.0,1.0,7,24,1945,1,2,2,1,3,4,7,1,2
448,201600000207,1.0,1,1,2,11.0,0.0,0.0,0.0,1990.0,B02,0.0,7,0,0.0,2.0,8.0,1.0,7,24,1945,1,2,2,1,3,4,33,2,1
449,201600000208,1.0,1,2,2,22.0,0.0,0.0,0.0,1970.0,B02,2.0,1,0,0.0,2.0,0.0,2.0,8,29,845,1,2,1,1,3,1,21,1,0
450,201600000208,1.0,1,1,1,11.0,0.0,0.0,0.0,1998.0,A01,1.0,21,0,0.0,9.0,5.0,2.0,8,29,845,1,2,1,1,3,1,1,0,1
451,201600000209,1.0,1,4,1,21.0,0.0,0.0,0.0,1955.0,A01,0.0,1,0,1.0,0.0,1.0,1.0,6,7,930,1,2,1,1,6,1,1,1,1
452,201600000210,1.0,1,2,1,11.0,0.0,0.0,0.0,1940.0,A01,2.0,7,0,0.0,9.0,0.0,1.0,6,7,1715,1,2,1,3,7,3,7,2,2
453,201600000211,1.0,1,4,2,21.0,0.0,0.0,0.0,1992.0,A01,1.0,33,0,0.0,0.0,0.0,2.0,7,15,1145,1,1,1,1,7,1,33,1,1
454,201600000212,1.0,1,3,1,21.0,0.0,0.0,0.0,1980.0,A01,0.0,33,0,0.0,0.0,2.0,1.0,8,6,2115,2,1,1,1,6,4,33,1,1
455,201600000213,1.0,1,1,1,13.0,0.0,0.0,0.0,1977.0,A01,1.0,7,0,0.0,1.0,7.0,1.0,11,21,1800,5,2,1,1,6,4,7,2,2
456,201600000213,0.0,3,3,2,0.0,1.0,1.0,1.0,1994.0,A01,1.0,7,0,0.0,1.0,7.0,1.0,11,21,1800,5,2,1,1,6,4,7,2,2
457,201600000214,1.0,1,3,2,11.0,0.0,0.0,0.0,1938.0,B02,1.0,7,0,0.0,2.0,2.0,19.0,11,21,1700,2,1,2,1,3,3,7,2,2
458,201600000214,1.0,1,1,1,11.0,0.0,0.0,0.0,1993.0,A01,2.0,7,0,0.0,2.0,1.0,1.0,11,21,1700,2,1,2,1,3,3,7,2,2
459,201600000215,1.0,1,4,2,11.0,0.0,0.0,0.0,1967.0,A01,0.0,7,0,0.0,2.0,7.0,19.0,11,30,1415,1,2,1,1,3,3,15,2,3
460,201600000215,2.0,2,3,2,11.0,0.0,0.0,0.0,1953.0,A01,0.0,7,0,0.0,2.0,7.0,19.0,11,30,1415,1,2,1,1,3,3,15,2,3
461,201600000215,4.0,2,4,2,11.0,0.0,0.0,0.0,1993.0,A01,0.0,7,0,0.0,2.0,7.0,19.0,11,30,1415,1,2,1,1,3,3,15,2,3
462,201600000215,1.0,1,4,1,11.0,0.0,0.0,0.0,1987.0,B02,1.0,15,0,0.0,2.0,1.0,1.0,11,30,1415,1,2,1,1,3,3,7,3,2
463,201600000216,1.0,1,1,2,12.0,0.0,0.0,0.0,1993.0,A01,1.0,7,0,0.0,1.0,4.0,23.0,1,19,1145,1,2,1,7,6,1,10,2,2
464,201600000216,0.0,3,3,2,0.0,1.0,9.0,2.0,1991.0,A01,1.0,7,0,0.0,1.0,4.0,23.0,1,19,1145,1,2,1,7,6,1,10,2,2
465,201600000216,0.0,3,1,1,0.0,1.0,9.0,2.0,1993.0,A01,1.0,7,0,0.0,1.0,4.0,23.0,1,19,1145,1,2,1,7,6,1,10,2,2
466,201600000216,1.0,1,1,1,11.0,0.0,0.0,0.0,1985.0,B02,1.0,10,0,0.0,2.0,1.0,2.0,1,19,1145,1,2,1,7,6,1,7,2,2
467,201600000217,1.0,1,2,1,11.0,0.0,0.0,0.0,1993.0,A01,2.0,7,0,2.0,0.0,1.0,1.0,8,3,245,3,1,1,2,6,0,7,2,2
468,201600000218,1.0,1,2,1,21.0,0.0,0.0,0.0,1985.0,A01,2.0,33,0,0.0,0.0,0.0,1.0,9,7,1700,1,2,1,7,7,3,33,1,1