,Num_Acc,place,catu,grav,sexe,secu,locp,actp,etatp,an_nais,num_veh,senc,catv,occutc,obs,obsm,choc,manv,mois,jour,hrmn,lum,agg,int,atm,col,mom,catvopp,catv_gen,catvopp_gen
469,201600000219,1.0,1,3,1,21.0,0.0,0.0,0.0,1983.0,A01,2.0,33,0,0.0,0.0,7.0,1.0,1,5,1230,1,1,1,1,7,2,33,1,1
470,201600000220,2.0,2,1,1,13.0,0.0,0.0,0.0,1998.0,A01,1.0,7,0,13.0,0.0,9.0,1.0,1,24,615,1,1,1,2,7,1,7,2,2
471,201600000220,1.0,1,3,1,13.0,0.0,0.0,0.0,1989.0,A01,1.0,7,0,13.0,0.0,9.0,1.0,1,24,615,1,1,1,2,7,1,7,2,2
472,201600000221,1.0,1,3,1,11.0,0.0,0.0,0.0,1962.0,A01,2.0,10,0,0.0,2.0,1.0,1.0,6,1,1530,1,1,1,1,1,3,10,2,2
473,201600000221,1.0,1,1,1,11.0,0.0,0.0,0.0,1985.0,B02,1.0,10,0,0.0,2.0,1.0,15.0,6,1,1530,1,1,1,1,1,3,10,2,2
474,201600000222,1.0,1,1,2,11.0,0.0,0.0,0.0,1980.0,A01,0.0,7,0,0.0,1.0,2.0,1.0,7,4,715,1,2,1,2,6,1,7,2,2
475,201600000222,0.0,3,3,1,0.0,4.0,3.0,1.0,2000.0,A01,0.0,7,0,0.0,1.0,2.0,1.0,7,4,715,1,2,1,2,6,1,7,2,2
476,201600000223,1.0,1,3,1,12.0,0.0,0.0,0.0,1978.0,A01,1.0,7,0,15.0,0.0,1.0,1.0,12,25,1830,3,1,1,2,6,4,7,2,2
477,201600000223,5.0,2,3,1,12.0,0.0,0.0,0.0,1996.0,A01,1.0,7,0,15.0,0.0,1.0,1.0,12,25,1830,3,1,1,2,6,4,7,2,2
478,201600000224,1.0,1,3,1,11.0,0.0,0.0,0.0,1992.0,A01,2.0,7,0,0.0,2.0,1.0,1.0,1,17,2130,3,1,1,1,5,4,7,2,2
479,201600000224,1.0,1,2,1,13.0,0.0,0.0,0.0,1981.0,B02,1.0,7,0,0.0,2.0,2.0,13.0,1,17,2130,3,1,1,1,5,4,7,2,2
480,201600000224,1.0,1,1,1,11.0,0.0,0.0,0.0,1952.0,C03,2.0,7,0,14.0,0.0,1.0,1.0,1,17,2130,3,1,1,1,5,4,7,2,2
481,201600000225,1.0,1,3,1,21.0,0.0,0.0,0.0,1999.0,A01,1.0,30,0,0.0,0.0,7.0,2.0,5,19,1500,1,1,1,8,7,3,30,1,1
482,201600000226,1.0,1,3,1,93.0,0.0,0.0,0.0,1956.0,A01,0.0,21,0,0.0,0.0,1.0,1.0,5,26,1900,1,2,6,1,6,4,21,0,0
483,201600000227,1.0,1,3,1,11.0,0.0,0.0,0.0,1996.0,A01,1.0,7,0,0.0,2.0,1.0,2.0,11,22,945,3,1,1,1,2,1,21,2,0
484,201600000227,2.0,2,3,2,11.0,0.0,0.0,0.0,2001.0,A01,1.0,7,0,0.0,2.0,1.0,2.0,11,22,945,3,1,1,1,2,1,21,2,0
485,201600000227,1.0,1,1,1,11.0,0.0,0.0,0.0,1974.0,B02,1.0,21,0,0.0,0.0,4.0,1.0,11,22,945,3,1,1,1,2,1,7,0,2
486,201600000228,2.0,2,1,2,11.0,0.0,0.0,0.0,1954.0,B02,0.0,7,0,0.0,2.0,1.0,1.0,12,10,1845,3,1,1,9,1,4,7,2,2
487,201600000228,1.0,1,1,1,11.0,0.0,0.0,0.0,1955.0,B02,0.0,7,0,0.0,2.0,1.0,1.0,12,10,1845,3,1,1,9,1,4,7,2,2
488,201600000228,1.0,1,4,1,11.0,0.0,0.0,0.0,1949.0,A01,0.0,7,0,0.0,2.0,3.0,15.0,12,10,1845,3,1,1,9,1,4,7,2,2
489,201600000229,1.0,1,1,2,11.0,0.0,0.0,0.0,1922.0,A01,1.0,7,0,0.0,9.0,5.0,2.0,7,1,900,1,1,1,1,1,1,3,2,0
490,201600000229,1.0,1,3,1,91.0,0.0,0.0,0.0,1940.0,B02,1.0,3,0,0.0,0.0,4.0,2.0,7,1,900,1,1,1,1,1,1,7,0,2
491,201600000230,1.0,1,3,1,11.0,0.0,0.0,0.0,1979.0,A01,1.0,10,0,1.0,0.0,3.0,9.0,7,26,1030,1,1,1,1,6,1,10,2,2
492,201600000230,2.0,2,4,1,11.0,0.0,0.0,0.0,1982.0,A01,1.0,10,0,1.0,0.0,3.0,9.0,7,26,1030,1,1,1,1,6,1,10,2,2
493,201600000230,8.0,2,4,1,11.0,0.0,0.0,0.0,1993.0,A01,1.0,10,0,1.0,0.0,3.0,9.0,7,26,1030,1,1,1,1,6,1,10,2,2
494,201600000231,1.0,1,1,2,13.0,0.0,0.0,0.0,1989.0,A01,0.0,7,0,0.0,2.0,3.0,9.0,10,14,1700,1,1,6,1,3,3,30,2,1
495,201600000231,1.0,1,3,1,21.0,0.0,0.0,0.0,2001.0,B02,0.0,30,0,0.0,2.0,1.0,1.0,10,14,1700,1,1,6,1,3,3,7,1,2
496,201600000232,1.0,1,1,1,11.0,0.0,0.0,0.0,1984.0,A01,1.0,15,0,0.0,2.0,2.0,2.0,11,14,445,3,1,1,8,2,0,30,3,1
497,201600000232,1.0,1,3,1,21.0,0.0,0.0,0.0,1982.0,B02,1.0,30,0,0.0,0.0,6.0,2.0,11,14,445,3,1,1,8,2,0,15,1,3
498,201600000233,1.0,1,1,1,11.0,0.0,0.0,0.0,1978.0,A01,0.0,7,0,0.0,2.0,2.0,2.0,11,28,745,2,2,1,1,2,1,1,2,1
499,201600000233,1.0,1,3,2,1.0,0.0,0.0,0.0,1988.0,B02,0.0,1,0,0.0,2.0,4.0,2.0,11,28,745,2,2,1,1,2,1,7,1,2
500,201600000234,1.0,1,3,1,11.0,0.0,0.0,0.0,1975.0,A01,2.0,15,0,2.0,0.0,1.0,1.0,3,3,830,1,1,1,1,6,1,15,3,3
501,201600000235,1.0,1,3,1,11.0,0.0,0.0,0.0,1988.0,A01,1.0,7,0,0.0,2.0,1.0,13.0,4,10,515,2,2,1,1,1,0,7,2,2
502,201600000235,1.0,1,3,1,11.0,0.0,0.0,0.0,1978.0,B02,2.0,7,0,0.0,2.0,1.0,1.0,4,10,515,2,2,1,1,1,0,7,2,2
503,201600000236,1.0,1,1,1,11.0,0.0,0.0,0.0,1996.0,B02,2.0,7,0,0.0,2.0,1.0,1.0,5,8,1900,1,2,1,1,1,4,31,2,1
504,201600000236,1.0,1,3,1,21.0,0.0,0.0,0.0,1999.0,A01,1.0,31,0,0.0,2.0,1.0,1.0,5,8,1900,1,2,1,1,1,4,7,1,2
505,201600000237,1.0,1,3,1,11.0,0.0,0.0,0.0,1986.0,A01,1.0,7,0,2.0,0.0,1.0,1.0,8,6,600,1,1,1,1,6,1,7,2,2
506,201600000237,2.0,2,3,2,11.0,0.0,0.0,0.0,1990.0,A01,1.0,7,0,2.0,0.0,1.0,1.0,8,6,600,1,1,1,1,6,1,7,2,2
507,201600000238,1.0,1,2,1,11.0,0.0,0.0,0.0,1950.0,A01,1.0,7,0,0.0,2.0,6.0,13.0,8,21,1215,1,2,1,2,1,2,7,2,2
508,201600000238,2.0,2,4,2,11.0,0.0,0.0,0.0,1956.0,A01,1.0,7,0,0.0,2.0,6.0,13.0,8,21,1215,1,2,1,2,1,2,7,2,2
509,201600000238,1.0,1,4,1,11.0,0.0,0.0,0.0,1984.0,B02,2.0,7,0,0.0,2.0,1.0,1.0,8,21,1215,1,2,1,2,1,2,7,2,2
510,201600000239,1.0,1,4,1,11.0,0.0,0.0,0.0,1995.0,A01,1.0,7,0,6.0,0.0,1.0,1.0,3,7,1715,1,1,1,8,6,3,7,2,2
511,201600000239,2.0,2,2,2,13.0,0.0,0.0,0.0,1997.0,A01,1.0,7,0,6.0,0.0,1.0,1.0,3,7,1715,1,1,1,8,6,3,7,2,2
512,201600000240,1.0,1,1,1,11.0,0.0,0.0,0.0,1992.0,A01,1.0,7,0,0.0,0.0,4.0,2.0,4,22,1815,1,1,1,1,4,4,17,2,3
513,201600000240,1.0,1,1,2,11.0,0.0,0.0,0.0,1994.0,B02,1.0,7,0,0.0,2.0,1.0,2.0,4,22,1815,1,1,1,1,4,4,17,2,3
514,201600000240,1.0,1,1,1,11.0,0.0,0.0,0.0,1965.0,C03,1.0,17,0,0.0,2.0,0.0,2.0,4,22,1815,1,1,1,1,4,4,7,3,2
515,201600000240,1.0,1,4,1,11.0,0.0,0.0,0.0,1955.0,D04,2.0,7,0,0.0,2.0,4.0,2.0,4,22,1815,1,1,1,1,4,4,17,2,3
516,201600000241,1.0,1,2,1,11.0,0.0,0.0,0.0,1941.0,A01,1.0,10,0,0.0,2.0,1.0,5.0,8,12,2230,3,1,1,1,1,5,21,2,0
517,201600000241,1.0,1,1,1,11.0,0.0,0.0,0.0,1982.0,B02,2.0,21,0,0.0,2.0,1.0,1.0,8,12,2230,3,1,1,1,1,5,10,0,2
518,201600000242,1.0,1,3,2,11.0,0.0,0.0,0.0,1929.0,A01,0.0,7,0,0.0,2.0,1.0,1.0,11,3,1800,2,1,1,1,2,4,10,2,2
519,201600000242,1.0,1,1,1,11.0,0.0,0.0,0.0,1990.0,B02,0.0,10,0,0.0,2.0,4.0,15.0,11,3,1800,2,1,1,1,2,4,7,2,2
520,201600000243,1.0,1,4,2,11.0,0.0,0.0,0.0,1976.0,A01,1.0,7,0,6.0,0.0,1.0,1.0,11,21,800,2,1,1,1,6,1,7,2,2
521,201600000244,1.0,1,4,2,11.0,0.0,0.0,0.0,1982.0,A01,2.0,7,0,0.0,1.0,1.0,1.0,12,6,745,2,2,1,1,6,1,7,2,2
522,201600000244,0.0,3,3,1,0.0,2.0,3.0,2.0,2004.0,A01,2.0,7,0,0.0,1.0,1.0,1.0,12,6,745,2,2,1,1,6,1,7,2,2
524,201600000245,1.0,1,3,2,11.0,0.0,0.0,0.0,1995.0,A01,2.0,7,0,0.0,2.0,7.0,11.0,3,13,1330,1,1,1,1,1,2,7,2,2
525,201600000245,1.0,1,4,1,11.0,0.0,0.0,0.0,1988.0,B02,1.0,7,0,0.0,2.0,1.0,1.0,3,13,1330,1,1,1,1,1,2,7,2,2
526,201600000245,2.0,2,3,1,11.0,0.0,0.0,0.0,1980.0,B02,1.0,7,0,0.0,2.0,1.0,1.0,3,13,1330,1,1,1,1,1,2,7,2,2
527,201600000245,3.0,2,3,2,11.0,0.0,0.0,0.0,1990.0,B02,1.0,7,0,0.0,2.0,1.0,1.0,3,13,1330,1,1,1,1,1,2,7,2,2
528,201600000246,1.0,1,4,1,11.0,0.0,0.0,0.0,1968.0,B02,2.0,10,0,0.0,0.0,6.0,1.0,7,30,1200,1,2,1,1,3,2,33,2,1
529,201600000246,1.0,1,3,1,21.0,0.0,0.0,0.0,1997.0,A01,1.0,33,0,0.0,0.0,7.0,1.0,7,30,1200,1,2,1,1,3,2,10,1,2
530,201600000247,1.0,1,1,1,11.0,0.0,0.0,0.0,1985.0,A01,1.0,7,0,6.0,0.0,1.0,1.0,4,1,2315,3,1,1,1,6,5,7,2,2
531,201600000247,2.0,2,3,2,11.0,0.0,0.0,0.0,1978.0,A01,1.0,7,0,6.0,0.0,1.0,1.0,4,1,2315,3,1,1,1,6,5,7,2,2
532,201600000247,4.0,2,3,1,11.0,0.0,0.0,0.0,1971.0,A01,1.0,7,0,6.0,0.0,1.0,1.0,4,1,2315,3,1,1,1,6,5,7,2,2
533,201600000248,1.0,1,4,1,21.0,0.0,0.0,0.0,1980.0,A01,0.0,31,0,0.0,0.0,2.0,1.0,4,10,1330,1,1,1,7,7,2,31,1,1
534,201600000249,3.0,2,3,1,11.0,0.0,0.0,0.0,2006.0,A01,2.0,10,0,14.0,2.0,7.0,15.0,4,15,1645,1,1,2,8,4,3,7,2,2
535,201600000249,5.0,2,3,2,11.0,0.0,0.0,0.0,2004.0,A01,2.0,10,0,14.0,2.0,7.0,15.0,4,15,1645,1,1,2,8,4,3,7,2,2
536,201600000249,4.0,2,2,2,11.0,0.0,0.0,0.0,2001.0,A01,2.0,10,0,14.0,2.0,7.0,15.0,4,15,1645,1,1,2,8,4,3,7,2,2
537,201600000249,2.0,2,2,2,11.0,0.0,0.0,0.0,1982.0,A01,2.0,10,0,14.0,2.0,7.0,15.0,4,15,1645,1,1,2,8,4,3,7,2,2
538,201600000249,1.0,1,3,1,11.0,0.0,0.0,0.0,1978.0,A01,2.0,10,0,14.0,2.0,7.0,15.0,4,15,1645,1,1,2,8,4,3,7,2,2
539,201600000249,1.0,1,1,1,11.0,0.0,0.0,0.0,1968.0,B02,2.0,15,0,0.0,2.0,1.0,1.0,4,15,1645,1,1,2,8,4,3,10,3,2
540,201600000249,2.0,2,1,2,11.0,0.0,0.0,0.0,1991.0,C03,1.0,7,0,0.0,2.0,1.0,23.0,4,15,1645,1,1,2,8,4,3,10,2,2
541,201600000249,1.0,1,1,2,11.0,0.0,0.0,0.0,1989.0,C03,1.0,7,0,0.0,2.0,1.0,23.0,4,15,1645,1,1,2,8,4,3,10,2,2
542,201600000250,1.0,1,1,1,11.0,0.0,0.0,0.0,1988.0,A01,0.0,7,0,0.0,2.0,5.0,15.0,7,3,1530,1,1,1,1,2,3,33,2,1
543,201600000250,1.0,1,3,1,21.0,0.0,0.0,0.0,1994.0,B02,0.0,33,0,0.0,2.0,1.0,2.0,7,3,1530,1,1,1,1,2,3,7,1,2
544,201600000250,2.0,2,3,1,21.0,0.0,0.0,0.0,1991.0,B02,0.0,33,0,0.0,2.0,1.0,2.0,7,3,1530,1,1,1,1,2,3,7,1,2
545,201600000251,1.0,1,3,1,21.0,0.0,0.0,0.0,1986.0,A01,1.0,33,0,16.0,0.0,1.0,13.0,7,16,1930,1,1,1,1,5,4,17,1,3
546,201600000251,1.0,1,1,1,11.0,0.0,0.0,0.0,1982.0,B02,1.0,17,0,0.0,0.0,0.0,15.0,7,16,1930,1,1,1,1,5,4,33,3,1
547,201600000251,1.0,1,1,1,11.0,0.0,0.0,0.0,1966.0,C03,2.0,7,0,0.0,2.0,7.0,21.0,7,16,1930,1,1,1,1,5,4,33,2,1
548,201600000252,1.0,1,2,1,21.0,0.0,0.0,0.0,1970.0,A01,2.0,33,0,0.0,2.0,1.0,1.0,9,3,1330,1,1,1,1,3,2,10,1,2
549,201600000252,1.0,1,1,1,11.0,0.0,0.0,0.0,1966.0,B02,1.0,10,0,0.0,2.0,8.0,15.0,9,3,1330,1,1,1,1,3,2,33,2,1
550,201600000253,1.0,1,1,2,11.0,0.0,0.0,0.0,1968.0,B02,2.0,7,0,0.0,2.0,3.0,1.0,10,23,1915,2,1,1,1,3,4,7,2,2
551,201600000253,1.0,1,3,1,11.0,0.0,0.0,0.0,1965.0,A01,1.0,7,0,0.0,2.0,3.0,1.0,10,23,1915,2,1,1,1,3,4,7,2,2
552,201600000254,1.0,1,3,2,11.0,0.0,0.0,0.0,1972.0,B02,2.0,7,0,0.0,2.0,1.0,1.0,3,7,830,1,1,1,4,1,1,7,2,2
553,201600000254,1.0,1,3,2,11.0,0.0,0.0,0.0,1965.0,A01,1.0,7,0,0.0,2.0,1.0,13.0,3,7,830,1,1,1,4,1,1,7,2,2
554,201600000255,1.0,1,1,1,11.0,0.0,0.0,0.0,1993.0,A01,1.0,7,0,0.0,2.0,3.0,13.0,4,17,1400,1,1,1,1,5,3,33,2,1
555,201600000255,1.0,1,1,1,11.0,0.0,0.0,0.0,1997.0,B02,2.0,10,0,0.0,2.0,1.0,1.0,4,17,1400,1,1,1,1,5,3,33,2,1
556,201600000255,2.0,2,4,2,11.0,0.0,0.0,0.0,1998.0,B02,2.0,10,0,0.0,2.0,1.0,1.0,4,17,1400,1,1,1,1,5,3,33,2,1
557,201600000255,1.0,1,1,1,21.0,0.0,0.0,0.0,1991.0,C03,2.0,33,0,0.0,0.0,0.0,21.0,4,17,1400,1,1,1,1,5,3,10,1,2
558,201600000255,1.0,1,3,1,21.0,0.0,0.0,0.0,1992.0,D04,2.0,33,0,0.0,2.0,1.0,21.0,4,17,1400,1,1,1,1,5,3,10,1,2
559,201600000256,1.0,1,3,1,13.0,0.0,0.0,0.0,1953.0,A01,1.0,7,0,0.0,6.0,1.0,13.0,12,12,2030,3,1,1,1,1,4,7,2,2
560,201600000256,1.0,1,3,1,13.0,0.0,0.0,0.0,1988.0,B02,2.0,7,0,0.0,2.0,1.0,1.0,12,12,2030,3,1,1,1,1,4,7,2,2
561,201600000257,2.0,2,4,1,11.0,0.0,0.0,0.0,1957.0,B02,2.0,14,0,0.0,2.0,6.0,1.0,4,29,1015,1,1,1,1,1,1,17,3,3
562,201600000257,1.0,1,4,1,11.0,0.0,0.0,0.0,1974.0,B02,2.0,14,0,0.0,2.0,6.0,1.0,4,29,1015,1,1,1,1,1,1,17,3,3
563,201600000257,1.0,1,1,1,11.0,0.0,0.0,0.0,1992.0,A01,2.0,17,0,0.0,2.0,2.0,21.0,4,29,1015,1,1,1,1,1,1,14,3,3
564,201600000258,1.0,1,3,1,21.0,0.0,0.0,0.0,1995.0,A01,1.0,33,0,0.0,2.0,7.0,1.0,5,4,1945,1,1,3,7,1,4,10,1,2
565,201600000258,1.0,1,1,1,11.0,0.0,0.0,0.0,1957.0,B02,0.0,10,0,0.0,2.0,3.0,19.0,5,4,1945,1,1,3,7,1,4,33,2,1
566,201600000259,1.0,1,3,1,21.0,0.0,0.0,0.0,2001.0,A01,0.0,2,0,0.0,2.0,7.0,1.0,5,5,1030,1,2,1,7,7,1,2,1,1
567,201600000260,1.0,1,4,2,11.0,0.0,0.0,0.0,1989.0,A01,1.0,7,0,0.0,2.0,5.0,17.0,5,26,1545,1,1,1,1,1,3,10,2,2
568,201600000260,1.0,1,1,1,11.0,0.0,0.0,0.0,1983.0,B02,1.0,10,0,0.0,2.0,0.0,18.0,5,26,1545,1,1,1,1,1,3,7,2,2
569,201600000261,5.0,2,1,2,13.0,0.0,0.0,0.0,1996.0,B02,2.0,7,0,0.0,2.0,3.0,1.0,7,28,1730,1,1,1,1,3,3,7,2,2
570,201600000261,2.0,2,1,1,13.0,0.0,0.0,0.0,1999.0,B02,2.0,7,0,0.0,2.0,3.0,1.0,7,28,1730,1,1,1,1,3,3,7,2,2
571,201600000261,1.0,1,3,1,13.0,0.0,0.0,0.0,1993.0,B02,2.0,7,0,0.0,2.0,3.0,1.0,7,28,1730,1,1,1,1,3,3,7,2,2
572,201600000261,1.0,1,1,1,13.0,0.0,0.0,0.0,1987.0,A01,1.0,7,0,0.0,2.0,3.0,15.0,7,28,1730,1,1,1,1,3,3,7,2,2
573,201600000262,1.0,1,1,2,11.0,0.0,0.0,0.0,1970.0,A01,0.0,7,0,0.0,2.0,3.0,1.0,10,9,345,5,2,1,1,3,0,10,2,2
574,201600000262,2.0,2,4,1,11.0,0.0,0.0,0.0,1999.0,A01,0.0,7,0,0.0,2.0,3.0,1.0,10,9,345,5,2,1,1,3,0,10,2,2
575,201600000262,1.0,1,1,1,11.0,0.0,0.0,0.0,1974.0,B02,0.0,10,0,0.0,2.0,3.0,0.0,10,9,345,5,2,1,1,3,0,7,2,2
576,201600000262,2.0,2,4,2,11.0,0.0,0.0,0.0,1980.0,B02,0.0,10,0,0.0,2.0,3.0,0.0,10,9,345,5,2,1,1,3,0,7,2,2
577,201600000263,1.0,1,3,1,11.0,0.0,0.0,0.0,1986.0,A01,2.0,7,0,4.0,0.0,3.0,1.0,10,12,845,1,2,1,1,6,1,7,2,2
578,201600000263,2.0,2,1,1,11.0,0.0,0.0,0.0,1994.0,A01,2.0,7,0,4.0,0.0,3.0,1.0,10,12,845,1,2,1,1,6,1,7,2,2
579,201600000264,1.0,1,3,1,21.0,0.0,0.0,0.0,1971.0,A01,1.0,33,0,0.0,2.0,1.0,1.0,11,6,1800,3,1,1,1,2,4,7,1,2
580,201600000264,1.0,1,1,1,11.0,0.0,0.0,0.0,1992.0,B02,1.0,7,0,0.0,2.0,6.0,1.0,11,6,1800,3,1,1,1,2,4,33,2,1
581,201600000265,4.0,2,3,2,11.0,0.0,0.0,0.0,1999.0,A01,2.0,7,0,6.0,0.0,7.0,13.0,6,29,530,1,2,1,1,7,0,7,2,2
582,201600000265,1.0,1,1,1,11.0,0.0,0.0,0.0,1996.0,A01,2.0,7,0,6.0,0.0,7.0,13.0,6,29,530,1,2,1,1,7,0,7,2,2
583,201600000265,2.0,2,1,1,11.0,0.0,0.0,0.0,1994.0,A01,2.0,7,0,6.0,0.0,7.0,13.0,6,29,530,1,2,1,1,7,0,7,2,2
584,201600000266,2.0,2,4,1,21.0,0.0,0.0,0.0,1998.0,A01,2.0,30,0,0.0,6.0,1.0,1.0,9,21,2045,3,1,1,1,6,4,30,1,1
585,201600000266,1.0,1,4,1,21.0,0.0,0.0,0.0,1997.0,A01,2.0,30,0,0.0,6.0,1.0,1.0,9,21,2045,3,1,1,1,6,4,30,1,1
586,201600000267,1.0,1,1,1,11.0,0.0,0.0,0.0,1955.0,A01,1.0,7,0,0.0,1.0,1.0,1.0,6,30,1000,1,2,1,3,6,1,7,2,2
587,201600000267,0.0,3,3,2,0.0,4.0,3.0,2.0,1953.0,A01,1.0,7,0,0.0,1.0,1.0,1.0,6,30,1000,1,2,1,3,6,1,7,2,2
588,201600000267,0.0,3,4,2,0.0,4.0,3.0,2.0,2013.0,A01,1.0,7,0,0.0,1.0,1.0,1.0,6,30,1000,1,2,1,3,6,1,7,2,2
589,201600000268,1.0,1,3,1,11.0,0.0,0.0,0.0,1973.0,A01,1.0,7,0,0.0,2.0,1.0,5.0,12,3,1830,3,1,1,1,1,4,7,2,2
590,201600000268,1.0,1,1,1,11.0,0.0,0.0,0.0,1954.0,B02,2.0,7,0,0.0,2.0,1.0,1.0,12,3,1830,3,1,1,1,1,4,7,2,2
591,201600000269,1.0,1,1,1,11.0,0.0,0.0,0.0,1985.0,A01,2.0,7,0,0.0,2.0,6.0,10.0,6,9,1545,1,1,1,1,3,3,33,2,1
592,201600000269,1.0,1,3,1,21.0,0.0,0.0,0.0,1972.0,B02,2.0,33,0,0.0,2.0,1.0,1.0,6,9,1545,1,1,1,1,3,3,7,1,2
593,201600000270,1.0,1,3,2,21.0,0.0,0.0,0.0,2001.0,A01,0.0,30,0,0.0,0.0,1.0,19.0,10,8,1930,5,2,1,1,3,4,7,1,2
594,201600000270,1.0,1,4,2,11.0,0.0,0.0,0.0,1990.0,B02,0.0,7,0,0.0,0.0,7.0,1.0,10,8,1930,5,2,1,1,3,4,30,2,1
595,201600000271,1.0,1,1,1,11.0,0.0,0.0,0.0,1952.0,A01,0.0,7,0,0.0,1.0,2.0,14.0,10,31,1430,1,2,1,1,6,3,7,2,2
596,201600000271,0.0,3,3,2,0.0,5.0,9.0,2.0,1958.0,A01,0.0,7,0,0.0,1.0,2.0,14.0,10,31,1430,1,2,1,1,6,3,7,2,2
597,201600000271,0.0,3,3,1,0.0,5.0,9.0,2.0,1958.0,A01,0.0,7,0,0.0,1.0,2.0,14.0,10,31,1430,1,2,1,1,6,3,7,2,2
598,201600000272,2.0,2,4,1,21.0,0.0,0.0,0.0,1963.0,A01,1.0,33,0,0.0,2.0,1.0,13.0,1,31,1645,1,2,1,2,1,3,32,1,1
599,201600000272,1.0,1,2,1,21.0,0.0,0.0,0.0,1962.0,A01,1.0,33,0,0.0,2.0,1.0,13.0,1,31,1645,1,2,1,2,1,3,32,1,1
600,201600000272,1.0,1,4,1,21.0,0.0,0.0,0.0,1951.0,B02,2.0,32,0,0.0,2.0,1.0,1.0,1,31,1645,1,2,1,2,1,3,33,1,1
601,201600000273,1.0,1,1,1,21.0,0.0,0.0,0.0,1994.0,A01,0.0,36,0,8.0,0.0,1.0,13.0,5,29,1400,1,2,1,1,6,3,36,1,1
602,201600000273,2.0,2,3,2,21.0,0.0,0.0,0.0,2000.0,A01,0.0,36,0,8.0,0.0,1.0,13.0,5,29,1400,1,2,1,1,6,3,36,1,1
603,201600000274,1.0,1,3,1,11.0,0.0,0.0,0.0,1956.0,A01,1.0,7,0,0.0,2.0,1.0,15.0,2,1,1430,1,1,1,6,1,3,7,2,2
604,201600000274,1.0,1,4,2,11.0,0.0,0.0,0.0,1997.0,B02,2.0,7,0,0.0,2.0,1.0,1.0,2,1,1430,1,1,1,6,1,3,7,2,2
605,201600000275,1.0,1,3,2,11.0,0.0,0.0,0.0,1989.0,A01,1.0,7,0,0.0,2.0,1.0,17.0,3,4,845,1,2,1,1,6,1,7,2,2
606,201600000276,1.0,1,1,1,11.0,0.0,0.0,0.0,1991.0,A01,1.0,7,0,2.0,0.0,1.0,0.0,4,26,2030,1,1,1,1,6,4,7,2,2
607,201600000276,2.0,2,1,2,11.0,0.0,0.0,0.0,2004.0,A01,1.0,7,0,2.0,0.0,1.0,0.0,4,26,2030,1,1,1,1,6,4,7,2,2
608,201600000276,5.0,2,3,2,32.0,0.0,0.0,0.0,2010.0,A01,1.0,7,0,2.0,0.0,1.0,0.0,4,26,2030,1,1,1,1,6,4,7,2,2
609,201600000277,1.0,1,1,1,21.0,0.0,0.0,0.0,1999.0,A01,0.0,2,0,0.0,2.0,4.0,2.0,5,29,1715,1,2,1,1,2,3,2,1,1
610,201600000277,1.0,1,3,1,21.0,0.0,0.0,0.0,1998.0,B02,0.0,2,0,0.0,2.0,1.0,0.0,5,29,1715,1,2,1,1,2,3,2,1,1
611,201600000277,2.0,2,3,2,21.0,0.0,0.0,0.0,2000.0,B02,0.0,2,0,0.0,2.0,1.0,0.0,5,29,1715,1,2,1,1,2,3,2,1,1
612,201600000278,1.0,1,1,1,11.0,0.0,0.0,0.0,1973.0,B02,1.0,7,0,0.0,2.0,5.0,0.0,5,27,1800,1,2,1,1,2,4,31,2,1
613,201600000278,1.0,1,3,1,21.0,0.0,0.0,0.0,1985.0,A01,1.0,31,0,0.0,2.0,1.0,0.0,5,27,1800,1,2,1,1,2,4,7,1,2
614,201600000279,1.0,1,2,1,12.0,0.0,0.0,0.0,1982.0,A01,0.0,7,0,6.0,0.0,9.0,2.0,10,31,600,5,2,1,5,6,1,7,2,2
615,201600000280,1.0,1,1,2,11.0,0.0,0.0,0.0,1960.0,B02,2.0,7,0,0.0,2.0,5.0,1.0,12,13,1730,3,1,1,1,1,3,33,2,1
616,201600000280,1.0,1,2,1,21.0,0.0,0.0,0.0,1987.0,A01,2.0,33,0,7.0,0.0,1.0,1.0,12,13,1730,3,1,1,1,1,3,7,1,2
617,201600000281,1.0,1,1,1,11.0,0.0,0.0,0.0,1961.0,A01,2.0,7,0,0.0,1.0,3.0,2.0,12,15,1845,5,2,1,1,6,4,7,2,2
618,201600000281,0.0,3,3,2,0.0,3.0,3.0,2.0,2011.0,A01,2.0,7,0,0.0,1.0,3.0,2.0,12,15,1845,5,2,1,1,6,4,7,2,2
619,201600000282,1.0,1,3,1,11.0,0.0,0.0,0.0,1978.0,A01,0.0,7,0,15.0,0.0,7.0,1.0,7,18,1515,1,2,1,1,6,3,7,2,2
620,201600000283,1.0,1,1,1,13.0,0.0,0.0,0.0,1931.0,A01,1.0,7,0,0.0,2.0,2.0,11.0,1,14,1100,1,2,2,1,3,1,3,2,0
621,201600000283,1.0,1,3,1,91.0,0.0,0.0,0.0,1955.0,B02,2.0,3,0,0.0,2.0,8.0,1.0,1,14,1100,1,2,2,1,3,1,7,0,2
622,201600000284,1.0,1,3,2,11.0,0.0,0.0,0.0,1976.0,A01,2.0,7,0,4.0,0.0,1.0,1.0,2,13,1530,1,2,1,2,6,3,7,2,2
623,201600000285,1.0,1,1,1,11.0,0.0,0.0,0.0,1956.0,A01,1.0,7,0,0.0,2.0,1.0,19.0,2,23,1000,1,1,2,1,3,1,1,2,1
624,201600000285,1.0,1,3,1,21.0,0.0,0.0,0.0,1988.0,B02,2.0,1,0,0.0,2.0,8.0,1.0,2,23,1000,1,1,2,1,3,1,7,1,2