,Num_Acc,place,catu,grav,sexe,secu,locp,actp,etatp,an_nais,num_veh,senc,catv,occutc,obs,obsm,choc,manv,mois,jour,hrmn,lum,agg,int,atm,col,mom,catvopp,catv_gen,catvopp_gen
780,201600000355,1.0,1,3,1,21.0,0.0,0.0,0.0,1971.0,A01,2.0,33,0,2.0,0.0,9.0,13.0,10,9,1545,1,1,1,1,6,3,33,1,1
781,201600000356,1.0,1,3,1,13.0,0.0,0.0,0.0,1992.0,A01,1.0,7,0,6.0,0.0,9.0,13.0,12,10,2100,3,1,1,8,6,4,7,2,2
782,201600000357,1.0,1,3,1,21.0,0.0,0.0,0.0,1977.0,A01,1.0,30,0,0.0,5.0,1.0,1.0,12,28,1430,1,2,1,1,6,3,30,1,1
783,201600000358,1.0,1,1,1,11.0,0.0,0.0,0.0,1993.0,A01,2.0,7,0,0.0,1.0,2.0,17.0,12,27,1145,1,2,1,1,6,1,7,2,2
784,201600000358,0.0,3,3,1,0.0,3.0,3.0,1.0,1979.0,A01,2.0,7,0,0.0,1.0,2.0,17.0,12,27,1145,1,2,1,1,6,1,7,2,2
785,201600000359,1.0,1,1,1,11.0,0.0,0.0,0.0,1971.0,B02,2.0,7,0,0.0,2.0,2.0,23.0,7,1,1815,1,1,2,1,3,4,7,2,2
786,201600000359,2.0,2,3,1,11.0,0.0,0.0,0.0,1970.0,B02,2.0,7,0,0.0,2.0,2.0,23.0,7,1,1815,1,1,2,1,3,4,7,2,2
787,201600000359,3.0,2,3,1,11.0,0.0,0.0,0.0,1998.0,B02,2.0,7,0,0.0,2.0,2.0,23.0,7,1,1815,1,1,2,1,3,4,7,2,2
788,201600000359,4.0,2,3,2,11.0,0.0,0.0,0.0,1999.0,B02,2.0,7,0,0.0,2.0,2.0,23.0,7,1,1815,1,1,2,1,3,4,7,2,2
789,201600000359,1.0,1,4,1,11.0,0.0,0.0,0.0,1991.0,A01,1.0,7,0,0.0,2.0,3.0,13.0,7,1,1815,1,1,2,1,3,4,7,2,2
790,201600000360,1.0,1,3,1,21.0,0.0,0.0,0.0,2001.0,A01,2.0,30,0,0.0,2.0,3.0,13.0,10,8,1415,1,1,1,1,3,3,7,1,2
791,201600000360,1.0,1,4,2,11.0,0.0,0.0,0.0,1956.0,B02,1.0,7,0,0.0,2.0,3.0,1.0,10,8,1415,1,1,1,1,3,3,30,2,1
792,201600000361,1.0,1,1,1,13.0,0.0,0.0,0.0,1996.0,B02,1.0,10,0,0.0,2.0,4.0,15.0,11,23,930,1,2,2,1,3,1,1,2,1
793,201600000361,1.0,1,3,1,21.0,0.0,0.0,0.0,1956.0,A01,2.0,1,0,0.0,2.0,1.0,1.0,11,23,930,1,2,2,1,3,1,10,1,2
794,201600000362,1.0,1,4,1,13.0,0.0,0.0,0.0,1985.0,A01,1.0,10,0,0.0,2.0,3.0,1.0,2,15,1245,1,1,1,1,1,2,2,2,1
795,201600000362,1.0,1,2,1,21.0,0.0,0.0,0.0,1976.0,B02,2.0,2,0,0.0,2.0,1.0,1.0,2,15,1245,1,1,1,1,1,2,10,1,2
796,201600000363,1.0,1,1,2,11.0,0.0,0.0,0.0,1984.0,A01,2.0,7,0,0.0,1.0,3.0,1.0,2,19,1845,5,2,1,1,6,4,7,2,2
797,201600000363,0.0,3,3,1,0.0,2.0,5.0,1.0,2006.0,A01,2.0,7,0,0.0,1.0,3.0,1.0,2,19,1845,5,2,1,1,6,4,7,2,2
798,201600000364,1.0,1,1,1,11.0,0.0,0.0,0.0,1955.0,A01,2.0,7,0,0.0,1.0,3.0,1.0,2,26,645,3,1,1,1,6,1,7,2,2
799,201600000364,0.0,3,2,1,0.0,1.0,4.0,2.0,1999.0,A01,2.0,7,0,0.0,1.0,3.0,1.0,2,26,645,3,1,1,1,6,1,7,2,2
800,201600000365,1.0,1,1,1,11.0,0.0,0.0,0.0,1970.0,B02,1.0,7,0,0.0,2.0,3.0,1.0,12,4,2045,3,1,1,1,1,4,7,2,2
801,201600000365,2.0,2,1,2,11.0,0.0,0.0,0.0,1998.0,B02,1.0,7,0,0.0,2.0,3.0,1.0,12,4,2045,3,1,1,1,1,4,7,2,2
802,201600000365,1.0,1,2,1,11.0,0.0,0.0,0.0,1939.0,A01,2.0,7,0,0.0,2.0,1.0,5.0,12,4,2045,3,1,1,1,1,4,7,2,2
803,201600000366,1.0,1,4,1,11.0,0.0,0.0,0.0,1972.0,A01,2.0,7,0,0.0,2.0,3.0,13.0,1,3,100,3,1,1,3,3,0,7,2,2
804,201600000366,1.0,1,4,1,11.0,0.0,0.0,0.0,1976.0,B02,1.0,7,0,0.0,2.0,3.0,1.0,1,3,100,3,1,1,3,3,0,7,2,2
805,201600000367,1.0,1,3,1,11.0,0.0,0.0,0.0,1970.0,B02,2.0,7,0,13.0,2.0,1.0,1.0,2,27,1215,1,1,1,1,1,2,7,2,2
806,201600000367,2.0,2,4,1,11.0,0.0,0.0,0.0,2001.0,B02,2.0,7,0,13.0,2.0,1.0,1.0,2,27,1215,1,1,1,1,1,2,7,2,2
807,201600000367,1.0,1,3,1,11.0,0.0,0.0,0.0,1995.0,A01,1.0,7,0,0.0,2.0,7.0,13.0,2,27,1215,1,1,1,1,1,2,7,2,2
808,201600000368,1.0,1,3,2,11.0,0.0,0.0,0.0,1993.0,A01,1.0,7,0,0.0,2.0,1.0,17.0,4,26,845,1,1,1,1,1,1,10,2,2
809,201600000368,1.0,1,4,1,11.0,0.0,0.0,0.0,1972.0,B02,2.0,10,0,0.0,2.0,1.0,1.0,4,26,845,1,1,1,1,1,1,7,2,2
810,201600000369,1.0,1,1,1,11.0,0.0,0.0,0.0,1961.0,A01,1.0,7,0,0.0,2.0,1.0,10.0,6,25,1945,1,1,1,1,5,4,10,2,2
811,201600000369,1.0,1,1,1,11.0,0.0,0.0,0.0,1960.0,C03,2.0,10,0,0.0,2.0,7.0,1.0,6,25,1945,1,1,1,1,5,4,7,2,2
812,201600000369,1.0,1,3,2,11.0,0.0,0.0,0.0,1956.0,B02,2.0,10,0,0.0,2.0,1.0,1.0,6,25,1945,1,1,1,1,5,4,7,2,2
813,201600000370,1.0,1,3,2,21.0,0.0,0.0,0.0,1958.0,B02,1.0,30,0,0.0,2.0,1.0,1.0,7,18,1200,1,1,3,1,3,2,7,1,2
814,201600000370,1.0,1,4,2,11.0,0.0,0.0,0.0,1944.0,A01,1.0,7,0,0.0,2.0,3.0,9.0,7,18,1200,1,1,3,1,3,2,30,2,1
815,201600000371,1.0,1,3,1,11.0,0.0,0.0,0.0,1939.0,B02,2.0,7,0,0.0,2.0,1.0,1.0,11,3,1915,4,1,1,8,1,4,7,2,2
816,201600000371,2.0,2,3,2,11.0,0.0,0.0,0.0,1939.0,B02,2.0,7,0,0.0,2.0,1.0,1.0,11,3,1915,4,1,1,8,1,4,7,2,2
817,201600000371,3.0,2,4,2,11.0,0.0,0.0,0.0,1946.0,B02,2.0,7,0,0.0,2.0,1.0,1.0,11,3,1915,4,1,1,8,1,4,7,2,2
818,201600000371,1.0,1,3,1,11.0,0.0,0.0,0.0,1970.0,A01,1.0,7,0,0.0,2.0,1.0,13.0,11,3,1915,4,1,1,8,1,4,7,2,2
819,201600000372,1.0,1,3,1,22.0,0.0,0.0,0.0,1997.0,A01,1.0,2,0,0.0,2.0,1.0,13.0,11,11,1815,3,1,1,2,1,4,2,1,1
820,201600000372,1.0,1,3,1,23.0,0.0,0.0,0.0,1998.0,B02,2.0,2,0,0.0,2.0,1.0,13.0,11,11,1815,3,1,1,2,1,4,2,1,1
821,201600000373,1.0,1,4,1,11.0,0.0,0.0,0.0,1996.0,A01,1.0,7,0,0.0,2.0,1.0,13.0,11,16,1330,1,1,1,1,1,2,7,2,2
822,201600000373,1.0,1,4,2,11.0,0.0,0.0,0.0,1972.0,B02,2.0,7,0,0.0,2.0,1.0,1.0,11,16,1330,1,1,1,1,1,2,7,2,2
823,201600000374,1.0,1,3,1,21.0,0.0,0.0,0.0,1986.0,A01,1.0,33,0,0.0,6.0,2.0,1.0,7,25,45,3,1,1,1,6,0,33,1,1
824,201600000375,1.0,1,3,1,21.0,0.0,0.0,0.0,1989.0,A01,2.0,33,0,13.0,0.0,1.0,13.0,10,3,1500,1,1,1,1,7,3,33,1,1
825,201600000375,2.0,2,4,1,21.0,0.0,0.0,0.0,1978.0,A01,2.0,33,0,13.0,0.0,1.0,13.0,10,3,1500,1,1,1,1,7,3,33,1,1
826,201600000376,1.0,1,3,1,11.0,0.0,0.0,0.0,1980.0,A01,1.0,7,0,13.0,0.0,1.0,14.0,10,8,800,1,1,1,1,6,1,7,2,2
827,201600000377,1.0,1,3,1,21.0,0.0,0.0,0.0,1964.0,A01,1.0,30,0,0.0,2.0,1.0,1.0,1,28,1930,3,1,2,1,3,4,7,1,2
828,201600000377,1.0,1,3,2,11.0,0.0,0.0,0.0,1982.0,B02,2.0,7,0,0.0,2.0,3.0,19.0,1,28,1930,3,1,2,1,3,4,30,2,1
829,201600000378,1.0,1,3,1,11.0,0.0,0.0,0.0,1964.0,B02,1.0,7,0,0.0,2.0,1.0,1.0,5,15,1145,1,2,3,1,1,1,7,2,2
830,201600000378,1.0,1,3,2,11.0,0.0,0.0,0.0,1966.0,A01,2.0,7,0,0.0,2.0,1.0,21.0,5,15,1145,1,2,3,1,1,1,7,2,2
831,201600000378,2.0,2,3,1,11.0,0.0,0.0,0.0,1956.0,A01,2.0,7,0,0.0,2.0,1.0,21.0,5,15,1145,1,2,3,1,1,1,7,2,2
832,201600000379,1.0,1,2,1,12.0,0.0,0.0,0.0,1967.0,A01,1.0,7,0,8.0,0.0,1.0,13.0,6,12,1,4,1,1,1,6,0,7,2,2
833,201600000380,1.0,1,2,2,11.0,0.0,0.0,0.0,1972.0,A01,2.0,7,0,16.0,0.0,9.0,14.0,6,15,2245,3,1,1,2,7,5,7,2,2
834,201600000380,2.0,2,4,1,12.0,0.0,0.0,0.0,1982.0,A01,2.0,7,0,16.0,0.0,9.0,14.0,6,15,2245,3,1,1,2,7,5,7,2,2
835,201600000381,1.0,1,1,1,11.0,0.0,0.0,0.0,1943.0,A01,1.0,7,0,0.0,1.0,2.0,1.0,11,17,1830,1,2,3,1,6,4,7,2,2
836,201600000381,0.0,3,3,2,0.0,3.0,3.0,2.0,1939.0,A01,1.0,7,0,0.0,1.0,2.0,1.0,11,17,1830,1,2,3,1,6,4,7,2,2
837,201600000381,0.0,3,3,2,0.0,3.0,3.0,2.0,1949.0,A01,1.0,7,0,0.0,1.0,2.0,1.0,11,17,1830,1,2,3,1,6,4,7,2,2
838,201600000382,1.0,1,4,1,11.0,0.0,0.0,0.0,1986.0,A01,2.0,7,0,0.0,2.0,1.0,1.0,3,11,415,3,1,3,1,3,0,7,2,2
839,201600000382,1.0,1,3,1,11.0,0.0,0.0,0.0,1960.0,B02,1.0,7,0,0.0,2.0,8.0,15.0,3,11,415,3,1,3,1,3,0,7,2,2
840,201600000383,1.0,1,1,1,92.0,0.0,0.0,0.0,1965.0,B02,0.0,39,70,0.0,2.0,3.0,1.0,4,20,730,2,1,8,7,3,1,7,3,2
841,201600000383,1.0,1,3,2,13.0,0.0,0.0,0.0,1988.0,A01,2.0,7,0,0.0,4.0,3.0,1.0,4,20,730,2,1,8,7,3,1,39,2,3
842,201600000384,1.0,1,1,1,11.0,0.0,0.0,0.0,1963.0,B02,1.0,10,0,0.0,2.0,2.0,17.0,4,21,1730,1,1,1,1,3,3,7,2,2
843,201600000384,1.0,1,4,1,13.0,0.0,0.0,0.0,1990.0,A01,1.0,7,0,0.0,2.0,6.0,15.0,4,21,1730,1,1,1,1,3,3,10,2,2
844,201600000385,2.0,2,1,1,21.0,0.0,0.0,0.0,1997.0,A01,1.0,33,0,13.0,0.0,1.0,13.0,7,3,1115,1,1,1,1,7,1,33,1,1
845,201600000385,1.0,1,3,1,21.0,0.0,0.0,0.0,1990.0,A01,1.0,33,0,13.0,0.0,1.0,13.0,7,3,1115,1,1,1,1,7,1,33,1,1
846,201600000386,1.0,1,1,1,11.0,0.0,0.0,0.0,1980.0,A01,2.0,7,0,0.0,2.0,2.0,15.0,3,3,1700,1,2,3,2,1,3,2,2,1
847,201600000386,1.0,1,4,1,21.0,0.0,0.0,0.0,1968.0,B02,1.0,2,0,0.0,2.0,1.0,1.0,3,3,1700,1,2,3,2,1,3,7,1,2
848,201600000387,1.0,1,3,1,11.0,0.0,0.0,0.0,1984.0,A01,2.0,7,0,0.0,0.0,0.0,0.0,3,26,1030,1,1,1,1,1,1,10,2,2
849,201600000387,1.0,1,4,1,11.0,0.0,0.0,0.0,1967.0,B02,1.0,10,0,0.0,0.0,0.0,0.0,3,26,1030,1,1,1,1,1,1,7,2,2
850,201600000387,2.0,2,4,1,11.0,0.0,0.0,0.0,1977.0,B02,1.0,10,0,0.0,0.0,0.0,0.0,3,26,1030,1,1,1,1,1,1,7,2,2
851,201600000388,1.0,1,1,1,11.0,0.0,0.0,0.0,1996.0,A01,2.0,7,0,2.0,0.0,7.0,14.0,6,19,530,2,1,1,1,6,0,7,2,2
852,201600000388,2.0,2,3,2,11.0,0.0,0.0,0.0,1994.0,A01,2.0,7,0,2.0,0.0,7.0,14.0,6,19,530,2,1,1,1,6,0,7,2,2
853,201600000389,1.0,1,3,1,21.0,0.0,0.0,0.0,1999.0,A01,2.0,30,0,8.0,0.0,1.0,13.0,9,23,2345,5,2,1,1,6,5,30,1,1
854,201600000390,1.0,1,1,1,11.0,0.0,0.0,0.0,1973.0,A01,2.0,7,0,1.0,1.0,3.0,13.0,1,16,1000,1,2,1,9,6,1,7,2,2
855,201600000390,0.0,3,3,1,0.0,5.0,0.0,3.0,1967.0,A01,2.0,7,0,1.0,1.0,3.0,13.0,1,16,1000,1,2,1,9,6,1,7,2,2
856,201600000390,0.0,3,3,2,0.0,5.0,0.0,3.0,1970.0,A01,2.0,7,0,1.0,1.0,3.0,13.0,1,16,1000,1,2,1,9,6,1,7,2,2
857,201600000390,0.0,3,1,2,0.0,5.0,0.0,3.0,1989.0,A01,2.0,7,0,1.0,1.0,3.0,13.0,1,16,1000,1,2,1,9,6,1,7,2,2
858,201600000391,1.0,1,3,1,13.0,0.0,0.0,0.0,1989.0,A01,1.0,7,0,16.0,0.0,9.0,13.0,1,22,745,2,1,1,9,7,1,7,2,2
859,201600000392,2.0,2,2,2,11.0,0.0,0.0,0.0,1958.0,B02,2.0,3,0,0.0,0.0,4.0,1.0,1,25,1345,1,1,1,1,2,2,7,0,2
860,201600000392,1.0,1,3,1,11.0,0.0,0.0,0.0,1953.0,B02,2.0,3,0,0.0,0.0,4.0,1.0,1,25,1345,1,1,1,1,2,2,7,0,2
861,201600000392,1.0,1,1,1,11.0,0.0,0.0,0.0,1980.0,A01,2.0,7,0,0.0,2.0,1.0,1.0,1,25,1345,1,1,1,1,2,2,3,2,0
862,201600000393,1.0,1,4,1,11.0,0.0,0.0,0.0,1989.0,B02,1.0,7,0,0.0,2.0,1.0,1.0,6,9,1745,1,1,2,1,3,3,7,2,2
863,201600000393,2.0,2,4,1,11.0,0.0,0.0,0.0,1994.0,B02,1.0,7,0,0.0,2.0,1.0,1.0,6,9,1745,1,1,2,1,3,3,7,2,2
864,201600000393,1.0,1,3,2,13.0,0.0,0.0,0.0,1959.0,A01,2.0,7,0,0.0,2.0,2.0,15.0,6,9,1745,1,1,2,1,3,3,7,2,2
865,201600000393,2.0,2,3,2,13.0,0.0,0.0,0.0,1980.0,A01,2.0,7,0,0.0,2.0,2.0,15.0,6,9,1745,1,1,2,1,3,3,7,2,2
866,201600000393,4.0,2,1,1,31.0,0.0,0.0,0.0,2013.0,A01,2.0,7,0,0.0,2.0,2.0,15.0,6,9,1745,1,1,2,1,3,3,7,2,2
867,201600000394,1.0,1,4,1,11.0,0.0,0.0,0.0,1996.0,A01,2.0,7,0,0.0,2.0,2.0,15.0,8,29,2345,4,1,3,1,1,5,7,2,2
868,201600000394,1.0,1,4,1,11.0,0.0,0.0,0.0,1973.0,B02,1.0,7,0,0.0,2.0,6.0,1.0,8,29,2345,4,1,3,1,1,5,7,2,2
869,201600000395,1.0,1,3,1,13.0,0.0,0.0,0.0,1991.0,A01,1.0,7,0,13.0,0.0,1.0,14.0,9,15,715,2,1,1,1,6,1,7,2,2
870,201600000395,2.0,2,3,2,11.0,0.0,0.0,0.0,1998.0,A01,1.0,7,0,13.0,0.0,1.0,14.0,9,15,715,2,1,1,1,6,1,7,2,2
871,201600000396,1.0,1,3,1,11.0,0.0,0.0,0.0,1987.0,A01,1.0,7,0,2.0,0.0,1.0,14.0,9,23,345,3,1,1,1,6,0,7,2,2
872,201600000397,1.0,1,3,1,11.0,0.0,0.0,0.0,1998.0,A01,1.0,7,0,13.0,0.0,1.0,14.0,10,29,115,3,1,1,1,6,0,7,2,2
873,201600000398,1.0,1,1,2,11.0,0.0,0.0,0.0,1986.0,A01,1.0,7,0,0.0,1.0,3.0,1.0,12,25,100,3,1,1,2,6,0,7,2,2
874,201600000398,0.0,3,2,1,0.0,1.0,1.0,1.0,1987.0,A01,1.0,7,0,0.0,1.0,3.0,1.0,12,25,100,3,1,1,2,6,0,7,2,2
875,201600000399,1.0,1,2,1,11.0,0.0,0.0,0.0,1927.0,A01,1.0,7,0,0.0,2.0,2.0,15.0,5,21,1645,1,1,2,1,3,3,7,2,2
876,201600000399,2.0,2,3,2,11.0,0.0,0.0,0.0,1983.0,B02,2.0,7,0,0.0,2.0,1.0,1.0,5,21,1645,1,1,2,1,3,3,7,2,2
877,201600000399,1.0,1,4,1,11.0,0.0,0.0,0.0,1987.0,B02,2.0,7,0,0.0,2.0,1.0,1.0,5,21,1645,1,1,2,1,3,3,7,2,2
878,201600000400,1.0,1,3,1,21.0,0.0,0.0,0.0,1987.0,A01,2.0,33,0,0.0,2.0,1.0,1.0,10,12,930,1,1,1,5,2,1,10,1,2
879,201600000400,1.0,1,1,1,11.0,0.0,0.0,0.0,1991.0,B02,2.0,10,0,0.0,0.0,5.0,1.0,10,12,930,1,1,1,5,2,1,33,2,1
880,201600000401,1.0,1,2,1,11.0,0.0,0.0,0.0,1977.0,A01,2.0,7,0,0.0,2.0,1.0,13.0,11,4,1515,1,1,1,1,1,3,15,2,3
881,201600000401,1.0,1,3,1,11.0,0.0,0.0,0.0,1971.0,B02,1.0,15,0,0.0,2.0,1.0,1.0,11,4,1515,1,1,1,1,1,3,7,3,2
882,201600000402,1.0,1,1,1,11.0,0.0,0.0,0.0,1990.0,B02,2.0,17,0,0.0,2.0,6.0,1.0,11,7,1600,1,1,1,1,5,3,15,3,3
883,201600000402,1.0,1,4,2,11.0,0.0,0.0,0.0,1975.0,A01,2.0,7,0,3.0,2.0,3.0,13.0,11,7,1600,1,1,1,1,5,3,17,2,3
884,201600000402,2.0,2,4,2,11.0,0.0,0.0,0.0,1982.0,A01,2.0,7,0,3.0,2.0,3.0,13.0,11,7,1600,1,1,1,1,5,3,17,2,3
885,201600000402,4.0,2,3,2,11.0,0.0,0.0,0.0,1974.0,A01,2.0,7,0,3.0,2.0,3.0,13.0,11,7,1600,1,1,1,1,5,3,17,2,3
886,201600000402,1.0,1,1,1,11.0,0.0,0.0,0.0,1970.0,C03,1.0,15,0,3.0,2.0,3.0,21.0,11,7,1600,1,1,1,1,5,3,17,3,3
887,201600000403,1.0,1,1,1,11.0,0.0,0.0,0.0,1996.0,A01,1.0,7,0,6.0,0.0,1.0,13.0,11,19,600,3,2,1,1,6,1,7,2,2
888,201600000403,3.0,2,3,2,11.0,0.0,0.0,0.0,1997.0,A01,1.0,7,0,6.0,0.0,1.0,13.0,11,19,600,3,2,1,1,6,1,7,2,2
889,201600000403,4.0,2,4,1,11.0,0.0,0.0,0.0,1997.0,A01,1.0,7,0,6.0,0.0,1.0,13.0,11,19,600,3,2,1,1,6,1,7,2,2
890,201600000404,2.0,2,4,2,11.0,0.0,0.0,0.0,1966.0,B02,0.0,7,0,0.0,0.0,4.0,1.0,2,22,915,1,2,4,1,2,1,7,2,2
891,201600000404,1.0,1,4,1,11.0,0.0,0.0,0.0,1956.0,B02,0.0,7,0,0.0,0.0,4.0,1.0,2,22,915,1,2,4,1,2,1,7,2,2
892,201600000404,3.0,2,1,2,11.0,0.0,0.0,0.0,2015.0,A01,0.0,7,0,0.0,0.0,1.0,1.0,2,22,915,1,2,4,1,2,1,7,2,2
893,201600000404,2.0,2,1,2,11.0,0.0,0.0,0.0,1996.0,A01,0.0,7,0,0.0,0.0,1.0,1.0,2,22,915,1,2,4,1,2,1,7,2,2
894,201600000404,1.0,1,1,2,11.0,0.0,0.0,0.0,1994.0,A01,0.0,7,0,0.0,0.0,1.0,1.0,2,22,915,1,2,4,1,2,1,7,2,2
895,201600000405,1.0,1,3,1,13.0,0.0,0.0,0.0,1962.0,B01,2.0,13,0,0.0,0.0,7.0,2.0,4,10,1000,1,1,1,1,7,1,13,3,3
896,201600000406,1.0,1,1,1,11.0,0.0,0.0,0.0,1997.0,B02,2.0,7,0,0.0,2.0,5.0,19.0,5,5,1700,1,1,2,1,3,3,33,2,1
897,201600000406,2.0,2,1,2,11.0,0.0,0.0,0.0,2000.0,B02,2.0,7,0,0.0,2.0,5.0,19.0,5,5,1700,1,1,2,1,3,3,33,2,1
898,201600000406,1.0,1,4,1,21.0,0.0,0.0,0.0,1994.0,A01,1.0,33,0,0.0,2.0,1.0,1.0,5,5,1700,1,1,2,1,3,3,7,1,2
899,201600000406,2.0,2,3,2,21.0,0.0,0.0,0.0,1991.0,A01,1.0,33,0,0.0,2.0,1.0,1.0,5,5,1700,1,1,2,1,3,3,7,1,2
900,201600000407,1.0,1,4,1,11.0,0.0,0.0,0.0,1996.0,A01,1.0,7,0,0.0,2.0,9.0,9.0,7,24,2245,3,1,1,1,3,5,7,2,2
901,201600000407,1.0,1,4,1,11.0,0.0,0.0,0.0,1977.0,B02,1.0,7,0,0.0,2.0,6.0,1.0,7,24,2245,3,1,1,1,3,5,7,2,2
902,201600000407,2.0,2,4,2,11.0,0.0,0.0,0.0,1981.0,B02,1.0,7,0,0.0,2.0,6.0,1.0,7,24,2245,3,1,1,1,3,5,7,2,2
903,201600000408,1.0,1,2,1,11.0,0.0,0.0,0.0,1971.0,B02,1.0,7,0,0.0,2.0,1.0,1.0,8,16,1945,2,1,1,7,1,4,10,2,2
904,201600000408,1.0,1,4,1,11.0,0.0,0.0,0.0,1987.0,A01,2.0,10,0,0.0,2.0,3.0,13.0,8,16,1945,2,1,1,7,1,4,7,2,2
905,201600000409,1.0,1,4,1,11.0,0.0,0.0,0.0,1985.0,B02,2.0,7,0,0.0,2.0,1.0,1.0,10,23,2030,3,1,1,3,1,4,7,2,2
906,201600000409,1.0,1,3,1,13.0,0.0,0.0,0.0,1983.0,A01,1.0,7,0,0.0,2.0,1.0,13.0,10,23,2030,3,1,1,3,1,4,7,2,2
907,201600000410,1.0,1,4,1,11.0,0.0,0.0,0.0,1995.0,A01,1.0,7,0,0.0,2.0,2.0,17.0,11,24,1230,1,1,3,1,2,2,2,2,1
908,201600000410,1.0,1,3,2,21.0,0.0,0.0,0.0,2000.0,B02,1.0,2,0,0.0,2.0,4.0,15.0,11,24,1230,1,1,3,1,2,2,7,1,2
909,201600000411,0.0,3,4,1,0.0,2.0,3.0,3.0,2003.0,A01,1.0,7,0,0.0,1.0,1.0,1.0,4,18,815,1,2,1,1,6,1,7,2,2
910,201600000411,0.0,3,3,2,0.0,2.0,3.0,3.0,2003.0,A01,1.0,7,0,0.0,1.0,1.0,1.0,4,18,815,1,2,1,1,6,1,7,2,2
911,201600000411,0.0,3,4,1,0.0,2.0,3.0,3.0,2000.0,A01,1.0,7,0,0.0,1.0,1.0,1.0,4,18,815,1,2,1,1,6,1,7,2,2
912,201600000411,0.0,3,3,1,0.0,2.0,3.0,3.0,2001.0,A01,1.0,7,0,0.0,1.0,1.0,1.0,4,18,815,1,2,1,1,6,1,7,2,2
913,201600000411,1.0,1,1,2,11.0,0.0,0.0,0.0,1980.0,A01,1.0,7,0,0.0,1.0,1.0,1.0,4,18,815,1,2,1,1,6,1,7,2,2
914,201600000412,1.0,1,4,1,21.0,0.0,0.0,0.0,2001.0,B02,1.0,2,0,0.0,0.0,1.0,1.0,5,1,1445,1,2,1,1,3,3,7,1,2
915,201600000412,1.0,1,1,2,11.0,0.0,0.0,0.0,1990.0,A01,1.0,7,0,0.0,2.0,3.0,9.0,5,1,1445,1,2,1,1,3,3,2,2,1
916,201600000413,1.0,1,3,1,11.0,0.0,0.0,0.0,1945.0,A01,2.0,7,0,2.0,0.0,1.0,14.0,6,24,1200,1,1,1,1,6,2,7,2,2
917,201600000414,1.0,1,3,1,12.0,0.0,0.0,0.0,1993.0,A01,1.0,10,0,13.0,0.0,3.0,13.0,5,27,2345,3,1,1,1,6,5,10,2,2
918,201600000414,2.0,2,3,1,11.0,0.0,0.0,0.0,2000.0,A01,1.0,10,0,13.0,0.0,3.0,13.0,5,27,2345,3,1,1,1,6,5,10,2,2
919,201600000414,5.0,2,3,1,12.0,0.0,0.0,0.0,1998.0,A01,1.0,10,0,13.0,0.0,3.0,13.0,5,27,2345,3,1,1,1,6,5,10,2,2
920,201600000415,1.0,1,4,1,22.0,0.0,0.0,0.0,1999.0,B02,1.0,1,0,0.0,0.0,8.0,1.0,8,26,930,1,1,1,1,5,1,10,1,2
921,201600000415,1.0,1,1,1,11.0,0.0,0.0,0.0,1934.0,A01,1.0,10,0,0.0,2.0,2.0,1.0,8,26,930,1,1,1,1,5,1,1,2,1
922,201600000415,1.0,1,3,1,22.0,0.0,0.0,0.0,2001.0,C03,1.0,1,0,0.0,0.0,8.0,1.0,8,26,930,1,1,1,1,5,1,10,1,2
923,201600000416,1.0,1,1,1,11.0,0.0,0.0,0.0,1946.0,A01,1.0,7,0,0.0,2.0,2.0,13.0,9,20,1930,2,1,1,2,1,4,7,2,2
924,201600000416,1.0,1,3,2,11.0,0.0,0.0,0.0,1965.0,B02,2.0,7,0,0.0,2.0,2.0,1.0,9,20,1930,2,1,1,2,1,4,7,2,2
925,201600000417,1.0,1,3,1,11.0,0.0,0.0,0.0,1994.0,B02,2.0,7,0,0.0,2.0,3.0,13.0,12,16,230,3,1,1,1,3,0,10,2,2
926,201600000417,1.0,1,1,1,11.0,0.0,0.0,0.0,1995.0,A01,1.0,10,0,0.0,2.0,3.0,1.0,12,16,230,3,1,1,1,3,0,7,2,2
927,201600000418,3.0,2,3,1,11.0,0.0,0.0,0.0,2002.0,A01,1.0,7,0,16.0,0.0,3.0,14.0,3,27,1630,1,1,1,2,7,3,7,2,2
928,201600000418,1.0,1,3,1,12.0,0.0,0.0,0.0,2001.0,A01,1.0,7,0,16.0,0.0,3.0,14.0,3,27,1630,1,1,1,2,7,3,7,2,2
929,201600000419,1.0,1,3,1,11.0,0.0,0.0,0.0,1993.0,A01,1.0,10,0,13.0,0.0,9.0,14.0,5,15,245,3,1,1,1,7,0,10,2,2
930,201600000419,2.0,2,1,1,11.0,0.0,0.0,0.0,1996.0,A01,1.0,10,0,13.0,0.0,9.0,14.0,5,15,245,3,1,1,1,7,0,10,2,2
931,201600000420,1.0,1,2,1,23.0,0.0,0.0,0.0,1978.0,B02,1.0,30,0,0.0,0.0,4.0,1.0,8,24,2315,3,1,1,1,2,5,7,1,2
932,201600000420,1.0,1,1,1,11.0,0.0,0.0,0.0,1968.0,A01,1.0,7,0,0.0,2.0,1.0,1.0,8,24,2315,3,1,1,1,2,5,30,2,1
933,201600000421,1.0,1,1,2,11.0,0.0,0.0,0.0,1957.0,A01,2.0,7,0,0.0,1.0,2.0,15.0,10,3,1115,1,2,2,1,6,1,7,2,2
934,201600000421,0.0,3,3,2,0.0,4.0,3.0,1.0,1933.0,A01,2.0,7,0,0.0,1.0,2.0,15.0,10,3,1115,1,2,2,1,6,1,7,2,2