,Num_Acc,place,catu,grav,sexe,secu,locp,actp,etatp,an_nais,num_veh,senc,catv,occutc,obs,obsm,choc,manv,mois,jour,hrmn,lum,agg,int,atm,col,mom,catvopp,catv_gen,catvopp_gen
935,201600000422,1.0,1,2,1,11.0,0.0,0.0,0.0,1994.0,A01,1.0,7,0,2.0,0.0,8.0,13.0,10,15,2300,3,1,1,1,6,5,7,2,2
936,201600000423,1.0,1,3,1,11.0,0.0,0.0,0.0,1932.0,A01,0.0,7,0,16.0,6.0,9.0,21.0,6,16,1915,1,1,1,3,7,4,7,2,2
937,201600000424,1.0,1,1,1,11.0,0.0,0.0,0.0,1981.0,A01,2.0,7,0,0.0,1.0,3.0,1.0,7,24,15,3,2,3,1,6,0,7,2,2
938,201600000424,0.0,3,2,2,0.0,1.0,3.0,2.0,1940.0,A01,2.0,7,0,0.0,1.0,3.0,1.0,7,24,15,3,2,3,1,6,0,7,2,2
939,201600000424,0.0,3,4,1,0.0,1.0,3.0,2.0,1981.0,A01,2.0,7,0,0.0,1.0,3.0,1.0,7,24,15,3,2,3,1,6,0,7,2,2
940,201600000425,1.0,1,1,1,11.0,0.0,0.0,0.0,1930.0,A01,1.0,7,0,0.0,2.0,3.0,15.0,10,29,1700,1,2,3,1,3,3,31,2,1
941,201600000425,1.0,1,3,1,21.0,0.0,0.0,0.0,1993.0,B02,1.0,31,0,0.0,2.0,1.0,1.0,10,29,1700,1,2,3,1,3,3,7,1,2
942,201600000426,1.0,1,1,1,11.0,0.0,0.0,0.0,1967.0,A01,1.0,7,0,0.0,0.0,6.0,17.0,5,3,1100,1,1,1,1,2,1,33,2,1
943,201600000426,1.0,1,3,1,21.0,0.0,0.0,0.0,1953.0,B02,1.0,33,0,0.0,2.0,1.0,17.0,5,3,1100,1,1,1,1,2,1,7,1,2
944,201600000427,1.0,1,1,1,11.0,0.0,0.0,0.0,1977.0,A01,2.0,7,0,0.0,2.0,5.0,1.0,6,4,1945,1,2,3,1,3,4,1,2,1
945,201600000427,1.0,1,4,1,21.0,0.0,0.0,0.0,2003.0,B02,0.0,1,0,0.0,2.0,1.0,9.0,6,4,1945,1,2,3,1,3,4,7,1,2
946,201600000428,1.0,1,3,1,21.0,0.0,0.0,0.0,1999.0,B02,1.0,1,0,0.0,2.0,1.0,9.0,7,29,1530,1,1,2,1,1,3,7,1,2
947,201600000428,1.0,1,1,2,11.0,0.0,0.0,0.0,1978.0,A01,1.0,7,0,0.0,2.0,2.0,1.0,7,29,1530,1,1,2,1,1,3,1,2,1
948,201600000429,1.0,1,1,2,11.0,0.0,0.0,0.0,1939.0,A01,1.0,7,0,0.0,1.0,2.0,1.0,8,4,1630,1,2,1,1,6,3,7,2,2
949,201600000429,0.0,3,3,1,0.0,2.0,3.0,2.0,1936.0,A01,1.0,7,0,0.0,1.0,2.0,1.0,8,4,1630,1,2,1,1,6,3,7,2,2
950,201600000430,0.0,3,3,2,0.0,5.0,9.0,1.0,1982.0,A01,0.0,7,0,15.0,1.0,4.0,23.0,10,18,1415,1,2,9,1,6,3,7,2,2
951,201600000431,1.0,1,3,1,11.0,0.0,0.0,0.0,1949.0,A01,2.0,7,0,0.0,2.0,3.0,13.0,12,2,1215,1,1,1,5,3,2,15,2,3
952,201600000431,1.0,1,1,1,13.0,0.0,0.0,0.0,1945.0,B02,1.0,15,0,0.0,2.0,3.0,1.0,12,2,1215,1,1,1,5,3,2,7,3,2
953,201600000432,1.0,1,1,1,13.0,0.0,0.0,0.0,1998.0,A01,0.0,7,0,6.0,1.0,3.0,4.0,12,3,500,5,2,3,1,6,0,7,2,2
954,201600000432,0.0,3,3,1,0.0,0.0,1.0,1.0,1993.0,A01,0.0,7,0,6.0,1.0,3.0,4.0,12,3,500,5,2,3,1,6,0,7,2,2
955,201600000433,1.0,1,4,1,11.0,0.0,0.0,0.0,1992.0,A01,1.0,10,0,0.0,2.0,3.0,19.0,2,2,1600,1,1,1,1,3,3,10,2,2
956,201600000433,1.0,1,3,2,11.0,0.0,0.0,0.0,1967.0,B02,0.0,10,0,0.0,2.0,3.0,1.0,2,2,1600,1,1,1,1,3,3,10,2,2
957,201600000434,1.0,1,2,1,21.0,0.0,0.0,0.0,1979.0,A01,0.0,32,0,16.0,0.0,1.0,1.0,2,26,2315,3,1,1,1,7,5,32,1,1
958,201600000435,1.0,1,3,1,21.0,0.0,0.0,0.0,1979.0,A01,1.0,33,0,0.0,0.0,8.0,1.0,4,21,1845,1,1,1,1,7,4,33,1,1
959,201600000436,1.0,1,3,2,11.0,0.0,0.0,0.0,1971.0,A01,1.0,7,0,0.0,0.0,0.0,1.0,5,3,1830,1,1,1,1,7,4,7,2,2
960,201600000437,1.0,1,1,2,11.0,0.0,0.0,0.0,1970.0,A01,0.0,7,0,0.0,2.0,2.0,1.0,6,9,1230,1,1,1,1,2,2,1,2,1
961,201600000437,1.0,1,2,1,21.0,0.0,0.0,0.0,1945.0,B02,0.0,1,0,0.0,2.0,4.0,1.0,6,9,1230,1,1,1,1,2,2,7,1,2
962,201600000438,1.0,1,3,1,21.0,0.0,0.0,0.0,1982.0,B02,0.0,2,0,0.0,2.0,1.0,1.0,6,9,1615,1,2,1,1,2,3,10,1,2
963,201600000438,1.0,1,1,1,11.0,0.0,0.0,0.0,1985.0,A01,0.0,10,0,0.0,2.0,6.0,10.0,6,9,1615,1,2,1,1,2,3,2,2,1
964,201600000439,1.0,1,2,1,21.0,0.0,0.0,0.0,1985.0,B02,2.0,31,0,0.0,2.0,1.0,13.0,6,10,2330,3,1,1,1,1,5,7,1,2
965,201600000439,1.0,1,1,1,11.0,0.0,0.0,0.0,1968.0,A01,1.0,7,0,0.0,2.0,3.0,1.0,6,10,2330,3,1,1,1,1,5,31,2,1
966,201600000440,1.0,1,4,2,11.0,0.0,0.0,0.0,1994.0,A01,1.0,7,0,0.0,2.0,3.0,1.0,8,9,745,1,1,1,1,1,1,7,2,2
967,201600000440,1.0,1,4,1,11.0,0.0,0.0,0.0,1993.0,B02,0.0,7,0,0.0,2.0,1.0,13.0,8,9,745,1,1,1,1,1,1,7,2,2
968,201600000441,1.0,1,4,1,11.0,0.0,0.0,0.0,1997.0,A01,0.0,7,0,13.0,0.0,0.0,14.0,8,11,400,3,1,1,1,6,0,7,2,2
969,201600000442,1.0,1,3,1,21.0,0.0,0.0,0.0,1985.0,A01,0.0,30,0,0.0,0.0,0.0,1.0,8,19,2215,5,2,6,1,7,5,30,1,1
970,201600000443,1.0,1,3,1,11.0,0.0,0.0,0.0,1984.0,A01,2.0,7,0,13.0,0.0,3.0,18.0,8,18,2315,3,1,1,1,2,5,7,2,2
971,201600000443,1.0,1,1,2,11.0,0.0,0.0,0.0,1997.0,B02,2.0,7,0,0.0,2.0,5.0,1.0,8,18,2315,3,1,1,1,2,5,7,2,2
972,201600000444,1.0,1,4,1,21.0,0.0,0.0,0.0,1973.0,A01,1.0,33,0,12.0,0.0,1.0,1.0,8,28,1645,1,1,6,1,7,3,33,1,1
973,201600000444,2.0,2,3,2,21.0,0.0,0.0,0.0,2003.0,A01,1.0,33,0,12.0,0.0,1.0,1.0,8,28,1645,1,1,6,1,7,3,33,1,1
974,201600000445,1.0,1,4,2,11.0,0.0,0.0,0.0,1961.0,B02,2.0,7,0,0.0,2.0,2.0,1.0,9,23,815,2,2,1,5,3,1,7,2,2
975,201600000445,1.0,1,1,1,11.0,0.0,0.0,0.0,1996.0,A01,1.0,7,0,0.0,2.0,3.0,15.0,9,23,815,2,2,1,5,3,1,7,2,2
976,201600000446,1.0,1,2,1,11.0,0.0,0.0,0.0,1945.0,A01,0.0,7,0,2.0,0.0,8.0,1.0,10,2,1245,1,1,1,1,6,2,7,2,2
977,201600000447,1.0,1,3,1,11.0,0.0,0.0,0.0,1988.0,A01,0.0,7,0,0.0,2.0,1.0,1.0,11,26,530,3,1,1,2,2,0,17,2,3
978,201600000447,1.0,1,1,1,1.0,0.0,0.0,0.0,1992.0,B02,0.0,17,0,0.0,2.0,4.0,1.0,11,26,530,3,1,1,2,2,0,7,3,2
979,201600000448,1.0,1,3,1,11.0,0.0,0.0,0.0,1937.0,C03,0.0,7,0,14.0,0.0,2.0,0.0,12,23,1745,3,1,1,2,5,3,7,2,2
980,201600000448,1.0,1,3,1,13.0,0.0,0.0,0.0,1985.0,B02,0.0,7,0,0.0,2.0,2.0,0.0,12,23,1745,3,1,1,2,5,3,7,2,2
981,201600000448,2.0,2,3,1,13.0,0.0,0.0,0.0,2001.0,B02,0.0,7,0,0.0,2.0,2.0,0.0,12,23,1745,3,1,1,2,5,3,7,2,2
982,201600000448,6.0,2,3,1,13.0,0.0,0.0,0.0,1996.0,B02,0.0,7,0,0.0,2.0,2.0,0.0,12,23,1745,3,1,1,2,5,3,7,2,2
983,201600000448,1.0,1,2,1,13.0,0.0,0.0,0.0,1991.0,A01,0.0,7,0,0.0,2.0,7.0,0.0,12,23,1745,3,1,1,2,5,3,7,2,2
984,201600000448,2.0,2,2,1,13.0,0.0,0.0,0.0,1998.0,A01,0.0,7,0,0.0,2.0,7.0,0.0,12,23,1745,3,1,1,2,5,3,7,2,2
985,201600000448,5.0,2,2,1,13.0,0.0,0.0,0.0,1990.0,A01,0.0,7,0,0.0,2.0,7.0,0.0,12,23,1745,3,1,1,2,5,3,7,2,2
986,201600000449,1.0,1,2,1,21.0,0.0,0.0,0.0,1980.0,B02,1.0,1,0,0.0,0.0,0.0,0.0,3,19,2115,1,1,1,1,2,4,7,1,2
987,201600000449,1.0,1,1,1,11.0,0.0,0.0,0.0,1958.0,A01,1.0,7,0,0.0,0.0,2.0,2.0,3,19,2115,1,1,1,1,2,4,1,2,1
988,201600000450,1.0,1,2,1,11.0,0.0,0.0,0.0,1984.0,A01,1.0,7,0,0.0,2.0,3.0,5.0,4,1,2200,3,1,1,1,1,5,7,2,2
989,201600000450,1.0,1,3,1,11.0,0.0,0.0,0.0,1970.0,B02,2.0,7,0,0.0,2.0,1.0,1.0,4,1,2200,3,1,1,1,1,5,7,2,2
990,201600000451,1.0,1,2,1,12.0,0.0,0.0,0.0,1991.0,A01,0.0,7,0,0.0,0.0,7.0,19.0,5,28,1400,1,1,1,2,3,3,7,2,2
991,201600000451,1.0,1,3,2,11.0,0.0,0.0,0.0,1974.0,B02,0.0,7,0,0.0,0.0,1.0,1.0,5,28,1400,1,1,1,2,3,3,7,2,2
992,201600000452,1.0,1,4,1,11.0,0.0,0.0,0.0,1981.0,B02,0.0,10,0,0.0,2.0,1.0,1.0,5,30,900,1,1,1,2,1,1,7,2,2
993,201600000452,1.0,1,3,2,11.0,0.0,0.0,0.0,1969.0,A01,0.0,7,0,0.0,2.0,1.0,5.0,5,30,900,1,1,1,2,1,1,10,2,2
994,201600000453,1.0,1,3,2,11.0,0.0,0.0,0.0,1995.0,A01,0.0,7,0,0.0,0.0,0.0,1.0,7,21,1700,1,1,1,1,6,3,7,2,2
995,201600000454,1.0,1,1,1,11.0,0.0,0.0,0.0,1948.0,B02,0.0,7,0,0.0,2.0,0.0,0.0,9,10,1900,1,1,1,1,5,4,33,2,1
996,201600000454,1.0,1,1,1,11.0,0.0,0.0,0.0,1938.0,C03,0.0,7,0,0.0,0.0,0.0,0.0,9,10,1900,1,1,1,1,5,4,33,2,1
997,201600000454,1.0,1,3,1,21.0,0.0,0.0,0.0,1988.0,A01,0.0,33,0,0.0,0.0,4.0,0.0,9,10,1900,1,1,1,1,5,4,7,1,2
998,201600000455,1.0,1,3,1,21.0,0.0,0.0,0.0,1982.0,A01,0.0,33,0,0.0,2.0,1.0,13.0,9,18,1830,1,1,1,1,1,4,7,1,2
999,201600000455,1.0,1,1,1,11.0,0.0,0.0,0.0,1949.0,B02,0.0,7,0,0.0,2.0,1.0,1.0,9,18,1830,1,1,1,1,1,4,33,2,1
1000,201600000456,1.0,1,4,1,11.0,0.0,0.0,0.0,1949.0,A01,2.0,7,0,6.0,0.0,1.0,13.0,3,8,1115,1,2,1,1,6,1,7,2,2
1001,201600000456,2.0,2,3,2,11.0,0.0,0.0,0.0,1955.0,A01,2.0,7,0,6.0,0.0,1.0,13.0,3,8,1115,1,2,1,1,6,1,7,2,2
1002,201600000457,1.0,1,3,1,11.0,0.0,0.0,0.0,1964.0,A01,0.0,7,0,2.0,0.0,8.0,1.0,12,27,2015,3,1,1,1,6,4,7,2,2
1003,201600000458,0.0,3,4,2,0.0,4.0,3.0,1.0,2002.0,A01,0.0,7,0,0.0,1.0,3.0,0.0,1,14,800,2,2,1,2,6,1,7,2,2
1004,201600000458,1.0,1,4,1,11.0,0.0,0.0,0.0,1988.0,A01,0.0,7,0,0.0,1.0,3.0,0.0,1,14,800,2,2,1,2,6,1,7,2,2
1005,201600000459,2.0,2,4,2,11.0,0.0,0.0,0.0,1960.0,A01,0.0,7,0,0.0,2.0,7.0,6.0,5,19,1815,1,1,1,1,3,4,7,2,2
1006,201600000459,1.0,1,4,2,11.0,0.0,0.0,0.0,1990.0,A01,0.0,7,0,0.0,2.0,7.0,6.0,5,19,1815,1,1,1,1,3,4,7,2,2
1007,201600000459,1.0,1,4,1,11.0,0.0,0.0,0.0,1981.0,B02,0.0,7,0,0.0,2.0,1.0,1.0,5,19,1815,1,1,1,1,3,4,7,2,2
1008,201600000460,1.0,1,2,1,21.0,0.0,0.0,0.0,1958.0,A01,0.0,2,0,0.0,0.0,0.0,0.0,6,6,930,1,1,1,1,1,1,7,1,2
1009,201600000460,1.0,1,1,1,11.0,0.0,0.0,0.0,1990.0,B02,0.0,7,0,0.0,0.0,0.0,0.0,6,6,930,1,1,1,1,1,1,2,2,1
1010,201600000460,2.0,2,1,1,11.0,0.0,0.0,0.0,1990.0,B02,0.0,7,0,0.0,0.0,0.0,0.0,6,6,930,1,1,1,1,1,1,2,2,1
1011,201600000460,5.0,2,1,1,11.0,0.0,0.0,0.0,2016.0,B02,0.0,7,0,0.0,0.0,0.0,0.0,6,6,930,1,1,1,1,1,1,2,2,1
1012,201600000461,1.0,1,3,1,21.0,0.0,0.0,0.0,1991.0,A01,0.0,33,0,0.0,2.0,8.0,1.0,7,30,1915,1,2,1,1,3,4,14,1,3
1013,201600000461,1.0,1,1,1,11.0,0.0,0.0,0.0,1963.0,B02,0.0,14,0,0.0,2.0,8.0,1.0,7,30,1915,1,2,1,1,3,4,33,3,1
1014,201600000462,1.0,1,4,1,11.0,0.0,0.0,0.0,1956.0,B02,0.0,7,0,0.0,2.0,1.0,16.0,8,26,1115,1,1,1,1,1,1,10,2,2
1015,201600000462,2.0,2,3,2,11.0,0.0,0.0,0.0,1960.0,B02,0.0,7,0,0.0,2.0,1.0,16.0,8,26,1115,1,1,1,1,1,1,10,2,2
1016,201600000462,1.0,1,4,1,11.0,0.0,0.0,0.0,1992.0,A01,0.0,10,0,0.0,2.0,2.0,15.0,8,26,1115,1,1,1,1,1,1,7,2,2
1017,201600000462,4.0,2,4,2,11.0,0.0,0.0,0.0,1967.0,A01,0.0,10,0,0.0,2.0,2.0,15.0,8,26,1115,1,1,1,1,1,1,7,2,2
1018,201600000463,1.0,1,3,1,21.0,0.0,0.0,0.0,1974.0,A01,1.0,33,0,0.0,0.0,0.0,1.0,10,2,1900,2,2,1,1,7,4,33,1,1
1019,201600000464,0.0,3,3,2,0.0,2.0,3.0,1.0,1966.0,A01,0.0,7,0,0.0,1.0,6.0,4.0,11,28,1330,1,2,1,1,6,2,7,2,2
1020,201600000464,1.0,1,1,1,11.0,0.0,0.0,0.0,1968.0,A01,0.0,7,0,0.0,1.0,6.0,4.0,11,28,1330,1,2,1,1,6,2,7,2,2
1021,201600000465,0.0,3,4,2,0.0,3.0,3.0,1.0,2003.0,A01,1.0,7,0,0.0,1.0,2.0,1.0,12,15,1445,1,2,1,1,6,3,7,2,2
1022,201600000465,1.0,1,1,1,11.0,0.0,0.0,0.0,1975.0,A01,1.0,7,0,0.0,1.0,2.0,1.0,12,15,1445,1,2,1,1,6,3,7,2,2
1023,201600000466,1.0,1,3,1,13.0,0.0,0.0,0.0,1974.0,A01,1.0,10,0,0.0,0.0,8.0,1.0,1,14,1030,1,1,1,2,7,1,10,2,2
1024,201600000467,1.0,1,1,1,11.0,0.0,0.0,0.0,1983.0,A01,0.0,7,0,0.0,1.0,1.0,1.0,3,7,800,1,2,1,8,6,1,7,2,2
1025,201600000467,0.0,3,3,1,0.0,4.0,0.0,2.0,1948.0,A01,0.0,7,0,0.0,1.0,1.0,1.0,3,7,800,1,2,1,8,6,1,7,2,2
1026,201600000468,1.0,1,3,1,21.0,0.0,0.0,0.0,1993.0,A01,0.0,33,0,13.0,0.0,1.0,1.0,5,15,1230,1,1,1,1,7,2,33,1,1
1027,201600000469,1.0,1,4,1,11.0,0.0,0.0,0.0,1964.0,B02,0.0,7,0,0.0,2.0,3.0,1.0,6,28,1745,1,1,1,1,3,3,33,2,1
1028,201600000469,1.0,1,3,1,21.0,0.0,0.0,0.0,1992.0,A01,0.0,33,0,0.0,2.0,7.0,15.0,6,28,1745,1,1,1,1,3,3,7,1,2
1029,201600000470,1.0,1,2,1,21.0,0.0,0.0,0.0,1981.0,A01,1.0,33,0,0.0,2.0,1.0,1.0,9,1,900,1,1,1,1,1,1,21,1,0
1030,201600000470,1.0,1,1,1,13.0,0.0,0.0,0.0,1964.0,B02,2.0,21,0,0.0,2.0,6.0,1.0,9,1,900,1,1,1,1,1,1,33,0,1
1031,201600000471,1.0,1,3,1,11.0,0.0,0.0,0.0,1959.0,A01,0.0,10,0,1.0,0.0,1.0,1.0,5,5,2345,5,2,1,1,6,5,10,2,2
1032,201600000472,2.0,2,3,1,11.0,0.0,0.0,0.0,1992.0,A01,0.0,7,0,0.0,0.0,1.0,1.0,7,4,2215,3,1,1,1,7,5,7,2,2
1033,201600000472,1.0,1,3,1,11.0,0.0,0.0,0.0,1990.0,A01,0.0,7,0,0.0,0.0,1.0,1.0,7,4,2215,3,1,1,1,7,5,7,2,2
1034,201600000473,1.0,1,2,1,21.0,0.0,0.0,0.0,1978.0,A01,0.0,31,0,6.0,0.0,7.0,0.0,9,4,15,5,2,1,1,6,0,31,1,1
1035,201600000474,2.0,2,1,2,11.0,0.0,0.0,0.0,1983.0,B02,0.0,10,0,0.0,0.0,0.0,0.0,4,25,715,1,1,1,1,2,1,7,2,2
1036,201600000474,1.0,1,3,1,11.0,0.0,0.0,0.0,1976.0,B02,0.0,10,0,0.0,0.0,0.0,0.0,4,25,715,1,1,1,1,2,1,7,2,2
1037,201600000474,1.0,1,1,1,11.0,0.0,0.0,0.0,1988.0,A01,0.0,7,0,0.0,0.0,0.0,0.0,4,25,715,1,1,1,1,2,1,10,2,2
1038,201600000475,1.0,1,3,1,11.0,0.0,0.0,0.0,1987.0,B02,1.0,10,0,0.0,2.0,3.0,1.0,2,27,30,3,1,9,1,1,0,7,2,2
1039,201600000475,1.0,1,3,2,11.0,0.0,0.0,0.0,1991.0,A01,0.0,7,0,0.0,2.0,3.0,13.0,2,27,30,3,1,9,1,1,0,10,2,2
1040,201600000476,1.0,1,3,1,21.0,0.0,0.0,0.0,1991.0,B02,0.0,33,0,0.0,0.0,1.0,17.0,6,21,845,1,2,1,3,2,1,7,1,2
1041,201600000476,1.0,1,1,2,11.0,0.0,0.0,0.0,1961.0,A01,0.0,7,0,0.0,0.0,6.0,19.0,6,21,845,1,2,1,3,2,1,33,2,1
1042,201600000477,1.0,1,1,1,11.0,0.0,0.0,0.0,1960.0,A01,0.0,7,0,0.0,0.0,0.0,0.0,1,14,1800,3,1,1,2,1,4,14,2,3
1043,201600000477,1.0,1,4,1,11.0,0.0,0.0,0.0,1961.0,B02,0.0,14,0,0.0,0.0,0.0,0.0,1,14,1800,3,1,1,2,1,4,7,3,2
1044,201600000478,1.0,1,1,2,11.0,0.0,0.0,0.0,1974.0,A01,0.0,7,0,0.0,0.0,0.0,0.0,1,27,1015,1,1,9,8,3,1,7,2,2
1045,201600000478,1.0,1,3,2,11.0,0.0,0.0,0.0,1934.0,B02,0.0,7,0,0.0,0.0,0.0,0.0,1,27,1015,1,1,9,8,3,1,7,2,2
1046,201600000479,1.0,1,1,1,11.0,0.0,0.0,0.0,1954.0,A01,2.0,7,0,0.0,0.0,8.0,1.0,2,6,1000,1,1,9,1,3,1,2,2,1
1047,201600000479,1.0,1,4,2,21.0,0.0,0.0,0.0,1958.0,B02,0.0,2,0,0.0,2.0,1.0,19.0,2,6,1000,1,1,9,1,3,1,7,1,2
1048,201600000480,1.0,1,3,2,22.0,0.0,0.0,0.0,2005.0,B02,0.0,1,0,0.0,2.0,4.0,1.0,6,16,1545,1,2,1,1,2,3,7,1,2
1049,201600000480,1.0,1,1,2,11.0,0.0,0.0,0.0,1945.0,A01,0.0,7,0,0.0,9.0,1.0,1.0,6,16,1545,1,2,1,1,2,3,1,2,1
1050,201600000481,1.0,1,1,1,13.0,0.0,0.0,0.0,1982.0,A01,1.0,7,0,0.0,2.0,2.0,15.0,8,26,545,3,1,1,1,3,0,31,2,1
1051,201600000481,1.0,1,3,1,21.0,0.0,0.0,0.0,1987.0,B02,2.0,31,0,0.0,2.0,1.0,1.0,8,26,545,3,1,1,1,3,0,7,1,2
1052,201600000482,1.0,1,3,1,13.0,0.0,0.0,0.0,1994.0,A01,2.0,7,0,16.0,0.0,9.0,1.0,10,12,2230,3,1,1,1,7,5,7,2,2
1053,201600000483,1.0,1,3,2,11.0,0.0,0.0,0.0,1965.0,A01,0.0,7,0,0.0,2.0,3.0,10.0,11,16,800,2,2,1,8,3,1,7,2,2
1054,201600000483,2.0,2,1,1,11.0,0.0,0.0,0.0,1999.0,A01,0.0,7,0,0.0,2.0,3.0,10.0,11,16,800,2,2,1,8,3,1,7,2,2
1055,201600000483,1.0,1,1,2,11.0,0.0,0.0,0.0,1953.0,B02,0.0,7,0,0.0,2.0,2.0,1.0,11,16,800,2,2,1,8,3,1,7,2,2
1056,201600000484,1.0,1,3,1,23.0,0.0,0.0,0.0,1942.0,B02,2.0,34,0,0.0,2.0,8.0,0.0,11,16,1445,1,1,1,1,1,3,7,1,2
1057,201600000484,1.0,1,1,2,13.0,0.0,0.0,0.0,1994.0,A01,2.0,7,0,0.0,2.0,1.0,19.0,11,16,1445,1,1,1,1,1,3,34,2,1
1058,201600000485,1.0,1,1,1,11.0,0.0,0.0,0.0,1973.0,A01,0.0,7,0,0.0,1.0,3.0,10.0,11,24,1515,2,2,1,1,6,3,7,2,2
1059,201600000485,0.0,3,3,2,0.0,5.0,2.0,1.0,1996.0,A01,0.0,7,0,0.0,1.0,3.0,10.0,11,24,1515,2,2,1,1,6,3,7,2,2
1060,201600000486,1.0,1,3,1,11.0,0.0,0.0,0.0,1970.0,A01,0.0,7,0,0.0,0.0,0.0,0.0,12,1,1745,3,1,1,9,7,3,7,2,2
1061,201600000487,1.0,1,3,2,13.0,0.0,0.0,0.0,1959.0,A01,2.0,7,0,8.0,0.0,1.0,1.0,12,13,1545,1,1,1,1,6,3,7,2,2
1062,201600000487,2.0,2,1,1,13.0,0.0,0.0,0.0,1953.0,A01,2.0,7,0,8.0,0.0,1.0,1.0,12,13,1545,1,1,1,1,6,3,7,2,2
1063,201600000488,1.0,1,1,2,11.0,0.0,0.0,0.0,1993.0,A01,0.0,7,0,0.0,2.0,2.0,17.0,2,6,2000,3,1,1,6,5,4,30,2,1
1064,201600000488,1.0,1,2,1,21.0,0.0,0.0,0.0,1978.0,B02,0.0,30,0,0.0,2.0,1.0,1.0,2,6,2000,3,1,1,6,5,4,7,1,2
1065,201600000488,1.0,1,1,1,11.0,0.0,0.0,0.0,1976.0,C03,0.0,7,0,14.0,0.0,0.0,1.0,2,6,2000,3,1,1,6,5,4,30,2,1
1066,201600000489,1.0,1,2,1,22.0,0.0,0.0,0.0,1981.0,A01,2.0,33,0,12.0,0.0,8.0,1.0,2,27,1415,1,2,1,1,7,3,33,1,1
1067,201600000490,1.0,1,3,1,22.0,0.0,0.0,0.0,1984.0,A01,0.0,33,0,0.0,0.0,7.0,1.0,5,27,1745,1,2,1,1,7,3,33,1,1
1068,201600000491,1.0,1,3,2,11.0,0.0,0.0,0.0,1995.0,A01,0.0,7,0,0.0,2.0,2.0,1.0,11,8,2000,3,1,1,1,1,4,7,2,2
1069,201600000491,1.0,1,3,2,11.0,0.0,0.0,0.0,1986.0,B02,0.0,7,0,0.0,2.0,1.0,1.0,11,8,2000,3,1,1,1,1,4,7,2,2
1070,201600000492,1.0,1,3,1,11.0,0.0,0.0,0.0,1986.0,A01,2.0,7,0,0.0,2.0,1.0,21.0,3,3,1600,1,1,1,1,1,3,7,2,2
1071,201600000492,1.0,1,3,2,11.0,0.0,0.0,0.0,1974.0,B02,1.0,7,0,0.0,2.0,1.0,1.0,3,3,1600,1,1,1,1,1,3,7,2,2
1072,201600000493,1.0,1,1,1,11.0,0.0,0.0,0.0,1946.0,A01,0.0,7,0,0.0,2.0,2.0,2.0,7,23,1015,1,1,1,1,2,1,33,2,1
1073,201600000493,1.0,1,2,1,21.0,0.0,0.0,0.0,1959.0,B02,0.0,33,0,0.0,2.0,6.0,2.0,7,23,1015,1,1,1,1,2,1,7,1,2
1074,201600000494,1.0,1,3,2,13.0,0.0,0.0,0.0,1990.0,A01,0.0,14,0,0.0,2.0,3.0,0.0,10,13,1930,5,2,1,2,3,4,7,3,2
1075,201600000494,1.0,1,4,2,13.0,0.0,0.0,0.0,1974.0,B02,0.0,7,0,0.0,2.0,2.0,1.0,10,13,1930,5,2,1,2,3,4,14,2,3
1076,201600000495,1.0,1,1,2,11.0,0.0,0.0,0.0,1996.0,A01,1.0,7,0,0.0,0.0,5.0,13.0,11,30,1730,2,1,1,1,4,3,7,2,2
1077,201600000495,1.0,1,3,1,11.0,0.0,0.0,0.0,1996.0,B02,1.0,7,0,14.0,0.0,4.0,23.0,11,30,1730,2,1,1,1,4,3,7,2,2
1078,201600000495,1.0,1,3,2,11.0,0.0,0.0,0.0,1970.0,C03,1.0,7,0,14.0,0.0,1.0,1.0,11,30,1730,2,1,1,1,4,3,7,2,2
1079,201600000496,1.0,1,4,1,11.0,0.0,0.0,0.0,1981.0,A01,0.0,7,0,0.0,0.0,1.0,0.0,1,15,1230,1,1,1,1,4,2,7,2,2
1080,201600000496,1.0,1,1,1,11.0,0.0,0.0,0.0,1996.0,B02,0.0,7,0,0.0,0.0,2.0,15.0,1,15,1230,1,1,1,1,4,2,7,2,2
1081,201600000496,1.0,1,1,1,11.0,0.0,0.0,0.0,1975.0,C03,0.0,7,0,0.0,0.0,3.0,23.0,1,15,1230,1,1,1,1,4,2,7,2,2
1082,201600000497,1.0,1,1,1,11.0,0.0,0.0,0.0,1984.0,B02,1.0,7,0,0.0,1.0,1.0,1.0,1,16,1900,3,1,1,1,1,4,7,2,2
1083,201600000497,1.0,1,1,1,11.0,0.0,0.0,0.0,1995.0,A01,2.0,7,0,0.0,1.0,8.0,1.0,1,16,1900,3,1,1,1,1,4,7,2,2
1084,201600000497,0.0,3,2,2,42.0,4.0,3.0,2.0,1957.0,A01,2.0,7,0,0.0,1.0,8.0,1.0,1,16,1900,3,1,1,1,1,4,7,2,2
1085,201600000498,3.0,2,2,1,0.0,0.0,0.0,0.0,2003.0,A01,1.0,7,0,0.0,2.0,0.0,0.0,3,1,815,1,1,1,1,6,1,7,2,2
1086,201600000498,2.0,2,3,1,11.0,0.0,0.0,0.0,2007.0,A01,1.0,7,0,0.0,2.0,0.0,0.0,3,1,815,1,1,1,1,6,1,7,2,2
1087,201600000498,1.0,1,3,2,11.0,0.0,0.0,0.0,1974.0,A01,1.0,7,0,0.0,2.0,0.0,0.0,3,1,815,1,1,1,1,6,1,7,2,2
1088,201600000498,1.0,1,1,1,11.0,0.0,0.0,0.0,1985.0,B02,0.0,7,0,0.0,0.0,0.0,0.0,3,1,815,1,1,1,1,6,1,7,2,2