,Num_Acc,place,catu,grav,sexe,secu,locp,actp,etatp,an_nais,num_veh,senc,catv,occutc,obs,obsm,choc,manv,mois,jour,hrmn,lum,agg,int,atm,col,mom,catvopp,catv_gen,catvopp_gen
1089,201600000499,1.0,1,1,1,11.0,0.0,0.0,0.0,1995.0,A01,1.0,7,0,0.0,2.0,5.0,1.0,3,4,1830,2,1,2,2,5,4,7,2,2
1090,201600000499,2.0,2,1,2,11.0,0.0,0.0,0.0,1958.0,A01,1.0,7,0,0.0,2.0,5.0,1.0,3,4,1830,2,1,2,2,5,4,7,2,2
1091,201600000499,4.0,2,3,2,11.0,0.0,0.0,0.0,1995.0,A01,1.0,7,0,0.0,2.0,5.0,1.0,3,4,1830,2,1,2,2,5,4,7,2,2
1092,201600000499,5.0,2,4,2,11.0,0.0,0.0,0.0,1997.0,A01,1.0,7,0,0.0,2.0,5.0,1.0,3,4,1830,2,1,2,2,5,4,7,2,2
1093,201600000499,1.0,1,1,1,11.0,0.0,0.0,0.0,1989.0,B02,1.0,7,0,0.0,2.0,1.0,0.0,3,4,1830,2,1,2,2,5,4,7,2,2
1094,201600000499,1.0,1,1,1,11.0,0.0,0.0,0.0,1950.0,C03,0.0,7,0,0.0,2.0,1.0,0.0,3,4,1830,2,1,2,2,5,4,7,2,2
1095,201600000500,1.0,1,1,1,11.0,0.0,0.0,0.0,1988.0,B02,1.0,7,0,0.0,2.0,7.0,1.0,5,18,1215,1,1,1,1,3,2,33,2,1
1096,201600000500,1.0,1,4,1,21.0,0.0,0.0,0.0,1980.0,A01,1.0,33,0,0.0,2.0,1.0,9.0,5,18,1215,1,1,1,1,3,2,7,1,2
1097,201600000501,1.0,1,3,1,23.0,0.0,0.0,0.0,1986.0,A01,0.0,30,0,15.0,0.0,0.0,1.0,6,3,1915,2,2,1,1,7,4,30,1,1
1098,201600000502,1.0,1,1,2,11.0,0.0,0.0,0.0,1995.0,A01,1.0,7,0,2.0,0.0,1.0,21.0,6,11,2100,2,1,1,3,6,4,7,2,2
1099,201600000502,4.0,2,3,2,11.0,0.0,0.0,0.0,2013.0,A01,1.0,7,0,2.0,0.0,1.0,21.0,6,11,2100,2,1,1,3,6,4,7,2,2
1100,201600000503,1.0,1,1,2,11.0,0.0,0.0,0.0,1942.0,A01,1.0,7,0,0.0,2.0,2.0,15.0,6,22,1000,1,2,1,1,1,1,7,2,2
1101,201600000503,1.0,1,3,1,11.0,0.0,0.0,0.0,1927.0,B02,2.0,7,0,0.0,2.0,1.0,1.0,6,22,1000,1,2,1,1,1,1,7,2,2
1102,201600000504,1.0,1,3,1,21.0,0.0,0.0,0.0,1982.0,A01,2.0,31,0,12.0,0.0,3.0,1.0,6,28,2030,1,2,1,1,6,4,31,1,1
1103,201600000505,2.0,2,4,2,11.0,0.0,0.0,0.0,1983.0,B02,1.0,7,0,0.0,2.0,3.0,21.0,7,1,1630,1,1,1,1,1,3,7,2,2
1104,201600000505,1.0,1,3,1,11.0,0.0,0.0,0.0,1962.0,B02,1.0,7,0,0.0,2.0,3.0,21.0,7,1,1630,1,1,1,1,1,3,7,2,2
1105,201600000505,2.0,2,1,1,11.0,0.0,0.0,0.0,1991.0,A01,2.0,7,0,0.0,2.0,1.0,13.0,7,1,1630,1,1,1,1,1,3,7,2,2
1106,201600000505,1.0,1,4,1,11.0,0.0,0.0,0.0,1992.0,A01,2.0,7,0,0.0,2.0,1.0,13.0,7,1,1630,1,1,1,1,1,3,7,2,2
1107,201600000506,1.0,1,4,1,11.0,0.0,0.0,0.0,1968.0,B02,1.0,7,0,0.0,2.0,1.0,1.0,11,10,1730,3,1,1,2,1,3,7,2,2
1108,201600000506,1.0,1,3,2,11.0,0.0,0.0,0.0,1990.0,A01,2.0,7,0,0.0,2.0,1.0,1.0,11,10,1730,3,1,1,2,1,3,7,2,2
1109,201600000507,1.0,1,1,1,11.0,0.0,0.0,0.0,1997.0,A01,0.0,7,0,2.0,0.0,8.0,1.0,1,9,1715,2,1,1,1,7,3,7,2,2
1110,201600000507,2.0,2,3,2,11.0,0.0,0.0,0.0,1997.0,A01,0.0,7,0,2.0,0.0,8.0,1.0,1,9,1715,2,1,1,1,7,3,7,2,2
1111,201600000508,1.0,1,4,2,11.0,0.0,0.0,0.0,1977.0,B02,2.0,7,0,0.0,2.0,1.0,21.0,1,11,1415,1,1,1,1,3,3,7,2,2
1112,201600000508,1.0,1,3,2,11.0,0.0,0.0,0.0,1991.0,A01,1.0,7,0,0.0,2.0,7.0,0.0,1,11,1415,1,1,1,1,3,3,7,2,2
1113,201600000509,1.0,1,3,1,21.0,0.0,0.0,0.0,1997.0,B02,0.0,1,0,0.0,2.0,2.0,21.0,1,28,1500,2,1,1,1,1,3,7,1,2
1114,201600000509,1.0,1,1,1,11.0,0.0,0.0,0.0,1991.0,A01,0.0,7,0,0.0,9.0,3.0,15.0,1,28,1500,2,1,1,1,1,3,1,2,1
1115,201600000510,1.0,1,3,1,11.0,0.0,0.0,0.0,1986.0,A01,1.0,7,0,6.0,0.0,1.0,1.0,4,12,915,1,1,1,1,6,1,7,2,2
1116,201600000511,1.0,1,2,1,13.0,0.0,0.0,0.0,1990.0,A01,1.0,7,0,2.0,0.0,7.0,1.0,8,9,1300,1,1,1,1,6,2,7,2,2
1117,201600000512,1.0,1,2,1,11.0,0.0,0.0,0.0,1994.0,A01,0.0,7,0,0.0,2.0,7.0,13.0,9,5,1100,1,1,1,8,3,1,10,2,2
1118,201600000512,1.0,1,1,1,11.0,0.0,0.0,0.0,1966.0,B02,0.0,10,0,0.0,2.0,1.0,1.0,9,5,1100,1,1,1,8,3,1,7,2,2
1119,201600000512,2.0,2,4,1,11.0,0.0,0.0,0.0,1960.0,B02,0.0,10,0,0.0,2.0,1.0,1.0,9,5,1100,1,1,1,8,3,1,7,2,2
1120,201600000513,5.0,2,1,2,11.0,0.0,0.0,0.0,1998.0,B02,0.0,7,0,0.0,2.0,2.0,1.0,9,5,815,1,1,1,8,1,1,7,2,2
1121,201600000513,2.0,2,4,2,11.0,0.0,0.0,0.0,1960.0,B02,0.0,7,0,0.0,2.0,2.0,1.0,9,5,815,1,1,1,8,1,1,7,2,2
1122,201600000513,1.0,1,1,1,11.0,0.0,0.0,0.0,1963.0,B02,0.0,7,0,0.0,2.0,2.0,1.0,9,5,815,1,1,1,8,1,1,7,2,2
1123,201600000513,1.0,1,4,2,11.0,0.0,0.0,0.0,1984.0,A01,0.0,7,0,0.0,2.0,3.0,19.0,9,5,815,1,1,1,8,1,1,7,2,2
1124,201600000514,1.0,1,2,1,11.0,0.0,0.0,0.0,1964.0,A01,0.0,7,0,2.0,0.0,8.0,16.0,9,10,1800,1,1,1,1,6,4,7,2,2
1125,201600000515,1.0,1,3,2,11.0,0.0,0.0,0.0,1987.0,B02,0.0,7,0,0.0,0.0,3.0,1.0,9,25,145,3,1,1,1,3,0,7,2,2
1126,201600000515,2.0,2,3,1,11.0,0.0,0.0,0.0,1996.0,B02,0.0,7,0,0.0,0.0,3.0,1.0,9,25,145,3,1,1,1,3,0,7,2,2
1127,201600000515,1.0,1,3,1,13.0,0.0,0.0,0.0,1989.0,A01,0.0,7,0,0.0,0.0,2.0,1.0,9,25,145,3,1,1,1,3,0,7,2,2
1128,201600000516,1.0,1,1,1,11.0,0.0,0.0,0.0,1976.0,B02,0.0,10,0,0.0,2.0,1.0,1.0,11,14,1800,3,1,9,1,1,4,7,2,2
1129,201600000516,2.0,2,1,1,11.0,0.0,0.0,0.0,1995.0,B02,0.0,10,0,0.0,2.0,1.0,1.0,11,14,1800,3,1,9,1,1,4,7,2,2
1130,201600000516,1.0,1,4,1,11.0,0.0,0.0,0.0,1938.0,A01,0.0,7,0,0.0,2.0,2.0,15.0,11,14,1800,3,1,9,1,1,4,10,2,2
1131,201600000516,2.0,2,3,1,11.0,0.0,0.0,0.0,1954.0,A01,0.0,7,0,0.0,2.0,2.0,15.0,11,14,1800,3,1,9,1,1,4,10,2,2
1132,201600000517,1.0,1,1,1,11.0,0.0,0.0,0.0,1960.0,B02,2.0,15,0,0.0,2.0,3.0,1.0,11,21,645,2,1,1,1,1,1,7,3,2
1133,201600000517,1.0,1,2,1,11.0,0.0,0.0,0.0,1982.0,A01,1.0,7,0,0.0,2.0,1.0,17.0,11,21,645,2,1,1,1,1,1,15,2,3
1134,201600000518,1.0,1,2,2,11.0,0.0,0.0,0.0,1976.0,A01,0.0,7,0,0.0,2.0,8.0,15.0,11,25,1915,3,1,1,1,1,4,7,2,2
1135,201600000518,1.0,1,1,1,11.0,0.0,0.0,0.0,1967.0,B02,0.0,7,0,0.0,2.0,1.0,1.0,11,25,1915,3,1,1,1,1,4,7,2,2
1136,201600000519,1.0,1,3,1,11.0,0.0,0.0,0.0,1985.0,A01,1.0,7,0,1.0,0.0,2.0,0.0,2,13,1400,2,1,1,2,2,3,10,2,2
1137,201600000519,1.0,1,1,1,11.0,0.0,0.0,0.0,1952.0,B02,0.0,10,0,0.0,0.0,4.0,0.0,2,13,1400,2,1,1,2,2,3,7,2,2
1138,201600000520,1.0,1,3,2,12.0,0.0,0.0,0.0,1995.0,A01,0.0,7,0,6.0,0.0,1.0,0.0,4,4,115,3,2,1,2,6,0,7,2,2
1139,201600000521,1.0,1,3,1,12.0,0.0,0.0,0.0,1972.0,A01,2.0,7,0,13.0,0.0,1.0,1.0,5,8,345,3,1,1,1,7,0,7,2,2
1140,201600000522,1.0,1,3,1,11.0,0.0,0.0,0.0,1980.0,A01,1.0,7,0,13.0,0.0,1.0,1.0,5,10,1415,1,1,1,2,7,3,7,2,2
1141,201600000523,1.0,1,3,2,11.0,0.0,0.0,0.0,1929.0,B02,0.0,7,0,0.0,0.0,8.0,0.0,5,28,1430,1,1,1,1,3,3,7,2,2
1142,201600000523,1.0,1,1,1,11.0,0.0,0.0,0.0,1984.0,A01,0.0,7,0,0.0,0.0,2.0,11.0,5,28,1430,1,1,1,1,3,3,7,2,2
1143,201600000524,1.0,1,2,1,11.0,0.0,0.0,0.0,1983.0,A01,0.0,7,0,2.0,0.0,3.0,21.0,6,6,600,2,1,1,5,6,1,7,2,2
1144,201600000525,1.0,1,2,1,12.0,0.0,0.0,0.0,1991.0,A01,1.0,7,0,2.0,0.0,1.0,17.0,9,20,2145,5,2,1,1,6,4,7,2,2
1145,201600000525,2.0,2,3,1,12.0,0.0,0.0,0.0,1994.0,A01,1.0,7,0,2.0,0.0,1.0,17.0,9,20,2145,5,2,1,1,6,4,7,2,2
1146,201600000525,5.0,2,3,1,12.0,0.0,0.0,0.0,1985.0,A01,1.0,7,0,2.0,0.0,1.0,17.0,9,20,2145,5,2,1,1,6,4,7,2,2
1147,201600000526,1.0,1,1,1,11.0,0.0,0.0,0.0,1969.0,A01,1.0,7,0,0.0,2.0,2.0,17.0,3,8,700,1,1,1,1,2,1,1,2,1
1148,201600000526,1.0,1,3,1,21.0,0.0,0.0,0.0,1955.0,B02,1.0,1,0,0.0,2.0,4.0,1.0,3,8,700,1,1,1,1,2,1,7,1,2
1149,201600000527,1.0,1,1,1,13.0,0.0,0.0,0.0,1993.0,C03,2.0,7,0,13.0,0.0,0.0,1.0,3,21,700,1,1,1,1,5,1,7,2,2
1150,201600000527,1.0,1,4,1,13.0,0.0,0.0,0.0,1962.0,B02,2.0,7,0,0.0,2.0,1.0,1.0,3,21,700,1,1,1,1,5,1,7,2,2
1151,201600000527,1.0,1,4,2,13.0,0.0,0.0,0.0,1984.0,A01,1.0,7,0,0.0,2.0,1.0,13.0,3,21,700,1,1,1,1,5,1,7,2,2
1152,201600000528,1.0,1,3,1,21.0,0.0,0.0,0.0,1963.0,A01,1.0,33,0,0.0,0.0,8.0,1.0,4,10,1230,1,2,1,1,7,2,33,1,1
1153,201600000529,1.0,1,3,1,11.0,0.0,0.0,0.0,1993.0,A01,0.0,7,0,2.0,0.0,1.0,1.0,5,15,2345,3,2,1,1,6,5,7,2,2
1154,201600000530,1.0,1,3,1,21.0,0.0,0.0,0.0,1952.0,A01,0.0,33,0,0.0,2.0,1.0,13.0,6,17,1300,1,1,1,1,3,2,7,1,2
1155,201600000530,1.0,1,1,2,11.0,0.0,0.0,0.0,1997.0,B02,0.0,7,0,0.0,2.0,3.0,1.0,6,17,1300,1,1,1,1,3,2,33,2,1
1156,201600000531,1.0,1,4,1,13.0,0.0,0.0,0.0,1989.0,B02,1.0,7,0,0.0,2.0,1.0,0.0,6,30,1600,1,1,1,1,1,3,7,2,2
1157,201600000531,1.0,1,4,1,13.0,0.0,0.0,0.0,1993.0,A01,2.0,7,0,0.0,2.0,1.0,0.0,6,30,1600,1,1,1,1,1,3,7,2,2
1158,201600000532,1.0,1,3,1,11.0,0.0,0.0,0.0,1991.0,A01,2.0,7,0,0.0,0.0,9.0,1.0,9,27,1930,2,1,1,1,7,4,7,2,2
1159,201600000532,2.0,2,3,2,11.0,0.0,0.0,0.0,1999.0,A01,2.0,7,0,0.0,0.0,9.0,1.0,9,27,1930,2,1,1,1,7,4,7,2,2
1160,201600000533,1.0,1,1,1,11.0,0.0,0.0,0.0,1948.0,A01,2.0,7,0,0.0,1.0,3.0,1.0,10,8,1650,1,2,1,1,6,3,7,2,2
1161,201600000533,0.0,3,3,2,92.0,3.0,3.0,1.0,2002.0,A01,2.0,7,0,0.0,1.0,3.0,1.0,10,8,1650,1,2,1,1,6,3,7,2,2
1162,201600000534,1.0,1,1,1,11.0,0.0,0.0,0.0,1938.0,A01,2.0,7,0,0.0,1.0,2.0,1.0,12,27,1830,5,2,1,1,6,4,7,2,2
1163,201600000534,0.0,3,4,1,93.0,3.0,3.0,2.0,2000.0,A01,2.0,7,0,0.0,1.0,2.0,1.0,12,27,1830,5,2,1,1,6,4,7,2,2
1164,201600000535,1.0,1,2,1,11.0,0.0,0.0,0.0,1977.0,A01,1.0,7,0,0.0,2.0,1.0,5.0,1,16,1830,3,1,1,8,1,4,15,2,3
1165,201600000535,1.0,1,1,1,11.0,0.0,0.0,0.0,1966.0,B02,2.0,15,0,0.0,2.0,2.0,1.0,1,16,1830,3,1,1,8,1,4,7,3,2
1166,201600000536,4.0,2,1,2,11.0,0.0,0.0,0.0,1948.0,A01,2.0,7,0,0.0,1.0,2.0,1.0,2,5,1900,3,1,1,1,6,4,7,2,2
1167,201600000536,3.0,2,1,2,11.0,0.0,0.0,0.0,1963.0,A01,2.0,7,0,0.0,1.0,2.0,1.0,2,5,1900,3,1,1,1,6,4,7,2,2
1168,201600000536,0.0,3,3,2,0.0,1.0,9.0,1.0,1965.0,A01,2.0,7,0,0.0,1.0,2.0,1.0,2,5,1900,3,1,1,1,6,4,7,2,2
1169,201600000536,1.0,1,1,1,11.0,0.0,0.0,0.0,1950.0,A01,2.0,7,0,0.0,1.0,2.0,1.0,2,5,1900,3,1,1,1,6,4,7,2,2
1170,201600000536,2.0,2,1,1,11.0,0.0,0.0,0.0,1944.0,A01,2.0,7,0,0.0,1.0,2.0,1.0,2,5,1900,3,1,1,1,6,4,7,2,2
1171,201600000537,1.0,1,2,1,11.0,0.0,0.0,0.0,1927.0,A01,0.0,7,0,0.0,2.0,3.0,1.0,2,12,1030,1,1,1,2,3,1,7,2,2
1172,201600000537,1.0,1,1,2,11.0,0.0,0.0,0.0,1983.0,B02,0.0,7,0,0.0,2.0,3.0,1.0,2,12,1030,1,1,1,2,3,1,7,2,2
1173,201600000538,1.0,1,4,1,11.0,0.0,0.0,0.0,1949.0,B02,0.0,7,0,0.0,2.0,2.0,21.0,2,21,1000,1,1,1,1,1,1,7,2,2
1174,201600000538,2.0,2,4,2,11.0,0.0,0.0,0.0,1947.0,B02,0.0,7,0,0.0,2.0,2.0,21.0,2,21,1000,1,1,1,1,1,1,7,2,2
1175,201600000538,5.0,2,4,2,11.0,0.0,0.0,0.0,1970.0,B02,0.0,7,0,0.0,2.0,2.0,21.0,2,21,1000,1,1,1,1,1,1,7,2,2
1176,201600000538,1.0,1,2,1,12.0,0.0,0.0,0.0,1990.0,A01,0.0,7,0,0.0,2.0,1.0,13.0,2,21,1000,1,1,1,1,1,1,7,2,2
1177,201600000538,2.0,2,2,1,12.0,0.0,0.0,0.0,1993.0,A01,0.0,7,0,0.0,2.0,1.0,13.0,2,21,1000,1,1,1,1,1,1,7,2,2
1178,201600000538,5.0,2,3,2,11.0,0.0,0.0,0.0,1998.0,A01,0.0,7,0,0.0,2.0,1.0,13.0,2,21,1000,1,1,1,1,1,1,7,2,2
1179,201600000539,1.0,1,4,1,11.0,0.0,0.0,0.0,1997.0,A01,2.0,7,0,0.0,2.0,2.0,1.0,3,13,1000,1,1,3,1,1,1,7,2,2
1180,201600000539,2.0,2,4,1,11.0,0.0,0.0,0.0,1998.0,A01,2.0,7,0,0.0,2.0,2.0,1.0,3,13,1000,1,1,3,1,1,1,7,2,2
1181,201600000539,1.0,1,4,2,11.0,0.0,0.0,0.0,1950.0,B02,2.0,7,0,0.0,2.0,2.0,13.0,3,13,1000,1,1,3,1,1,1,7,2,2
1182,201600000539,3.0,2,4,2,31.0,0.0,0.0,0.0,2007.0,B02,2.0,7,0,0.0,2.0,2.0,13.0,3,13,1000,1,1,3,1,1,1,7,2,2
1183,201600000539,4.0,2,4,1,31.0,0.0,0.0,0.0,2011.0,B02,2.0,7,0,0.0,2.0,2.0,13.0,3,13,1000,1,1,3,1,1,1,7,2,2
1184,201600000540,1.0,1,3,1,21.0,0.0,0.0,0.0,1963.0,B02,1.0,33,0,0.0,2.0,1.0,17.0,6,28,730,1,1,1,1,5,1,7,1,2
1185,201600000540,1.0,1,1,1,11.0,0.0,0.0,0.0,1982.0,A01,1.0,7,0,0.0,2.0,3.0,2.0,6,28,730,1,1,1,1,5,1,33,2,1
1186,201600000540,1.0,1,1,1,11.0,0.0,0.0,0.0,1946.0,C03,2.0,7,0,0.0,2.0,3.0,1.0,6,28,730,1,1,1,1,5,1,33,2,1
1187,201600000541,1.0,1,2,1,11.0,0.0,0.0,0.0,1995.0,A01,1.0,7,0,0.0,2.0,3.0,13.0,7,24,830,1,1,1,7,1,1,7,2,2
1188,201600000541,1.0,1,4,1,11.0,0.0,0.0,0.0,1976.0,B02,2.0,7,0,0.0,2.0,3.0,1.0,7,24,830,1,1,1,7,1,1,7,2,2
1189,201600000541,2.0,2,4,2,11.0,0.0,0.0,0.0,1978.0,B02,2.0,7,0,0.0,2.0,3.0,1.0,7,24,830,1,1,1,7,1,1,7,2,2
1190,201600000541,3.0,2,4,2,11.0,0.0,0.0,0.0,2005.0,B02,2.0,7,0,0.0,2.0,3.0,1.0,7,24,830,1,1,1,7,1,1,7,2,2
1191,201600000541,4.0,2,4,2,11.0,0.0,0.0,0.0,2005.0,B02,2.0,7,0,0.0,2.0,3.0,1.0,7,24,830,1,1,1,7,1,1,7,2,2
1192,201600000542,1.0,1,1,1,11.0,0.0,0.0,0.0,1948.0,D04,2.0,17,0,0.0,2.0,3.0,1.0,9,5,1530,1,1,1,2,5,3,7,3,2
1193,201600000542,1.0,1,2,1,11.0,0.0,0.0,0.0,1990.0,A01,1.0,7,0,0.0,2.0,3.0,13.0,9,5,1530,1,1,1,2,5,3,17,2,3
1194,201600000542,4.0,2,2,1,11.0,0.0,0.0,0.0,2014.0,A01,1.0,7,0,0.0,2.0,3.0,13.0,9,5,1530,1,1,1,2,5,3,17,2,3
1195,201600000542,1.0,1,4,1,11.0,0.0,0.0,0.0,1981.0,C03,2.0,7,0,0.0,2.0,1.0,17.0,9,5,1530,1,1,1,2,5,3,17,2,3
1196,201600000542,1.0,1,1,2,11.0,0.0,0.0,0.0,1992.0,B02,1.0,7,0,0.0,2.0,1.0,2.0,9,5,1530,1,1,1,2,5,3,17,2,3
1197,201600000542,2.0,2,1,2,11.0,0.0,0.0,0.0,1991.0,B02,1.0,7,0,0.0,2.0,1.0,2.0,9,5,1530,1,1,1,2,5,3,17,2,3
1198,201600000543,1.0,1,4,2,11.0,0.0,0.0,0.0,1995.0,C03,1.0,10,0,0.0,2.0,5.0,2.0,2,10,1645,1,1,1,8,4,3,10,2,2
1199,201600000543,1.0,1,4,2,11.0,0.0,0.0,0.0,1994.0,B02,1.0,10,0,0.0,2.0,4.0,2.0,2,10,1645,1,1,1,8,4,3,10,2,2
1200,201600000543,1.0,1,1,1,11.0,0.0,0.0,0.0,1963.0,A01,1.0,10,0,0.0,2.0,1.0,2.0,2,10,1645,1,1,1,8,4,3,10,2,2
1201,201600000543,1.0,1,1,1,11.0,0.0,0.0,0.0,1989.0,D04,1.0,10,0,0.0,2.0,4.0,2.0,2,10,1645,1,1,1,8,4,3,10,2,2
1202,201600000544,0.0,3,3,2,0.0,4.0,3.0,2.0,2007.0,A01,0.0,7,0,0.0,1.0,3.0,1.0,3,3,845,1,2,1,2,6,1,7,2,2
1203,201600000544,1.0,1,1,2,11.0,0.0,0.0,0.0,1998.0,A01,0.0,7,0,0.0,1.0,3.0,1.0,3,3,845,1,2,1,2,6,1,7,2,2
1204,201600000545,1.0,1,3,1,11.0,0.0,0.0,0.0,1995.0,A01,0.0,10,0,2.0,0.0,7.0,0.0,3,27,730,1,1,1,1,6,1,10,2,2
1205,201600000545,2.0,2,3,1,11.0,0.0,0.0,0.0,1995.0,A01,0.0,10,0,2.0,0.0,7.0,0.0,3,27,730,1,1,1,1,6,1,10,2,2
1206,201600000546,1.0,1,3,1,21.0,0.0,0.0,0.0,1993.0,A01,0.0,2,0,0.0,0.0,0.0,0.0,4,6,1600,1,2,1,1,6,3,2,1,1
1207,201600000547,1.0,1,1,2,11.0,0.0,0.0,0.0,1985.0,B02,0.0,7,0,0.0,0.0,0.0,15.0,6,6,1700,1,2,1,1,1,3,31,2,1
1208,201600000547,1.0,1,3,1,21.0,0.0,0.0,0.0,1994.0,A01,0.0,31,0,0.0,2.0,7.0,17.0,6,6,1700,1,2,1,1,1,3,7,1,2
1209,201600000548,1.0,1,3,1,21.0,0.0,0.0,0.0,1997.0,A01,0.0,33,0,0.0,0.0,7.0,12.0,6,18,2100,1,2,1,1,7,4,33,1,1
1210,201600000549,1.0,1,4,2,11.0,0.0,0.0,0.0,1992.0,A01,0.0,7,0,0.0,2.0,2.0,1.0,6,26,1745,1,1,1,1,3,3,7,2,2
1211,201600000549,1.0,1,4,1,11.0,0.0,0.0,0.0,1996.0,B02,0.0,7,0,0.0,2.0,3.0,9.0,6,26,1745,1,1,1,1,3,3,7,2,2
1212,201600000550,1.0,1,3,1,21.0,0.0,0.0,0.0,1981.0,A01,0.0,33,0,16.0,0.0,0.0,2.0,7,31,1900,1,1,1,1,6,4,33,1,1
1213,201600000551,1.0,1,4,2,11.0,0.0,0.0,0.0,1993.0,A01,0.0,7,0,0.0,2.0,8.0,15.0,8,3,1415,1,1,1,1,3,3,7,2,2
1214,201600000551,1.0,1,4,1,11.0,0.0,0.0,0.0,1944.0,B02,0.0,7,0,0.0,2.0,1.0,1.0,8,3,1415,1,1,1,1,3,3,7,2,2
1215,201600000552,1.0,1,4,2,11.0,0.0,0.0,0.0,1966.0,C03,1.0,7,0,0.0,0.0,0.0,0.0,9,23,1630,1,1,1,1,4,3,7,2,2
1216,201600000552,1.0,1,4,2,11.0,0.0,0.0,0.0,1971.0,B02,1.0,7,0,0.0,0.0,0.0,0.0,9,23,1630,1,1,1,1,4,3,7,2,2
1217,201600000552,1.0,1,1,1,11.0,0.0,0.0,0.0,1963.0,A01,2.0,7,0,0.0,0.0,0.0,0.0,9,23,1630,1,1,1,1,4,3,7,2,2
1218,201600000553,1.0,1,1,1,11.0,0.0,0.0,0.0,1960.0,A01,0.0,7,0,0.0,0.0,8.0,20.0,10,4,1845,1,2,1,1,3,4,33,2,1
1219,201600000553,1.0,1,3,1,21.0,0.0,0.0,0.0,1968.0,B02,0.0,33,0,0.0,2.0,2.0,17.0,10,4,1845,1,2,1,1,3,4,7,1,2
1220,201600000554,1.0,1,1,1,11.0,0.0,0.0,0.0,1991.0,B02,0.0,7,0,0.0,2.0,1.0,1.0,10,13,1630,1,2,1,1,1,3,7,2,2
1221,201600000554,1.0,1,3,1,11.0,0.0,0.0,0.0,1961.0,A01,0.0,7,0,0.0,2.0,1.0,1.0,10,13,1630,1,2,1,1,1,3,7,2,2
1222,201600000555,1.0,1,1,1,11.0,0.0,0.0,0.0,1978.0,B02,0.0,10,0,0.0,0.0,0.0,0.0,12,7,2030,3,1,1,9,1,4,7,2,2
1223,201600000555,1.0,1,2,2,11.0,0.0,0.0,0.0,1967.0,A01,0.0,7,0,0.0,0.0,0.0,0.0,12,7,2030,3,1,1,9,1,4,10,2,2
1224,201600000556,1.0,1,1,1,11.0,0.0,0.0,0.0,1955.0,B02,0.0,13,0,0.0,0.0,0.0,0.0,12,14,1445,1,2,1,1,1,3,7,3,2
1225,201600000556,2.0,2,3,2,11.0,0.0,0.0,0.0,2003.0,A01,0.0,7,0,0.0,0.0,0.0,0.0,12,14,1445,1,2,1,1,1,3,13,2,3
1226,201600000556,1.0,1,3,2,11.0,0.0,0.0,0.0,1975.0,A01,0.0,7,0,0.0,0.0,0.0,0.0,12,14,1445,1,2,1,1,1,3,13,2,3
1227,201600000557,1.0,1,4,1,21.0,0.0,0.0,0.0,1997.0,B02,0.0,1,0,0.0,2.0,1.0,1.0,12,26,1115,1,1,1,1,3,1,7,1,2
1228,201600000557,1.0,1,1,2,11.0,0.0,0.0,0.0,1973.0,A01,0.0,7,0,0.0,2.0,3.0,1.0,12,26,1115,1,1,1,1,3,1,1,2,1
1229,201600000558,1.0,1,4,1,11.0,0.0,0.0,0.0,1987.0,B02,0.0,7,0,0.0,0.0,1.0,0.0,2,19,1715,1,2,9,2,1,3,7,2,2
1230,201600000558,1.0,1,1,1,11.0,0.0,0.0,0.0,1970.0,A01,0.0,7,0,0.0,0.0,2.0,15.0,2,19,1715,1,2,9,2,1,3,7,2,2
1231,201600000559,0.0,3,3,2,0.0,0.0,0.0,0.0,1977.0,A01,0.0,7,0,0.0,1.0,0.0,0.0,2,2,1830,1,2,1,1,6,4,7,2,2
1232,201600000559,1.0,1,1,1,11.0,0.0,0.0,0.0,1966.0,A01,0.0,7,0,0.0,1.0,0.0,0.0,2,2,1830,1,2,1,1,6,4,7,2,2
1233,201600000560,2.0,2,1,2,11.0,0.0,0.0,0.0,1957.0,B02,2.0,7,0,0.0,2.0,3.0,1.0,5,5,1530,1,1,1,1,1,3,33,2,1
1234,201600000560,1.0,1,1,1,11.0,0.0,0.0,0.0,1956.0,B02,2.0,7,0,0.0,2.0,3.0,1.0,5,5,1530,1,1,1,1,1,3,33,2,1
1235,201600000560,1.0,1,2,1,21.0,0.0,0.0,0.0,1980.0,A01,1.0,33,0,0.0,2.0,1.0,13.0,5,5,1530,1,1,1,1,1,3,7,1,2
1236,201600000561,1.0,1,1,2,11.0,0.0,0.0,0.0,1986.0,A01,1.0,7,0,0.0,1.0,3.0,19.0,7,8,1530,1,2,1,1,6,3,7,2,2
1237,201600000561,0.0,3,3,1,0.0,3.0,3.0,1.0,1968.0,A01,1.0,7,0,0.0,1.0,3.0,19.0,7,8,1530,1,2,1,1,6,3,7,2,2
1238,201600000562,1.0,1,1,1,11.0,0.0,0.0,0.0,1982.0,A01,0.0,7,0,0.0,0.0,0.0,0.0,7,10,15,3,1,1,1,1,0,1,2,1
1239,201600000562,2.0,2,1,1,11.0,0.0,0.0,0.0,1974.0,A01,0.0,7,0,0.0,0.0,0.0,0.0,7,10,15,3,1,1,1,1,0,1,2,1
1240,201600000562,3.0,2,1,1,11.0,0.0,0.0,0.0,1995.0,A01,0.0,7,0,0.0,0.0,0.0,0.0,7,10,15,3,1,1,1,1,0,1,2,1
1241,201600000562,1.0,1,2,1,41.0,0.0,0.0,0.0,1963.0,B02,0.0,1,0,0.0,0.0,0.0,0.0,7,10,15,3,1,1,1,1,0,7,1,2
1242,201600000563,1.0,1,4,1,11.0,0.0,0.0,0.0,1981.0,A01,0.0,7,0,0.0,2.0,3.0,17.0,9,11,45,3,1,1,1,1,0,7,2,2
1243,201600000563,1.0,1,3,1,11.0,0.0,0.0,0.0,1971.0,B02,0.0,7,0,0.0,2.0,3.0,1.0,9,11,45,3,1,1,1,1,0,7,2,2