,Num_Acc,place,catu,grav,sexe,secu,locp,actp,etatp,an_nais,num_veh,senc,catv,occutc,obs,obsm,choc,manv,mois,jour,hrmn,lum,agg,int,atm,col,mom,catvopp,catv_gen,catvopp_gen
1244,201600000564,1.0,1,1,2,11.0,0.0,0.0,0.0,1985.0,A01,0.0,7,0,0.0,0.0,0.0,0.0,12,8,1000,1,1,1,1,3,1,7,2,2
1245,201600000564,2.0,2,1,1,31.0,0.0,0.0,0.0,2014.0,A01,0.0,7,0,0.0,0.0,0.0,0.0,12,8,1000,1,1,1,1,3,1,7,2,2
1246,201600000564,1.0,1,3,1,11.0,0.0,0.0,0.0,1978.0,B02,0.0,7,0,0.0,0.0,0.0,0.0,12,8,1000,1,1,1,1,3,1,7,2,2
1247,201600000564,2.0,2,1,2,11.0,0.0,0.0,0.0,2001.0,B02,0.0,7,0,0.0,0.0,0.0,0.0,12,8,1000,1,1,1,1,3,1,7,2,2
1248,201600000565,1.0,1,3,2,11.0,0.0,0.0,0.0,1951.0,A01,2.0,7,0,0.0,4.0,7.0,23.0,1,8,1015,1,2,8,1,3,1,39,2,3
1249,201600000565,1.0,1,1,1,91.0,0.0,0.0,0.0,1965.0,B02,1.0,39,0,0.0,2.0,1.0,1.0,1,8,1015,1,2,8,1,3,1,7,3,2
1250,201600000566,1.0,1,3,1,11.0,0.0,0.0,0.0,1986.0,A01,2.0,7,0,11.0,0.0,1.0,0.0,3,15,530,3,1,1,1,7,0,7,2,2
1251,201600000567,1.0,1,4,2,11.0,0.0,0.0,0.0,1961.0,A01,1.0,7,0,13.0,0.0,1.0,3.0,3,29,1945,1,1,9,8,2,4,7,2,2
1252,201600000567,2.0,2,3,2,11.0,0.0,0.0,0.0,1961.0,A01,1.0,7,0,13.0,0.0,1.0,3.0,3,29,1945,1,1,9,8,2,4,7,2,2
1253,201600000567,1.0,1,4,1,11.0,0.0,0.0,0.0,1954.0,B02,1.0,7,0,13.0,0.0,4.0,1.0,3,29,1945,1,1,9,8,2,4,7,2,2
1254,201600000567,2.0,2,1,1,11.0,0.0,0.0,0.0,1958.0,B02,1.0,7,0,13.0,0.0,4.0,1.0,3,29,1945,1,1,9,8,2,4,7,2,2
1255,201600000568,1.0,1,1,1,21.0,0.0,0.0,0.0,1941.0,A01,1.0,34,0,0.0,2.0,1.0,1.0,4,5,2315,3,2,2,1,3,5,7,1,2
1256,201600000568,2.0,2,3,1,21.0,0.0,0.0,0.0,1985.0,A01,1.0,34,0,0.0,2.0,1.0,1.0,4,5,2315,3,2,2,1,3,5,7,1,2
1257,201600000568,1.0,1,3,1,11.0,0.0,0.0,0.0,1988.0,B02,0.0,7,0,0.0,2.0,6.0,19.0,4,5,2315,3,2,2,1,3,5,34,2,1
1258,201600000568,2.0,2,1,1,11.0,0.0,0.0,0.0,1988.0,B02,0.0,7,0,0.0,2.0,6.0,19.0,4,5,2315,3,2,2,1,3,5,34,2,1
1259,201600000569,1.0,1,1,1,11.0,0.0,0.0,0.0,1962.0,A01,0.0,10,0,0.0,2.0,1.0,15.0,4,21,1700,1,1,1,1,3,3,33,2,1
1260,201600000569,1.0,1,3,1,21.0,0.0,0.0,0.0,1985.0,B02,1.0,33,0,0.0,2.0,1.0,1.0,4,21,1700,1,1,1,1,3,3,10,1,2
1261,201600000570,1.0,1,1,1,11.0,0.0,0.0,0.0,1943.0,B02,0.0,7,0,0.0,2.0,2.0,1.0,5,8,1815,1,1,6,1,1,4,7,2,2
1262,201600000570,2.0,2,4,1,11.0,0.0,0.0,0.0,1955.0,B02,0.0,7,0,0.0,2.0,2.0,1.0,5,8,1815,1,1,6,1,1,4,7,2,2
1263,201600000570,3.0,2,3,2,11.0,0.0,0.0,0.0,1966.0,B02,0.0,7,0,0.0,2.0,2.0,1.0,5,8,1815,1,1,6,1,1,4,7,2,2
1264,201600000570,1.0,1,1,2,11.0,0.0,0.0,0.0,1963.0,A01,0.0,7,0,0.0,2.0,3.0,5.0,5,8,1815,1,1,6,1,1,4,7,2,2
1265,201600000570,2.0,2,4,1,11.0,0.0,0.0,0.0,1991.0,A01,0.0,7,0,0.0,2.0,3.0,5.0,5,8,1815,1,1,6,1,1,4,7,2,2
1266,201600000571,1.0,1,2,1,11.0,0.0,0.0,0.0,1972.0,A01,2.0,7,0,2.0,0.0,1.0,1.0,5,13,515,3,1,1,1,6,0,7,2,2
1267,201600000572,0.0,3,3,1,0.0,0.0,0.0,1.0,1991.0,A01,0.0,7,0,0.0,1.0,0.0,0.0,8,16,315,3,1,1,1,6,0,7,2,2
1268,201600000573,1.0,1,2,1,11.0,0.0,0.0,0.0,1975.0,A01,0.0,7,0,0.0,2.0,7.0,13.0,9,9,1915,1,1,1,1,1,4,7,2,2
1269,201600000573,2.0,2,4,1,11.0,0.0,0.0,0.0,1981.0,A01,0.0,7,0,0.0,2.0,7.0,13.0,9,9,1915,1,1,1,1,1,4,7,2,2
1270,201600000573,1.0,1,3,2,11.0,0.0,0.0,0.0,1974.0,B02,0.0,7,0,0.0,2.0,1.0,1.0,9,9,1915,1,1,1,1,1,4,7,2,2
1271,201600000573,2.0,2,1,1,11.0,0.0,0.0,0.0,1952.0,B02,0.0,7,0,0.0,2.0,1.0,1.0,9,9,1915,1,1,1,1,1,4,7,2,2
1272,201600000573,3.0,2,3,1,11.0,0.0,0.0,0.0,1967.0,B02,0.0,7,0,0.0,2.0,1.0,1.0,9,9,1915,1,1,1,1,1,4,7,2,2
1273,201600000573,4.0,2,3,1,11.0,0.0,0.0,0.0,2001.0,B02,0.0,7,0,0.0,2.0,1.0,1.0,9,9,1915,1,1,1,1,1,4,7,2,2
1274,201600000573,5.0,2,3,1,11.0,0.0,0.0,0.0,1998.0,B02,0.0,7,0,0.0,2.0,1.0,1.0,9,9,1915,1,1,1,1,1,4,7,2,2
1275,201600000574,1.0,1,4,1,13.0,0.0,0.0,0.0,1986.0,B02,1.0,7,0,0.0,0.0,1.0,1.0,12,2,1400,1,1,1,1,1,3,7,2,2
1276,201600000574,1.0,1,3,1,13.0,0.0,0.0,0.0,1997.0,A01,2.0,7,0,0.0,0.0,1.0,13.0,12,2,1400,1,1,1,1,1,3,7,2,2
1277,201600000575,1.0,1,3,1,11.0,0.0,0.0,0.0,1971.0,B02,0.0,10,0,0.0,0.0,6.0,1.0,3,10,1645,1,2,1,1,3,3,7,2,2
1278,201600000575,1.0,1,1,1,13.0,0.0,0.0,0.0,1994.0,A01,0.0,7,0,0.0,0.0,2.0,16.0,3,10,1645,1,2,1,1,3,3,10,2,2
1279,201600000576,1.0,1,1,1,11.0,0.0,0.0,0.0,1994.0,B02,0.0,17,0,0.0,2.0,2.0,1.0,4,11,1845,1,2,1,1,3,4,14,3,3
1280,201600000576,1.0,1,4,1,11.0,0.0,0.0,0.0,1978.0,A01,0.0,14,0,0.0,2.0,8.0,16.0,4,11,1845,1,2,1,1,3,4,17,3,3
1281,201600000577,1.0,1,4,1,11.0,0.0,0.0,0.0,1971.0,A01,0.0,7,0,0.0,2.0,1.0,1.0,6,27,1230,1,1,1,1,1,2,7,2,2
1282,201600000577,1.0,1,2,1,11.0,0.0,0.0,0.0,1939.0,B02,0.0,7,0,0.0,2.0,3.0,13.0,6,27,1230,1,1,1,1,1,2,7,2,2
1283,201600000578,1.0,1,1,1,11.0,0.0,0.0,0.0,1963.0,A01,0.0,7,0,0.0,0.0,3.0,1.0,7,29,1645,1,2,1,1,1,3,7,2,2
1284,201600000578,1.0,1,1,1,11.0,0.0,0.0,0.0,1993.0,B02,0.0,7,0,0.0,0.0,3.0,1.0,7,29,1645,1,2,1,1,1,3,7,2,2
1285,201600000578,4.0,2,3,2,11.0,0.0,0.0,0.0,1933.0,B02,0.0,7,0,0.0,0.0,3.0,1.0,7,29,1645,1,2,1,1,1,3,7,2,2
1286,201600000579,1.0,1,4,1,21.0,0.0,0.0,0.0,1988.0,A01,2.0,33,0,3.0,0.0,7.0,1.0,4,27,2230,3,1,1,1,6,5,33,1,1
1287,201600000579,2.0,2,3,2,21.0,0.0,0.0,0.0,1997.0,A01,2.0,33,0,3.0,0.0,7.0,1.0,4,27,2230,3,1,1,1,6,5,33,1,1
1288,201600000580,1.0,1,3,1,11.0,0.0,0.0,0.0,1993.0,A01,0.0,7,0,0.0,2.0,7.0,0.0,6,20,730,1,1,1,3,3,1,7,2,2
1289,201600000580,1.0,1,4,2,11.0,0.0,0.0,0.0,1991.0,B02,0.0,7,0,0.0,2.0,3.0,1.0,6,20,730,1,1,1,3,3,1,7,2,2
1290,201600000581,1.0,1,3,2,21.0,0.0,0.0,0.0,1995.0,A01,1.0,33,0,0.0,2.0,1.0,1.0,8,25,1400,1,2,3,1,2,3,7,1,2
1291,201600000581,1.0,1,1,2,11.0,0.0,0.0,0.0,1978.0,B02,1.0,7,0,0.0,2.0,4.0,1.0,8,25,1400,1,2,3,1,2,3,33,2,1
1292,201600000581,2.0,2,1,2,11.0,0.0,0.0,0.0,1986.0,B02,1.0,7,0,0.0,2.0,4.0,1.0,8,25,1400,1,2,3,1,2,3,33,2,1
1293,201600000581,3.0,2,4,2,11.0,0.0,0.0,0.0,1972.0,B02,1.0,7,0,0.0,2.0,4.0,1.0,8,25,1400,1,2,3,1,2,3,33,2,1
1294,201600000582,1.0,1,3,1,21.0,0.0,0.0,0.0,1973.0,B02,2.0,1,0,0.0,2.0,8.0,1.0,5,16,1830,1,1,2,1,3,4,1,1,1
1295,201600000583,1.0,1,1,1,11.0,0.0,0.0,0.0,1994.0,A01,1.0,7,0,0.0,2.0,2.0,1.0,6,7,945,1,1,2,1,3,1,1,2,1
1296,201600000583,1.0,1,2,1,41.0,0.0,0.0,0.0,1963.0,B02,1.0,1,0,0.0,2.0,8.0,1.0,6,7,945,1,1,2,1,3,1,7,1,2
1297,201600000584,1.0,1,2,1,21.0,0.0,0.0,0.0,1983.0,A01,2.0,33,0,0.0,2.0,1.0,1.0,6,10,1530,1,1,1,1,3,3,7,1,2
1298,201600000584,1.0,1,1,1,11.0,0.0,0.0,0.0,1939.0,B02,1.0,7,0,0.0,2.0,8.0,19.0,6,10,1530,1,1,1,1,3,3,33,2,1
1299,201600000585,1.0,1,1,2,11.0,0.0,0.0,0.0,1958.0,B02,1.0,7,0,0.0,2.0,3.0,1.0,8,22,1730,1,1,1,1,1,3,2,2,1
1300,201600000585,1.0,1,3,1,21.0,0.0,0.0,0.0,1998.0,A01,2.0,2,0,0.0,2.0,1.0,13.0,8,22,1730,1,1,1,1,1,3,7,1,2
1301,201600000586,1.0,1,3,2,13.0,0.0,0.0,0.0,1964.0,B02,2.0,7,0,0.0,0.0,3.0,1.0,2,25,1115,1,1,2,7,3,1,10,2,2
1302,201600000586,1.0,1,1,1,11.0,0.0,0.0,0.0,1961.0,A01,1.0,10,0,0.0,0.0,2.0,1.0,2,25,1115,1,1,2,7,3,1,7,2,2
1303,201600000587,1.0,1,1,1,11.0,0.0,0.0,0.0,1949.0,B02,0.0,7,0,0.0,0.0,3.0,1.0,4,2,1330,1,2,2,8,3,2,2,2,1
1304,201600000587,2.0,2,1,2,11.0,0.0,0.0,0.0,1951.0,B02,0.0,7,0,0.0,0.0,3.0,1.0,4,2,1330,1,2,2,8,3,2,2,2,1
1305,201600000587,1.0,1,4,1,21.0,0.0,0.0,0.0,2001.0,A01,0.0,2,0,0.0,0.0,1.0,1.0,4,2,1330,1,2,2,8,3,2,7,1,2
1306,201600000587,2.0,2,3,1,21.0,0.0,0.0,0.0,2001.0,A01,0.0,2,0,0.0,0.0,1.0,1.0,4,2,1330,1,2,2,8,3,2,7,1,2
1307,201600000588,1.0,1,3,1,21.0,0.0,0.0,0.0,1996.0,A01,1.0,2,0,0.0,2.0,2.0,17.0,7,25,1800,1,2,1,1,3,4,10,1,2
1308,201600000588,2.0,2,4,2,21.0,0.0,0.0,0.0,2002.0,A01,1.0,2,0,0.0,2.0,2.0,17.0,7,25,1800,1,2,1,1,3,4,10,1,2
1309,201600000588,1.0,1,1,2,11.0,0.0,0.0,0.0,1974.0,B02,1.0,10,0,0.0,0.0,3.0,15.0,7,25,1800,1,2,1,1,3,4,2,2,1
1310,201600000589,1.0,1,3,2,11.0,0.0,0.0,0.0,1946.0,A01,1.0,7,0,0.0,2.0,8.0,19.0,1,15,1330,1,2,2,1,3,2,10,2,2
1311,201600000589,1.0,1,1,1,11.0,0.0,0.0,0.0,1978.0,B02,1.0,10,0,0.0,2.0,1.0,1.0,1,15,1330,1,2,2,1,3,2,7,2,2
1312,201600000590,1.0,1,3,1,21.0,0.0,0.0,0.0,1960.0,A01,1.0,30,0,0.0,0.0,7.0,1.0,2,19,445,4,2,1,4,7,0,30,1,1
1313,201600000591,1.0,1,1,1,11.0,0.0,0.0,0.0,1979.0,A01,1.0,7,0,0.0,2.0,1.0,1.0,2,21,1700,1,1,2,1,3,3,7,2,2
1314,201600000591,1.0,1,3,1,11.0,0.0,0.0,0.0,1988.0,B02,1.0,7,0,13.0,2.0,8.0,1.0,2,21,1700,1,1,2,1,3,3,7,2,2
1315,201600000592,1.0,1,1,1,11.0,0.0,0.0,0.0,1956.0,A01,1.0,7,0,0.0,1.0,1.0,2.0,4,29,2245,3,1,1,1,6,5,7,2,2
1316,201600000592,0.0,3,3,1,0.0,1.0,1.0,1.0,1968.0,A01,1.0,7,0,0.0,1.0,1.0,2.0,4,29,2245,3,1,1,1,6,5,7,2,2
1317,201600000593,1.0,1,1,1,13.0,0.0,0.0,0.0,1973.0,A01,2.0,7,0,0.0,0.0,7.0,1.0,7,14,400,3,1,1,1,6,0,7,2,2
1318,201600000593,2.0,2,1,2,13.0,0.0,0.0,0.0,1993.0,A01,2.0,7,0,0.0,0.0,7.0,1.0,7,14,400,3,1,1,1,6,0,7,2,2
1319,201600000593,3.0,2,1,1,13.0,0.0,0.0,0.0,1993.0,A01,2.0,7,0,0.0,0.0,7.0,1.0,7,14,400,3,1,1,1,6,0,7,2,2
1320,201600000593,4.0,2,3,1,13.0,0.0,0.0,0.0,1993.0,A01,2.0,7,0,0.0,0.0,7.0,1.0,7,14,400,3,1,1,1,6,0,7,2,2
1321,201600000594,1.0,1,3,1,21.0,0.0,0.0,0.0,1978.0,A01,1.0,33,0,6.0,0.0,1.0,1.0,7,19,1315,1,1,1,7,6,2,33,1,1
1322,201600000595,1.0,1,3,1,11.0,0.0,0.0,0.0,1988.0,A01,0.0,7,0,6.0,0.0,1.0,1.0,8,12,2345,5,2,1,1,6,5,7,2,2
1323,201600000595,2.0,2,1,1,11.0,0.0,0.0,0.0,1994.0,A01,0.0,7,0,6.0,0.0,1.0,1.0,8,12,2345,5,2,1,1,6,5,7,2,2
1324,201600000596,1.0,1,1,2,11.0,0.0,0.0,0.0,1933.0,A01,0.0,7,0,0.0,2.0,1.0,1.0,9,28,1115,1,2,4,1,1,1,30,2,1
1325,201600000596,1.0,1,4,2,21.0,0.0,0.0,0.0,1995.0,B02,0.0,30,0,0.0,2.0,7.0,15.0,9,28,1115,1,2,4,1,1,1,7,1,2
1326,201600000597,1.0,1,3,2,11.0,0.0,0.0,0.0,1984.0,A01,0.0,7,0,13.0,0.0,3.0,1.0,4,19,1130,1,1,1,1,6,1,7,2,2
1327,201600000598,1.0,1,1,1,11.0,0.0,0.0,0.0,1979.0,B02,0.0,7,0,0.0,2.0,1.0,19.0,5,20,1800,1,1,2,1,3,4,33,2,1
1328,201600000598,1.0,1,4,2,21.0,0.0,0.0,0.0,1983.0,A01,1.0,33,0,0.0,2.0,8.0,1.0,5,20,1800,1,1,2,1,3,4,7,1,2
1329,201600000599,2.0,2,3,2,11.0,0.0,0.0,0.0,1930.0,A01,1.0,7,0,0.0,2.0,3.0,15.0,6,15,1145,1,1,3,1,3,1,14,2,3
1330,201600000599,1.0,1,3,1,11.0,0.0,0.0,0.0,1939.0,A01,1.0,7,0,0.0,2.0,3.0,15.0,6,15,1145,1,1,3,1,3,1,14,2,3
1331,201600000599,1.0,1,1,1,11.0,0.0,0.0,0.0,1988.0,B02,1.0,14,0,0.0,2.0,1.0,1.0,6,15,1145,1,1,3,1,3,1,7,3,2
1332,201600000600,1.0,1,4,1,22.0,0.0,0.0,0.0,2002.0,A01,0.0,1,0,0.0,2.0,3.0,19.0,6,22,1300,1,2,1,1,3,2,7,1,2
1333,201600000600,1.0,1,1,2,11.0,0.0,0.0,0.0,1986.0,B02,0.0,7,0,0.0,2.0,2.0,1.0,6,22,1300,1,2,1,1,3,2,1,2,1
1334,201600000601,1.0,1,3,1,11.0,0.0,0.0,0.0,1992.0,A01,0.0,7,0,0.0,2.0,3.0,15.0,9,16,915,2,1,2,1,3,1,7,2,2
1335,201600000601,1.0,1,3,1,11.0,0.0,0.0,0.0,1985.0,B02,0.0,7,0,0.0,2.0,1.0,1.0,9,16,915,2,1,2,1,3,1,7,2,2
1336,201600000602,1.0,1,3,1,11.0,0.0,0.0,0.0,1991.0,A01,1.0,7,0,2.0,0.0,7.0,1.0,1,16,600,3,1,6,1,6,1,7,2,2
1337,201600000602,2.0,2,3,1,11.0,0.0,0.0,0.0,1992.0,A01,1.0,7,0,2.0,0.0,7.0,1.0,1,16,600,3,1,6,1,6,1,7,2,2
1338,201600000602,3.0,2,4,2,11.0,0.0,0.0,0.0,1996.0,A01,1.0,7,0,2.0,0.0,7.0,1.0,1,16,600,3,1,6,1,6,1,7,2,2
1339,201600000602,4.0,2,3,1,11.0,0.0,0.0,0.0,1993.0,A01,1.0,7,0,2.0,0.0,7.0,1.0,1,16,600,3,1,6,1,6,1,7,2,2
1340,201600000602,5.0,2,3,1,11.0,0.0,0.0,0.0,1992.0,A01,1.0,7,0,2.0,0.0,7.0,1.0,1,16,600,3,1,6,1,6,1,7,2,2
1341,201600000603,5.0,2,1,2,92.0,0.0,0.0,0.0,1979.0,B02,0.0,7,0,0.0,2.0,7.0,1.0,3,10,1545,1,2,3,1,3,3,7,2,2
1342,201600000603,1.0,1,1,1,11.0,0.0,0.0,0.0,1979.0,B02,0.0,7,0,0.0,2.0,7.0,1.0,3,10,1545,1,2,3,1,3,3,7,2,2
1343,201600000603,5.0,2,1,1,11.0,0.0,0.0,0.0,1960.0,B02,0.0,7,0,0.0,2.0,7.0,1.0,3,10,1545,1,2,3,1,3,3,7,2,2
1344,201600000603,5.0,2,4,2,91.0,0.0,0.0,0.0,1962.0,B02,0.0,7,0,0.0,2.0,7.0,1.0,3,10,1545,1,2,3,1,3,3,7,2,2
1345,201600000603,1.0,1,1,2,11.0,0.0,0.0,0.0,1979.0,A01,0.0,7,0,0.0,2.0,1.0,15.0,3,10,1545,1,2,3,1,3,3,7,2,2
1346,201600000603,2.0,2,1,1,11.0,0.0,0.0,0.0,1991.0,A01,0.0,7,0,0.0,2.0,1.0,15.0,3,10,1545,1,2,3,1,3,3,7,2,2
1347,201600000604,0.0,3,3,1,0.0,1.0,1.0,1.0,1984.0,A01,2.0,7,0,0.0,1.0,2.0,17.0,5,15,400,3,1,1,1,6,0,7,2,2
1348,201600000605,1.0,1,3,1,21.0,0.0,0.0,0.0,1972.0,A01,0.0,33,0,0.0,0.0,0.0,21.0,8,31,730,1,1,1,1,7,1,33,1,1
1349,201600000606,1.0,1,3,2,11.0,0.0,0.0,0.0,1937.0,B02,2.0,7,0,0.0,0.0,5.0,1.0,9,22,1745,1,1,3,1,3,3,7,2,2
1350,201600000606,1.0,1,1,1,11.0,0.0,0.0,0.0,1997.0,A01,1.0,7,0,0.0,0.0,2.0,15.0,9,22,1745,1,1,3,1,3,3,7,2,2
1351,201600000607,1.0,1,3,1,21.0,0.0,0.0,0.0,1967.0,A01,1.0,33,0,0.0,2.0,1.0,1.0,10,12,1350,1,2,1,1,2,2,7,1,2
1352,201600000607,1.0,1,1,2,13.0,0.0,0.0,0.0,1984.0,B02,1.0,7,0,0.0,0.0,6.0,1.0,10,12,1350,1,2,1,1,2,2,33,2,1
1353,201600000608,1.0,1,3,1,11.0,0.0,0.0,0.0,1991.0,A01,2.0,7,0,2.0,0.0,1.0,13.0,10,22,2030,3,1,1,1,6,4,7,2,2
1354,201600000609,1.0,1,3,2,11.0,0.0,0.0,0.0,1988.0,A01,1.0,7,0,0.0,2.0,1.0,13.0,12,8,1815,5,1,1,1,3,4,7,2,2
1355,201600000609,1.0,1,4,2,11.0,0.0,0.0,0.0,1971.0,B01,1.0,7,0,0.0,2.0,2.0,2.0,12,8,1815,5,1,1,1,3,4,7,2,2
1356,201600000610,1.0,1,4,2,11.0,0.0,0.0,0.0,1958.0,B01,2.0,7,0,0.0,2.0,3.0,1.0,12,15,1600,1,2,1,1,1,3,7,2,2
1357,201600000610,1.0,1,4,1,11.0,0.0,0.0,0.0,1985.0,A01,1.0,7,0,0.0,2.0,1.0,13.0,12,15,1600,1,2,1,1,1,3,7,2,2
1358,201600000611,1.0,1,2,1,21.0,0.0,0.0,0.0,1964.0,B02,1.0,31,0,0.0,2.0,1.0,1.0,1,6,1315,1,1,1,1,1,2,7,1,2
1359,201600000611,1.0,1,1,2,11.0,0.0,0.0,0.0,1996.0,A01,2.0,7,0,0.0,2.0,1.0,17.0,1,6,1315,1,1,1,1,1,2,31,2,1
1360,201600000612,1.0,1,3,1,21.0,0.0,0.0,0.0,1996.0,B02,1.0,33,0,0.0,2.0,1.0,1.0,2,29,1830,2,2,1,1,3,4,10,1,2
1361,201600000612,1.0,1,1,1,11.0,0.0,0.0,0.0,1981.0,A01,1.0,10,0,0.0,2.0,3.0,9.0,2,29,1830,2,2,1,1,3,4,33,2,1
1362,201600000613,1.0,1,1,1,11.0,0.0,0.0,0.0,1997.0,B02,0.0,7,0,0.0,2.0,6.0,4.0,5,15,1900,1,2,1,1,3,4,33,2,1
1363,201600000613,1.0,1,2,1,22.0,0.0,0.0,0.0,1985.0,A01,0.0,33,0,0.0,2.0,1.0,1.0,5,15,1900,1,2,1,1,3,4,7,1,2
1364,201600000614,1.0,1,2,1,11.0,0.0,0.0,0.0,1987.0,A01,1.0,7,0,8.0,0.0,6.0,0.0,5,27,400,3,1,2,1,6,0,7,2,2
1365,201600000615,1.0,1,1,2,11.0,0.0,0.0,0.0,1945.0,B02,2.0,7,0,0.0,0.0,4.0,16.0,5,20,1930,1,2,1,1,2,4,30,2,1
1366,201600000615,1.0,1,3,2,21.0,0.0,0.0,0.0,2000.0,A01,2.0,30,0,0.0,2.0,1.0,2.0,5,20,1930,1,2,1,1,2,4,7,1,2
1367,201600000616,1.0,1,4,2,21.0,0.0,0.0,0.0,1988.0,A01,2.0,1,0,0.0,2.0,1.0,2.0,6,7,1200,1,1,1,1,2,2,1,1,1
1368,201600000616,1.0,1,1,1,21.0,0.0,0.0,0.0,1984.0,B02,2.0,1,0,0.0,2.0,4.0,2.0,6,7,1200,1,1,1,1,2,2,1,1,1
1369,201600000617,1.0,1,1,2,11.0,0.0,0.0,0.0,1964.0,A01,2.0,7,0,0.0,2.0,3.0,1.0,6,23,1415,1,1,1,1,3,3,7,2,2
1370,201600000617,1.0,1,3,1,11.0,0.0,0.0,0.0,1955.0,B02,1.0,7,0,0.0,2.0,3.0,1.0,6,23,1415,1,1,1,1,3,3,7,2,2
1371,201600000617,2.0,2,3,2,11.0,0.0,0.0,0.0,1959.0,B02,1.0,7,0,0.0,2.0,3.0,1.0,6,23,1415,1,1,1,1,3,3,7,2,2
1372,201600000618,1.0,1,3,1,22.0,0.0,0.0,0.0,2002.0,A01,2.0,1,0,0.0,2.0,8.0,1.0,7,24,1630,1,1,1,1,3,3,1,1,1
1373,201600000619,1.0,1,4,2,11.0,0.0,0.0,0.0,1977.0,B02,0.0,7,0,0.0,0.0,3.0,0.0,9,24,1515,1,1,1,1,5,3,33,2,1
1374,201600000619,1.0,1,4,2,11.0,0.0,0.0,0.0,1985.0,C03,0.0,7,0,0.0,0.0,8.0,0.0,9,24,1515,1,1,1,1,5,3,33,2,1
1375,201600000619,1.0,1,3,1,21.0,0.0,0.0,0.0,1996.0,A01,0.0,33,0,0.0,0.0,3.0,13.0,9,24,1515,1,1,1,1,5,3,7,1,2
1376,201600000620,1.0,1,1,1,11.0,0.0,0.0,0.0,1967.0,A01,0.0,7,0,0.0,0.0,8.0,10.0,4,10,1545,1,1,1,1,3,3,33,2,1
1377,201600000620,1.0,1,3,1,21.0,0.0,0.0,0.0,1982.0,B02,0.0,33,0,0.0,2.0,1.0,1.0,4,10,1545,1,1,1,1,3,3,7,1,2
1378,201600000621,1.0,1,4,1,13.0,0.0,0.0,0.0,1997.0,A01,0.0,7,0,2.0,0.0,1.0,21.0,7,2,600,2,1,1,1,6,1,7,2,2
1379,201600000622,1.0,1,3,1,13.0,0.0,0.0,0.0,1980.0,A01,0.0,7,0,1.0,0.0,1.0,11.0,7,15,2215,5,2,1,1,6,5,7,2,2
1380,201600000623,1.0,1,3,1,21.0,0.0,0.0,0.0,1976.0,A01,0.0,33,0,0.0,0.0,1.0,1.0,8,16,330,3,2,1,1,7,0,33,1,1
1381,201600000624,1.0,1,3,1,21.0,0.0,0.0,0.0,1961.0,A01,0.0,33,0,0.0,0.0,7.0,17.0,8,16,1530,1,1,1,1,7,3,33,1,1
1382,201600000625,1.0,1,2,1,21.0,0.0,0.0,0.0,1995.0,A01,1.0,33,0,11.0,0.0,1.0,1.0,8,16,2045,1,1,1,1,6,4,33,1,1
1383,201600000626,1.0,1,1,1,11.0,0.0,0.0,0.0,1962.0,B02,1.0,38,0,0.0,2.0,3.0,1.0,4,15,545,3,1,1,2,1,0,7,3,2
1384,201600000626,1.0,1,3,1,11.0,0.0,0.0,0.0,1996.0,A01,2.0,7,0,0.0,2.0,3.0,1.0,4,15,545,3,1,1,2,1,0,38,2,3
1385,201600000627,1.0,1,1,1,11.0,0.0,0.0,0.0,1994.0,A01,1.0,7,0,0.0,1.0,1.0,1.0,5,8,845,1,1,1,1,6,1,7,2,2
1386,201600000627,0.0,3,4,2,0.0,1.0,1.0,2.0,1947.0,A01,1.0,7,0,0.0,1.0,1.0,1.0,5,8,845,1,1,1,1,6,1,7,2,2
1387,201600000627,0.0,3,4,2,0.0,1.0,1.0,2.0,1972.0,A01,1.0,7,0,0.0,1.0,1.0,1.0,5,8,845,1,1,1,1,6,1,7,2,2
1388,201600000628,1.0,1,3,2,11.0,0.0,0.0,0.0,1980.0,C03,1.0,7,0,0.0,2.0,3.0,1.0,7,18,1515,1,1,1,1,5,3,7,2,2
1389,201600000628,1.0,1,3,2,11.0,0.0,0.0,0.0,1976.0,B02,1.0,7,0,0.0,2.0,3.0,1.0,7,18,1515,1,1,1,1,5,3,7,2,2
1390,201600000628,2.0,2,3,2,11.0,0.0,0.0,0.0,1949.0,B02,1.0,7,0,0.0,2.0,3.0,1.0,7,18,1515,1,1,1,1,5,3,7,2,2
1391,201600000628,1.0,1,3,1,11.0,0.0,0.0,0.0,1987.0,A01,2.0,7,0,0.0,2.0,3.0,13.0,7,18,1515,1,1,1,1,5,3,7,2,2
1392,201600000629,1.0,1,3,1,21.0,0.0,0.0,0.0,1970.0,B02,1.0,33,0,0.0,2.0,8.0,17.0,7,26,1945,1,1,1,1,3,4,7,1,2
1393,201600000629,2.0,2,3,1,21.0,0.0,0.0,0.0,1998.0,B02,1.0,33,0,0.0,2.0,8.0,17.0,7,26,1945,1,1,1,1,3,4,7,1,2
1394,201600000629,1.0,1,4,2,11.0,0.0,0.0,0.0,1992.0,A01,2.0,7,0,0.0,2.0,3.0,16.0,7,26,1945,1,1,1,1,3,4,33,2,1
1395,201600000629,2.0,2,4,2,11.0,0.0,0.0,0.0,1969.0,A01,2.0,7,0,0.0,2.0,3.0,16.0,7,26,1945,1,1,1,1,3,4,33,2,1
1396,201600000630,5.0,2,3,1,11.0,0.0,0.0,0.0,1988.0,A01,1.0,7,0,2.0,0.0,3.0,1.0,7,30,1030,1,1,1,1,6,1,7,2,2
1397,201600000630,4.0,2,3,2,11.0,0.0,0.0,0.0,1997.0,A01,1.0,7,0,2.0,0.0,3.0,1.0,7,30,1030,1,1,1,1,6,1,7,2,2