,Num_Acc,place,catu,grav,sexe,secu,locp,actp,etatp,an_nais,num_veh,senc,catv,occutc,obs,obsm,choc,manv,mois,jour,hrmn,lum,agg,int,atm,col,mom,catvopp,catv_gen,catvopp_gen
2015,201600000903,1.0,1,3,2,41.0,0.0,0.0,0.0,1931.0,B02,0.0,1,0,0.0,2.0,7.0,1.0,4,12,1015,1,2,3,7,3,1,7,1,2
2016,201600000904,1.0,1,4,2,11.0,0.0,0.0,0.0,1983.0,A01,0.0,7,0,0.0,2.0,3.0,1.0,6,27,1600,1,2,2,1,3,3,30,2,1
2017,201600000904,1.0,1,3,2,21.0,0.0,0.0,0.0,2000.0,B02,0.0,30,0,0.0,2.0,2.0,15.0,6,27,1600,1,2,2,1,3,3,7,1,2
2018,201600000904,2.0,2,3,1,21.0,0.0,0.0,0.0,2000.0,B02,0.0,30,0,0.0,2.0,2.0,15.0,6,27,1600,1,2,2,1,3,3,7,1,2
2019,201600000905,1.0,1,3,1,11.0,0.0,0.0,0.0,1952.0,A01,0.0,7,0,0.0,0.0,1.0,1.0,8,13,1515,1,1,2,1,3,3,7,2,2
2020,201600000905,2.0,2,3,2,11.0,0.0,0.0,0.0,1956.0,A01,0.0,7,0,0.0,0.0,1.0,1.0,8,13,1515,1,1,2,1,3,3,7,2,2
2021,201600000905,1.0,1,3,1,11.0,0.0,0.0,0.0,1983.0,B02,0.0,7,0,2.0,0.0,2.0,19.0,8,13,1515,1,1,2,1,3,3,7,2,2
2022,201600000905,2.0,2,3,2,11.0,0.0,0.0,0.0,1957.0,B02,0.0,7,0,2.0,0.0,2.0,19.0,8,13,1515,1,1,2,1,3,3,7,2,2
2023,201600000905,3.0,2,3,2,11.0,0.0,0.0,0.0,2006.0,B02,0.0,7,0,2.0,0.0,2.0,19.0,8,13,1515,1,1,2,1,3,3,7,2,2
2024,201600000905,4.0,2,3,2,12.0,0.0,0.0,0.0,1931.0,B02,0.0,7,0,2.0,0.0,2.0,19.0,8,13,1515,1,1,2,1,3,3,7,2,2
2025,201600000906,1.0,1,4,1,11.0,0.0,0.0,0.0,1988.0,B02,2.0,7,0,0.0,2.0,2.0,17.0,9,8,1145,1,1,1,1,1,1,7,2,2
2026,201600000906,1.0,1,3,2,11.0,0.0,0.0,0.0,1984.0,A01,1.0,7,0,0.0,2.0,3.0,15.0,9,8,1145,1,1,1,1,1,1,7,2,2
2027,201600000907,0.0,3,3,1,93.0,3.0,3.0,1.0,1972.0,A01,1.0,7,0,0.0,1.0,8.0,15.0,10,27,1715,1,2,1,1,6,3,7,2,2
2028,201600000907,1.0,1,1,1,13.0,0.0,0.0,0.0,1995.0,A01,1.0,7,0,0.0,1.0,8.0,15.0,10,27,1715,1,2,1,1,6,3,7,2,2
2029,201600000908,1.0,1,1,1,11.0,0.0,0.0,0.0,1986.0,A01,0.0,7,0,0.0,1.0,1.0,1.0,11,11,2150,3,1,1,1,6,4,7,2,2
2030,201600000908,0.0,3,3,1,92.0,1.0,2.0,1.0,1973.0,A01,0.0,7,0,0.0,1.0,1.0,1.0,11,11,2150,3,1,1,1,6,4,7,2,2
2031,201600000909,1.0,1,3,1,11.0,0.0,0.0,0.0,1987.0,A01,1.0,7,0,2.0,0.0,2.0,17.0,12,8,2330,3,1,1,1,6,5,7,2,2
2032,201600000910,1.0,1,2,1,11.0,0.0,0.0,0.0,1993.0,A01,0.0,7,0,2.0,0.0,1.0,0.0,12,26,2058,3,2,1,1,6,4,7,2,2
2033,201600000911,1.0,1,1,1,11.0,0.0,0.0,0.0,1992.0,B02,0.0,7,0,0.0,2.0,1.0,1.0,2,27,1115,1,1,2,1,3,1,7,2,2
2034,201600000911,2.0,2,3,2,11.0,0.0,0.0,0.0,1951.0,B02,0.0,7,0,0.0,2.0,1.0,1.0,2,27,1115,1,1,2,1,3,1,7,2,2
2035,201600000911,5.0,2,4,2,11.0,0.0,0.0,0.0,1990.0,B02,0.0,7,0,0.0,2.0,1.0,1.0,2,27,1115,1,1,2,1,3,1,7,2,2
2036,201600000911,1.0,1,1,2,11.0,0.0,0.0,0.0,1981.0,A01,0.0,7,0,0.0,0.0,7.0,19.0,2,27,1115,1,1,2,1,3,1,7,2,2
2037,201600000912,1.0,1,4,1,11.0,0.0,0.0,0.0,1976.0,B02,1.0,10,0,0.0,2.0,3.0,19.0,4,25,2030,2,2,2,1,3,4,7,2,2
2038,201600000912,1.0,1,4,1,11.0,0.0,0.0,0.0,1995.0,A01,2.0,7,0,0.0,2.0,2.0,1.0,4,25,2030,2,2,2,1,3,4,10,2,2
2039,201600000912,2.0,2,4,2,11.0,0.0,0.0,0.0,1996.0,A01,2.0,7,0,0.0,2.0,2.0,1.0,4,25,2030,2,2,2,1,3,4,10,2,2
2040,201600000913,1.0,1,3,2,11.0,0.0,0.0,0.0,1949.0,A01,1.0,7,0,3.0,0.0,0.0,1.0,5,4,1330,1,1,1,1,7,2,7,2,2
2041,201600000914,1.0,1,3,1,11.0,0.0,0.0,0.0,1982.0,A01,1.0,7,0,2.0,0.0,9.0,1.0,5,11,45,3,1,1,1,6,0,7,2,2
2042,201600000915,1.0,1,3,1,11.0,0.0,0.0,0.0,1983.0,A01,2.0,7,0,13.0,0.0,1.0,13.0,6,8,115,3,1,1,1,7,0,7,2,2
2043,201600000916,1.0,1,1,1,11.0,0.0,0.0,0.0,1984.0,A01,0.0,10,0,0.0,0.0,0.0,1.0,6,16,1915,1,1,1,1,1,4,7,2,2
2044,201600000916,1.0,1,3,2,11.0,0.0,0.0,0.0,1968.0,B02,0.0,7,0,13.0,0.0,0.0,17.0,6,16,1915,1,1,1,1,1,4,10,2,2
2045,201600000917,1.0,1,2,1,11.0,0.0,0.0,0.0,1992.0,A01,2.0,7,0,2.0,0.0,9.0,14.0,7,26,1730,1,1,1,1,6,3,7,2,2
2046,201600000918,1.0,1,3,2,11.0,0.0,0.0,0.0,1984.0,A01,2.0,7,0,0.0,0.0,1.0,1.0,2,3,630,3,1,1,1,7,1,7,2,2
2047,201600000919,1.0,1,4,2,11.0,0.0,0.0,0.0,1989.0,A01,1.0,7,0,0.0,9.0,2.0,1.0,2,10,1630,1,1,1,1,2,3,1,2,1
2048,201600000919,1.0,1,3,1,21.0,0.0,0.0,0.0,1958.0,B02,1.0,1,0,0.0,0.0,4.0,1.0,2,10,1630,1,1,1,1,2,3,7,1,2
2049,201600000920,1.0,1,3,2,11.0,0.0,0.0,0.0,1989.0,A01,2.0,7,0,0.0,2.0,1.0,1.0,4,8,1730,1,1,1,1,4,3,10,2,2
2050,201600000920,1.0,1,1,2,11.0,0.0,0.0,0.0,1985.0,B02,2.0,7,0,0.0,2.0,4.0,1.0,4,8,1730,1,1,1,1,4,3,10,2,2
2051,201600000920,3.0,2,1,2,11.0,0.0,0.0,0.0,2014.0,B02,2.0,7,0,0.0,2.0,4.0,1.0,4,8,1730,1,1,1,1,4,3,10,2,2
2052,201600000920,4.0,2,1,2,11.0,0.0,0.0,0.0,2009.0,B02,2.0,7,0,0.0,2.0,4.0,1.0,4,8,1730,1,1,1,1,4,3,10,2,2
2053,201600000920,8.0,2,1,1,11.0,0.0,0.0,0.0,2012.0,B02,2.0,7,0,0.0,2.0,4.0,1.0,4,8,1730,1,1,1,1,4,3,10,2,2
2054,201600000920,1.0,1,1,2,11.0,0.0,0.0,0.0,1963.0,C03,2.0,10,0,0.0,0.0,4.0,1.0,4,8,1730,1,1,1,1,4,3,7,2,2
2055,201600000920,2.0,2,1,2,11.0,0.0,0.0,0.0,2013.0,C03,2.0,10,0,0.0,0.0,4.0,1.0,4,8,1730,1,1,1,1,4,3,7,2,2
2056,201600000921,4.0,2,4,2,11.0,0.0,0.0,0.0,2008.0,B02,1.0,7,0,0.0,2.0,1.0,1.0,4,16,2200,3,1,1,1,5,5,7,2,2
2057,201600000921,3.0,2,3,1,11.0,0.0,0.0,0.0,1996.0,B02,1.0,7,0,0.0,2.0,1.0,1.0,4,16,2200,3,1,1,1,5,5,7,2,2
2058,201600000921,2.0,2,4,1,11.0,0.0,0.0,0.0,1993.0,B02,1.0,7,0,0.0,2.0,1.0,1.0,4,16,2200,3,1,1,1,5,5,7,2,2
2059,201600000921,1.0,1,3,2,11.0,0.0,0.0,0.0,1995.0,B02,1.0,7,0,0.0,2.0,1.0,1.0,4,16,2200,3,1,1,1,5,5,7,2,2
2060,201600000921,2.0,2,4,1,11.0,0.0,0.0,0.0,1944.0,C03,2.0,7,0,0.0,2.0,3.0,1.0,4,16,2200,3,1,1,1,5,5,7,2,2
2061,201600000921,1.0,1,4,2,11.0,0.0,0.0,0.0,1944.0,C03,2.0,7,0,0.0,2.0,3.0,1.0,4,16,2200,3,1,1,1,5,5,7,2,2
2062,201600000921,2.0,2,2,1,11.0,0.0,0.0,0.0,1979.0,A01,2.0,7,0,0.0,2.0,3.0,17.0,4,16,2200,3,1,1,1,5,5,7,2,2
2063,201600000921,1.0,1,2,1,11.0,0.0,0.0,0.0,1979.0,A01,2.0,7,0,0.0,2.0,3.0,17.0,4,16,2200,3,1,1,1,5,5,7,2,2
2064,201600000922,1.0,1,2,1,22.0,0.0,0.0,0.0,1973.0,B02,0.0,1,0,0.0,2.0,1.0,15.0,7,7,1615,1,1,3,1,3,3,14,1,3
2065,201600000922,1.0,1,1,1,11.0,0.0,0.0,0.0,1960.0,A01,0.0,14,0,0.0,2.0,7.0,1.0,7,7,1615,1,1,3,1,3,3,1,3,1
2066,201600000923,1.0,1,4,2,21.0,0.0,0.0,0.0,1998.0,A01,1.0,2,0,0.0,0.0,0.0,1.0,11,27,235,5,1,1,1,6,0,2,1,1
2067,201600000924,1.0,1,3,1,21.0,0.0,0.0,0.0,1974.0,A01,1.0,33,0,0.0,0.0,0.0,9.0,12,24,1345,1,1,6,1,7,2,33,1,1
2068,201600000925,1.0,1,3,1,13.0,0.0,0.0,0.0,1974.0,A01,0.0,7,0,16.0,0.0,2.0,17.0,8,6,1645,1,2,1,1,6,3,7,2,2
2069,201600000925,2.0,2,1,1,11.0,0.0,0.0,0.0,1985.0,A01,0.0,7,0,16.0,0.0,2.0,17.0,8,6,1645,1,2,1,1,6,3,7,2,2
2070,201600000925,5.0,2,1,1,11.0,0.0,0.0,0.0,2008.0,A01,0.0,7,0,16.0,0.0,2.0,17.0,8,6,1645,1,2,1,1,6,3,7,2,2
2071,201600000925,5.0,2,1,1,11.0,0.0,0.0,0.0,2009.0,A01,0.0,7,0,16.0,0.0,2.0,17.0,8,6,1645,1,2,1,1,6,3,7,2,2
2072,201600000926,1.0,1,1,1,11.0,0.0,0.0,0.0,1983.0,A01,2.0,10,0,0.0,2.0,1.0,13.0,2,1,145,3,1,1,1,1,0,7,2,2
2073,201600000926,1.0,1,3,1,11.0,0.0,0.0,0.0,1973.0,B02,1.0,7,0,0.0,2.0,1.0,1.0,2,1,145,3,1,1,1,1,0,10,2,2
2074,201600000927,1.0,1,1,2,13.0,0.0,0.0,0.0,1963.0,A01,0.0,7,0,0.0,2.0,1.0,1.0,5,6,1530,1,1,9,1,3,3,1,2,1
2075,201600000927,2.0,2,1,2,13.0,0.0,0.0,0.0,1993.0,A01,0.0,7,0,0.0,2.0,1.0,1.0,5,6,1530,1,1,9,1,3,3,1,2,1
2076,201600000927,1.0,1,2,2,22.0,0.0,0.0,0.0,2004.0,B02,0.0,1,0,0.0,2.0,8.0,19.0,5,6,1530,1,1,9,1,3,3,7,1,2
2077,201600000928,1.0,1,1,1,21.0,0.0,0.0,0.0,2000.0,A01,0.0,30,0,0.0,2.0,1.0,1.0,6,6,1445,1,2,1,1,3,3,30,1,1
2078,201600000928,1.0,1,3,1,21.0,0.0,0.0,0.0,1999.0,B02,0.0,30,0,0.0,2.0,8.0,10.0,6,6,1445,1,2,1,1,3,3,30,1,1
2079,201600000929,1.0,1,1,1,11.0,0.0,0.0,0.0,1958.0,A01,1.0,14,0,0.0,2.0,1.0,1.0,9,8,1945,1,1,1,1,1,4,7,3,2
2080,201600000929,1.0,1,4,1,11.0,0.0,0.0,0.0,1996.0,B02,2.0,7,0,0.0,2.0,1.0,1.0,9,8,1945,1,1,1,1,1,4,14,2,3
2081,201600000930,1.0,1,4,2,11.0,0.0,0.0,0.0,1948.0,B02,1.0,7,0,0.0,2.0,1.0,1.0,5,5,1900,1,1,1,1,1,4,7,2,2
2082,201600000930,2.0,2,3,2,11.0,0.0,0.0,0.0,1938.0,B02,1.0,7,0,0.0,2.0,1.0,1.0,5,5,1900,1,1,1,1,1,4,7,2,2
2083,201600000930,1.0,1,4,2,11.0,0.0,0.0,0.0,1984.0,A01,2.0,7,0,0.0,2.0,2.0,1.0,5,5,1900,1,1,1,1,1,4,7,2,2
2084,201600000931,1.0,1,1,1,11.0,0.0,0.0,0.0,1955.0,A01,1.0,7,0,0.0,2.0,7.0,17.0,6,18,1900,1,1,1,1,3,4,2,2,1
2085,201600000931,1.0,1,4,2,21.0,0.0,0.0,0.0,1990.0,B02,1.0,2,0,0.0,0.0,8.0,13.0,6,18,1900,1,1,1,1,3,4,7,1,2
2086,201600000932,1.0,1,3,1,21.0,0.0,0.0,0.0,1978.0,A01,1.0,34,0,3.0,0.0,8.0,9.0,8,3,2000,1,1,1,1,6,4,34,1,1
2087,201600000933,1.0,1,3,1,11.0,0.0,0.0,0.0,1947.0,B02,2.0,7,0,0.0,2.0,7.0,1.0,8,21,1600,1,1,1,1,3,3,7,2,2
2088,201600000933,1.0,1,3,1,11.0,0.0,0.0,0.0,1972.0,A01,1.0,7,0,0.0,2.0,7.0,13.0,8,21,1600,1,1,1,1,3,3,7,2,2
2089,201600000934,1.0,1,3,2,21.0,0.0,0.0,0.0,1986.0,A01,0.0,36,0,16.0,0.0,0.0,1.0,3,20,1545,1,1,1,1,7,3,36,1,1
2090,201600000934,2.0,2,4,1,21.0,0.0,0.0,0.0,1986.0,A01,0.0,36,0,16.0,0.0,0.0,1.0,3,20,1545,1,1,1,1,7,3,36,1,1
2091,201600000935,1.0,1,4,1,11.0,0.0,0.0,0.0,1993.0,A01,2.0,7,0,0.0,2.0,3.0,9.0,3,29,2045,3,2,6,1,3,4,30,2,1
2092,201600000935,1.0,1,3,2,21.0,0.0,0.0,0.0,1998.0,B02,1.0,30,0,0.0,2.0,7.0,2.0,3,29,2045,3,2,6,1,3,4,7,1,2
2093,201600000936,1.0,1,1,1,11.0,0.0,0.0,0.0,1957.0,A01,0.0,7,0,0.0,2.0,3.0,1.0,4,21,1730,1,1,2,2,3,3,1,2,1
2094,201600000936,1.0,1,3,1,22.0,0.0,0.0,0.0,1981.0,B02,0.0,1,0,0.0,2.0,7.0,16.0,4,21,1730,1,1,2,2,3,3,7,1,2
2095,201600000937,1.0,1,3,2,11.0,0.0,0.0,0.0,1970.0,A01,2.0,7,0,0.0,2.0,2.0,1.0,5,24,1030,1,1,3,1,3,1,7,2,2
2096,201600000937,1.0,1,3,2,11.0,0.0,0.0,0.0,1956.0,B02,0.0,7,0,0.0,2.0,1.0,1.0,5,24,1030,1,1,3,1,3,1,7,2,2
2097,201600000938,1.0,1,2,1,21.0,0.0,0.0,0.0,1998.0,A01,1.0,2,0,0.0,0.0,1.0,13.0,8,6,545,2,1,1,1,1,0,10,1,2
2098,201600000938,1.0,1,4,2,11.0,0.0,0.0,0.0,1968.0,B02,2.0,10,0,0.0,0.0,2.0,1.0,8,6,545,2,1,1,1,1,0,2,2,1
2099,201600000939,1.0,1,1,1,11.0,0.0,0.0,0.0,1973.0,A01,0.0,7,0,0.0,2.0,1.0,1.0,9,14,1700,1,2,1,1,1,3,2,2,1
2100,201600000939,1.0,1,4,1,21.0,0.0,0.0,0.0,1996.0,B02,0.0,2,0,0.0,2.0,1.0,5.0,9,14,1700,1,2,1,1,1,3,7,1,2
2101,201600000940,1.0,1,2,1,21.0,0.0,0.0,0.0,1992.0,B02,1.0,33,0,0.0,2.0,1.0,1.0,9,22,1700,1,1,2,1,3,3,10,1,2
2102,201600000940,1.0,1,1,1,11.0,0.0,0.0,0.0,1987.0,A01,2.0,10,0,0.0,2.0,8.0,15.0,9,22,1700,1,1,2,1,3,3,33,2,1
2103,201600000941,1.0,1,4,2,11.0,0.0,0.0,0.0,1952.0,A01,2.0,7,0,0.0,2.0,3.0,1.0,11,19,1740,3,1,1,2,1,3,7,2,2
2104,201600000941,1.0,1,4,2,11.0,0.0,0.0,0.0,1988.0,B02,1.0,7,0,0.0,2.0,3.0,17.0,11,19,1740,3,1,1,2,1,3,7,2,2
2105,201600000942,1.0,1,1,1,11.0,0.0,0.0,0.0,1975.0,A01,0.0,10,0,0.0,2.0,1.0,13.0,11,30,1340,1,1,1,1,1,2,7,2,2
2106,201600000942,2.0,2,1,1,11.0,0.0,0.0,0.0,1999.0,A01,0.0,10,0,0.0,2.0,1.0,13.0,11,30,1340,1,1,1,1,1,2,7,2,2
2107,201600000942,1.0,1,4,2,11.0,0.0,0.0,0.0,1949.0,B01,0.0,7,0,0.0,2.0,1.0,1.0,11,30,1340,1,1,1,1,1,2,10,2,2
2108,201600000943,1.0,1,1,1,11.0,0.0,0.0,0.0,1970.0,A01,2.0,7,0,0.0,1.0,2.0,1.0,1,22,815,2,2,1,3,6,1,7,2,2
2109,201600000943,0.0,3,3,1,0.0,4.0,3.0,1.0,1955.0,A01,2.0,7,0,0.0,1.0,2.0,1.0,1,22,815,2,2,1,3,6,1,7,2,2
2110,201600000944,1.0,1,1,2,11.0,0.0,0.0,0.0,1960.0,A01,0.0,7,0,0.0,2.0,6.0,1.0,5,13,1030,1,2,6,2,3,1,32,2,1
2111,201600000944,1.0,1,3,2,21.0,0.0,0.0,0.0,1964.0,B02,0.0,32,0,0.0,2.0,5.0,0.0,5,13,1030,1,2,6,2,3,1,7,1,2
2112,201600000945,1.0,1,3,1,21.0,0.0,0.0,0.0,2002.0,A01,0.0,2,0,0.0,0.0,7.0,1.0,5,19,1830,1,2,1,1,7,4,2,1,1
2113,201600000945,2.0,2,1,1,21.0,0.0,0.0,0.0,2002.0,A01,0.0,2,0,0.0,0.0,7.0,1.0,5,19,1830,1,2,1,1,7,4,2,1,1
2114,201600000946,1.0,1,3,1,11.0,0.0,0.0,0.0,1988.0,A01,2.0,7,0,0.0,0.0,0.0,1.0,6,26,745,1,1,6,1,7,1,7,2,2
2115,201600000947,1.0,1,3,1,11.0,0.0,0.0,0.0,1993.0,A01,2.0,7,0,8.0,0.0,2.0,1.0,7,16,2100,1,1,1,1,6,4,7,2,2
2116,201600000947,2.0,2,3,1,13.0,0.0,0.0,0.0,1991.0,A01,2.0,7,0,8.0,0.0,2.0,1.0,7,16,2100,1,1,1,1,6,4,7,2,2
2117,201600000948,1.0,1,1,1,11.0,0.0,0.0,0.0,1985.0,A01,0.0,7,0,0.0,2.0,2.0,15.0,7,25,1800,1,2,1,1,3,4,1,2,1
2118,201600000948,1.0,1,3,1,21.0,0.0,0.0,0.0,1965.0,B02,0.0,1,0,0.0,2.0,8.0,15.0,7,25,1800,1,2,1,1,3,4,7,1,2
2119,201600000949,1.0,1,1,1,11.0,0.0,0.0,0.0,1992.0,A01,2.0,7,0,0.0,2.0,6.0,11.0,9,21,745,2,1,1,8,1,1,33,2,1
2120,201600000949,1.0,1,4,1,21.0,0.0,0.0,0.0,1977.0,B02,2.0,33,0,0.0,2.0,1.0,11.0,9,21,745,2,1,1,8,1,1,7,1,2
2121,201600000950,1.0,1,2,1,11.0,0.0,0.0,0.0,1992.0,A01,1.0,7,0,3.0,0.0,1.0,1.0,1,30,430,3,1,1,8,6,0,7,2,2
2122,201600000951,1.0,1,3,2,11.0,0.0,0.0,0.0,1987.0,C03,0.0,7,0,0.0,2.0,2.0,1.0,2,4,745,1,1,1,1,5,1,7,2,2
2123,201600000951,1.0,1,3,1,11.0,0.0,0.0,0.0,1972.0,A01,0.0,7,0,0.0,2.0,3.0,13.0,2,4,745,1,1,1,1,5,1,7,2,2
2124,201600000951,1.0,1,1,1,11.0,0.0,0.0,0.0,1967.0,B02,0.0,7,0,0.0,2.0,6.0,1.0,2,4,745,1,1,1,1,5,1,7,2,2
2125,201600000952,1.0,1,4,1,11.0,0.0,0.0,0.0,1995.0,B02,0.0,7,0,0.0,2.0,3.0,1.0,4,22,2015,1,1,3,1,1,4,7,2,2
2126,201600000952,1.0,1,3,2,11.0,0.0,0.0,0.0,1955.0,A01,2.0,7,0,0.0,2.0,2.0,11.0,4,22,2015,1,1,3,1,1,4,7,2,2
2127,201600000953,1.0,1,1,1,11.0,0.0,0.0,0.0,1963.0,B02,1.0,7,0,0.0,0.0,4.0,2.0,5,5,945,1,1,1,1,2,1,33,2,1
2128,201600000953,1.0,1,4,1,21.0,0.0,0.0,0.0,1990.0,A01,1.0,33,0,0.0,2.0,1.0,2.0,5,5,945,1,1,1,1,2,1,7,1,2
2129,201600000954,1.0,1,2,1,21.0,0.0,0.0,0.0,1972.0,A01,2.0,33,0,0.0,2.0,3.0,1.0,5,20,1715,1,1,1,1,1,3,7,1,2
2130,201600000954,1.0,1,3,2,11.0,0.0,0.0,0.0,1981.0,B02,1.0,7,0,0.0,2.0,3.0,0.0,5,20,1715,1,1,1,1,1,3,33,2,1
2131,201600000955,1.0,1,3,1,11.0,0.0,0.0,0.0,1980.0,A01,2.0,7,0,8.0,0.0,8.0,1.0,2,14,545,5,1,6,8,6,0,7,2,2
2132,201600000956,1.0,1,2,1,12.0,0.0,0.0,0.0,1974.0,A01,2.0,7,0,13.0,0.0,1.0,13.0,3,2,130,3,1,1,2,7,0,7,2,2
2133,201600000957,1.0,1,1,1,21.0,0.0,0.0,0.0,1991.0,A01,1.0,33,0,0.0,0.0,4.0,1.0,7,16,2345,3,1,1,1,7,5,33,1,1
2134,201600000957,2.0,2,3,1,21.0,0.0,0.0,0.0,1994.0,A01,1.0,33,0,0.0,0.0,4.0,1.0,7,16,2345,3,1,1,1,7,5,33,1,1
2135,201600000958,1.0,1,3,1,21.0,0.0,0.0,0.0,1962.0,A01,1.0,33,0,0.0,2.0,1.0,1.0,2,17,2030,5,2,1,2,3,4,7,1,2
2136,201600000958,1.0,1,1,1,11.0,0.0,0.0,0.0,1995.0,B02,2.0,7,0,0.0,2.0,2.0,15.0,2,17,2030,5,2,1,2,3,4,33,2,1
2137,201600000959,1.0,1,1,1,11.0,0.0,0.0,0.0,1974.0,A01,0.0,7,0,2.0,0.0,2.0,1.0,3,12,2345,3,1,1,1,7,5,7,2,2
2138,201600000959,2.0,2,3,2,12.0,0.0,0.0,0.0,1962.0,A01,0.0,7,0,2.0,0.0,2.0,1.0,3,12,2345,3,1,1,1,7,5,7,2,2
2139,201600000960,1.0,1,4,2,11.0,0.0,0.0,0.0,1977.0,B02,1.0,7,0,0.0,2.0,3.0,1.0,3,19,1845,2,1,1,1,1,4,7,2,2
2140,201600000960,2.0,2,4,1,11.0,0.0,0.0,0.0,1974.0,B02,1.0,7,0,0.0,2.0,3.0,1.0,3,19,1845,2,1,1,1,1,4,7,2,2
2141,201600000960,1.0,1,1,1,11.0,0.0,0.0,0.0,1991.0,A01,2.0,7,0,0.0,2.0,3.0,1.0,3,19,1845,2,1,1,1,1,4,7,2,2
2142,201600000961,1.0,1,2,1,12.0,0.0,0.0,0.0,1991.0,A01,0.0,7,0,6.0,0.0,1.0,1.0,4,2,230,3,1,3,1,6,0,7,2,2
2143,201600000962,0.0,3,4,1,0.0,1.0,3.0,1.0,1945.0,A01,0.0,10,0,0.0,1.0,3.0,1.0,5,20,830,1,2,1,1,6,1,10,2,2
2144,201600000962,1.0,1,1,1,11.0,0.0,0.0,0.0,1974.0,A01,0.0,10,0,0.0,1.0,3.0,1.0,5,20,830,1,2,1,1,6,1,10,2,2
2145,201600000963,1.0,1,3,1,21.0,0.0,0.0,0.0,1980.0,A01,2.0,33,0,0.0,5.0,3.0,1.0,6,8,345,3,1,1,1,6,0,33,1,1
2146,201600000964,1.0,1,3,2,11.0,0.0,0.0,0.0,1933.0,B02,0.0,7,0,0.0,2.0,8.0,19.0,8,19,1230,1,1,2,1,3,2,7,2,2
2147,201600000964,1.0,1,1,1,11.0,0.0,0.0,0.0,1971.0,A01,1.0,7,0,0.0,2.0,3.0,1.0,8,19,1230,1,1,2,1,3,2,7,2,2
2148,201600000965,1.0,1,3,2,11.0,0.0,0.0,0.0,1966.0,A01,2.0,7,0,6.0,0.0,3.0,1.0,9,2,515,3,1,1,1,6,0,7,2,2
2149,201600000966,1.0,1,3,1,11.0,0.0,0.0,0.0,1981.0,A01,1.0,7,0,13.0,0.0,3.0,1.0,10,12,1630,1,1,1,1,6,3,7,2,2
2150,201600000966,2.0,2,3,2,11.0,0.0,0.0,0.0,1982.0,A01,1.0,7,0,13.0,0.0,3.0,1.0,10,12,1630,1,1,1,1,6,3,7,2,2
2151,201600000966,7.0,2,3,1,31.0,0.0,0.0,0.0,2015.0,A01,1.0,7,0,13.0,0.0,3.0,1.0,10,12,1630,1,1,1,1,6,3,7,2,2
2152,201600000966,9.0,2,3,2,11.0,0.0,0.0,0.0,2011.0,A01,1.0,7,0,13.0,0.0,3.0,1.0,10,12,1630,1,1,1,1,6,3,7,2,2
2153,201600000967,1.0,1,1,2,11.0,0.0,0.0,0.0,1987.0,A01,0.0,7,0,13.0,0.0,2.0,1.0,11,10,915,1,1,1,1,6,1,7,2,2
2154,201600000967,7.0,2,3,2,31.0,0.0,0.0,0.0,2014.0,A01,0.0,7,0,13.0,0.0,2.0,1.0,11,10,915,1,1,1,1,6,1,7,2,2
2155,201600000968,1.0,1,3,1,21.0,0.0,0.0,0.0,1994.0,A01,1.0,2,0,6.0,0.0,1.0,1.0,7,2,830,1,2,1,1,7,1,2,1,1
2156,201600000969,1.0,1,1,1,11.0,0.0,0.0,0.0,1982.0,A01,0.0,7,0,0.0,2.0,1.0,15.0,2,1,815,1,2,1,1,1,1,30,2,1
2157,201600000969,1.0,1,3,1,21.0,0.0,0.0,0.0,1973.0,B02,0.0,30,0,0.0,2.0,1.0,1.0,2,1,815,1,2,1,1,1,1,7,1,2
2158,201600000970,1.0,1,1,2,11.0,0.0,0.0,0.0,1976.0,A01,0.0,7,0,0.0,2.0,3.0,15.0,3,5,1115,1,2,3,9,3,1,2,2,1
2159,201600000970,1.0,1,3,2,21.0,0.0,0.0,0.0,1998.0,B02,0.0,2,0,0.0,2.0,1.0,1.0,3,5,1115,1,2,3,9,3,1,7,1,2
2160,201600000971,1.0,1,3,1,13.0,0.0,0.0,0.0,1993.0,A01,1.0,7,0,13.0,0.0,1.0,19.0,4,21,815,3,1,3,1,7,1,7,2,2
2161,201600000972,0.0,3,3,2,0.0,2.0,3.0,1.0,1941.0,A01,0.0,7,0,0.0,1.0,7.0,0.0,5,12,1245,1,2,6,1,6,2,7,2,2
2162,201600000972,1.0,1,1,2,11.0,0.0,0.0,0.0,1960.0,A01,0.0,7,0,0.0,1.0,7.0,0.0,5,12,1245,1,2,6,1,6,2,7,2,2
2163,201600000973,1.0,1,1,1,11.0,0.0,0.0,0.0,1983.0,A01,0.0,10,0,0.0,2.0,1.0,1.0,6,9,2030,1,1,1,1,2,4,10,2,2
2164,201600000973,1.0,1,4,1,12.0,0.0,0.0,0.0,1966.0,B02,0.0,10,0,6.0,0.0,4.0,1.0,6,9,2030,1,1,1,1,2,4,10,2,2
2165,201600000974,1.0,1,4,1,11.0,0.0,0.0,0.0,1938.0,A01,0.0,7,0,0.0,1.0,3.0,1.0,6,18,1800,1,2,1,1,6,4,7,2,2
2166,201600000974,0.0,3,3,1,0.0,4.0,3.0,1.0,1934.0,A01,0.0,7,0,0.0,1.0,3.0,1.0,6,18,1800,1,2,1,1,6,4,7,2,2
2167,201600000975,1.0,1,4,2,11.0,0.0,0.0,0.0,1983.0,A01,1.0,7,0,0.0,2.0,3.0,1.0,6,17,1745,1,1,2,1,3,3,10,2,2
2168,201600000975,1.0,1,1,1,11.0,0.0,0.0,0.0,1960.0,B02,2.0,10,0,0.0,2.0,1.0,15.0,6,17,1745,1,1,2,1,3,3,7,2,2