,Num_Acc,place,catu,grav,sexe,secu,locp,actp,etatp,an_nais,num_veh,senc,catv,occutc,obs,obsm,choc,manv,mois,jour,hrmn,lum,agg,int,atm,col,mom,catvopp,catv_gen,catvopp_gen
2323,201600001037,2.0,2,4,2,11.0,0.0,0.0,0.0,1934.0,A01,1.0,7,0,0.0,2.0,3.0,1.0,10,4,1230,1,1,1,7,1,2,7,2,2
2324,201600001037,3.0,2,3,2,11.0,0.0,0.0,0.0,1956.0,A01,1.0,7,0,0.0,2.0,3.0,1.0,10,4,1230,1,1,1,7,1,2,7,2,2
2325,201600001037,1.0,1,4,2,11.0,0.0,0.0,0.0,1964.0,B02,2.0,7,0,0.0,2.0,3.0,1.0,10,4,1230,1,1,1,7,1,2,7,2,2
2326,201600001038,1.0,1,1,2,11.0,0.0,0.0,0.0,1963.0,A01,2.0,7,0,0.0,2.0,3.0,16.0,10,11,945,1,1,6,1,3,1,31,2,1
2327,201600001038,1.0,1,3,1,21.0,0.0,0.0,0.0,1986.0,B02,2.0,31,0,0.0,2.0,1.0,19.0,10,11,945,1,1,6,1,3,1,7,1,2
2328,201600001039,1.0,1,4,1,13.0,0.0,0.0,0.0,1996.0,A01,1.0,7,0,2.0,0.0,7.0,13.0,11,20,1100,1,1,1,8,6,1,7,2,2
2329,201600001039,2.0,2,3,1,13.0,0.0,0.0,0.0,1997.0,A01,1.0,7,0,2.0,0.0,7.0,13.0,11,20,1100,1,1,1,8,6,1,7,2,2
2330,201600001040,1.0,1,1,1,11.0,0.0,0.0,0.0,1934.0,A01,2.0,7,0,0.0,2.0,1.0,1.0,10,28,1830,1,2,1,1,1,4,32,2,1
2331,201600001040,1.0,1,3,1,21.0,0.0,0.0,0.0,1997.0,B02,1.0,32,0,0.0,2.0,1.0,5.0,10,28,1830,1,2,1,1,1,4,7,1,2
2332,201600001041,1.0,1,3,2,11.0,0.0,0.0,0.0,1950.0,B02,1.0,7,0,0.0,2.0,3.0,1.0,12,20,1445,1,1,2,8,3,3,7,2,2
2333,201600001041,1.0,1,1,2,11.0,0.0,0.0,0.0,1948.0,A01,1.0,7,0,0.0,2.0,2.0,19.0,12,20,1445,1,1,2,8,3,3,7,2,2
2334,201600001042,1.0,1,1,1,21.0,0.0,0.0,0.0,1997.0,A01,1.0,1,0,0.0,1.0,1.0,1.0,6,28,1545,1,2,1,1,6,3,1,1,1
2335,201600001042,0.0,3,3,1,0.0,4.0,3.0,1.0,1923.0,A01,1.0,1,0,0.0,1.0,1.0,1.0,6,28,1545,1,2,1,1,6,3,1,1,1
2336,201600001043,1.0,1,3,1,21.0,0.0,0.0,0.0,1977.0,A01,1.0,33,0,0.0,2.0,1.0,17.0,7,21,1745,1,2,1,1,3,3,7,1,2
2337,201600001043,1.0,1,1,2,11.0,0.0,0.0,0.0,1953.0,B02,1.0,7,0,0.0,2.0,7.0,19.0,7,21,1745,1,2,1,1,3,3,33,2,1
2338,201600001044,1.0,1,3,1,12.0,0.0,0.0,0.0,1994.0,A01,2.0,7,0,6.0,0.0,3.0,13.0,9,10,730,1,1,1,1,6,1,7,2,2
2339,201600001044,2.0,2,1,1,11.0,0.0,0.0,0.0,1989.0,A01,2.0,7,0,6.0,0.0,3.0,13.0,9,10,730,1,1,1,1,6,1,7,2,2
2340,201600001045,1.0,1,1,1,11.0,0.0,0.0,0.0,1945.0,A01,2.0,7,0,0.0,2.0,3.0,15.0,11,13,1645,1,1,2,1,3,3,2,2,1
2341,201600001045,1.0,1,3,1,21.0,0.0,0.0,0.0,1999.0,B02,1.0,2,0,0.0,2.0,8.0,1.0,11,13,1645,1,1,2,1,3,3,7,1,2
2342,201600001046,1.0,1,3,1,21.0,0.0,0.0,0.0,2001.0,B02,1.0,2,0,0.0,2.0,8.0,1.0,12,12,1845,5,2,3,2,3,4,7,1,2
2343,201600001046,1.0,1,1,1,11.0,0.0,0.0,0.0,1959.0,A01,2.0,7,0,0.0,2.0,8.0,15.0,12,12,1845,5,2,3,2,3,4,2,2,1
2344,201600001047,1.0,1,1,1,11.0,0.0,0.0,0.0,1961.0,A01,0.0,7,0,0.0,1.0,1.0,1.0,2,9,1700,1,2,1,3,6,3,7,2,2
2345,201600001047,0.0,3,3,1,0.0,4.0,3.0,1.0,1951.0,A01,0.0,7,0,0.0,1.0,1.0,1.0,2,9,1700,1,2,1,3,6,3,7,2,2
2346,201600001048,1.0,1,3,1,21.0,0.0,0.0,0.0,2000.0,A01,0.0,31,0,0.0,2.0,1.0,13.0,5,28,1700,1,1,3,1,1,3,7,1,2
2347,201600001048,1.0,1,1,2,11.0,0.0,0.0,0.0,1982.0,B02,0.0,7,0,0.0,2.0,1.0,1.0,5,28,1700,1,1,3,1,1,3,31,2,1
2348,201600001049,1.0,1,3,1,21.0,0.0,0.0,0.0,1945.0,B02,1.0,1,0,0.0,2.0,1.0,1.0,7,23,1030,1,2,2,1,3,1,7,1,2
2349,201600001049,1.0,1,1,1,11.0,0.0,0.0,0.0,1933.0,A01,0.0,7,0,0.0,2.0,5.0,19.0,7,23,1030,1,2,2,1,3,1,1,2,1
2350,201600001050,1.0,1,3,1,21.0,0.0,0.0,0.0,1988.0,A01,1.0,33,0,0.0,0.0,1.0,1.0,7,29,1745,1,1,1,1,6,3,33,1,1
2351,201600001051,1.0,1,3,2,21.0,0.0,0.0,0.0,1992.0,B02,2.0,30,0,0.0,2.0,1.0,1.0,8,20,2130,5,2,2,1,3,4,7,1,2
2352,201600001051,1.0,1,1,1,11.0,0.0,0.0,0.0,1969.0,A01,0.0,7,0,0.0,2.0,3.0,15.0,8,20,2130,5,2,2,1,3,4,30,2,1
2353,201600001052,1.0,1,1,2,13.0,0.0,0.0,0.0,1972.0,A01,0.0,7,0,0.0,2.0,3.0,1.0,11,28,1600,1,2,1,1,1,3,1,2,1
2354,201600001052,1.0,1,3,1,21.0,0.0,0.0,0.0,1980.0,B02,0.0,1,0,0.0,2.0,1.0,13.0,11,28,1600,1,2,1,1,1,3,7,1,2
2355,201600001053,1.0,1,3,1,12.0,0.0,0.0,0.0,1993.0,A01,1.0,7,0,13.0,0.0,3.0,1.0,6,25,1945,1,1,1,1,7,4,7,2,2
2356,201600001054,1.0,1,4,1,21.0,0.0,0.0,0.0,1965.0,A01,1.0,33,0,0.0,2.0,1.0,1.0,6,24,1645,1,1,2,1,3,3,7,1,2
2357,201600001054,1.0,1,1,2,11.0,0.0,0.0,0.0,1956.0,B02,1.0,7,0,0.0,2.0,2.0,1.0,6,24,1645,1,1,2,1,3,3,33,2,1
2358,201600001055,0.0,3,3,1,0.0,2.0,6.0,1.0,1959.0,A01,2.0,7,0,0.0,1.0,2.0,1.0,10,11,1545,1,2,1,7,6,3,7,2,2
2359,201600001055,1.0,1,1,1,11.0,0.0,0.0,0.0,1941.0,A01,2.0,7,0,0.0,1.0,2.0,1.0,10,11,1545,1,2,1,7,6,3,7,2,2
2360,201600001056,1.0,1,3,1,21.0,0.0,0.0,0.0,1981.0,B02,2.0,33,0,0.0,2.0,1.0,1.0,11,19,1815,3,1,4,6,3,4,7,1,2
2361,201600001056,1.0,1,1,1,11.0,0.0,0.0,0.0,1990.0,A01,1.0,7,0,0.0,2.0,3.0,15.0,11,19,1815,3,1,4,6,3,4,33,2,1
2362,201600001057,1.0,1,1,2,11.0,0.0,0.0,0.0,1971.0,A01,1.0,7,0,0.0,1.0,2.0,1.0,11,28,1745,5,2,1,1,6,3,7,2,2
2363,201600001057,0.0,3,3,2,0.0,4.0,3.0,1.0,1931.0,A01,1.0,7,0,0.0,1.0,2.0,1.0,11,28,1745,5,2,1,1,6,3,7,2,2
2364,201600001058,1.0,1,3,2,21.0,0.0,0.0,0.0,1972.0,A01,2.0,1,0,0.0,2.0,0.0,2.0,12,22,1000,1,1,1,7,2,1,7,1,2
2365,201600001058,1.0,1,1,2,13.0,0.0,0.0,0.0,1931.0,B02,2.0,7,0,0.0,2.0,7.0,2.0,12,22,1000,1,1,1,7,2,1,1,2,1
2366,201600001059,1.0,1,1,2,11.0,0.0,0.0,0.0,1944.0,B02,1.0,7,0,0.0,2.0,3.0,19.0,3,27,1830,1,2,2,2,3,4,30,2,1
2367,201600001059,1.0,1,3,1,21.0,0.0,0.0,0.0,2000.0,A01,2.0,30,0,0.0,2.0,1.0,1.0,3,27,1830,1,2,2,2,3,4,7,1,2
2368,201600001060,1.0,1,1,2,11.0,0.0,0.0,0.0,1953.0,A01,1.0,7,0,0.0,2.0,3.0,17.0,4,21,1445,1,2,9,1,1,3,1,2,1
2369,201600001060,1.0,1,3,2,21.0,0.0,0.0,0.0,1968.0,B02,2.0,1,0,0.0,2.0,1.0,1.0,4,21,1445,1,2,9,1,1,3,7,1,2
2370,201600001061,1.0,1,1,2,11.0,0.0,0.0,0.0,1994.0,A01,1.0,7,0,0.0,2.0,7.0,15.0,5,7,1100,1,1,1,1,3,1,33,2,1
2371,201600001061,1.0,1,3,2,21.0,0.0,0.0,0.0,1969.0,B02,2.0,33,0,0.0,2.0,1.0,1.0,5,7,1100,1,1,1,1,3,1,7,1,2
2372,201600001062,1.0,1,1,2,11.0,0.0,0.0,0.0,1935.0,A01,1.0,7,0,0.0,1.0,2.0,1.0,5,27,1745,1,2,1,1,6,3,7,2,2
2373,201600001062,0.0,3,3,2,0.0,5.0,3.0,3.0,2007.0,A01,1.0,7,0,0.0,1.0,2.0,1.0,5,27,1745,1,2,1,1,6,3,7,2,2
2374,201600001063,1.0,1,1,1,11.0,0.0,0.0,0.0,1981.0,B02,2.0,7,0,0.0,2.0,2.0,19.0,6,7,1815,1,1,1,1,3,4,33,2,1
2375,201600001063,1.0,1,3,1,21.0,0.0,0.0,0.0,1950.0,A01,1.0,33,0,0.0,2.0,8.0,1.0,6,7,1815,1,1,1,1,3,4,7,1,2
2376,201600001064,1.0,1,3,1,13.0,0.0,0.0,0.0,1997.0,A01,1.0,7,0,3.0,2.0,5.0,19.0,7,24,1345,1,1,1,8,3,2,7,2,2
2377,201600001064,1.0,1,1,2,11.0,0.0,0.0,0.0,1982.0,B02,2.0,7,0,0.0,2.0,1.0,1.0,7,24,1345,1,1,1,8,3,2,7,2,2
2378,201600001064,2.0,2,1,1,11.0,0.0,0.0,0.0,1952.0,B02,2.0,7,0,0.0,2.0,1.0,1.0,7,24,1345,1,1,1,8,3,2,7,2,2
2379,201600001065,1.0,1,1,1,11.0,0.0,0.0,0.0,1947.0,A01,2.0,10,0,0.0,2.0,1.0,13.0,7,27,1815,1,1,1,8,1,4,7,2,2
2380,201600001065,2.0,2,1,2,11.0,0.0,0.0,0.0,1954.0,A01,2.0,10,0,0.0,2.0,1.0,13.0,7,27,1815,1,1,1,8,1,4,7,2,2
2381,201600001065,3.0,2,1,1,11.0,0.0,0.0,0.0,2008.0,A01,2.0,10,0,0.0,2.0,1.0,13.0,7,27,1815,1,1,1,8,1,4,7,2,2
2382,201600001065,1.0,1,3,2,11.0,0.0,0.0,0.0,1962.0,B02,1.0,7,0,0.0,2.0,1.0,1.0,7,27,1815,1,1,1,8,1,4,10,2,2
2383,201600001066,2.0,2,3,1,21.0,0.0,0.0,0.0,2000.0,B02,1.0,31,0,0.0,2.0,1.0,17.0,8,4,2030,1,2,1,7,3,4,7,1,2
2384,201600001066,1.0,1,3,1,21.0,0.0,0.0,0.0,2000.0,B02,1.0,31,0,0.0,2.0,1.0,17.0,8,4,2030,1,2,1,7,3,4,7,1,2
2385,201600001066,1.0,1,1,1,11.0,0.0,0.0,0.0,1939.0,A01,1.0,7,0,0.0,2.0,3.0,13.0,8,4,2030,1,2,1,7,3,4,31,2,1
2386,201600001067,1.0,1,1,1,11.0,0.0,0.0,0.0,1966.0,A01,1.0,7,0,0.0,2.0,4.0,1.0,8,27,1815,1,1,1,1,2,4,33,2,1
2387,201600001067,1.0,1,3,1,21.0,0.0,0.0,0.0,1955.0,B02,1.0,33,0,0.0,2.0,1.0,1.0,8,27,1815,1,1,1,1,2,4,7,1,2
2388,201600001068,2.0,2,1,2,11.0,0.0,0.0,0.0,2006.0,B02,2.0,7,0,0.0,2.0,1.0,15.0,12,3,1415,1,2,1,1,1,3,7,2,2
2389,201600001068,1.0,1,1,2,11.0,0.0,0.0,0.0,1972.0,B02,2.0,7,0,0.0,2.0,1.0,15.0,12,3,1415,1,2,1,1,1,3,7,2,2
2390,201600001068,1.0,1,3,2,11.0,0.0,0.0,0.0,1957.0,A01,1.0,7,0,0.0,2.0,3.0,1.0,12,3,1415,1,2,1,1,1,3,7,2,2
2391,201600001069,0.0,3,2,2,0.0,1.0,3.0,1.0,1935.0,A01,0.0,7,0,0.0,1.0,2.0,1.0,1,5,845,5,2,1,2,6,1,7,2,2
2392,201600001069,1.0,1,1,2,13.0,0.0,0.0,0.0,1966.0,A01,0.0,7,0,0.0,1.0,2.0,1.0,1,5,845,5,2,1,2,6,1,7,2,2
2393,201600001070,1.0,1,1,2,11.0,0.0,0.0,0.0,1981.0,A01,0.0,7,0,0.0,2.0,3.0,1.0,1,7,1230,1,2,1,2,1,2,1,2,1
2394,201600001070,1.0,1,3,1,21.0,0.0,0.0,0.0,1952.0,B02,0.0,1,0,0.0,2.0,1.0,5.0,1,7,1230,1,2,1,2,1,2,7,1,2
2395,201600001071,1.0,1,1,1,13.0,0.0,0.0,0.0,1930.0,A01,2.0,7,0,0.0,2.0,3.0,13.0,1,17,1900,3,1,1,2,1,4,3,2,0
2396,201600001071,1.0,1,3,2,13.0,0.0,0.0,0.0,1951.0,B02,1.0,3,0,0.0,2.0,1.0,1.0,1,17,1900,3,1,1,2,1,4,7,0,2
2397,201600001072,1.0,1,1,2,11.0,0.0,0.0,0.0,1953.0,A01,0.0,7,0,0.0,1.0,2.0,15.0,4,14,945,1,2,1,2,6,1,7,2,2
2398,201600001072,0.0,3,3,1,0.0,1.0,3.0,1.0,1947.0,A01,0.0,7,0,0.0,1.0,2.0,15.0,4,14,945,1,2,1,2,6,1,7,2,2
2399,201600001073,1.0,1,3,1,11.0,0.0,0.0,0.0,1970.0,A01,1.0,7,0,0.0,2.0,1.0,1.0,9,18,1715,1,1,1,1,1,3,7,2,2
2400,201600001073,1.0,1,3,1,11.0,0.0,0.0,0.0,1949.0,B02,2.0,7,0,0.0,2.0,1.0,1.0,9,18,1715,1,1,1,1,1,3,7,2,2
2401,201600001074,1.0,1,3,1,22.0,0.0,0.0,0.0,1996.0,A01,2.0,30,0,1.0,0.0,1.0,1.0,10,2,45,5,2,1,1,6,0,30,1,1
2402,201600001075,1.0,1,3,1,22.0,0.0,0.0,0.0,1939.0,A01,0.0,1,0,0.0,0.0,2.0,1.0,10,19,1615,1,1,1,1,7,3,1,1,1
2403,201600001076,1.0,1,1,1,21.0,0.0,0.0,0.0,2002.0,A01,0.0,30,0,0.0,1.0,1.0,1.0,11,3,1630,1,2,1,1,6,3,30,1,1
2404,201600001076,0.0,3,3,2,0.0,4.0,3.0,1.0,1930.0,A01,0.0,30,0,0.0,1.0,1.0,1.0,11,3,1630,1,2,1,1,6,3,30,1,1
2405,201600001077,1.0,1,4,1,11.0,0.0,0.0,0.0,1975.0,B02,0.0,10,0,0.0,2.0,2.0,1.0,11,16,245,5,2,2,2,3,0,7,2,2
2406,201600001077,1.0,1,3,1,11.0,0.0,0.0,0.0,1966.0,A01,0.0,7,0,0.0,2.0,5.0,1.0,11,16,245,5,2,2,2,3,0,10,2,2
2407,201600001077,2.0,2,4,1,11.0,0.0,0.0,0.0,1984.0,A01,0.0,7,0,0.0,2.0,5.0,1.0,11,16,245,5,2,2,2,3,0,10,2,2
2408,201600001078,0.0,3,3,2,0.0,1.0,3.0,1.0,1999.0,A01,2.0,7,0,0.0,1.0,2.0,1.0,12,5,1830,5,1,9,1,6,4,7,2,2
2409,201600001078,1.0,1,4,1,11.0,0.0,0.0,0.0,1940.0,A01,2.0,7,0,0.0,1.0,2.0,1.0,12,5,1830,5,1,9,1,6,4,7,2,2
2410,201600001079,1.0,1,1,1,11.0,0.0,0.0,0.0,1959.0,A01,2.0,10,0,0.0,1.0,1.0,2.0,12,21,1800,5,2,1,3,6,4,10,2,2
2411,201600001079,0.0,3,3,2,0.0,4.0,3.0,1.0,1935.0,A01,2.0,10,0,0.0,1.0,1.0,2.0,12,21,1800,5,2,1,3,6,4,10,2,2
2412,201600001080,1.0,1,3,1,23.0,0.0,0.0,0.0,2000.0,A01,2.0,30,0,0.0,0.0,1.0,1.0,1,14,2200,3,1,1,8,6,5,30,1,1
2413,201600001081,1.0,1,3,1,11.0,0.0,0.0,0.0,1994.0,A01,1.0,7,0,3.0,0.0,1.0,1.0,1,23,230,3,1,1,5,7,0,7,2,2
2414,201600001082,1.0,1,1,1,11.0,0.0,0.0,0.0,1968.0,A01,1.0,10,0,0.0,2.0,3.0,13.0,2,22,1930,3,1,1,2,1,4,7,2,2
2415,201600001082,1.0,1,2,2,11.0,0.0,0.0,0.0,1953.0,B02,2.0,7,0,0.0,2.0,2.0,1.0,2,22,1930,3,1,1,2,1,4,10,2,2
2416,201600001083,1.0,1,3,1,21.0,0.0,0.0,0.0,1962.0,A01,1.0,33,0,0.0,0.0,0.0,0.0,4,17,1900,1,1,6,1,7,4,33,1,1
2417,201600001084,1.0,1,3,1,21.0,0.0,0.0,0.0,1966.0,A01,0.0,30,0,0.0,2.0,3.0,16.0,5,11,1345,1,1,1,1,3,2,7,1,2
2418,201600001084,1.0,1,1,2,11.0,0.0,0.0,0.0,1977.0,B02,0.0,7,0,0.0,2.0,3.0,1.0,5,11,1345,1,1,1,1,3,2,30,2,1
2419,201600001085,1.0,1,1,2,11.0,0.0,0.0,0.0,1995.0,A01,1.0,7,0,0.0,2.0,8.0,19.0,7,7,1800,1,2,1,1,3,4,33,2,1
2420,201600001085,1.0,1,3,1,21.0,0.0,0.0,0.0,1987.0,B02,1.0,33,0,0.0,2.0,8.0,17.0,7,7,1800,1,2,1,1,3,4,7,1,2
2421,201600001086,1.0,1,3,2,11.0,0.0,0.0,0.0,1933.0,A01,2.0,7,0,13.0,0.0,1.0,13.0,8,5,930,1,1,1,1,6,1,7,2,2
2422,201600001087,1.0,1,1,2,11.0,0.0,0.0,0.0,1937.0,A01,0.0,7,0,0.0,1.0,1.0,1.0,9,19,1500,1,2,1,1,6,3,7,2,2
2423,201600001087,0.0,3,4,1,0.0,4.0,3.0,2.0,1944.0,A01,0.0,7,0,0.0,1.0,1.0,1.0,9,19,1500,1,2,1,1,6,3,7,2,2
2424,201600001088,1.0,1,4,1,11.0,0.0,0.0,0.0,1962.0,B02,1.0,7,0,0.0,0.0,4.0,1.0,11,15,1615,1,1,1,1,2,3,7,2,2
2425,201600001088,1.0,1,3,1,11.0,0.0,0.0,0.0,1960.0,A01,1.0,7,0,0.0,2.0,1.0,1.0,11,15,1615,1,1,1,1,2,3,7,2,2
2426,201600001089,1.0,1,1,1,11.0,0.0,0.0,0.0,1976.0,A01,1.0,7,0,0.0,0.0,6.0,13.0,11,21,1700,2,1,1,2,5,3,7,2,2
2427,201600001089,1.0,1,1,2,11.0,0.0,0.0,0.0,1950.0,B02,1.0,7,0,0.0,2.0,1.0,21.0,11,21,1700,2,1,1,2,5,3,7,2,2
2428,201600001089,1.0,1,3,2,11.0,0.0,0.0,0.0,1978.0,C03,1.0,7,0,0.0,2.0,1.0,1.0,11,21,1700,2,1,1,2,5,3,7,2,2
2429,201600001089,1.0,1,1,1,11.0,0.0,0.0,0.0,1956.0,D04,1.0,7,0,0.0,2.0,1.0,21.0,11,21,1700,2,1,1,2,5,3,7,2,2
2430,201600001090,1.0,1,1,2,11.0,0.0,0.0,0.0,1959.0,A01,2.0,7,0,0.0,1.0,2.0,1.0,11,23,1800,5,2,1,2,6,4,7,2,2
2431,201600001090,0.0,3,4,1,0.0,4.0,4.0,1.0,1946.0,A01,2.0,7,0,0.0,1.0,2.0,1.0,11,23,1800,5,2,1,2,6,4,7,2,2
2432,201600001091,1.0,1,4,1,21.0,0.0,0.0,0.0,2000.0,B02,2.0,2,0,0.0,2.0,1.0,1.0,11,25,800,2,1,2,1,3,1,7,1,2
2433,201600001091,1.0,1,1,1,11.0,0.0,0.0,0.0,1973.0,A01,0.0,7,0,0.0,2.0,7.0,19.0,11,25,800,2,1,2,1,3,1,2,2,1
2434,201600001092,1.0,1,1,1,11.0,0.0,0.0,0.0,1985.0,A01,1.0,7,0,0.0,2.0,1.0,13.0,12,2,600,3,1,1,1,1,1,7,2,2
2435,201600001092,1.0,1,3,2,11.0,0.0,0.0,0.0,1991.0,B02,2.0,7,0,0.0,2.0,1.0,1.0,12,2,600,3,1,1,1,1,1,7,2,2
2436,201600001093,1.0,1,3,1,11.0,0.0,0.0,0.0,1991.0,A01,2.0,7,0,2.0,0.0,2.0,14.0,12,20,2315,3,1,1,2,6,5,7,2,2
2437,201600001093,2.0,2,3,2,11.0,0.0,0.0,0.0,1991.0,A01,2.0,7,0,2.0,0.0,2.0,14.0,12,20,2315,3,1,1,2,6,5,7,2,2
2438,201600001094,1.0,1,1,1,11.0,0.0,0.0,0.0,1969.0,A01,2.0,7,0,0.0,0.0,0.0,1.0,1,12,1445,1,2,6,2,1,3,1,2,1
2439,201600001094,1.0,1,4,1,22.0,0.0,0.0,0.0,1974.0,B02,1.0,1,0,0.0,2.0,8.0,1.0,1,12,1445,1,2,6,2,1,3,7,1,2
2440,201600001095,1.0,1,2,1,12.0,0.0,0.0,0.0,1985.0,A01,2.0,7,0,0.0,0.0,2.0,14.0,3,16,215,3,1,1,1,7,0,7,2,2
2441,201600001096,1.0,1,3,1,11.0,0.0,0.0,0.0,1988.0,A01,2.0,7,0,0.0,2.0,1.0,1.0,4,11,1830,1,1,1,1,4,4,7,2,2
2442,201600001096,1.0,1,4,1,11.0,0.0,0.0,0.0,1938.0,B02,2.0,7,0,0.0,2.0,4.0,1.0,4,11,1830,1,1,1,1,4,4,7,2,2
2443,201600001096,2.0,2,4,2,11.0,0.0,0.0,0.0,1944.0,B02,2.0,7,0,0.0,2.0,4.0,1.0,4,11,1830,1,1,1,1,4,4,7,2,2
2444,201600001096,1.0,1,1,1,11.0,0.0,0.0,0.0,1980.0,C03,2.0,7,0,0.0,0.0,4.0,15.0,4,11,1830,1,1,1,1,4,4,7,2,2
2445,201600001097,1.0,1,1,2,11.0,0.0,0.0,0.0,1989.0,A01,0.0,7,0,0.0,1.0,4.0,4.0,7,15,1745,1,2,1,1,6,3,7,2,2
2446,201600001097,0.0,3,4,2,0.0,1.0,3.0,1.0,1947.0,A01,0.0,7,0,0.0,1.0,4.0,4.0,7,15,1745,1,2,1,1,6,3,7,2,2
2447,201600001098,1.0,1,3,1,21.0,0.0,0.0,0.0,2001.0,A01,2.0,2,0,0.0,2.0,1.0,13.0,7,26,1215,1,2,1,1,1,2,7,1,2
2448,201600001098,1.0,1,1,1,11.0,0.0,0.0,0.0,1980.0,B02,1.0,7,0,0.0,2.0,6.0,23.0,7,26,1215,1,2,1,1,1,2,2,2,1
2449,201600001099,1.0,1,3,1,11.0,0.0,0.0,0.0,1996.0,A01,2.0,10,0,0.0,9.0,3.0,0.0,7,31,745,1,1,6,9,6,1,10,2,2
2450,201600001099,2.0,2,3,1,11.0,0.0,0.0,0.0,1996.0,A01,2.0,10,0,0.0,9.0,3.0,0.0,7,31,745,1,1,6,9,6,1,10,2,2
2451,201600001100,1.0,1,3,1,21.0,0.0,0.0,0.0,2000.0,A01,0.0,2,0,0.0,0.0,1.0,1.0,8,8,1900,1,2,1,1,7,4,2,1,1
2452,201600001101,1.0,1,3,1,21.0,0.0,0.0,0.0,1995.0,A01,1.0,30,0,11.0,0.0,1.0,1.0,8,27,630,2,2,1,1,6,1,30,1,1
2453,201600001102,1.0,1,4,1,11.0,0.0,0.0,0.0,1997.0,A01,2.0,7,0,0.0,1.0,2.0,1.0,10,16,2115,3,1,1,1,6,4,7,2,2
2454,201600001102,0.0,3,3,1,0.0,1.0,1.0,1.0,1971.0,A01,2.0,7,0,0.0,1.0,2.0,1.0,10,16,2115,3,1,1,1,6,4,7,2,2
2455,201600001103,1.0,1,4,2,11.0,0.0,0.0,0.0,1935.0,A01,1.0,7,0,13.0,0.0,2.0,1.0,12,3,815,2,1,1,9,7,1,7,2,2
2456,201600001104,1.0,1,4,2,11.0,0.0,0.0,0.0,1995.0,B02,0.0,7,0,0.0,2.0,3.0,1.0,12,16,1715,1,2,1,1,3,3,7,2,2
2457,201600001104,1.0,1,3,2,11.0,0.0,0.0,0.0,1930.0,A01,0.0,7,0,0.0,2.0,3.0,13.0,12,16,1715,1,2,1,1,3,3,7,2,2
2458,201600001105,1.0,1,1,1,11.0,0.0,0.0,0.0,1987.0,A01,1.0,7,0,0.0,1.0,2.0,1.0,1,22,830,2,2,1,3,6,1,7,2,2
2459,201600001105,0.0,3,3,1,0.0,2.0,3.0,1.0,1997.0,A01,1.0,7,0,0.0,1.0,2.0,1.0,1,22,830,2,2,1,3,6,1,7,2,2
2460,201600001106,1.0,1,4,1,91.0,0.0,0.0,0.0,1983.0,A01,0.0,21,0,0.0,2.0,7.0,15.0,5,7,1600,1,1,1,1,3,3,7,0,2
2461,201600001106,1.0,1,3,1,11.0,0.0,0.0,0.0,1997.0,B02,0.0,7,0,0.0,2.0,1.0,1.0,5,7,1600,1,1,1,1,3,3,21,2,0
2462,201600001107,1.0,1,1,1,11.0,0.0,0.0,0.0,1948.0,B02,1.0,7,0,0.0,2.0,1.0,1.0,7,13,1030,1,1,1,1,1,1,7,2,2
2463,201600001107,1.0,1,3,1,11.0,0.0,0.0,0.0,1956.0,A01,2.0,7,0,0.0,2.0,1.0,1.0,7,13,1030,1,1,1,1,1,1,7,2,2
2464,201600001108,1.0,1,1,1,11.0,0.0,0.0,0.0,1954.0,A01,0.0,7,0,0.0,2.0,1.0,2.0,9,28,1145,1,2,6,1,2,1,1,2,1
2465,201600001108,1.0,1,3,1,21.0,0.0,0.0,0.0,1954.0,B02,0.0,1,0,0.0,0.0,4.0,2.0,9,28,1145,1,2,6,1,2,1,7,1,2
2466,201600001109,1.0,1,3,1,21.0,0.0,0.0,0.0,1973.0,A01,1.0,31,0,0.0,2.0,2.0,17.0,10,11,730,2,2,1,1,3,1,10,1,2
2467,201600001109,1.0,1,1,1,11.0,0.0,0.0,0.0,1974.0,B02,1.0,10,0,0.0,2.0,6.0,15.0,10,11,730,2,2,1,1,3,1,31,2,1
2468,201600001110,1.0,1,3,2,11.0,0.0,0.0,0.0,1995.0,A01,0.0,7,0,0.0,2.0,3.0,15.0,10,26,1730,1,2,2,1,3,3,10,2,2
2469,201600001110,1.0,1,1,1,11.0,0.0,0.0,0.0,1990.0,B02,0.0,10,0,0.0,2.0,1.0,1.0,10,26,1730,1,2,2,1,3,3,7,2,2
2470,201600001111,0.0,3,3,2,0.0,4.0,3.0,2.0,2013.0,A01,0.0,7,0,0.0,1.0,2.0,1.0,10,31,1915,5,2,1,1,6,4,7,2,2
2471,201600001111,0.0,3,4,2,0.0,4.0,3.0,2.0,1983.0,A01,0.0,7,0,0.0,1.0,2.0,1.0,10,31,1915,5,2,1,1,6,4,7,2,2
2472,201600001111,1.0,1,4,2,11.0,0.0,0.0,0.0,1946.0,A01,0.0,7,0,0.0,1.0,2.0,1.0,10,31,1915,5,2,1,1,6,4,7,2,2
2473,201600001112,2.0,2,2,2,11.0,0.0,0.0,0.0,1943.0,B02,1.0,7,0,0.0,2.0,1.0,1.0,1,24,1215,1,1,1,1,1,2,7,2,2
2474,201600001112,1.0,1,2,1,11.0,0.0,0.0,0.0,1943.0,B02,1.0,7,0,0.0,2.0,1.0,1.0,1,24,1215,1,1,1,1,1,2,7,2,2
2475,201600001112,1.0,1,3,1,11.0,0.0,0.0,0.0,1993.0,A01,2.0,7,0,0.0,2.0,1.0,13.0,1,24,1215,1,1,1,1,1,2,7,2,2