,Num_Acc,place,catu,grav,sexe,secu,locp,actp,etatp,an_nais,num_veh,senc,catv,occutc,obs,obsm,choc,manv,mois,jour,hrmn,lum,agg,int,atm,col,mom,catvopp,catv_gen,catvopp_gen
2630,201600001182,1.0,1,1,1,11.0,0.0,0.0,0.0,1949.0,A01,1.0,7,0,0.0,2.0,1.0,6.0,6,18,1830,1,1,1,1,1,4,33,2,1
2631,201600001182,2.0,2,1,1,11.0,0.0,0.0,0.0,1942.0,A01,1.0,7,0,0.0,2.0,1.0,6.0,6,18,1830,1,1,1,1,1,4,33,2,1
2632,201600001182,1.0,1,3,1,21.0,0.0,0.0,0.0,1993.0,B02,2.0,33,0,0.0,2.0,2.0,1.0,6,18,1830,1,1,1,1,1,4,7,1,2
2633,201600001183,1.0,1,3,1,12.0,0.0,0.0,0.0,1971.0,A01,1.0,7,0,13.0,0.0,1.0,1.0,7,1,500,3,1,1,1,7,0,7,2,2
2634,201600001184,1.0,1,4,2,13.0,0.0,0.0,0.0,1955.0,A01,2.0,10,0,0.0,2.0,6.0,15.0,7,15,1900,1,1,1,1,3,4,33,2,1
2635,201600001184,1.0,1,3,1,21.0,0.0,0.0,0.0,1974.0,B02,2.0,33,0,0.0,2.0,1.0,17.0,7,15,1900,1,1,1,1,3,4,10,1,2
2636,201600001185,2.0,2,1,1,11.0,0.0,0.0,0.0,1972.0,B02,1.0,10,0,0.0,2.0,1.0,1.0,2,11,815,1,1,1,4,3,1,7,2,2
2637,201600001185,1.0,1,1,1,11.0,0.0,0.0,0.0,1991.0,B02,1.0,10,0,0.0,2.0,1.0,1.0,2,11,815,1,1,1,4,3,1,7,2,2
2638,201600001185,1.0,1,2,2,11.0,0.0,0.0,0.0,1991.0,A01,2.0,7,0,0.0,2.0,5.0,1.0,2,11,815,1,1,1,4,3,1,10,2,2
2639,201600001186,1.0,1,1,1,11.0,0.0,0.0,0.0,1984.0,A01,1.0,7,0,0.0,1.0,1.0,1.0,3,2,730,2,1,1,2,6,1,7,2,2
2640,201600001186,0.0,3,2,2,0.0,1.0,3.0,1.0,2001.0,A01,1.0,7,0,0.0,1.0,1.0,1.0,3,2,730,2,1,1,2,6,1,7,2,2
2641,201600001187,1.0,1,2,1,11.0,0.0,0.0,0.0,1983.0,A01,1.0,7,0,0.0,2.0,7.0,1.0,4,8,1030,1,1,1,1,3,1,15,2,3
2642,201600001187,1.0,1,1,2,11.0,0.0,0.0,0.0,1985.0,B02,2.0,15,0,0.0,2.0,1.0,1.0,4,8,1030,1,1,1,1,3,1,7,3,2
2643,201600001188,1.0,1,1,1,11.0,0.0,0.0,0.0,1953.0,A01,1.0,7,0,0.0,2.0,8.0,1.0,6,6,1915,1,1,1,1,3,4,2,2,1
2644,201600001188,2.0,2,1,2,11.0,0.0,0.0,0.0,1997.0,A01,1.0,7,0,0.0,2.0,8.0,1.0,6,6,1915,1,1,1,1,3,4,2,2,1
2645,201600001188,1.0,1,3,1,22.0,0.0,0.0,0.0,2000.0,B02,2.0,2,0,0.0,2.0,1.0,19.0,6,6,1915,1,1,1,1,3,4,7,1,2
2646,201600001189,5.0,2,2,1,12.0,0.0,0.0,0.0,1979.0,A01,1.0,7,0,13.0,0.0,3.0,0.0,7,8,645,2,1,1,1,7,1,7,2,2
2647,201600001189,1.0,1,1,1,11.0,0.0,0.0,0.0,1984.0,A01,1.0,7,0,13.0,0.0,3.0,0.0,7,8,645,2,1,1,1,7,1,7,2,2
2648,201600001189,2.0,2,4,1,11.0,0.0,0.0,0.0,1981.0,A01,1.0,7,0,13.0,0.0,3.0,0.0,7,8,645,2,1,1,1,7,1,7,2,2
2649,201600001190,1.0,1,2,1,21.0,0.0,0.0,0.0,1989.0,B02,2.0,33,0,0.0,2.0,1.0,1.0,8,6,1930,1,1,1,1,2,4,7,1,2
2650,201600001190,1.0,1,1,1,11.0,0.0,0.0,0.0,1970.0,A01,1.0,7,0,0.0,2.0,5.0,15.0,8,6,1930,1,1,1,1,2,4,33,2,1
2651,201600001191,1.0,1,3,1,21.0,0.0,0.0,0.0,1974.0,B02,2.0,31,0,0.0,2.0,6.0,1.0,8,25,715,2,1,1,5,3,1,7,1,2
2652,201600001191,1.0,1,1,1,11.0,0.0,0.0,0.0,1994.0,A01,1.0,7,0,0.0,2.0,3.0,6.0,8,25,715,2,1,1,5,3,1,31,2,1
2653,201600001192,1.0,1,3,2,11.0,0.0,0.0,0.0,1940.0,A01,2.0,7,0,0.0,2.0,3.0,5.0,12,6,1800,3,1,1,1,1,4,7,2,2
2654,201600001192,1.0,1,3,1,11.0,0.0,0.0,0.0,1988.0,B02,1.0,7,0,0.0,0.0,3.0,1.0,12,6,1800,3,1,1,1,1,4,7,2,2
2655,201600001193,2.0,2,1,2,11.0,0.0,0.0,0.0,2005.0,C03,2.0,10,0,0.0,2.0,1.0,1.0,2,27,1630,1,1,1,1,5,3,10,2,2
2656,201600001193,5.0,2,1,1,11.0,0.0,0.0,0.0,2004.0,C03,2.0,10,0,0.0,2.0,1.0,1.0,2,27,1630,1,1,1,1,5,3,10,2,2
2657,201600001193,4.0,2,1,1,11.0,0.0,0.0,0.0,2005.0,C03,2.0,10,0,0.0,2.0,1.0,1.0,2,27,1630,1,1,1,1,5,3,10,2,2
2658,201600001193,3.0,2,1,1,11.0,0.0,0.0,0.0,2005.0,C03,2.0,10,0,0.0,2.0,1.0,1.0,2,27,1630,1,1,1,1,5,3,10,2,2
2659,201600001193,1.0,1,1,1,11.0,0.0,0.0,0.0,1978.0,C03,2.0,10,0,0.0,2.0,1.0,1.0,2,27,1630,1,1,1,1,5,3,10,2,2
2660,201600001193,6.0,2,1,1,11.0,0.0,0.0,0.0,2005.0,C03,2.0,10,0,0.0,2.0,1.0,1.0,2,27,1630,1,1,1,1,5,3,10,2,2
2661,201600001193,7.0,2,1,1,31.0,0.0,0.0,0.0,2012.0,C03,2.0,10,0,0.0,2.0,1.0,1.0,2,27,1630,1,1,1,1,5,3,10,2,2
2662,201600001193,1.0,1,3,2,11.0,0.0,0.0,0.0,1977.0,B02,2.0,10,0,0.0,2.0,3.0,1.0,2,27,1630,1,1,1,1,5,3,10,2,2
2663,201600001193,2.0,2,3,1,11.0,0.0,0.0,0.0,2005.0,B02,2.0,10,0,0.0,2.0,3.0,1.0,2,27,1630,1,1,1,1,5,3,10,2,2
2664,201600001193,4.0,2,3,1,13.0,0.0,0.0,0.0,1989.0,A01,1.0,10,0,0.0,2.0,3.0,11.0,2,27,1630,1,1,1,1,5,3,10,2,2
2665,201600001193,3.0,2,2,2,13.0,0.0,0.0,0.0,1992.0,A01,1.0,10,0,0.0,2.0,3.0,11.0,2,27,1630,1,1,1,1,5,3,10,2,2
2666,201600001193,2.0,2,3,1,13.0,0.0,0.0,0.0,1988.0,A01,1.0,10,0,0.0,2.0,3.0,11.0,2,27,1630,1,1,1,1,5,3,10,2,2
2667,201600001193,1.0,1,2,1,13.0,0.0,0.0,0.0,1993.0,A01,1.0,10,0,0.0,2.0,3.0,11.0,2,27,1630,1,1,1,1,5,3,10,2,2
2668,201600001194,1.0,1,3,1,11.0,0.0,0.0,0.0,1982.0,A01,2.0,10,0,0.0,2.0,3.0,19.0,4,18,745,1,1,2,1,3,1,10,2,2
2669,201600001194,1.0,1,3,1,11.0,0.0,0.0,0.0,1958.0,B02,2.0,10,0,0.0,2.0,1.0,1.0,4,18,745,1,1,2,1,3,1,10,2,2
2670,201600001195,1.0,1,3,2,12.0,0.0,0.0,0.0,1965.0,A01,1.0,7,0,8.0,0.0,1.0,0.0,5,2,1700,1,1,1,1,6,3,7,2,2
2671,201600001196,1.0,1,1,2,11.0,0.0,0.0,0.0,1940.0,A01,0.0,10,0,0.0,2.0,5.0,15.0,5,23,1930,1,1,1,1,1,4,33,2,1
2672,201600001196,1.0,1,3,2,21.0,0.0,0.0,0.0,1969.0,B02,0.0,33,0,0.0,2.0,9.0,1.0,5,23,1930,1,1,1,1,1,4,10,1,2
2673,201600001197,1.0,1,4,2,21.0,0.0,0.0,0.0,1948.0,A01,2.0,1,0,0.0,0.0,0.0,1.0,6,1,1500,1,1,1,1,6,3,1,1,1
2674,201600001198,1.0,1,1,1,11.0,0.0,0.0,0.0,1957.0,A01,1.0,21,0,0.0,0.0,6.0,15.0,6,8,815,1,1,1,1,3,1,33,0,1
2675,201600001198,1.0,1,2,1,21.0,0.0,0.0,0.0,1951.0,B02,1.0,33,0,0.0,2.0,1.0,17.0,6,8,815,1,1,1,1,3,1,21,1,0
2676,201600001198,2.0,2,3,2,21.0,0.0,0.0,0.0,1949.0,B02,1.0,33,0,0.0,2.0,1.0,17.0,6,8,815,1,1,1,1,3,1,21,1,0
2677,201600001199,1.0,1,3,1,11.0,0.0,0.0,0.0,1981.0,A01,1.0,10,0,0.0,2.0,1.0,13.0,6,20,1500,1,1,1,2,1,3,10,2,2
2678,201600001199,1.0,1,3,1,11.0,0.0,0.0,0.0,1984.0,B02,2.0,10,0,0.0,2.0,1.0,1.0,6,20,1500,1,1,1,2,1,3,10,2,2
2679,201600001200,1.0,1,3,1,21.0,0.0,0.0,0.0,1990.0,A01,1.0,33,0,0.0,2.0,2.0,2.0,8,13,1615,1,1,1,1,4,3,10,1,2
2680,201600001200,1.0,1,1,2,11.0,0.0,0.0,0.0,1966.0,B02,1.0,10,0,0.0,0.0,4.0,0.0,8,13,1615,1,1,1,1,4,3,33,2,1
2681,201600001200,2.0,2,1,2,11.0,0.0,0.0,0.0,1941.0,B02,1.0,10,0,0.0,0.0,4.0,0.0,8,13,1615,1,1,1,1,4,3,33,2,1
2682,201600001200,1.0,1,3,1,21.0,0.0,0.0,0.0,1990.0,C03,1.0,33,0,0.0,2.0,1.0,1.0,8,13,1615,1,1,1,1,4,3,10,1,2
2683,201600001200,1.0,1,3,1,21.0,0.0,0.0,0.0,1990.0,D04,1.0,33,0,0.0,2.0,1.0,0.0,8,13,1615,1,1,1,1,4,3,10,1,2
2684,201600001201,1.0,1,4,1,11.0,0.0,0.0,0.0,1978.0,B02,2.0,7,0,0.0,2.0,1.0,1.0,9,15,745,2,1,1,3,1,1,7,2,2
2685,201600001201,1.0,1,4,2,11.0,0.0,0.0,0.0,1991.0,A01,1.0,7,0,0.0,2.0,3.0,13.0,9,15,745,2,1,1,3,1,1,7,2,2
2686,201600001202,1.0,1,2,1,11.0,0.0,0.0,0.0,1997.0,A01,2.0,7,0,6.0,0.0,1.0,1.0,10,22,545,5,2,1,1,6,0,7,2,2
2687,201600001202,5.0,2,3,1,12.0,0.0,0.0,0.0,1996.0,A01,2.0,7,0,6.0,0.0,1.0,1.0,10,22,545,5,2,1,1,6,0,7,2,2
2688,201600001203,1.0,1,1,2,11.0,0.0,0.0,0.0,1960.0,A01,1.0,7,0,0.0,1.0,2.0,1.0,11,23,1815,3,1,1,3,6,4,7,2,2
2689,201600001203,0.0,3,3,1,0.0,1.0,1.0,1.0,1995.0,A01,1.0,7,0,0.0,1.0,2.0,1.0,11,23,1815,3,1,1,3,6,4,7,2,2
2690,201600001204,1.0,1,1,1,11.0,0.0,0.0,0.0,1956.0,A01,1.0,38,1,0.0,1.0,1.0,0.0,9,25,545,4,1,1,1,6,0,38,3,3
2691,201600001204,0.0,3,2,1,0.0,1.0,9.0,1.0,1996.0,A01,1.0,38,1,0.0,1.0,1.0,0.0,9,25,545,4,1,1,1,6,0,38,3,3
2692,201600001205,0.0,3,3,1,0.0,6.0,1.0,1.0,1948.0,A01,1.0,7,0,0.0,1.0,0.0,0.0,1,7,845,1,1,1,1,6,1,7,2,2
2693,201600001205,1.0,1,1,1,11.0,0.0,0.0,0.0,1979.0,A01,1.0,7,0,0.0,1.0,0.0,0.0,1,7,845,1,1,1,1,6,1,7,2,2
2694,201600001206,1.0,1,3,1,11.0,0.0,0.0,0.0,1994.0,B02,2.0,7,0,0.0,2.0,1.0,1.0,1,14,1915,1,1,1,1,1,4,7,2,2
2695,201600001206,1.0,1,1,1,11.0,0.0,0.0,0.0,1971.0,A01,1.0,7,0,0.0,2.0,1.0,21.0,1,14,1915,1,1,1,1,1,4,7,2,2
2696,201600001207,1.0,1,3,1,11.0,0.0,0.0,0.0,1945.0,A01,1.0,7,0,6.0,0.0,1.0,1.0,1,15,1530,1,1,1,8,2,3,7,2,2
2697,201600001207,1.0,1,1,1,11.0,0.0,0.0,0.0,1968.0,B02,1.0,7,0,14.0,0.0,1.0,1.0,1,15,1530,1,1,1,8,2,3,7,2,2
2698,201600001208,0.0,3,4,1,0.0,4.0,3.0,1.0,1997.0,A01,0.0,7,0,0.0,1.0,6.0,1.0,1,28,715,4,2,1,1,6,1,7,2,2
2699,201600001209,1.0,1,4,1,11.0,0.0,0.0,0.0,1957.0,B02,1.0,7,0,0.0,2.0,1.0,5.0,3,29,845,1,1,1,1,1,1,7,2,2
2700,201600001209,1.0,1,3,2,11.0,0.0,0.0,0.0,1974.0,A01,2.0,7,0,0.0,2.0,1.0,1.0,3,29,845,1,1,1,1,1,1,7,2,2
2701,201600001210,0.0,3,3,2,0.0,4.0,3.0,1.0,2008.0,A01,2.0,7,0,0.0,1.0,3.0,1.0,5,10,1745,1,2,1,1,6,3,7,2,2
2702,201600001210,1.0,1,1,2,11.0,0.0,0.0,0.0,1960.0,A01,2.0,7,0,0.0,1.0,3.0,1.0,5,10,1745,1,2,1,1,6,3,7,2,2
2703,201600001211,1.0,1,3,1,21.0,0.0,0.0,0.0,1993.0,B02,2.0,33,0,0.0,0.0,1.0,1.0,6,3,1845,1,1,1,1,1,4,7,1,2
2704,201600001211,1.0,1,1,1,11.0,0.0,0.0,0.0,1974.0,A01,1.0,7,0,0.0,0.0,2.0,15.0,6,3,1845,1,1,1,1,1,4,33,2,1
2705,201600001212,1.0,1,3,1,21.0,0.0,0.0,0.0,1989.0,A01,1.0,32,0,15.0,0.0,1.0,14.0,6,5,715,1,2,1,1,6,1,32,1,1
2706,201600001213,1.0,1,4,1,11.0,0.0,0.0,0.0,1997.0,B02,1.0,10,0,0.0,2.0,3.0,15.0,6,25,2100,2,1,2,1,1,4,10,2,2
2707,201600001213,1.0,1,4,1,11.0,0.0,0.0,0.0,1992.0,A01,2.0,10,0,0.0,2.0,1.0,1.0,6,25,2100,2,1,2,1,1,4,10,2,2
2708,201600001213,2.0,2,4,1,11.0,0.0,0.0,0.0,1998.0,A01,2.0,10,0,0.0,2.0,1.0,1.0,6,25,2100,2,1,2,1,1,4,10,2,2
2709,201600001213,3.0,2,3,2,11.0,0.0,0.0,0.0,2001.0,A01,2.0,10,0,0.0,2.0,1.0,1.0,6,25,2100,2,1,2,1,1,4,10,2,2
2710,201600001213,4.0,2,3,2,11.0,0.0,0.0,0.0,1999.0,A01,2.0,10,0,0.0,2.0,1.0,1.0,6,25,2100,2,1,2,1,1,4,10,2,2
2711,201600001214,1.0,1,3,1,13.0,0.0,0.0,0.0,1982.0,A01,2.0,7,0,2.0,0.0,1.0,1.0,7,8,45,3,1,1,1,6,0,7,2,2
2712,201600001215,4.0,2,3,2,11.0,0.0,0.0,0.0,1997.0,A01,1.0,7,0,2.0,0.0,2.0,1.0,7,31,700,1,1,1,1,6,1,7,2,2
2713,201600001215,3.0,2,3,1,12.0,0.0,0.0,0.0,1987.0,A01,1.0,7,0,2.0,0.0,2.0,1.0,7,31,700,1,1,1,1,6,1,7,2,2
2714,201600001215,5.0,2,3,1,12.0,0.0,0.0,0.0,1993.0,A01,1.0,7,0,2.0,0.0,2.0,1.0,7,31,700,1,1,1,1,6,1,7,2,2
2715,201600001215,1.0,1,3,1,11.0,0.0,0.0,0.0,1987.0,A01,1.0,7,0,2.0,0.0,2.0,1.0,7,31,700,1,1,1,1,6,1,7,2,2
2716,201600001215,2.0,2,3,2,11.0,0.0,0.0,0.0,1999.0,A01,1.0,7,0,2.0,0.0,2.0,1.0,7,31,700,1,1,1,1,6,1,7,2,2
2717,201600001216,1.0,1,4,2,11.0,0.0,0.0,0.0,1962.0,A01,1.0,7,0,0.0,2.0,6.0,13.0,8,15,1700,1,1,1,1,4,3,7,2,2
2718,201600001216,2.0,2,4,1,11.0,0.0,0.0,0.0,1958.0,A01,1.0,7,0,0.0,2.0,6.0,13.0,8,15,1700,1,1,1,1,4,3,7,2,2
2719,201600001216,1.0,1,3,2,11.0,0.0,0.0,0.0,1982.0,C03,2.0,7,0,0.0,2.0,1.0,1.0,8,15,1700,1,1,1,1,4,3,7,2,2
2720,201600001216,1.0,1,4,1,11.0,0.0,0.0,0.0,1961.0,B02,2.0,7,0,0.0,2.0,6.0,1.0,8,15,1700,1,1,1,1,4,3,7,2,2
2721,201600001216,2.0,2,4,2,11.0,0.0,0.0,0.0,1959.0,B02,2.0,7,0,0.0,2.0,6.0,1.0,8,15,1700,1,1,1,1,4,3,7,2,2
2722,201600001216,1.0,1,4,2,11.0,0.0,0.0,0.0,1966.0,D04,2.0,7,0,0.0,2.0,1.0,1.0,8,15,1700,1,1,1,1,4,3,7,2,2
2723,201600001216,2.0,2,4,2,11.0,0.0,0.0,0.0,1962.0,D04,2.0,7,0,0.0,2.0,1.0,1.0,8,15,1700,1,1,1,1,4,3,7,2,2
2724,201600001216,3.0,2,4,1,11.0,0.0,0.0,0.0,1998.0,D04,2.0,7,0,0.0,2.0,1.0,1.0,8,15,1700,1,1,1,1,4,3,7,2,2
2725,201600001216,4.0,2,4,2,11.0,0.0,0.0,0.0,2000.0,D04,2.0,7,0,0.0,2.0,1.0,1.0,8,15,1700,1,1,1,1,4,3,7,2,2
2726,201600001216,5.0,2,4,2,11.0,0.0,0.0,0.0,1959.0,D04,2.0,7,0,0.0,2.0,1.0,1.0,8,15,1700,1,1,1,1,4,3,7,2,2
2727,201600001217,1.0,1,1,1,11.0,0.0,0.0,0.0,1946.0,A01,1.0,7,0,0.0,2.0,8.0,15.0,8,23,1500,1,1,1,1,3,3,33,2,1
2728,201600001217,2.0,2,1,2,11.0,0.0,0.0,0.0,1945.0,A01,1.0,7,0,0.0,2.0,8.0,15.0,8,23,1500,1,1,1,1,3,3,33,2,1
2729,201600001217,1.0,1,3,1,21.0,0.0,0.0,0.0,1968.0,B02,2.0,33,0,0.0,2.0,1.0,1.0,8,23,1500,1,1,1,1,3,3,7,1,2
2730,201600001217,2.0,2,3,2,21.0,0.0,0.0,0.0,1970.0,B02,2.0,33,0,0.0,2.0,1.0,1.0,8,23,1500,1,1,1,1,3,3,7,1,2
2731,201600001218,1.0,1,3,1,21.0,0.0,0.0,0.0,1964.0,B02,0.0,33,0,0.0,2.0,1.0,1.0,9,15,1330,1,2,7,1,1,2,10,1,2
2732,201600001218,1.0,1,1,2,12.0,0.0,0.0,0.0,1957.0,A01,0.0,10,0,0.0,2.0,5.0,15.0,9,15,1330,1,2,7,1,1,2,33,2,1
2733,201600001219,1.0,1,2,1,21.0,0.0,0.0,0.0,1992.0,B02,2.0,33,0,0.0,2.0,1.0,1.0,10,7,1545,1,1,1,1,3,3,7,1,2
2734,201600001219,2.0,2,1,2,11.0,0.0,0.0,0.0,1954.0,A01,1.0,7,0,0.0,2.0,7.0,15.0,10,7,1545,1,1,1,1,3,3,33,2,1
2735,201600001219,1.0,1,1,1,11.0,0.0,0.0,0.0,1955.0,A01,1.0,7,0,0.0,2.0,7.0,15.0,10,7,1545,1,1,1,1,3,3,33,2,1
2736,201600001220,1.0,1,3,1,21.0,0.0,0.0,0.0,1993.0,A01,1.0,1,0,0.0,2.0,0.0,2.0,10,15,1130,1,2,6,1,6,1,1,1,1
2737,201600001221,1.0,1,4,1,11.0,0.0,0.0,0.0,1985.0,A01,1.0,7,0,0.0,2.0,3.0,13.0,10,27,915,1,1,1,1,1,1,7,2,2
2738,201600001221,1.0,1,4,2,11.0,0.0,0.0,0.0,1965.0,B02,2.0,7,0,0.0,2.0,3.0,1.0,10,27,915,1,1,1,1,1,1,7,2,2
2739,201600001222,1.0,1,1,1,11.0,0.0,0.0,0.0,1991.0,A01,0.0,7,0,0.0,9.0,3.0,1.0,12,18,1115,1,2,6,1,1,1,1,2,1
2740,201600001222,1.0,1,4,1,0.0,0.0,0.0,0.0,1947.0,B02,0.0,1,0,0.0,2.0,0.0,1.0,12,18,1115,1,2,6,1,1,1,7,1,2
2741,201600001223,1.0,1,3,2,11.0,0.0,0.0,0.0,1980.0,A01,2.0,7,0,0.0,2.0,6.0,11.0,1,27,1730,1,1,1,3,3,3,14,2,3
2742,201600001223,1.0,1,1,1,11.0,0.0,0.0,0.0,1987.0,B02,2.0,14,0,0.0,2.0,2.0,17.0,1,27,1730,1,1,1,3,3,3,7,3,2
2743,201600001224,1.0,1,3,1,12.0,0.0,0.0,0.0,1981.0,A01,1.0,7,0,13.0,0.0,1.0,13.0,2,20,2045,3,1,1,2,6,4,7,2,2
2744,201600001225,0.0,3,3,1,0.0,1.0,1.0,1.0,1959.0,A01,2.0,7,0,0.0,1.0,1.0,1.0,4,25,2215,3,1,1,1,6,5,7,2,2
2745,201600001226,1.0,1,3,1,12.0,0.0,0.0,0.0,1986.0,A01,0.0,7,0,6.0,2.0,1.0,1.0,5,1,230,3,2,1,1,6,0,7,2,2
2746,201600001227,1.0,1,3,1,21.0,0.0,0.0,0.0,1967.0,A01,1.0,34,0,15.0,2.0,2.0,1.0,5,7,2245,3,1,1,2,6,5,34,1,1
2747,201600001228,1.0,1,1,1,11.0,0.0,0.0,0.0,1996.0,A01,1.0,7,0,6.0,0.0,1.0,1.0,7,25,115,3,2,1,1,6,0,7,2,2
2748,201600001228,2.0,2,3,2,13.0,0.0,0.0,0.0,1997.0,A01,1.0,7,0,6.0,0.0,1.0,1.0,7,25,115,3,2,1,1,6,0,7,2,2
2749,201600001228,5.0,2,3,1,13.0,0.0,0.0,0.0,1996.0,A01,1.0,7,0,6.0,0.0,1.0,1.0,7,25,115,3,2,1,1,6,0,7,2,2
2750,201600001229,1.0,1,3,2,11.0,0.0,0.0,0.0,1943.0,B02,1.0,7,0,0.0,2.0,1.0,1.0,8,4,930,1,1,1,7,1,1,7,2,2
2751,201600001229,1.0,1,1,1,11.0,0.0,0.0,0.0,1973.0,A01,2.0,7,0,0.0,2.0,1.0,15.0,8,4,930,1,1,1,7,1,1,7,2,2
2752,201600001230,1.0,1,3,1,12.0,0.0,0.0,0.0,1997.0,A01,0.0,7,0,13.0,0.0,1.0,1.0,8,14,1400,1,1,1,1,6,3,7,2,2
2753,201600001230,2.0,2,3,1,12.0,0.0,0.0,0.0,1998.0,A01,0.0,7,0,13.0,0.0,1.0,1.0,8,14,1400,1,1,1,1,6,3,7,2,2
2754,201600001231,1.0,1,4,1,11.0,0.0,0.0,0.0,1997.0,B02,1.0,7,0,0.0,2.0,1.0,1.0,8,18,1045,1,1,1,1,3,1,7,2,2
2755,201600001231,2.0,2,4,1,11.0,0.0,0.0,0.0,1996.0,B02,1.0,7,0,0.0,2.0,1.0,1.0,8,18,1045,1,1,1,1,3,1,7,2,2
2756,201600001231,1.0,1,4,1,11.0,0.0,0.0,0.0,1953.0,A01,2.0,7,0,0.0,2.0,7.0,15.0,8,18,1045,1,1,1,1,3,1,7,2,2
2757,201600001232,1.0,1,3,2,21.0,0.0,0.0,0.0,1999.0,B02,2.0,2,0,0.0,2.0,1.0,1.0,8,18,1600,1,1,1,1,3,3,7,1,2
2758,201600001232,1.0,1,1,1,11.0,0.0,0.0,0.0,1947.0,A01,1.0,7,0,0.0,2.0,7.0,15.0,8,18,1600,1,1,1,1,3,3,2,2,1
2759,201600001233,1.0,1,2,1,11.0,0.0,0.0,0.0,1994.0,A01,1.0,7,0,13.0,0.0,3.0,1.0,8,29,700,2,1,1,1,6,1,7,2,2
2760,201600001234,1.0,1,3,1,11.0,0.0,0.0,0.0,1990.0,B02,2.0,10,0,0.0,2.0,1.0,1.0,11,22,1700,1,1,1,7,1,3,7,2,2
2761,201600001234,1.0,1,2,1,11.0,0.0,0.0,0.0,1936.0,A01,1.0,7,0,0.0,2.0,1.0,13.0,11,22,1700,1,1,1,7,1,3,10,2,2
2762,201600001234,2.0,2,2,2,13.0,0.0,0.0,0.0,1933.0,A01,1.0,7,0,0.0,2.0,1.0,13.0,11,22,1700,1,1,1,7,1,3,10,2,2
2763,201600001235,1.0,1,2,1,12.0,0.0,0.0,0.0,1969.0,A01,1.0,7,0,13.0,2.0,2.0,14.0,12,19,1330,1,1,9,1,6,2,7,2,2
2764,201600001236,1.0,1,1,1,11.0,0.0,0.0,0.0,1996.0,B02,2.0,7,0,0.0,2.0,3.0,1.0,6,8,1915,1,1,1,1,1,4,10,2,2
2765,201600001236,1.0,1,3,1,11.0,0.0,0.0,0.0,1991.0,A01,1.0,10,0,0.0,2.0,3.0,1.0,6,8,1915,1,1,1,1,1,4,7,2,2
2766,201600001237,1.0,1,3,1,21.0,0.0,0.0,0.0,2005.0,B02,2.0,1,0,0.0,2.0,4.0,19.0,7,22,1945,2,1,1,9,3,4,7,1,2
2767,201600001237,1.0,1,4,1,11.0,0.0,0.0,0.0,1971.0,A01,2.0,7,0,0.0,2.0,2.0,1.0,7,22,1945,2,1,1,9,3,4,1,2,1
2768,201600001238,1.0,1,4,2,11.0,0.0,0.0,0.0,1984.0,B02,1.0,7,0,0.0,2.0,1.0,19.0,8,1,1745,1,1,2,1,5,3,10,2,2
2769,201600001238,1.0,1,1,2,11.0,0.0,0.0,0.0,1963.0,D04,2.0,7,0,0.0,2.0,1.0,0.0,8,1,1745,1,1,2,1,5,3,10,2,2
2770,201600001238,1.0,1,1,1,11.0,0.0,0.0,0.0,1958.0,C03,2.0,10,0,0.0,2.0,1.0,0.0,8,1,1745,1,1,2,1,5,3,7,2,2
2771,201600001238,1.0,1,4,1,11.0,0.0,0.0,0.0,1965.0,A01,1.0,10,0,7.0,2.0,1.0,1.0,8,1,1745,1,1,2,1,5,3,7,2,2
2772,201600001239,1.0,1,3,1,22.0,0.0,0.0,0.0,1946.0,B02,1.0,1,0,0.0,2.0,7.0,1.0,9,7,1115,1,1,1,7,3,1,7,1,2
2773,201600001239,1.0,1,1,1,11.0,0.0,0.0,0.0,1959.0,A01,1.0,7,0,0.0,9.0,8.0,9.0,9,7,1115,1,1,1,7,3,1,1,2,1
2774,201600001240,1.0,1,2,1,11.0,0.0,0.0,0.0,1954.0,A01,0.0,7,0,13.0,0.0,1.0,1.0,9,12,2315,3,1,1,1,6,5,7,2,2
2775,201600001241,1.0,1,1,2,11.0,0.0,0.0,0.0,1991.0,A01,1.0,7,0,13.0,0.0,9.0,17.0,9,27,730,2,1,1,2,6,1,7,2,2
2776,201600001241,1.0,1,3,1,11.0,0.0,0.0,0.0,1960.0,B02,2.0,7,0,13.0,0.0,9.0,1.0,9,27,730,2,1,1,2,6,1,7,2,2
2777,201600001242,1.0,1,3,2,11.0,0.0,0.0,0.0,1946.0,A01,0.0,7,0,0.0,2.0,1.0,1.0,11,8,2015,3,1,2,2,3,4,7,2,2
2778,201600001242,2.0,2,3,2,11.0,0.0,0.0,0.0,1945.0,A01,0.0,7,0,0.0,2.0,1.0,1.0,11,8,2015,3,1,2,2,3,4,7,2,2
2779,201600001242,1.0,1,3,1,11.0,0.0,0.0,0.0,1993.0,B02,0.0,7,0,0.0,2.0,8.0,1.0,11,8,2015,3,1,2,2,3,4,7,2,2
2780,201600001243,1.0,1,1,2,11.0,0.0,0.0,0.0,1943.0,A01,2.0,7,0,0.0,1.0,1.0,1.0,1,11,845,3,2,1,3,6,1,7,2,2
2781,201600001243,0.0,3,2,2,0.0,4.0,3.0,1.0,1951.0,A01,2.0,7,0,0.0,1.0,1.0,1.0,1,11,845,3,2,1,3,6,1,7,2,2
2782,201600001244,1.0,1,1,1,11.0,0.0,0.0,0.0,1995.0,A01,1.0,7,0,0.0,2.0,1.0,13.0,5,8,1,3,1,1,2,1,0,7,2,2
2783,201600001244,1.0,1,3,2,11.0,0.0,0.0,0.0,1980.0,B02,2.0,7,0,0.0,2.0,1.0,1.0,5,8,1,3,1,1,2,1,0,7,2,2