,Num_Acc,place,catu,grav,sexe,secu,locp,actp,etatp,an_nais,num_veh,senc,catv,occutc,obs,obsm,choc,manv,mois,jour,hrmn,lum,agg,int,atm,col,mom,catvopp,catv_gen,catvopp_gen
2938,201600001312,1.0,1,3,2,11.0,0.0,0.0,0.0,1972.0,A01,1.0,7,0,2.0,0.0,1.0,1.0,6,28,1445,1,1,1,1,6,3,7,2,2
2939,201600001313,1.0,1,3,1,21.0,0.0,0.0,0.0,1999.0,A01,2.0,30,0,0.0,2.0,8.0,16.0,7,12,1845,1,2,1,1,3,4,7,1,2
2940,201600001313,1.0,1,1,2,13.0,0.0,0.0,0.0,1969.0,B02,1.0,7,0,0.0,2.0,3.0,1.0,7,12,1845,1,2,1,1,3,4,30,2,1
2941,201600001314,1.0,1,1,2,11.0,0.0,0.0,0.0,1990.0,B02,0.0,3,0,0.0,2.0,9.0,1.0,7,24,1,3,1,1,1,2,0,7,0,2
2942,201600001314,2.0,2,3,2,12.0,0.0,0.0,0.0,2010.0,B02,0.0,3,0,0.0,2.0,9.0,1.0,7,24,1,3,1,1,1,2,0,7,0,2
2943,201600001314,1.0,1,1,1,11.0,0.0,0.0,0.0,1993.0,A01,0.0,7,0,0.0,2.0,1.0,2.0,7,24,1,3,1,1,1,2,0,3,2,0
2944,201600001315,1.0,1,3,1,91.0,0.0,0.0,0.0,1961.0,A01,0.0,16,0,1.0,0.0,1.0,0.0,8,7,1630,1,2,1,1,6,3,16,3,3
2945,201600001316,1.0,1,2,1,21.0,0.0,0.0,0.0,1983.0,A01,1.0,33,0,6.0,0.0,1.0,0.0,9,4,1445,2,1,1,1,6,3,33,1,1
2946,201600001317,1.0,1,3,1,11.0,0.0,0.0,0.0,1978.0,A01,2.0,7,0,13.0,0.0,2.0,1.0,11,6,1530,1,1,1,3,7,3,7,2,2
2947,201600001318,1.0,1,3,1,11.0,0.0,0.0,0.0,1958.0,A01,1.0,7,0,13.0,0.0,2.0,1.0,11,4,1945,3,1,1,2,7,4,7,2,2
2948,201600001319,1.0,1,4,2,13.0,0.0,0.0,0.0,1980.0,B02,0.0,7,0,0.0,2.0,1.0,1.0,4,2,930,1,1,1,1,3,1,7,2,2
2949,201600001319,2.0,2,4,1,11.0,0.0,0.0,0.0,2004.0,B02,0.0,7,0,0.0,2.0,1.0,1.0,4,2,930,1,1,1,1,3,1,7,2,2
2950,201600001319,3.0,2,4,2,11.0,0.0,0.0,0.0,2003.0,B02,0.0,7,0,0.0,2.0,1.0,1.0,4,2,930,1,1,1,1,3,1,7,2,2
2951,201600001319,1.0,1,1,1,13.0,0.0,0.0,0.0,1957.0,A01,0.0,7,0,0.0,2.0,3.0,1.0,4,2,930,1,1,1,1,3,1,7,2,2
2952,201600001320,1.0,1,1,2,11.0,0.0,0.0,0.0,1952.0,A01,2.0,7,0,0.0,2.0,5.0,19.0,4,9,1030,1,1,2,1,3,1,7,2,2
2953,201600001320,1.0,1,3,2,11.0,0.0,0.0,0.0,1965.0,B02,0.0,7,0,0.0,2.0,2.0,1.0,4,9,1030,1,1,2,1,3,1,7,2,2
2954,201600001320,2.0,2,4,1,11.0,0.0,0.0,0.0,1950.0,B02,0.0,7,0,0.0,2.0,2.0,1.0,4,9,1030,1,1,2,1,3,1,7,2,2
2955,201600001320,3.0,2,4,2,11.0,0.0,0.0,0.0,2009.0,B02,0.0,7,0,0.0,2.0,2.0,1.0,4,9,1030,1,1,2,1,3,1,7,2,2
2956,201600001321,1.0,1,2,1,11.0,0.0,0.0,0.0,1983.0,A01,1.0,7,0,2.0,0.0,1.0,1.0,6,19,1545,1,1,1,1,6,3,7,2,2
2957,201600001321,3.0,2,1,2,11.0,0.0,0.0,0.0,2007.0,A01,1.0,7,0,2.0,0.0,1.0,1.0,6,19,1545,1,1,1,1,6,3,7,2,2
2958,201600001321,4.0,2,4,1,11.0,0.0,0.0,0.0,2010.0,A01,1.0,7,0,2.0,0.0,1.0,1.0,6,19,1545,1,1,1,1,6,3,7,2,2
2959,201600001322,1.0,1,2,1,11.0,0.0,0.0,0.0,1991.0,A01,0.0,7,0,13.0,0.0,1.0,19.0,6,29,15,4,1,1,1,6,0,7,2,2
2960,201600001322,2.0,2,1,1,11.0,0.0,0.0,0.0,1991.0,A01,0.0,7,0,13.0,0.0,1.0,19.0,6,29,15,4,1,1,1,6,0,7,2,2
2961,201600001323,1.0,1,3,2,11.0,0.0,0.0,0.0,1977.0,A01,1.0,7,0,1.0,2.0,4.0,2.0,8,25,1600,1,1,1,1,2,3,7,2,2
2962,201600001323,1.0,1,4,1,11.0,0.0,0.0,0.0,1960.0,B02,0.0,7,0,0.0,2.0,1.0,2.0,8,25,1600,1,1,1,1,2,3,7,2,2
2963,201600001324,1.0,1,1,1,11.0,0.0,0.0,0.0,1956.0,A01,0.0,7,0,0.0,9.0,7.0,2.0,8,26,1845,1,1,1,1,5,4,1,2,1
2964,201600001324,1.0,1,3,1,21.0,0.0,0.0,0.0,2003.0,C03,0.0,1,0,0.0,2.0,4.0,0.0,8,26,1845,1,1,1,1,5,4,7,1,2
2965,201600001324,1.0,1,4,1,21.0,0.0,0.0,0.0,1954.0,B02,0.0,1,0,0.0,2.0,4.0,2.0,8,26,1845,1,1,1,1,5,4,7,1,2
2966,201600001325,1.0,1,3,2,13.0,0.0,0.0,0.0,1936.0,A01,1.0,7,0,0.0,2.0,5.0,4.0,9,3,1630,1,1,1,1,2,3,7,2,2
2967,201600001325,1.0,1,1,1,11.0,0.0,0.0,0.0,1964.0,B02,1.0,7,0,0.0,2.0,1.0,1.0,9,3,1630,1,1,1,1,2,3,7,2,2
2968,201600001326,1.0,1,3,1,21.0,0.0,0.0,0.0,1995.0,B02,2.0,33,0,0.0,2.0,1.0,1.0,11,5,1745,1,2,1,1,3,3,3,1,0
2969,201600001326,1.0,1,4,1,11.0,0.0,0.0,0.0,1957.0,A01,1.0,3,0,0.0,0.0,5.0,15.0,11,5,1745,1,2,1,1,3,3,33,0,1
2970,201600001327,1.0,1,1,2,11.0,0.0,0.0,0.0,1982.0,A01,0.0,7,0,0.0,1.0,2.0,1.0,11,22,1815,3,1,1,1,6,4,7,2,2
2971,201600001327,0.0,3,2,1,0.0,1.0,1.0,2.0,1945.0,A01,0.0,7,0,0.0,1.0,2.0,1.0,11,22,1815,3,1,1,1,6,4,7,2,2
2972,201600001328,1.0,1,3,1,12.0,0.0,0.0,0.0,1994.0,A01,1.0,7,0,13.0,0.0,5.0,13.0,11,24,2200,3,1,1,2,6,5,7,2,2
2973,201600001329,1.0,1,2,1,11.0,0.0,0.0,0.0,1984.0,A01,1.0,7,0,0.0,2.0,1.0,13.0,1,16,1000,1,1,1,1,1,1,15,2,3
2974,201600001329,2.0,2,2,2,11.0,0.0,0.0,0.0,1982.0,A01,1.0,7,0,0.0,2.0,1.0,13.0,1,16,1000,1,1,1,1,1,1,15,2,3
2975,201600001329,3.0,2,2,1,31.0,0.0,0.0,0.0,2011.0,A01,1.0,7,0,0.0,2.0,1.0,13.0,1,16,1000,1,1,1,1,1,1,15,2,3
2976,201600001329,1.0,1,3,1,11.0,0.0,0.0,0.0,1962.0,B02,2.0,15,0,0.0,2.0,1.0,1.0,1,16,1000,1,1,1,1,1,1,7,3,2
2977,201600001330,1.0,1,3,1,21.0,0.0,0.0,0.0,1958.0,A01,2.0,33,0,13.0,0.0,1.0,1.0,3,19,1700,1,1,1,1,6,3,33,1,1
2978,201600001331,1.0,1,3,2,11.0,0.0,0.0,0.0,1945.0,A01,1.0,7,0,13.0,0.0,2.0,1.0,5,4,1315,1,1,1,1,7,2,7,2,2
2979,201600001332,1.0,1,1,1,21.0,0.0,0.0,0.0,1998.0,A01,2.0,31,0,14.0,0.0,1.0,1.0,6,25,1530,1,1,1,1,6,3,31,1,1
2980,201600001332,2.0,2,3,1,21.0,0.0,0.0,0.0,2001.0,A01,2.0,31,0,14.0,0.0,1.0,1.0,6,25,1530,1,1,1,1,6,3,31,1,1
2981,201600001333,1.0,1,3,1,21.0,0.0,0.0,0.0,1976.0,A01,1.0,33,0,0.0,2.0,1.0,13.0,7,16,1000,1,1,1,1,3,1,10,1,2
2982,201600001333,1.0,1,4,2,11.0,0.0,0.0,0.0,1972.0,B02,2.0,10,0,0.0,2.0,3.0,19.0,7,16,1000,1,1,1,1,3,1,33,2,1
2983,201600001334,1.0,1,2,1,21.0,0.0,0.0,0.0,1973.0,A01,0.0,33,0,13.0,0.0,2.0,14.0,8,21,45,3,1,1,1,6,0,33,1,1
2984,201600001335,1.0,1,1,1,11.0,0.0,0.0,0.0,1965.0,B02,2.0,10,0,0.0,2.0,5.0,4.0,10,4,1045,1,1,1,1,1,1,30,2,1
2985,201600001335,1.0,1,3,1,21.0,0.0,0.0,0.0,1993.0,A01,2.0,30,0,0.0,2.0,3.0,1.0,10,4,1045,1,1,1,1,1,1,10,1,2
2986,201600001336,1.0,1,1,2,12.0,0.0,0.0,0.0,1991.0,A01,1.0,7,0,2.0,0.0,3.0,1.0,10,20,2145,3,1,1,1,6,4,7,2,2
2987,201600001336,5.0,2,3,2,13.0,0.0,0.0,0.0,1970.0,A01,1.0,7,0,2.0,0.0,3.0,1.0,10,20,2145,3,1,1,1,6,4,7,2,2
2988,201600001337,1.0,1,3,1,12.0,0.0,0.0,0.0,1972.0,A01,2.0,7,0,0.0,2.0,2.0,1.0,11,8,1015,1,1,1,1,3,1,7,2,2
2989,201600001337,1.0,1,3,1,11.0,0.0,0.0,0.0,1966.0,B02,2.0,7,0,0.0,2.0,1.0,1.0,11,8,1015,1,1,1,1,3,1,7,2,2
2990,201600001337,2.0,2,3,2,11.0,0.0,0.0,0.0,1967.0,B02,2.0,7,0,0.0,2.0,1.0,1.0,11,8,1015,1,1,1,1,3,1,7,2,2
2991,201600001338,1.0,1,1,1,11.0,0.0,0.0,0.0,1964.0,A01,1.0,17,0,0.0,2.0,8.0,4.0,12,5,815,2,1,1,1,3,1,7,3,2
2992,201600001338,1.0,1,3,1,11.0,0.0,0.0,0.0,1978.0,B02,2.0,7,0,0.0,2.0,1.0,1.0,12,5,815,2,1,1,1,3,1,17,2,3
2993,201600001338,2.0,2,3,1,11.0,0.0,0.0,0.0,2003.0,B02,2.0,7,0,0.0,2.0,1.0,1.0,12,5,815,2,1,1,1,3,1,17,2,3
2994,201600001339,1.0,1,2,1,11.0,0.0,0.0,0.0,1966.0,A01,0.0,7,0,0.0,0.0,9.0,1.0,12,9,1900,3,1,1,5,7,4,7,2,2
2995,201600001340,1.0,1,3,1,11.0,0.0,0.0,0.0,1955.0,B02,2.0,7,0,0.0,2.0,1.0,1.0,1,16,2250,3,1,1,1,1,5,7,2,2
2996,201600001340,2.0,2,2,2,11.0,0.0,0.0,0.0,1957.0,B02,2.0,7,0,0.0,2.0,1.0,1.0,1,16,2250,3,1,1,1,1,5,7,2,2
2997,201600001340,1.0,1,3,2,11.0,0.0,0.0,0.0,1969.0,A01,1.0,7,0,0.0,2.0,1.0,5.0,1,16,2250,3,1,1,1,1,5,7,2,2
2998,201600001341,1.0,1,1,2,11.0,0.0,0.0,0.0,1991.0,C03,0.0,7,0,1.0,0.0,0.0,0.0,5,14,2015,1,2,1,1,5,4,2,2,1
2999,201600001341,1.0,1,1,1,11.0,0.0,0.0,0.0,1957.0,A01,0.0,21,0,0.0,0.0,0.0,5.0,5,14,2015,1,2,1,1,5,4,2,0,1
3000,201600001341,1.0,1,3,1,22.0,0.0,0.0,0.0,1999.0,B02,0.0,2,0,12.0,0.0,1.0,1.0,5,14,2015,1,2,1,1,5,4,21,1,0
3001,201600001341,2.0,2,3,1,21.0,0.0,0.0,0.0,2000.0,B02,0.0,2,0,12.0,0.0,1.0,1.0,5,14,2015,1,2,1,1,5,4,21,1,0
3002,201600001342,1.0,1,3,1,11.0,0.0,0.0,0.0,1950.0,A01,0.0,7,0,0.0,2.0,1.0,1.0,9,26,1530,1,2,1,1,1,3,20,2,0
3003,201600001342,1.0,1,4,1,91.0,0.0,0.0,0.0,1978.0,B02,0.0,20,0,0.0,2.0,7.0,1.0,9,26,1530,1,2,1,1,1,3,7,0,2
3004,201600001343,1.0,1,4,1,11.0,0.0,0.0,0.0,1994.0,A01,1.0,10,0,0.0,2.0,2.0,21.0,1,5,800,3,1,1,1,2,1,3,2,0
3005,201600001343,1.0,1,3,2,11.0,0.0,0.0,0.0,1958.0,B02,1.0,3,0,3.0,2.0,6.0,2.0,1,5,800,3,1,1,1,2,1,10,0,2
3016,201600001346,1.0,1,4,2,11.0,0.0,0.0,0.0,1981.0,A01,2.0,7,0,0.0,2.0,2.0,1.0,11,18,1400,1,1,1,4,5,3,14,2,3
3017,201600001346,2.0,2,4,2,11.0,0.0,0.0,0.0,1978.0,A01,2.0,7,0,0.0,2.0,2.0,1.0,11,18,1400,1,1,1,4,5,3,14,2,3
3018,201600001346,4.0,2,4,2,11.0,0.0,0.0,0.0,1981.0,A01,2.0,7,0,0.0,2.0,2.0,1.0,11,18,1400,1,1,1,4,5,3,14,2,3
3019,201600001346,1.0,1,3,2,11.0,0.0,0.0,0.0,1978.0,B02,2.0,7,0,0.0,2.0,1.0,1.0,11,18,1400,1,1,1,4,5,3,14,2,3
3020,201600001346,1.0,1,1,1,11.0,0.0,0.0,0.0,1974.0,C03,2.0,7,0,0.0,2.0,1.0,1.0,11,18,1400,1,1,1,4,5,3,14,2,3
3021,201600001346,1.0,1,1,1,11.0,0.0,0.0,0.0,1967.0,D04,2.0,14,0,0.0,2.0,3.0,1.0,11,18,1400,1,1,1,4,5,3,7,3,2
3022,201600001347,1.0,1,3,1,11.0,0.0,0.0,0.0,1979.0,A01,1.0,7,0,13.0,0.0,2.0,1.0,12,19,1015,1,1,1,1,6,1,7,2,2
3023,201600001348,2.0,2,4,1,11.0,0.0,0.0,0.0,1973.0,A01,2.0,7,0,3.0,0.0,1.0,14.0,3,12,1215,1,1,1,1,6,2,7,2,2
3024,201600001348,1.0,1,1,2,11.0,0.0,0.0,0.0,1988.0,A01,2.0,7,0,3.0,0.0,1.0,14.0,3,12,1215,1,1,1,1,6,2,7,2,2
3025,201600001349,2.0,2,1,2,11.0,0.0,0.0,0.0,1946.0,B02,2.0,10,0,0.0,2.0,8.0,1.0,1,8,2130,4,2,1,3,3,4,7,2,2
3026,201600001349,1.0,1,4,2,11.0,0.0,0.0,0.0,1968.0,B02,2.0,10,0,0.0,2.0,8.0,1.0,1,8,2130,4,2,1,3,3,4,7,2,2
3027,201600001349,1.0,1,1,1,11.0,0.0,0.0,0.0,1978.0,A01,1.0,7,0,0.0,2.0,3.0,13.0,1,8,2130,4,2,1,3,3,4,10,2,2
3028,201600001350,1.0,1,4,2,21.0,0.0,0.0,0.0,1976.0,A01,1.0,30,0,15.0,0.0,7.0,1.0,1,13,1200,1,2,1,1,6,2,30,1,1
3029,201600001351,1.0,1,3,1,11.0,0.0,0.0,0.0,1995.0,A01,1.0,7,0,13.0,0.0,2.0,14.0,1,17,400,3,2,1,1,6,0,7,2,2
3030,201600001352,1.0,1,3,1,42.0,0.0,0.0,0.0,2000.0,B01,1.0,1,0,0.0,2.0,1.0,1.0,7,28,1735,1,2,3,1,1,3,7,1,2
3031,201600001352,1.0,1,1,2,11.0,0.0,0.0,0.0,1988.0,A01,1.0,7,0,0.0,2.0,3.0,16.0,7,28,1735,1,2,3,1,1,3,1,2,1
3032,201600001353,1.0,1,4,1,11.0,0.0,0.0,0.0,1987.0,A01,1.0,7,0,11.0,0.0,9.0,0.0,9,13,530,3,1,6,1,7,0,7,2,2
3033,201600001354,1.0,1,3,1,92.0,0.0,0.0,0.0,1934.0,A01,1.0,1,0,0.0,2.0,8.0,1.0,10,2,950,1,2,2,1,3,1,7,1,2
3034,201600001354,1.0,1,1,1,11.0,0.0,0.0,0.0,1949.0,B02,2.0,7,0,0.0,2.0,1.0,19.0,10,2,950,1,2,2,1,3,1,1,2,1
3035,201600001355,1.0,1,1,1,11.0,0.0,0.0,0.0,1986.0,A01,1.0,10,0,0.0,1.0,3.0,1.0,11,5,1100,1,2,6,1,6,1,10,2,2
3036,201600001355,0.0,3,3,2,92.0,2.0,3.0,1.0,1937.0,A01,1.0,10,0,0.0,1.0,3.0,1.0,11,5,1100,1,2,6,1,6,1,10,2,2
3039,201600001357,1.0,1,4,1,21.0,0.0,0.0,0.0,1962.0,A01,2.0,33,0,13.0,0.0,8.0,17.0,11,22,730,3,1,1,1,7,1,33,1,1
3040,201600001358,1.0,1,3,1,11.0,0.0,0.0,0.0,1979.0,A01,1.0,7,0,0.0,2.0,1.0,17.0,1,4,1930,3,1,1,1,1,4,7,2,2
3041,201600001358,1.0,1,3,2,11.0,0.0,0.0,0.0,1978.0,B02,2.0,7,0,0.0,2.0,3.0,21.0,1,4,1930,3,1,1,1,1,4,7,2,2
3042,201600001359,1.0,1,3,2,11.0,0.0,0.0,0.0,1994.0,A01,1.0,7,0,2.0,0.0,1.0,13.0,1,10,700,2,1,1,1,6,1,7,2,2
3043,201600001360,1.0,1,3,1,21.0,0.0,0.0,0.0,1989.0,A01,0.0,33,0,13.0,0.0,1.0,13.0,2,5,2330,3,2,1,1,6,5,33,1,1
3044,201600001361,1.0,1,1,2,11.0,0.0,0.0,0.0,1978.0,A01,2.0,7,0,0.0,1.0,2.0,1.0,4,27,945,1,2,6,7,6,1,7,2,2
3045,201600001361,0.0,3,3,1,92.0,3.0,3.0,2.0,1950.0,A01,2.0,7,0,0.0,1.0,2.0,1.0,4,27,945,1,2,6,7,6,1,7,2,2
3046,201600001362,1.0,1,1,2,11.0,0.0,0.0,0.0,1971.0,A01,1.0,7,0,0.0,2.0,1.0,1.0,8,11,1345,1,2,1,1,3,2,1,2,1
3047,201600001362,1.0,1,4,1,22.0,0.0,0.0,0.0,2002.0,B02,2.0,1,0,0.0,2.0,8.0,19.0,8,11,1345,1,2,1,1,3,2,7,1,2
3048,201600001363,1.0,1,3,2,11.0,0.0,0.0,0.0,1991.0,A01,0.0,7,0,0.0,2.0,2.0,1.0,9,12,1030,1,1,3,1,1,1,10,2,2
3049,201600001363,1.0,1,1,1,11.0,0.0,0.0,0.0,1971.0,B02,0.0,10,0,0.0,2.0,8.0,15.0,9,12,1030,1,1,3,1,1,1,7,2,2
3050,201600001364,1.0,1,1,1,11.0,0.0,0.0,0.0,1981.0,A01,0.0,7,0,13.0,0.0,1.0,19.0,12,9,530,3,1,1,1,7,0,7,2,2
3051,201600001364,2.0,2,3,2,11.0,0.0,0.0,0.0,1985.0,A01,0.0,7,0,13.0,0.0,1.0,19.0,12,9,530,3,1,1,1,7,0,7,2,2
3052,201600001365,1.0,1,3,1,11.0,0.0,0.0,0.0,1976.0,A01,2.0,7,0,0.0,0.0,0.0,1.0,3,31,1930,2,1,1,1,7,4,7,2,2
3053,201600001366,1.0,1,1,1,21.0,0.0,0.0,0.0,1974.0,B02,1.0,33,0,0.0,0.0,5.0,2.0,4,8,1415,1,1,1,1,2,3,33,1,1
3054,201600001366,1.0,1,3,1,21.0,0.0,0.0,0.0,1996.0,A01,1.0,33,0,0.0,2.0,3.0,2.0,4,8,1415,1,1,1,1,2,3,33,1,1
3055,201600001366,2.0,2,3,2,21.0,0.0,0.0,0.0,1995.0,A01,1.0,33,0,0.0,2.0,3.0,2.0,4,8,1415,1,1,1,1,2,3,33,1,1
3056,201600001367,1.0,1,1,2,13.0,0.0,0.0,0.0,1974.0,A01,0.0,7,0,0.0,1.0,2.0,1.0,4,29,845,1,2,1,3,6,1,7,2,2
3057,201600001367,0.0,3,4,2,93.0,3.0,3.0,1.0,1962.0,A01,0.0,7,0,0.0,1.0,2.0,1.0,4,29,845,1,2,1,3,6,1,7,2,2
3058,201600001368,1.0,1,3,1,21.0,0.0,0.0,0.0,1988.0,A01,2.0,33,0,0.0,2.0,1.0,1.0,5,10,1745,1,2,3,1,3,3,7,1,2
3059,201600001368,1.0,1,1,1,11.0,0.0,0.0,0.0,1986.0,B02,1.0,7,0,0.0,2.0,3.0,15.0,5,10,1745,1,2,3,1,3,3,33,2,1
3060,201600001369,1.0,1,1,1,11.0,0.0,0.0,0.0,1994.0,A01,2.0,7,0,0.0,2.0,2.0,13.0,6,9,1230,1,1,4,1,1,2,7,2,2
3061,201600001369,2.0,2,1,2,11.0,0.0,0.0,0.0,1995.0,A01,2.0,7,0,0.0,2.0,2.0,13.0,6,9,1230,1,1,4,1,1,2,7,2,2
3062,201600001369,1.0,1,3,1,11.0,0.0,0.0,0.0,1957.0,B02,1.0,7,0,0.0,2.0,3.0,1.0,6,9,1230,1,1,4,1,1,2,7,2,2
3063,201600001370,1.0,1,4,2,11.0,0.0,0.0,0.0,1997.0,B02,1.0,7,0,0.0,2.0,3.0,1.0,6,24,2145,1,2,1,1,1,4,7,2,2
3064,201600001370,1.0,1,1,1,11.0,0.0,0.0,0.0,1966.0,A01,2.0,7,0,0.0,2.0,3.0,13.0,6,24,2145,1,2,1,1,1,4,7,2,2
3065,201600001371,1.0,1,1,2,11.0,0.0,0.0,0.0,1993.0,A01,1.0,7,0,0.0,2.0,5.0,15.0,8,4,1945,1,1,3,1,2,4,33,2,1
3066,201600001371,2.0,2,1,1,11.0,0.0,0.0,0.0,1989.0,A01,1.0,7,0,0.0,2.0,5.0,15.0,8,4,1945,1,1,3,1,2,4,33,2,1
3067,201600001371,4.0,2,1,1,11.0,0.0,0.0,0.0,1989.0,A01,1.0,7,0,0.0,2.0,5.0,15.0,8,4,1945,1,1,3,1,2,4,33,2,1
3068,201600001371,1.0,1,4,1,21.0,0.0,0.0,0.0,1997.0,B02,2.0,33,0,0.0,2.0,1.0,1.0,8,4,1945,1,1,3,1,2,4,7,1,2
3069,201600001371,2.0,2,4,1,21.0,0.0,0.0,0.0,1998.0,B02,2.0,33,0,0.0,2.0,1.0,1.0,8,4,1945,1,1,3,1,2,4,7,1,2
3070,201600001372,1.0,1,4,2,11.0,0.0,0.0,0.0,1969.0,B02,0.0,13,0,0.0,0.0,3.0,0.0,9,13,1645,1,2,1,1,3,3,13,3,3
3071,201600001372,1.0,1,3,1,11.0,0.0,0.0,0.0,1983.0,A01,0.0,13,0,1.0,0.0,2.0,2.0,9,13,1645,1,2,1,1,3,3,13,3,3
3074,201600001374,1.0,1,4,1,21.0,0.0,0.0,0.0,2000.0,B01,0.0,2,0,0.0,0.0,0.0,1.0,10,30,1530,1,2,1,1,7,3,7,1,2
3075,201600001374,1.0,1,1,1,11.0,0.0,0.0,0.0,1998.0,A02,0.0,7,0,0.0,0.0,0.0,19.0,10,30,1530,1,2,1,1,7,3,2,2,1
3076,201600001375,1.0,1,1,1,11.0,0.0,0.0,0.0,1992.0,A01,1.0,7,0,6.0,0.0,2.0,14.0,11,6,200,4,2,1,1,6,0,7,2,2
3077,201600001375,2.0,2,4,1,11.0,0.0,0.0,0.0,1992.0,A01,1.0,7,0,6.0,0.0,2.0,14.0,11,6,200,4,2,1,1,6,0,7,2,2
3078,201600001375,4.0,2,3,1,11.0,0.0,0.0,0.0,1993.0,A01,1.0,7,0,6.0,0.0,2.0,14.0,11,6,200,4,2,1,1,6,0,7,2,2
3079,201600001376,1.0,1,4,2,11.0,0.0,0.0,0.0,1971.0,A01,2.0,7,0,0.0,0.0,9.0,14.0,12,10,1200,1,1,1,1,7,2,7,2,2
3080,201600001377,1.0,1,1,1,11.0,0.0,0.0,0.0,1996.0,A01,1.0,7,0,0.0,2.0,1.0,1.0,4,6,1245,1,1,2,2,3,2,3,2,0
3081,201600001377,1.0,1,3,2,11.0,0.0,0.0,0.0,1932.0,B02,0.0,3,0,0.0,2.0,8.0,19.0,4,6,1245,1,1,2,2,3,2,7,0,2
3082,201600001378,1.0,1,1,1,11.0,0.0,0.0,0.0,1986.0,A01,2.0,7,0,0.0,2.0,2.0,12.0,4,16,530,5,1,1,1,2,0,30,2,1
3083,201600001378,2.0,2,1,1,11.0,0.0,0.0,0.0,1986.0,A01,2.0,7,0,0.0,2.0,2.0,12.0,4,16,530,5,1,1,1,2,0,30,2,1
3084,201600001378,1.0,1,4,2,21.0,0.0,0.0,0.0,1990.0,B02,2.0,30,0,0.0,2.0,6.0,12.0,4,16,530,5,1,1,1,2,0,7,1,2
3085,201600001379,1.0,1,1,2,11.0,0.0,0.0,0.0,1928.0,A01,2.0,7,0,0.0,1.0,3.0,1.0,6,22,1045,1,2,1,1,6,1,7,2,2
3086,201600001379,0.0,3,4,2,92.0,3.0,3.0,1.0,1941.0,A01,2.0,7,0,0.0,1.0,3.0,1.0,6,22,1045,1,2,1,1,6,1,7,2,2
3087,201600001380,1.0,1,4,1,21.0,0.0,0.0,0.0,1996.0,A01,0.0,30,0,0.0,2.0,3.0,18.0,8,19,1400,1,2,3,1,3,3,7,1,2
3088,201600001380,1.0,1,1,1,11.0,0.0,0.0,0.0,1960.0,B01,0.0,7,0,0.0,2.0,7.0,16.0,8,19,1400,1,2,3,1,3,3,30,2,1
3089,201600001381,0.0,3,3,1,0.0,1.0,5.0,1.0,2003.0,A01,0.0,7,0,0.0,1.0,2.0,1.0,9,25,1330,1,1,1,1,6,2,7,2,2
3090,201600001381,1.0,1,1,1,11.0,0.0,0.0,0.0,1950.0,A01,0.0,7,0,0.0,1.0,2.0,1.0,9,25,1330,1,1,1,1,6,2,7,2,2
3091,201600001382,1.0,1,1,1,11.0,0.0,0.0,0.0,1952.0,B02,1.0,7,0,0.0,2.0,3.0,19.0,11,15,1715,2,2,1,2,3,3,30,2,1
3092,201600001382,1.0,1,3,1,21.0,0.0,0.0,0.0,1985.0,A01,2.0,30,0,0.0,2.0,1.0,1.0,11,15,1715,2,2,1,2,3,3,7,1,2
3093,201600001383,1.0,1,4,2,11.0,0.0,0.0,0.0,1992.0,A01,1.0,7,0,13.0,0.0,2.0,14.0,2,6,1830,3,1,1,6,6,4,7,2,2
3094,201600001384,1.0,1,1,1,11.0,0.0,0.0,0.0,1960.0,B01,2.0,14,0,0.0,2.0,7.0,1.0,4,30,1045,1,2,3,1,3,1,7,3,2
3095,201600001384,1.0,1,4,2,11.0,0.0,0.0,0.0,1986.0,A01,0.0,7,0,0.0,2.0,1.0,15.0,4,30,1045,1,2,3,1,3,1,14,2,3
3096,201600001385,1.0,1,3,1,11.0,0.0,0.0,0.0,1963.0,A01,2.0,7,0,0.0,2.0,3.0,13.0,6,5,1545,1,1,1,1,1,3,7,2,2
3097,201600001385,2.0,2,4,1,11.0,0.0,0.0,0.0,1944.0,A01,2.0,7,0,0.0,2.0,3.0,13.0,6,5,1545,1,1,1,1,1,3,7,2,2
3098,201600001385,3.0,2,3,2,11.0,0.0,0.0,0.0,1946.0,A01,2.0,7,0,0.0,2.0,3.0,13.0,6,5,1545,1,1,1,1,1,3,7,2,2
3099,201600001385,4.0,2,3,2,11.0,0.0,0.0,0.0,1969.0,A01,2.0,7,0,0.0,2.0,3.0,13.0,6,5,1545,1,1,1,1,1,3,7,2,2
3100,201600001385,1.0,1,2,1,11.0,0.0,0.0,0.0,1947.0,B02,1.0,7,0,0.0,2.0,3.0,1.0,6,5,1545,1,1,1,1,1,3,7,2,2
3101,201600001385,2.0,2,3,2,11.0,0.0,0.0,0.0,1950.0,B02,1.0,7,0,0.0,2.0,3.0,1.0,6,5,1545,1,1,1,1,1,3,7,2,2
3104,201600001387,1.0,1,3,2,11.0,0.0,0.0,0.0,1967.0,A01,1.0,7,0,0.0,2.0,1.0,13.0,7,5,800,1,1,1,2,1,1,7,2,2
3105,201600001387,1.0,1,3,2,11.0,0.0,0.0,0.0,1966.0,B02,2.0,7,0,0.0,2.0,1.0,1.0,7,5,800,1,1,1,2,1,1,7,2,2
3106,201600001388,1.0,1,4,1,11.0,0.0,0.0,0.0,1997.0,B02,2.0,7,0,0.0,2.0,3.0,21.0,7,19,1630,1,1,1,1,1,3,7,2,2
3107,201600001388,1.0,1,1,1,11.0,0.0,0.0,0.0,1994.0,A01,1.0,7,0,0.0,2.0,3.0,13.0,7,19,1630,1,1,1,1,1,3,7,2,2