,Num_Acc,place,catu,grav,sexe,secu,locp,actp,etatp,an_nais,num_veh,senc,catv,occutc,obs,obsm,choc,manv,mois,jour,hrmn,lum,agg,int,atm,col,mom,catvopp,catv_gen,catvopp_gen
3108,201600001389,1.0,1,3,1,21.0,0.0,0.0,0.0,2001.0,A01,1.0,35,0,0.0,2.0,3.0,13.0,8,23,1545,1,2,1,1,1,3,7,1,2
3109,201600001389,1.0,1,1,2,11.0,0.0,0.0,0.0,1964.0,B02,2.0,7,0,0.0,2.0,3.0,1.0,8,23,1545,1,2,1,1,1,3,35,2,1
3110,201600001390,1.0,1,2,1,11.0,0.0,0.0,0.0,1998.0,A01,1.0,7,0,2.0,0.0,9.0,14.0,8,28,2030,1,2,1,1,6,4,7,2,2
3111,201600001390,2.0,2,2,1,11.0,0.0,0.0,0.0,1998.0,A01,1.0,7,0,2.0,0.0,9.0,14.0,8,28,2030,1,2,1,1,6,4,7,2,2
3112,201600001390,5.0,2,2,1,13.0,0.0,0.0,0.0,1998.0,A01,1.0,7,0,2.0,0.0,9.0,14.0,8,28,2030,1,2,1,1,6,4,7,2,2
3113,201600001391,1.0,1,3,1,21.0,0.0,0.0,0.0,1994.0,A01,1.0,33,0,0.0,2.0,1.0,17.0,9,8,1730,1,1,1,1,3,3,16,1,3
3114,201600001391,1.0,1,1,1,1.0,0.0,0.0,0.0,1978.0,B02,1.0,16,0,0.0,0.0,6.0,15.0,9,8,1730,1,1,1,1,3,3,33,3,1
3115,201600001392,1.0,1,3,1,21.0,0.0,0.0,0.0,1987.0,A01,2.0,33,0,0.0,0.0,9.0,13.0,10,8,1645,1,1,1,1,7,3,33,1,1
3116,201600001393,1.0,1,1,1,11.0,0.0,0.0,0.0,1995.0,A01,2.0,7,0,8.0,0.0,1.0,14.0,1,1,920,1,1,1,1,6,1,7,2,2
3117,201600001393,2.0,2,1,1,11.0,0.0,0.0,0.0,1995.0,A01,2.0,7,0,8.0,0.0,1.0,14.0,1,1,920,1,1,1,1,6,1,7,2,2
3118,201600001393,3.0,2,4,1,11.0,0.0,0.0,0.0,1995.0,A01,2.0,7,0,8.0,0.0,1.0,14.0,1,1,920,1,1,1,1,6,1,7,2,2
3119,201600001394,1.0,1,4,1,11.0,0.0,0.0,0.0,1993.0,A01,2.0,7,0,2.0,0.0,1.0,13.0,1,5,1945,3,1,1,1,6,4,7,2,2
3120,201600001395,1.0,1,4,1,11.0,0.0,0.0,0.0,1964.0,A01,2.0,7,0,0.0,2.0,3.0,13.0,2,6,2130,3,1,1,2,1,4,7,2,2
3121,201600001395,1.0,1,3,2,11.0,0.0,0.0,0.0,1993.0,B02,1.0,7,0,0.0,2.0,3.0,21.0,2,6,2130,3,1,1,2,1,4,7,2,2
3122,201600001396,1.0,1,3,1,22.0,0.0,0.0,0.0,1981.0,A01,0.0,31,0,0.0,0.0,0.0,10.0,5,25,2200,3,2,1,1,7,5,31,1,1
3123,201600001397,1.0,1,3,1,42.0,0.0,0.0,0.0,1999.0,A01,2.0,1,0,0.0,2.0,1.0,1.0,7,16,1815,1,1,2,1,3,4,7,1,2
3124,201600001397,2.0,2,1,1,11.0,0.0,0.0,0.0,1993.0,B01,2.0,7,0,0.0,2.0,7.0,1.0,7,16,1815,1,1,2,1,3,4,1,2,1
3125,201600001397,1.0,1,1,1,11.0,0.0,0.0,0.0,1990.0,B01,2.0,7,0,0.0,2.0,7.0,1.0,7,16,1815,1,1,2,1,3,4,1,2,1
3126,201600001398,1.0,1,4,1,12.0,0.0,0.0,0.0,1955.0,A01,2.0,7,0,9.0,0.0,8.0,1.0,10,20,1942,3,2,1,1,7,4,7,2,2
3127,201600001399,1.0,1,3,1,21.0,0.0,0.0,0.0,1993.0,B01,2.0,33,0,0.0,2.0,1.0,1.0,10,29,1045,1,1,1,1,3,1,7,1,2
3128,201600001399,1.0,1,1,1,11.0,0.0,0.0,0.0,1973.0,A02,1.0,7,0,0.0,2.0,3.0,15.0,10,29,1045,1,1,1,1,3,1,33,2,1
3129,201600001400,1.0,1,3,1,11.0,0.0,0.0,0.0,1959.0,B02,2.0,7,0,0.0,2.0,1.0,1.0,12,17,1930,3,1,1,5,1,4,7,2,2
3130,201600001400,1.0,1,3,1,11.0,0.0,0.0,0.0,1977.0,A01,1.0,7,0,0.0,2.0,1.0,13.0,12,17,1930,3,1,1,5,1,4,7,2,2
3131,201600001401,1.0,1,1,1,11.0,0.0,0.0,0.0,1985.0,A01,1.0,10,0,0.0,0.0,3.0,21.0,1,7,1030,1,1,1,6,1,1,7,2,2
3132,201600001401,1.0,1,3,2,11.0,0.0,0.0,0.0,1935.0,B02,2.0,7,0,0.0,0.0,1.0,13.0,1,7,1030,1,1,1,6,1,1,10,2,2
3135,201600001403,1.0,1,1,2,11.0,0.0,0.0,0.0,1994.0,A01,2.0,7,0,0.0,2.0,3.0,1.0,4,28,2140,5,2,6,1,2,4,30,2,1
3136,201600001403,2.0,2,1,2,11.0,0.0,0.0,0.0,1992.0,A01,2.0,7,0,0.0,2.0,3.0,1.0,4,28,2140,5,2,6,1,2,4,30,2,1
3137,201600001403,1.0,1,3,2,21.0,0.0,0.0,0.0,1971.0,B01,1.0,30,0,0.0,0.0,4.0,15.0,4,28,2140,5,2,6,1,2,4,7,1,2
3138,201600001404,1.0,1,3,1,21.0,0.0,0.0,0.0,1972.0,A01,1.0,30,0,0.0,2.0,1.0,13.0,6,9,2015,1,1,1,1,1,4,21,1,0
3139,201600001404,1.0,1,1,1,11.0,0.0,0.0,0.0,1999.0,B02,2.0,21,0,0.0,2.0,1.0,23.0,6,9,2015,1,1,1,1,1,4,30,0,1
3142,201600001406,1.0,1,1,2,11.0,0.0,0.0,0.0,1942.0,A01,1.0,7,0,0.0,1.0,3.0,9.0,7,4,1830,1,1,1,1,6,4,7,2,2
3143,201600001406,0.0,3,3,2,0.0,6.0,3.0,1.0,1956.0,A01,1.0,7,0,0.0,1.0,3.0,9.0,7,4,1830,1,1,1,1,6,4,7,2,2
3144,201600001407,1.0,1,3,1,21.0,0.0,0.0,0.0,1994.0,B02,0.0,33,0,0.0,2.0,1.0,2.0,9,4,1545,1,1,1,1,2,3,7,1,2
3145,201600001407,1.0,1,1,1,11.0,0.0,0.0,0.0,1930.0,A01,0.0,7,0,0.0,0.0,4.0,1.0,9,4,1545,1,1,1,1,2,3,33,2,1
3146,201600001407,2.0,2,1,2,11.0,0.0,0.0,0.0,1927.0,A01,0.0,7,0,0.0,0.0,4.0,1.0,9,4,1545,1,1,1,1,2,3,33,2,1
3147,201600001408,1.0,1,3,1,11.0,0.0,0.0,0.0,1968.0,A01,1.0,7,0,0.0,0.0,9.0,1.0,12,31,645,3,1,1,9,7,1,7,2,2
3148,201600001409,1.0,1,3,1,11.0,0.0,0.0,0.0,1954.0,A01,2.0,7,0,2.0,6.0,1.0,14.0,1,10,1,3,1,1,2,6,0,7,2,2
3149,201600001409,2.0,2,3,2,11.0,0.0,0.0,0.0,1968.0,A01,2.0,7,0,2.0,6.0,1.0,14.0,1,10,1,3,1,1,2,6,0,7,2,2
3150,201600001410,1.0,1,3,1,11.0,0.0,0.0,0.0,1956.0,A01,1.0,7,0,0.0,2.0,7.0,19.0,1,21,800,2,1,2,1,3,1,10,2,2
3151,201600001410,1.0,1,3,2,11.0,0.0,0.0,0.0,1969.0,B02,1.0,10,0,7.0,2.0,3.0,1.0,1,21,800,2,1,2,1,3,1,7,2,2
3152,201600001410,2.0,2,4,2,11.0,0.0,0.0,0.0,1987.0,B02,1.0,10,0,7.0,2.0,3.0,1.0,1,21,800,2,1,2,1,3,1,7,2,2
3153,201600001411,1.0,1,1,1,11.0,0.0,0.0,0.0,1952.0,A01,1.0,7,0,0.0,1.0,3.0,1.0,1,13,1400,1,2,1,1,6,3,7,2,2
3154,201600001411,0.0,3,4,1,92.0,2.0,3.0,1.0,1955.0,A01,1.0,7,0,0.0,1.0,3.0,1.0,1,13,1400,1,2,1,1,6,3,7,2,2
3155,201600001412,1.0,1,3,1,21.0,0.0,0.0,0.0,1994.0,A01,2.0,33,0,13.0,0.0,7.0,14.0,3,18,1845,2,2,9,1,7,4,33,1,1
3156,201600001413,1.0,1,4,2,11.0,0.0,0.0,0.0,1984.0,A01,2.0,7,0,13.0,0.0,1.0,13.0,4,16,1930,1,1,1,7,6,4,7,2,2
3157,201600001414,1.0,1,1,2,11.0,0.0,0.0,0.0,1984.0,A01,1.0,7,0,0.0,2.0,2.0,1.0,5,24,900,1,2,1,1,3,1,31,2,1
3158,201600001414,1.0,1,4,1,21.0,0.0,0.0,0.0,1997.0,B02,2.0,31,0,0.0,2.0,1.0,9.0,5,24,900,1,2,1,1,3,1,7,1,2
3159,201600001414,2.0,2,4,1,21.0,0.0,0.0,0.0,2007.0,B02,2.0,31,0,0.0,2.0,1.0,9.0,5,24,900,1,2,1,1,3,1,7,1,2
3160,201600001415,1.0,1,4,1,11.0,0.0,0.0,0.0,1989.0,B02,1.0,7,0,0.0,0.0,3.0,1.0,5,24,2145,1,1,2,1,3,4,7,2,2
3161,201600001415,1.0,1,3,2,11.0,0.0,0.0,0.0,1967.0,A01,1.0,7,0,0.0,2.0,7.0,1.0,5,24,2145,1,1,2,1,3,4,7,2,2
3162,201600001415,2.0,2,4,1,11.0,0.0,0.0,0.0,2005.0,A01,1.0,7,0,0.0,2.0,7.0,1.0,5,24,2145,1,1,2,1,3,4,7,2,2
3167,201600001418,1.0,1,1,2,11.0,0.0,0.0,0.0,1979.0,A01,0.0,7,0,0.0,1.0,8.0,15.0,8,12,1630,1,2,2,1,6,3,7,2,2
3168,201600001418,0.0,3,3,2,93.0,2.0,3.0,1.0,1953.0,A01,0.0,7,0,0.0,1.0,8.0,15.0,8,12,1630,1,2,2,1,6,3,7,2,2
3172,201600001420,1.0,1,1,2,11.0,0.0,0.0,0.0,1970.0,B02,1.0,7,0,0.0,2.0,1.0,1.0,9,1,945,1,1,2,1,3,1,7,2,2
3173,201600001420,1.0,1,3,2,11.0,0.0,0.0,0.0,1952.0,A01,1.0,7,0,0.0,2.0,6.0,1.0,9,1,945,1,1,2,1,3,1,7,2,2
3174,201600001421,1.0,1,2,2,11.0,0.0,0.0,0.0,1939.0,A01,2.0,7,0,1.0,2.0,1.0,13.0,10,1,2045,3,1,1,2,5,4,7,2,2
3175,201600001421,1.0,1,3,1,11.0,0.0,0.0,0.0,1991.0,B02,1.0,7,0,0.0,2.0,1.0,1.0,10,1,2045,3,1,1,2,5,4,7,2,2
3176,201600001421,2.0,2,3,2,11.0,0.0,0.0,0.0,1991.0,B02,1.0,7,0,0.0,2.0,1.0,1.0,10,1,2045,3,1,1,2,5,4,7,2,2
3177,201600001421,1.0,1,1,2,11.0,0.0,0.0,0.0,1974.0,C03,1.0,7,0,0.0,2.0,2.0,23.0,10,1,2045,3,1,1,2,5,4,7,2,2
3178,201600001422,1.0,1,3,1,11.0,0.0,0.0,0.0,1946.0,A01,2.0,7,0,6.0,1.0,2.0,14.0,10,19,1630,1,2,1,1,6,3,7,2,2
3179,201600001422,2.0,2,4,2,11.0,0.0,0.0,0.0,1954.0,A01,2.0,7,0,6.0,1.0,2.0,14.0,10,19,1630,1,2,1,1,6,3,7,2,2
3180,201600001422,0.0,3,4,2,0.0,5.0,1.0,2.0,2003.0,A01,2.0,7,0,6.0,1.0,2.0,14.0,10,19,1630,1,2,1,1,6,3,7,2,2
3181,201600001423,1.0,1,1,2,13.0,0.0,0.0,0.0,1975.0,A01,1.0,7,0,0.0,1.0,4.0,4.0,11,4,730,5,2,1,1,6,1,7,2,2
3182,201600001423,0.0,3,3,1,42.0,4.0,3.0,1.0,1970.0,A01,1.0,7,0,0.0,1.0,4.0,4.0,11,4,730,5,2,1,1,6,1,7,2,2
3183,201600001424,1.0,1,3,1,11.0,0.0,0.0,0.0,1975.0,B02,1.0,7,0,0.0,2.0,1.0,13.0,12,6,1700,1,1,1,1,1,3,7,2,2
3184,201600001424,2.0,2,3,2,11.0,0.0,0.0,0.0,2006.0,B02,1.0,7,0,0.0,2.0,1.0,13.0,12,6,1700,1,1,1,1,1,3,7,2,2
3185,201600001424,1.0,1,3,2,11.0,0.0,0.0,0.0,1963.0,A01,2.0,7,0,0.0,2.0,3.0,1.0,12,6,1700,1,1,1,1,1,3,7,2,2
3186,201600001424,2.0,2,3,1,11.0,0.0,0.0,0.0,1960.0,A01,2.0,7,0,0.0,2.0,3.0,1.0,12,6,1700,1,1,1,1,1,3,7,2,2
3187,201600001425,4.0,2,4,1,13.0,0.0,0.0,0.0,2000.0,A01,0.0,10,0,2.0,0.0,2.0,21.0,12,9,2045,3,1,1,1,6,4,10,2,2
3188,201600001425,3.0,2,1,1,13.0,0.0,0.0,0.0,2000.0,A01,0.0,10,0,2.0,0.0,2.0,21.0,12,9,2045,3,1,1,1,6,4,10,2,2
3189,201600001425,2.0,2,1,1,13.0,0.0,0.0,0.0,2000.0,A01,0.0,10,0,2.0,0.0,2.0,21.0,12,9,2045,3,1,1,1,6,4,10,2,2
3190,201600001425,1.0,1,3,1,13.0,0.0,0.0,0.0,1999.0,A01,0.0,10,0,2.0,0.0,2.0,21.0,12,9,2045,3,1,1,1,6,4,10,2,2
3191,201600001426,1.0,1,4,1,11.0,0.0,0.0,0.0,1986.0,A01,0.0,7,0,13.0,0.0,1.0,1.0,12,6,930,2,1,1,1,6,1,7,2,2
3192,201600001427,1.0,1,3,2,11.0,0.0,0.0,0.0,1960.0,A01,0.0,7,0,13.0,0.0,1.0,1.0,12,11,1745,3,1,1,5,7,3,7,2,2
3193,201600001428,1.0,1,4,2,21.0,0.0,0.0,0.0,1998.0,A01,1.0,30,0,0.0,2.0,0.0,21.0,2,3,1415,1,1,1,1,7,3,30,1,1
3194,201600001429,1.0,1,1,2,11.0,0.0,0.0,0.0,1977.0,A01,1.0,7,0,0.0,2.0,3.0,1.0,9,1,1000,1,1,1,1,3,1,7,2,2
3195,201600001429,1.0,1,3,2,11.0,0.0,0.0,0.0,1973.0,B02,2.0,7,0,0.0,2.0,3.0,1.0,9,1,1000,1,1,1,1,3,1,7,2,2
3196,201600001429,2.0,2,4,2,11.0,0.0,0.0,0.0,1995.0,B02,2.0,7,0,0.0,2.0,3.0,1.0,9,1,1000,1,1,1,1,3,1,7,2,2
3197,201600001430,1.0,1,1,1,11.0,0.0,0.0,0.0,1992.0,A01,2.0,10,0,0.0,2.0,1.0,15.0,9,21,1515,1,2,1,1,1,3,7,2,2
3198,201600001430,1.0,1,4,1,11.0,0.0,0.0,0.0,1975.0,B02,1.0,7,0,0.0,2.0,1.0,1.0,9,21,1515,1,2,1,1,1,3,10,2,2
3199,201600001430,2.0,2,4,2,11.0,0.0,0.0,0.0,1976.0,B02,1.0,7,0,0.0,2.0,1.0,1.0,9,21,1515,1,2,1,1,1,3,10,2,2
3200,201600001431,1.0,1,3,2,11.0,0.0,0.0,0.0,1992.0,A01,2.0,7,0,13.0,0.0,3.0,6.0,9,23,645,2,1,1,5,6,1,7,2,2
3201,201600001432,1.0,1,1,2,11.0,0.0,0.0,0.0,1966.0,A01,0.0,7,0,0.0,1.0,2.0,15.0,11,9,1815,5,2,1,2,6,4,7,2,2
3202,201600001432,0.0,3,4,1,0.0,4.0,3.0,1.0,1988.0,A01,0.0,7,0,0.0,1.0,2.0,15.0,11,9,1815,5,2,1,2,6,4,7,2,2
3203,201600001433,1.0,1,3,1,21.0,0.0,0.0,0.0,1978.0,A01,2.0,30,0,0.0,0.0,8.0,1.0,11,14,2130,5,2,6,2,7,4,30,1,1
3204,201600001434,1.0,1,1,1,11.0,0.0,0.0,0.0,1968.0,B02,1.0,7,0,0.0,2.0,3.0,1.0,11,17,800,1,1,1,1,3,1,7,2,2
3205,201600001434,1.0,1,4,1,11.0,0.0,0.0,0.0,1975.0,A01,2.0,7,0,0.0,2.0,3.0,13.0,11,17,800,1,1,1,1,3,1,7,2,2
3206,201600001435,1.0,1,1,2,11.0,0.0,0.0,0.0,1963.0,A01,0.0,7,0,0.0,1.0,2.0,1.0,12,6,1900,5,2,1,1,6,4,7,2,2
3207,201600001435,0.0,3,3,2,0.0,4.0,3.0,1.0,1930.0,A01,0.0,7,0,0.0,1.0,2.0,1.0,12,6,1900,5,2,1,1,6,4,7,2,2
3208,201600001436,1.0,1,4,1,11.0,0.0,0.0,0.0,1961.0,A01,1.0,7,0,13.0,0.0,2.0,1.0,12,31,400,3,1,1,9,6,0,7,2,2
3209,201600001436,2.0,2,4,1,11.0,0.0,0.0,0.0,1996.0,A01,1.0,7,0,13.0,0.0,2.0,1.0,12,31,400,3,1,1,9,6,0,7,2,2
3210,201600001437,1.0,1,4,1,3.0,0.0,0.0,0.0,1963.0,A01,2.0,21,0,13.0,0.0,9.0,14.0,8,30,1415,1,1,1,1,6,3,21,0,0
3211,201600001437,2.0,2,3,2,3.0,0.0,0.0,0.0,2007.0,A01,2.0,21,0,13.0,0.0,9.0,14.0,8,30,1415,1,1,1,1,6,3,21,0,0
3212,201600001438,1.0,1,2,1,21.0,0.0,0.0,0.0,1960.0,A01,0.0,1,0,0.0,6.0,0.0,21.0,1,13,1145,1,1,1,8,7,1,1,1,1
3213,201600001439,1.0,1,3,1,21.0,0.0,0.0,0.0,1998.0,B02,1.0,2,0,0.0,2.0,1.0,1.0,1,30,1730,2,2,1,2,1,3,7,1,2
3214,201600001439,1.0,1,1,1,11.0,0.0,0.0,0.0,1975.0,A01,2.0,7,0,0.0,2.0,1.0,15.0,1,30,1730,2,2,1,2,1,3,2,2,1
3215,201600001440,1.0,1,2,1,13.0,0.0,0.0,0.0,1998.0,A01,2.0,7,0,1.0,0.0,1.0,13.0,2,6,200,5,2,1,1,6,0,7,2,2
3217,201600001442,1.0,1,3,2,11.0,0.0,0.0,0.0,1992.0,A01,2.0,7,0,2.0,0.0,7.0,1.0,11,7,815,1,1,1,8,6,1,7,2,2
3218,201600001443,1.0,1,1,1,11.0,0.0,0.0,0.0,1971.0,A01,1.0,10,0,0.0,2.0,3.0,1.0,11,11,845,1,2,1,1,1,1,7,2,2
3219,201600001443,1.0,1,3,2,11.0,0.0,0.0,0.0,1956.0,B02,2.0,7,0,0.0,2.0,1.0,1.0,11,11,845,1,2,1,1,1,1,10,2,2
3223,201600001446,1.0,1,2,2,11.0,0.0,0.0,0.0,1985.0,A01,1.0,7,0,6.0,0.0,9.0,0.0,12,11,1300,1,1,1,8,6,2,7,2,2
3224,201600001447,1.0,1,3,1,21.0,0.0,0.0,0.0,1967.0,A01,2.0,31,0,0.0,0.0,0.0,17.0,6,10,1700,1,1,1,1,7,3,31,1,1
3226,201600001449,1.0,1,1,2,11.0,0.0,0.0,0.0,1991.0,A01,2.0,7,0,0.0,1.0,7.0,21.0,2,22,1315,1,2,1,1,6,2,7,2,2
3227,201600001449,0.0,3,3,2,92.0,2.0,5.0,2.0,2010.0,A01,2.0,7,0,0.0,1.0,7.0,21.0,2,22,1315,1,2,1,1,6,2,7,2,2
3228,201600001450,1.0,1,1,1,11.0,0.0,0.0,0.0,1955.0,A01,1.0,7,0,13.0,6.0,2.0,1.0,2,24,1930,3,1,1,1,6,4,7,2,2
3229,201600001450,2.0,2,2,1,11.0,0.0,0.0,0.0,1959.0,A01,1.0,7,0,13.0,6.0,2.0,1.0,2,24,1930,3,1,1,1,6,4,7,2,2
3230,201600001451,1.0,1,1,1,11.0,0.0,0.0,0.0,1942.0,A01,2.0,7,0,0.0,2.0,2.0,15.0,3,13,1045,1,1,2,1,1,1,33,2,1
3231,201600001451,1.0,1,3,1,21.0,0.0,0.0,0.0,1971.0,B02,1.0,33,0,0.0,2.0,1.0,21.0,3,13,1045,1,1,2,1,1,1,7,1,2
3232,201600001452,1.0,1,3,1,21.0,0.0,0.0,0.0,1991.0,A01,2.0,33,0,0.0,0.0,9.0,13.0,3,12,1700,1,1,1,1,7,3,33,1,1
3233,201600001453,1.0,1,1,1,11.0,0.0,0.0,0.0,1974.0,A01,0.0,7,0,0.0,2.0,1.0,13.0,4,13,1830,1,1,4,7,1,4,30,2,1
3234,201600001453,2.0,2,1,1,11.0,0.0,0.0,0.0,1981.0,A01,0.0,7,0,0.0,2.0,1.0,13.0,4,13,1830,1,1,4,7,1,4,30,2,1
3235,201600001453,1.0,1,3,1,21.0,0.0,0.0,0.0,2001.0,B02,0.0,30,0,0.0,2.0,1.0,16.0,4,13,1830,1,1,4,7,1,4,7,1,2
3236,201600001453,2.0,2,1,1,21.0,0.0,0.0,0.0,2001.0,B02,0.0,30,0,0.0,2.0,1.0,16.0,4,13,1830,1,1,4,7,1,4,7,1,2
3237,201600001454,1.0,1,4,1,21.0,0.0,0.0,0.0,1935.0,B01,1.0,1,0,0.0,0.0,8.0,1.0,4,19,1645,1,1,1,1,7,3,1,1,1
3238,201600001455,1.0,1,4,1,21.0,0.0,0.0,0.0,1963.0,B02,1.0,33,0,0.0,2.0,2.0,1.0,6,26,1900,1,1,3,1,3,4,7,1,2
3239,201600001455,2.0,2,4,2,21.0,0.0,0.0,0.0,1969.0,B02,1.0,33,0,0.0,2.0,2.0,1.0,6,26,1900,1,1,3,1,3,4,7,1,2
3240,201600001455,1.0,1,1,2,11.0,0.0,0.0,0.0,1991.0,A01,1.0,7,0,0.0,2.0,1.0,15.0,6,26,1900,1,1,3,1,3,4,33,2,1
3241,201600001456,1.0,1,4,2,11.0,0.0,0.0,0.0,1978.0,A01,1.0,7,0,0.0,2.0,3.0,15.0,7,22,1645,1,1,1,1,1,3,7,2,2
3242,201600001456,1.0,1,3,1,11.0,0.0,0.0,0.0,1993.0,B02,2.0,7,0,0.0,2.0,3.0,1.0,7,22,1645,1,1,1,1,1,3,7,2,2
3243,201600001457,2.0,1,2,1,11.0,0.0,0.0,0.0,1993.0,A01,2.0,7,0,15.0,2.0,2.0,19.0,8,2,1815,1,1,2,1,3,4,21,2,0
3244,201600001457,1.0,2,3,2,11.0,0.0,0.0,0.0,1993.0,A01,2.0,7,0,15.0,2.0,2.0,19.0,8,2,1815,1,1,2,1,3,4,21,2,0
3245,201600001457,1.0,1,4,1,12.0,0.0,0.0,0.0,1971.0,B02,1.0,21,0,13.0,2.0,3.0,1.0,8,2,1815,1,1,2,1,3,4,7,0,2
3246,201600001458,1.0,1,1,2,11.0,0.0,0.0,0.0,1980.0,A01,0.0,7,0,0.0,2.0,7.0,1.0,8,22,1700,1,2,2,1,3,3,2,2,1
3247,201600001458,1.0,1,3,1,21.0,0.0,0.0,0.0,2001.0,B02,0.0,2,0,0.0,2.0,1.0,21.0,8,22,1700,1,2,2,1,3,3,7,1,2
3248,201600001459,1.0,1,1,1,11.0,0.0,0.0,0.0,1945.0,B02,0.0,7,0,0.0,0.0,1.0,0.0,9,8,1730,1,1,1,1,3,3,7,2,2
3249,201600001459,1.0,1,1,1,11.0,0.0,0.0,0.0,1981.0,A01,0.0,7,0,0.0,0.0,5.0,19.0,9,8,1730,1,1,1,1,3,3,7,2,2
3250,201600001459,3.0,2,4,2,11.0,0.0,0.0,0.0,2012.0,A01,0.0,7,0,0.0,0.0,5.0,19.0,9,8,1730,1,1,1,1,3,3,7,2,2
3251,201600001460,1.0,1,3,1,12.0,0.0,0.0,0.0,1962.0,A01,2.0,7,0,2.0,0.0,1.0,1.0,9,10,1600,1,1,1,1,6,3,7,2,2
3252,201600001461,2.0,2,4,1,11.0,0.0,0.0,0.0,1980.0,A01,2.0,7,0,8.0,0.0,1.0,1.0,10,21,1830,2,1,1,2,6,4,7,2,2
3253,201600001461,1.0,1,4,2,11.0,0.0,0.0,0.0,1982.0,A01,2.0,7,0,8.0,0.0,1.0,1.0,10,21,1830,2,1,1,2,6,4,7,2,2
3254,201600001462,1.0,1,4,2,21.0,0.0,0.0,0.0,1999.0,A01,1.0,30,0,0.0,0.0,0.0,1.0,11,15,1815,5,2,1,2,7,4,30,1,1
3256,201600001464,1.0,1,3,2,11.0,0.0,0.0,0.0,1998.0,A01,1.0,7,0,2.0,0.0,1.0,1.0,12,4,1700,3,1,1,1,6,3,7,2,2
3257,201600001465,1.0,1,1,1,11.0,0.0,0.0,0.0,1998.0,A01,2.0,7,0,6.0,0.0,6.0,14.0,1,31,10,5,2,1,2,6,0,7,2,2
3258,201600001465,2.0,2,4,1,11.0,0.0,0.0,0.0,1997.0,A01,2.0,7,0,6.0,0.0,6.0,14.0,1,31,10,5,2,1,2,6,0,7,2,2
3259,201600001466,1.0,1,4,2,11.0,0.0,0.0,0.0,1986.0,A01,1.0,7,0,13.0,0.0,1.0,13.0,2,9,945,1,1,1,3,6,1,7,2,2
3260,201600001467,1.0,1,3,2,11.0,0.0,0.0,0.0,1996.0,A01,1.0,7,0,2.0,0.0,7.0,13.0,5,29,2015,1,1,1,1,6,4,7,2,2
3261,201600001467,2.0,2,3,1,11.0,0.0,0.0,0.0,1996.0,A01,1.0,7,0,2.0,0.0,7.0,13.0,5,29,2015,1,1,1,1,6,4,7,2,2
3262,201600001467,3.0,2,3,2,11.0,0.0,0.0,0.0,2001.0,A01,1.0,7,0,2.0,0.0,7.0,13.0,5,29,2015,1,1,1,1,6,4,7,2,2
3263,201600001468,1.0,1,1,1,11.0,0.0,0.0,0.0,1987.0,A01,2.0,7,0,0.0,2.0,2.0,13.0,6,2,1000,1,1,1,8,1,1,7,2,2
3264,201600001468,2.0,2,4,2,11.0,0.0,0.0,0.0,1986.0,A01,2.0,7,0,0.0,2.0,2.0,13.0,6,2,1000,1,1,1,8,1,1,7,2,2
3265,201600001468,1.0,1,4,2,11.0,0.0,0.0,0.0,1979.0,B02,1.0,7,0,0.0,2.0,1.0,1.0,6,2,1000,1,1,1,8,1,1,7,2,2
3266,201600001469,1.0,1,4,1,11.0,0.0,0.0,0.0,1998.0,B02,2.0,7,0,0.0,2.0,1.0,1.0,6,30,1230,1,1,2,8,3,2,7,2,2
3267,201600001469,2.0,2,4,1,11.0,0.0,0.0,0.0,1998.0,B02,2.0,7,0,0.0,2.0,1.0,1.0,6,30,1230,1,1,2,8,3,2,7,2,2
3268,201600001469,1.0,1,3,1,11.0,0.0,0.0,0.0,1935.0,A01,1.0,7,0,0.0,2.0,7.0,19.0,6,30,1230,1,1,2,8,3,2,7,2,2
3269,201600001470,1.0,1,3,1,11.0,0.0,0.0,0.0,1994.0,A01,0.0,7,0,8.0,0.0,1.0,14.0,8,28,400,3,1,1,1,6,0,7,2,2
3270,201600001470,2.0,2,3,1,11.0,0.0,0.0,0.0,1996.0,A01,0.0,7,0,8.0,0.0,1.0,14.0,8,28,400,3,1,1,1,6,0,7,2,2
3271,201600001471,1.0,1,3,1,21.0,0.0,0.0,0.0,1996.0,A01,2.0,30,0,13.0,0.0,4.0,1.0,9,4,530,3,1,1,9,7,0,30,1,1
3272,201600001472,1.0,1,1,1,11.0,0.0,0.0,0.0,1997.0,A01,1.0,10,0,0.0,2.0,8.0,1.0,9,10,1700,1,1,1,1,3,3,1,2,1
3273,201600001472,2.0,2,1,1,11.0,0.0,0.0,0.0,1969.0,A01,1.0,10,0,0.0,2.0,8.0,1.0,9,10,1700,1,1,1,1,3,3,1,2,1
3274,201600001472,6.0,2,1,1,11.0,0.0,0.0,0.0,1947.0,A01,1.0,10,0,0.0,2.0,8.0,1.0,9,10,1700,1,1,1,1,3,3,1,2,1
3275,201600001472,1.0,1,2,1,21.0,0.0,0.0,0.0,1947.0,B02,2.0,1,0,0.0,2.0,8.0,13.0,9,10,1700,1,1,1,1,3,3,10,1,2
3276,201600001473,1.0,1,1,2,11.0,0.0,0.0,0.0,1974.0,A01,1.0,7,0,0.0,2.0,2.0,14.0,10,26,1330,1,1,1,1,2,2,1,2,1
3277,201600001473,1.0,1,2,1,21.0,0.0,0.0,0.0,1948.0,B02,1.0,1,0,0.0,2.0,4.0,1.0,10,26,1330,1,1,1,1,2,2,7,1,2