,Num_Acc,place,catu,grav,sexe,secu,locp,actp,etatp,an_nais,num_veh,senc,catv,occutc,obs,obsm,choc,manv,mois,jour,hrmn,lum,agg,int,atm,col,mom,catvopp,catv_gen,catvopp_gen
3278,201600001474,1.0,1,1,1,11.0,0.0,0.0,0.0,1962.0,A01,0.0,7,0,0.0,0.0,1.0,2.0,12,22,1830,3,1,1,1,2,4,1,2,1
3279,201600001474,1.0,1,2,1,22.0,0.0,0.0,0.0,1989.0,B02,0.0,1,0,0.0,0.0,4.0,2.0,12,22,1830,3,1,1,1,2,4,7,1,2
3280,201600001475,3.0,2,1,1,31.0,0.0,0.0,0.0,2008.0,A01,1.0,7,0,0.0,2.0,8.0,1.0,11,9,1300,1,1,2,8,3,2,10,2,2
3281,201600001475,4.0,2,4,1,31.0,0.0,0.0,0.0,2012.0,A01,1.0,7,0,0.0,2.0,8.0,1.0,11,9,1300,1,1,2,8,3,2,10,2,2
3282,201600001475,1.0,1,4,2,11.0,0.0,0.0,0.0,1985.0,A01,1.0,7,0,0.0,2.0,8.0,1.0,11,9,1300,1,1,2,8,3,2,10,2,2
3283,201600001475,2.0,2,1,1,11.0,0.0,0.0,0.0,2006.0,A01,1.0,7,0,0.0,2.0,8.0,1.0,11,9,1300,1,1,2,8,3,2,10,2,2
3284,201600001475,1.0,1,1,1,11.0,0.0,0.0,0.0,1950.0,B02,1.0,10,0,0.0,2.0,1.0,1.0,11,9,1300,1,1,2,8,3,2,7,2,2
3285,201600001476,1.0,1,2,1,21.0,0.0,0.0,0.0,1992.0,A01,2.0,30,0,7.0,0.0,1.0,13.0,1,13,345,3,1,1,6,6,0,30,1,1
3286,201600001477,1.0,1,2,1,11.0,0.0,0.0,0.0,1984.0,A01,1.0,10,0,0.0,2.0,1.0,13.0,4,13,1000,1,1,1,1,1,1,21,2,0
3287,201600001477,1.0,1,1,1,11.0,0.0,0.0,0.0,1971.0,B02,2.0,21,0,0.0,2.0,1.0,1.0,4,13,1000,1,1,1,1,1,1,10,0,2
3288,201600001478,1.0,1,3,1,11.0,0.0,0.0,0.0,1952.0,A01,2.0,7,0,6.0,0.0,1.0,13.0,6,25,15,3,1,1,1,6,0,7,2,2
3289,201600001479,1.0,1,3,1,21.0,0.0,0.0,0.0,2001.0,A02,2.0,30,0,0.0,2.0,1.0,19.0,7,17,130,5,2,2,1,3,0,7,1,2
3290,201600001479,2.0,2,3,1,21.0,0.0,0.0,0.0,2000.0,A02,2.0,30,0,0.0,2.0,1.0,19.0,7,17,130,5,2,2,1,3,0,7,1,2
3291,201600001479,1.0,1,1,1,11.0,0.0,0.0,0.0,1954.0,B01,1.0,7,0,0.0,2.0,3.0,1.0,7,17,130,5,2,2,1,3,0,30,2,1
3292,201600001479,2.0,2,1,2,11.0,0.0,0.0,0.0,1945.0,B01,1.0,7,0,0.0,2.0,3.0,1.0,7,17,130,5,2,2,1,3,0,30,2,1
3299,201600001482,1.0,1,3,1,11.0,0.0,0.0,0.0,1962.0,A01,1.0,7,0,15.0,0.0,1.0,1.0,11,14,715,3,1,1,1,7,1,7,2,2
3300,201600001483,1.0,1,3,1,21.0,0.0,0.0,0.0,1990.0,B02,1.0,2,0,0.0,2.0,1.0,1.0,11,15,1815,3,1,1,2,3,4,10,1,2
3301,201600001483,2.0,2,1,1,11.0,0.0,0.0,0.0,2000.0,A01,1.0,10,0,0.0,2.0,8.0,10.0,11,15,1815,3,1,1,2,3,4,2,2,1
3302,201600001483,1.0,1,1,1,11.0,0.0,0.0,0.0,1982.0,A01,1.0,10,0,0.0,2.0,8.0,10.0,11,15,1815,3,1,1,2,3,4,2,2,1
3303,201600001484,1.0,1,3,2,11.0,0.0,0.0,0.0,1937.0,A01,1.0,7,0,0.0,2.0,7.0,19.0,4,15,1130,1,1,2,1,3,1,7,2,2
3304,201600001484,1.0,1,4,1,11.0,0.0,0.0,0.0,1992.0,B02,2.0,7,0,0.0,2.0,1.0,1.0,4,15,1130,1,1,2,1,3,1,7,2,2
3305,201600001485,1.0,1,1,1,11.0,0.0,0.0,0.0,1993.0,A01,1.0,7,0,0.0,2.0,3.0,13.0,5,16,900,1,1,1,1,5,1,7,2,2
3306,201600001485,1.0,1,1,1,11.0,0.0,0.0,0.0,1963.0,B02,2.0,7,0,0.0,2.0,8.0,1.0,5,16,900,1,1,1,1,5,1,7,2,2
3307,201600001485,2.0,2,1,1,11.0,0.0,0.0,0.0,1962.0,B02,2.0,7,0,0.0,2.0,8.0,1.0,5,16,900,1,1,1,1,5,1,7,2,2
3308,201600001485,4.0,2,3,2,12.0,0.0,0.0,0.0,1953.0,B02,2.0,7,0,0.0,2.0,8.0,1.0,5,16,900,1,1,1,1,5,1,7,2,2
3309,201600001485,1.0,1,1,2,11.0,0.0,0.0,0.0,1954.0,C03,2.0,7,0,0.0,2.0,3.0,1.0,5,16,900,1,1,1,1,5,1,7,2,2
3310,201600001485,1.0,1,1,1,11.0,0.0,0.0,0.0,1982.0,D04,2.0,7,0,0.0,9.0,3.0,1.0,5,16,900,1,1,1,1,5,1,7,2,2
3311,201600001486,1.0,1,1,1,11.0,0.0,0.0,0.0,1947.0,B02,2.0,7,0,0.0,2.0,1.0,1.0,6,3,1515,1,1,3,1,1,3,30,2,1
3312,201600001486,2.0,2,1,2,11.0,0.0,0.0,0.0,1946.0,B02,2.0,7,0,0.0,2.0,1.0,1.0,6,3,1515,1,1,3,1,1,3,30,2,1
3313,201600001486,1.0,1,2,2,21.0,0.0,0.0,0.0,1967.0,A01,1.0,30,0,0.0,2.0,1.0,13.0,6,3,1515,1,1,3,1,1,3,7,1,2
3314,201600001487,1.0,1,4,2,11.0,0.0,0.0,0.0,1975.0,B02,2.0,7,0,0.0,2.0,3.0,1.0,8,16,830,1,1,3,7,1,1,7,2,2
3315,201600001487,1.0,1,3,2,11.0,0.0,0.0,0.0,1995.0,A01,1.0,7,0,0.0,2.0,2.0,15.0,8,16,830,1,1,3,7,1,1,7,2,2
3316,201600001488,5.0,2,3,1,12.0,0.0,0.0,0.0,1999.0,A01,1.0,7,0,2.0,0.0,1.0,1.0,9,26,2115,3,1,1,1,6,4,7,2,2
3317,201600001488,2.0,2,3,1,11.0,0.0,0.0,0.0,1997.0,A01,1.0,7,0,2.0,0.0,1.0,1.0,9,26,2115,3,1,1,1,6,4,7,2,2
3318,201600001488,1.0,1,2,1,11.0,0.0,0.0,0.0,1993.0,A01,1.0,7,0,2.0,0.0,1.0,1.0,9,26,2115,3,1,1,1,6,4,7,2,2
3319,201600001489,1.0,1,4,1,11.0,0.0,0.0,0.0,1983.0,A01,1.0,7,0,8.0,0.0,1.0,1.0,10,19,2000,3,1,1,2,6,4,7,2,2
3320,201600001490,1.0,1,2,1,11.0,0.0,0.0,0.0,1938.0,A01,1.0,7,0,0.0,2.0,8.0,19.0,10,29,1515,1,1,3,1,3,3,7,2,2
3321,201600001490,2.0,2,3,2,11.0,0.0,0.0,0.0,1942.0,A01,1.0,7,0,0.0,2.0,8.0,19.0,10,29,1515,1,1,3,1,3,3,7,2,2
3322,201600001490,1.0,1,1,1,11.0,0.0,0.0,0.0,1963.0,B02,1.0,7,0,0.0,2.0,8.0,1.0,10,29,1515,1,1,3,1,3,3,7,2,2
3323,201600001490,2.0,2,3,2,11.0,0.0,0.0,0.0,1964.0,B02,1.0,7,0,0.0,2.0,8.0,1.0,10,29,1515,1,1,3,1,3,3,7,2,2
3324,201600001491,1.0,1,1,2,11.0,0.0,0.0,0.0,1959.0,A01,1.0,7,0,0.0,2.0,1.0,15.0,11,30,1450,1,1,1,7,3,3,7,2,2
3325,201600001491,1.0,1,1,2,11.0,0.0,0.0,0.0,1965.0,B02,2.0,7,0,0.0,2.0,3.0,1.0,11,30,1450,1,1,1,7,3,3,7,2,2
3326,201600001491,2.0,2,4,2,11.0,0.0,0.0,0.0,1967.0,B02,2.0,7,0,0.0,2.0,3.0,1.0,11,30,1450,1,1,1,7,3,3,7,2,2
3327,201600001492,1.0,1,4,1,11.0,0.0,0.0,0.0,1969.0,B02,2.0,7,0,1.0,2.0,4.0,15.0,1,17,1120,1,2,3,1,2,1,7,2,2
3328,201600001492,4.0,2,4,2,11.0,0.0,0.0,0.0,2001.0,A01,2.0,7,0,13.0,2.0,1.0,17.0,1,17,1120,1,2,3,1,2,1,7,2,2
3329,201600001492,1.0,1,4,1,11.0,0.0,0.0,0.0,1994.0,A01,2.0,7,0,13.0,2.0,1.0,17.0,1,17,1120,1,2,3,1,2,1,7,2,2
3330,201600001492,2.0,2,1,1,11.0,0.0,0.0,0.0,1999.0,A01,2.0,7,0,13.0,2.0,1.0,17.0,1,17,1120,1,2,3,1,2,1,7,2,2
3331,201600001493,1.0,1,3,2,21.0,0.0,0.0,0.0,1986.0,A01,2.0,36,0,15.0,0.0,3.0,14.0,2,3,1800,2,1,1,1,6,4,36,1,1
3332,201600001493,2.0,2,3,2,21.0,0.0,0.0,0.0,1985.0,A01,2.0,36,0,15.0,0.0,3.0,14.0,2,3,1800,2,1,1,1,6,4,36,1,1
3333,201600001494,1.0,1,4,1,21.0,0.0,0.0,0.0,1999.0,A01,2.0,2,0,15.0,0.0,1.0,14.0,2,14,530,3,2,1,2,6,0,2,1,1
3334,201600001495,1.0,1,1,1,11.0,0.0,0.0,0.0,1944.0,A01,1.0,7,0,0.0,2.0,1.0,13.0,3,22,2230,3,1,1,1,1,5,7,2,2
3335,201600001495,5.0,2,3,2,11.0,0.0,0.0,0.0,1994.0,B02,2.0,7,0,0.0,2.0,1.0,1.0,3,22,2230,3,1,1,1,1,5,7,2,2
3336,201600001495,1.0,1,1,1,11.0,0.0,0.0,0.0,1992.0,B02,2.0,7,0,0.0,2.0,1.0,1.0,3,22,2230,3,1,1,1,1,5,7,2,2
3337,201600001495,3.0,2,1,1,31.0,0.0,0.0,0.0,2016.0,B02,2.0,7,0,0.0,2.0,1.0,1.0,3,22,2230,3,1,1,1,1,5,7,2,2
3338,201600001496,1.0,1,1,1,11.0,0.0,0.0,0.0,1939.0,A01,1.0,7,0,0.0,1.0,1.0,1.0,5,18,1400,1,2,1,3,6,3,7,2,2
3339,201600001496,0.0,3,4,2,93.0,4.0,3.0,1.0,1963.0,A01,1.0,7,0,0.0,1.0,1.0,1.0,5,18,1400,1,2,1,3,6,3,7,2,2
3347,201600001500,1.0,1,3,1,21.0,0.0,0.0,0.0,1998.0,B02,1.0,2,0,0.0,2.0,1.0,1.0,9,16,1415,1,1,1,1,3,3,3,1,0
3348,201600001500,1.0,1,1,1,11.0,0.0,0.0,0.0,1941.0,A01,2.0,3,0,0.0,2.0,7.0,15.0,9,16,1415,1,1,1,1,3,3,2,0,1
3353,201600001502,1.0,1,4,1,11.0,0.0,0.0,0.0,1959.0,A01,2.0,10,0,0.0,2.0,2.0,15.0,11,9,1445,1,1,1,2,1,3,7,2,2
3354,201600001502,1.0,1,1,2,11.0,0.0,0.0,0.0,1979.0,B02,1.0,7,0,0.0,2.0,3.0,1.0,11,9,1445,1,1,1,2,1,3,10,2,2
3355,201600001503,1.0,1,3,2,11.0,0.0,0.0,0.0,1997.0,A01,0.0,10,0,8.0,0.0,1.0,1.0,12,10,400,4,1,1,1,6,0,10,2,2
3356,201600001504,1.0,1,3,2,11.0,0.0,0.0,0.0,1969.0,A01,0.0,7,0,0.0,2.0,2.0,23.0,12,14,1315,1,1,3,1,3,2,7,2,2
3357,201600001504,1.0,1,4,1,11.0,0.0,0.0,0.0,1998.0,B02,0.0,7,0,0.0,2.0,1.0,19.0,12,14,1315,1,1,3,1,3,2,7,2,2
3358,201600001505,1.0,1,1,1,11.0,0.0,0.0,0.0,1978.0,A01,1.0,7,0,13.0,0.0,1.0,1.0,12,31,1415,1,1,1,9,6,3,7,2,2
3359,201600001505,2.0,2,1,2,11.0,0.0,0.0,0.0,1957.0,A01,1.0,7,0,13.0,0.0,1.0,1.0,12,31,1415,1,1,1,9,6,3,7,2,2
3360,201600001505,3.0,2,3,2,11.0,0.0,0.0,0.0,1983.0,A01,1.0,7,0,13.0,0.0,1.0,1.0,12,31,1415,1,1,1,9,6,3,7,2,2
3361,201600001506,1.0,1,3,1,11.0,0.0,0.0,0.0,1972.0,A01,1.0,3,0,13.0,0.0,1.0,13.0,1,11,1045,1,1,1,2,6,1,3,0,0
3362,201600001506,2.0,2,1,1,11.0,0.0,0.0,0.0,1961.0,A01,1.0,3,0,13.0,0.0,1.0,13.0,1,11,1045,1,1,1,2,6,1,3,0,0
3363,201600001507,1.0,1,3,1,21.0,0.0,0.0,0.0,1972.0,A01,2.0,31,0,0.0,0.0,1.0,1.0,3,12,1445,1,1,1,1,7,3,31,1,1
3364,201600001508,1.0,1,3,1,11.0,0.0,0.0,0.0,1995.0,A01,1.0,7,0,2.0,0.0,1.0,1.0,5,25,1115,1,1,1,1,6,1,7,2,2
3365,201600001509,1.0,1,2,1,21.0,0.0,0.0,0.0,1993.0,A01,2.0,33,0,0.0,2.0,1.0,1.0,7,15,730,2,2,2,5,3,1,7,1,2
3366,201600001509,1.0,1,1,2,11.0,0.0,0.0,0.0,1946.0,B02,1.0,7,0,0.0,2.0,8.0,15.0,7,15,730,2,2,2,5,3,1,33,2,1
3367,201600001510,1.0,1,1,2,11.0,0.0,0.0,0.0,1934.0,A01,0.0,7,0,0.0,1.0,5.0,4.0,9,3,1145,1,2,1,1,6,1,7,2,2
3368,201600001510,0.0,3,2,2,0.0,0.0,9.0,2.0,1922.0,A01,0.0,7,0,0.0,1.0,5.0,4.0,9,3,1145,1,2,1,1,6,1,7,2,2
3369,201600001511,1.0,1,4,1,21.0,0.0,0.0,0.0,1999.0,A01,2.0,30,0,3.0,0.0,7.0,1.0,10,20,1645,1,1,1,2,7,3,30,1,1
3370,201600001512,1.0,1,3,1,11.0,0.0,0.0,0.0,1958.0,A01,2.0,7,0,2.0,0.0,1.0,14.0,4,11,1545,1,2,1,2,6,3,7,2,2
3371,201600001513,1.0,1,1,1,21.0,0.0,0.0,0.0,1963.0,A01,0.0,33,0,0.0,2.0,5.0,17.0,4,30,1430,1,2,1,1,3,3,1,1,1
3372,201600001513,1.0,1,3,1,22.0,0.0,0.0,0.0,2001.0,B02,0.0,1,0,0.0,2.0,3.0,15.0,4,30,1430,1,2,1,1,3,3,33,1,1
3373,201600001514,1.0,1,3,2,21.0,0.0,0.0,0.0,1991.0,A01,2.0,33,0,0.0,0.0,7.0,1.0,5,28,1230,1,1,1,1,7,2,33,1,1
3374,201600001515,1.0,1,1,2,11.0,0.0,0.0,0.0,1992.0,A01,2.0,7,0,0.0,2.0,3.0,15.0,9,3,1745,1,1,1,1,3,3,33,2,1
3375,201600001515,1.0,1,3,2,21.0,0.0,0.0,0.0,1990.0,B02,2.0,33,0,0.0,2.0,2.0,17.0,9,3,1745,1,1,1,1,3,3,7,1,2
3376,201600001516,1.0,1,1,1,11.0,0.0,0.0,0.0,1946.0,A01,2.0,7,0,2.0,0.0,3.0,14.0,9,4,1545,1,1,1,1,6,3,7,2,2
3377,201600001516,2.0,2,3,2,11.0,0.0,0.0,0.0,1932.0,A01,2.0,7,0,2.0,0.0,3.0,14.0,9,4,1545,1,1,1,1,6,3,7,2,2
3378,201600001517,1.0,1,4,1,11.0,0.0,0.0,0.0,1978.0,B02,0.0,7,0,0.0,0.0,8.0,1.0,9,23,1315,1,2,1,1,3,2,7,2,2
3379,201600001517,5.0,2,1,2,11.0,0.0,0.0,0.0,2007.0,B02,0.0,7,0,0.0,0.0,8.0,1.0,9,23,1315,1,2,1,1,3,2,7,2,2
3380,201600001517,1.0,1,1,2,11.0,0.0,0.0,0.0,1993.0,A01,0.0,7,0,0.0,0.0,2.0,1.0,9,23,1315,1,2,1,1,3,2,7,2,2
3381,201600001518,4.0,2,1,1,31.0,0.0,0.0,0.0,2008.0,B02,1.0,7,0,0.0,2.0,3.0,15.0,11,11,2045,5,2,1,1,3,4,7,2,2
3382,201600001518,2.0,2,1,1,11.0,0.0,0.0,0.0,1978.0,B02,1.0,7,0,0.0,2.0,3.0,15.0,11,11,2045,5,2,1,1,3,4,7,2,2
3383,201600001518,3.0,2,1,1,31.0,0.0,0.0,0.0,2011.0,B02,1.0,7,0,0.0,2.0,3.0,15.0,11,11,2045,5,2,1,1,3,4,7,2,2
3384,201600001518,1.0,1,1,2,11.0,0.0,0.0,0.0,1976.0,B02,1.0,7,0,0.0,2.0,3.0,15.0,11,11,2045,5,2,1,1,3,4,7,2,2
3385,201600001518,1.0,1,3,1,11.0,0.0,0.0,0.0,1992.0,A01,1.0,7,0,8.0,2.0,2.0,17.0,11,11,2045,5,2,1,1,3,4,7,2,2
3388,201600001520,1.0,1,1,1,11.0,0.0,0.0,0.0,1996.0,A01,2.0,7,0,0.0,2.0,5.0,16.0,11,23,1215,1,2,3,1,5,2,10,2,2
3389,201600001520,1.0,1,4,1,11.0,0.0,0.0,0.0,1937.0,B02,2.0,7,0,0.0,2.0,3.0,2.0,11,23,1215,1,2,3,1,5,2,10,2,2
3390,201600001520,1.0,1,1,1,11.0,0.0,0.0,0.0,1973.0,C03,0.0,10,0,0.0,0.0,3.0,23.0,11,23,1215,1,2,3,1,5,2,7,2,2
3391,201600001521,1.0,1,1,1,11.0,0.0,0.0,0.0,1966.0,A01,2.0,7,0,0.0,2.0,1.0,17.0,6,1,1845,1,1,1,2,5,4,17,2,3
3392,201600001521,1.0,1,1,2,11.0,0.0,0.0,0.0,1939.0,B01,2.0,7,0,0.0,2.0,4.0,2.0,6,1,1845,1,1,1,2,5,4,17,2,3
3393,201600001521,2.0,2,1,2,11.0,0.0,0.0,0.0,1942.0,B01,2.0,7,0,0.0,2.0,4.0,2.0,6,1,1845,1,1,1,2,5,4,17,2,3
3394,201600001521,1.0,1,2,1,11.0,0.0,0.0,0.0,1937.0,C01,2.0,7,0,0.0,2.0,6.0,2.0,6,1,1845,1,1,1,2,5,4,17,2,3
3395,201600001521,1.0,1,1,1,11.0,0.0,0.0,0.0,1965.0,D01,1.0,17,0,0.0,2.0,8.0,1.0,6,1,1845,1,1,1,2,5,4,7,3,2
3396,201600001522,1.0,1,1,1,11.0,0.0,0.0,0.0,1958.0,A01,0.0,7,0,0.0,1.0,7.0,1.0,1,7,1600,1,2,1,1,7,3,7,2,2
3397,201600001522,0.0,3,3,2,0.0,1.0,5.0,2.0,2014.0,A01,0.0,7,0,0.0,1.0,7.0,1.0,1,7,1600,1,2,1,1,7,3,7,2,2
3398,201600001523,1.0,1,2,1,11.0,0.0,0.0,0.0,1962.0,A01,2.0,7,0,0.0,2.0,1.0,19.0,1,28,730,3,1,2,1,3,1,7,2,2
3399,201600001523,1.0,1,4,1,11.0,0.0,0.0,0.0,1965.0,B01,2.0,7,0,0.0,2.0,8.0,1.0,1,28,730,3,1,2,1,3,1,7,2,2
3400,201600001524,1.0,1,4,2,11.0,0.0,0.0,0.0,1953.0,B01,2.0,7,0,0.0,0.0,4.0,15.0,8,18,1745,1,1,3,7,2,3,7,2,2
3401,201600001524,1.0,1,2,2,11.0,0.0,0.0,0.0,1930.0,A01,2.0,7,0,0.0,2.0,1.0,2.0,8,18,1745,1,1,3,7,2,3,7,2,2
3402,201600001525,1.0,1,1,2,11.0,0.0,0.0,0.0,1970.0,A01,0.0,7,0,0.0,1.0,2.0,1.0,12,28,1145,1,2,1,7,6,1,7,2,2
3403,201600001525,0.0,3,3,2,0.0,4.0,3.0,1.0,1962.0,A01,0.0,7,0,0.0,1.0,2.0,1.0,12,28,1145,1,2,1,7,6,1,7,2,2
3404,201600001526,1.0,1,1,1,11.0,0.0,0.0,0.0,1967.0,A01,2.0,7,0,0.0,2.0,1.0,1.0,1,10,1830,5,1,2,1,3,4,7,2,2
3405,201600001526,2.0,2,1,2,11.0,0.0,0.0,0.0,2002.0,A01,2.0,7,0,0.0,2.0,1.0,1.0,1,10,1830,5,1,2,1,3,4,7,2,2
3406,201600001526,1.0,1,3,1,11.0,0.0,0.0,0.0,1980.0,B01,1.0,7,0,0.0,2.0,8.0,19.0,1,10,1830,5,1,2,1,3,4,7,2,2
3407,201600001527,1.0,1,3,2,11.0,0.0,0.0,0.0,1932.0,A01,2.0,7,0,0.0,0.0,3.0,13.0,1,13,1815,3,1,1,1,5,4,14,2,3
3408,201600001527,1.0,1,1,1,11.0,0.0,0.0,0.0,1969.0,B01,1.0,14,0,0.0,2.0,3.0,21.0,1,13,1815,3,1,1,1,5,4,7,3,2
3409,201600001527,1.0,1,1,1,11.0,0.0,0.0,0.0,1992.0,C01,1.0,7,0,0.0,2.0,1.0,1.0,1,13,1815,3,1,1,1,5,4,14,2,3
3410,201600001528,1.0,1,2,1,11.0,0.0,0.0,0.0,1958.0,C01,2.0,3,0,0.0,2.0,1.0,1.0,1,22,1530,1,1,2,2,5,3,21,0,0
3411,201600001528,1.0,2,3,2,11.0,0.0,0.0,0.0,1972.0,C01,2.0,3,0,0.0,2.0,1.0,1.0,1,22,1530,1,1,2,2,5,3,21,0,0
3412,201600001528,1.0,1,1,1,11.0,0.0,0.0,0.0,1963.0,B01,2.0,7,0,0.0,2.0,6.0,21.0,1,22,1530,1,1,2,2,5,3,3,2,0
3413,201600001528,1.0,1,1,1,1.0,0.0,0.0,0.0,1960.0,A01,1.0,21,0,0.0,2.0,7.0,1.0,1,22,1530,1,1,2,2,5,3,3,0,0
3414,201600001529,1.0,1,1,2,11.0,0.0,0.0,0.0,1989.0,A01,1.0,7,0,0.0,2.0,1.0,2.0,4,1,745,1,2,1,1,1,1,1,2,1
3415,201600001529,1.0,1,4,1,41.0,0.0,0.0,0.0,1970.0,B01,1.0,1,0,0.0,2.0,4.0,1.0,4,1,745,1,2,1,1,1,1,7,1,2
3416,201600001530,4.0,2,4,2,11.0,0.0,0.0,0.0,2004.0,B01,1.0,7,0,0.0,2.0,1.0,0.0,4,7,830,1,1,1,4,3,1,7,2,2
3417,201600001530,8.0,2,4,2,11.0,0.0,0.0,0.0,2004.0,B01,1.0,7,0,0.0,2.0,1.0,0.0,4,7,830,1,1,1,4,3,1,7,2,2
3418,201600001530,2.0,2,4,1,11.0,0.0,0.0,0.0,2001.0,B01,1.0,7,0,0.0,2.0,1.0,0.0,4,7,830,1,1,1,4,3,1,7,2,2
3419,201600001530,1.0,1,1,1,11.0,0.0,0.0,0.0,1974.0,B01,1.0,7,0,0.0,2.0,1.0,0.0,4,7,830,1,1,1,4,3,1,7,2,2
3420,201600001530,2.0,2,4,2,11.0,0.0,0.0,0.0,1975.0,B01,1.0,7,0,0.0,2.0,1.0,0.0,4,7,830,1,1,1,4,3,1,7,2,2
3421,201600001530,1.0,1,1,2,11.0,0.0,0.0,0.0,1991.0,A01,1.0,7,0,0.0,2.0,7.0,0.0,4,7,830,1,1,1,4,3,1,7,2,2
3422,201600001531,1.0,1,1,1,11.0,0.0,0.0,0.0,1963.0,A01,2.0,10,0,14.0,0.0,1.0,2.0,7,5,1345,1,1,3,1,2,2,31,2,1
3423,201600001531,1.0,1,4,1,21.0,0.0,0.0,0.0,1978.0,B02,2.0,31,0,0.0,0.0,4.0,23.0,7,5,1345,1,1,3,1,2,2,10,1,2
3424,201600001532,1.0,1,1,1,11.0,0.0,0.0,0.0,1973.0,A01,1.0,7,0,0.0,2.0,3.0,13.0,10,9,1830,1,1,1,1,1,4,7,2,2
3425,201600001532,1.0,1,1,2,11.0,0.0,0.0,0.0,1995.0,B01,2.0,7,0,0.0,2.0,3.0,1.0,10,9,1830,1,1,1,1,1,4,7,2,2
3426,201600001532,2.0,2,4,2,11.0,0.0,0.0,0.0,1967.0,B01,2.0,7,0,0.0,2.0,3.0,1.0,10,9,1830,1,1,1,1,1,4,7,2,2
3427,201600001532,3.0,2,1,2,11.0,0.0,0.0,0.0,1999.0,B01,2.0,7,0,0.0,2.0,3.0,1.0,10,9,1830,1,1,1,1,1,4,7,2,2
3428,201600001532,4.0,2,1,1,11.0,0.0,0.0,0.0,1998.0,B01,2.0,7,0,0.0,2.0,3.0,1.0,10,9,1830,1,1,1,1,1,4,7,2,2
3429,201600001533,1.0,1,4,1,21.0,0.0,0.0,0.0,1968.0,A01,2.0,30,0,0.0,2.0,1.0,14.0,10,19,1715,1,1,1,1,1,3,7,1,2
3430,201600001533,1.0,1,1,1,11.0,0.0,0.0,0.0,1981.0,B01,1.0,7,0,0.0,2.0,3.0,1.0,10,19,1715,1,1,1,1,1,3,30,2,1
3431,201600001534,1.0,1,3,1,11.0,0.0,0.0,0.0,1985.0,A01,1.0,7,0,3.0,0.0,1.0,14.0,11,18,2155,3,1,1,4,7,4,7,2,2
3432,201600001534,2.0,2,4,1,11.0,0.0,0.0,0.0,1990.0,A01,1.0,7,0,3.0,0.0,1.0,14.0,11,18,2155,3,1,1,4,7,4,7,2,2
3433,201600001535,1.0,1,3,2,11.0,0.0,0.0,0.0,1995.0,A01,0.0,7,0,8.0,0.0,8.0,14.0,12,8,2030,3,1,1,1,6,4,7,2,2
3434,201600001536,1.0,1,4,1,21.0,0.0,0.0,0.0,2001.0,B01,1.0,2,0,0.0,2.0,1.0,1.0,12,18,1800,3,1,3,5,3,4,7,1,2
3435,201600001536,1.0,1,1,1,11.0,0.0,0.0,0.0,1952.0,A01,2.0,7,0,0.0,0.0,7.0,15.0,12,18,1800,3,1,3,5,3,4,2,2,1
3436,201600001537,1.0,1,4,2,11.0,0.0,0.0,0.0,1986.0,A01,1.0,7,0,8.0,0.0,3.0,14.0,3,13,1930,2,1,1,1,7,4,7,2,2
3437,201600001537,2.0,2,1,1,11.0,0.0,0.0,0.0,2006.0,A01,1.0,7,0,8.0,0.0,3.0,14.0,3,13,1930,2,1,1,1,7,4,7,2,2
3438,201600001537,3.0,2,3,2,11.0,0.0,0.0,0.0,2013.0,A01,1.0,7,0,8.0,0.0,3.0,14.0,3,13,1930,2,1,1,1,7,4,7,2,2
3439,201600001537,4.0,2,3,1,11.0,0.0,0.0,0.0,2013.0,A01,1.0,7,0,8.0,0.0,3.0,14.0,3,13,1930,2,1,1,1,7,4,7,2,2
3440,201600001538,1.0,1,1,1,11.0,0.0,0.0,0.0,1966.0,B01,1.0,7,0,0.0,2.0,3.0,1.0,6,5,715,1,1,1,1,1,1,33,2,1
3441,201600001538,2.0,2,1,1,11.0,0.0,0.0,0.0,1949.0,B01,1.0,7,0,0.0,2.0,3.0,1.0,6,5,715,1,1,1,1,1,1,33,2,1
3442,201600001538,1.0,1,3,1,21.0,0.0,0.0,0.0,1973.0,A01,2.0,33,0,0.0,2.0,3.0,5.0,6,5,715,1,1,1,1,1,1,7,1,2
3443,201600001539,1.0,1,3,2,11.0,0.0,0.0,0.0,1937.0,A01,1.0,7,0,16.0,0.0,3.0,1.0,6,12,1145,1,1,1,8,7,1,7,2,2
3444,201600001540,1.0,1,3,2,11.0,0.0,0.0,0.0,1934.0,A01,1.0,7,0,0.0,0.0,2.0,1.0,9,15,945,1,1,1,2,7,1,7,2,2
3445,201600001541,1.0,1,4,1,21.0,0.0,0.0,0.0,1962.0,C01,1.0,33,0,0.0,2.0,1.0,1.0,10,18,1730,1,1,1,1,5,3,7,1,2
3446,201600001541,1.0,1,3,1,21.0,0.0,0.0,0.0,1956.0,B01,1.0,31,0,0.0,2.0,1.0,1.0,10,18,1730,1,1,1,1,5,3,33,1,1
3447,201600001541,1.0,1,4,1,11.0,0.0,0.0,0.0,1975.0,A01,2.0,7,0,13.0,2.0,1.0,13.0,10,18,1730,1,1,1,1,5,3,33,2,1
3448,201600001542,1.0,1,4,1,93.0,0.0,0.0,0.0,1972.0,B01,0.0,1,0,1.0,0.0,4.0,1.0,1,12,855,1,1,1,2,6,1,7,1,2
3449,201600001542,1.0,1,1,1,13.0,0.0,0.0,0.0,1968.0,A01,0.0,7,0,0.0,2.0,4.0,24.0,1,12,855,1,1,1,2,6,1,1,2,1
3450,201600001543,1.0,1,1,2,13.0,0.0,0.0,0.0,1986.0,A01,1.0,7,0,0.0,1.0,2.0,1.0,8,7,1130,1,1,1,1,6,1,7,2,2