,Num_Acc,place,catu,grav,sexe,secu,locp,actp,etatp,an_nais,num_veh,senc,catv,occutc,obs,obsm,choc,manv,mois,jour,hrmn,lum,agg,int,atm,col,mom,catvopp,catv_gen,catvopp_gen
3451,201600001543,0.0,3,4,2,0.0,1.0,3.0,1.0,2006.0,A01,1.0,7,0,0.0,1.0,2.0,1.0,8,7,1130,1,1,1,1,6,1,7,2,2
3452,201600001544,1.0,1,1,1,13.0,0.0,0.0,0.0,1961.0,A01,1.0,7,0,0.0,2.0,3.0,20.0,9,9,1930,1,1,1,1,3,4,7,2,2
3453,201600001544,2.0,2,3,2,11.0,0.0,0.0,0.0,1962.0,A01,1.0,7,0,0.0,2.0,3.0,20.0,9,9,1930,1,1,1,1,3,4,7,2,2
3454,201600001544,1.0,1,1,1,13.0,0.0,0.0,0.0,1986.0,B01,1.0,7,0,0.0,2.0,2.0,2.0,9,9,1930,1,1,1,1,3,4,7,2,2
3455,201600001545,1.0,1,3,1,11.0,0.0,0.0,0.0,1991.0,A01,1.0,7,0,13.0,0.0,9.0,13.0,10,19,730,2,1,1,1,7,1,7,2,2
3456,201600001546,1.0,1,1,1,13.0,0.0,0.0,0.0,1981.0,A01,0.0,7,0,0.0,1.0,2.0,1.0,2,15,1230,1,1,1,1,6,2,7,2,2
3457,201600001546,0.0,3,4,2,93.0,3.0,3.0,2.0,1977.0,A01,0.0,7,0,0.0,1.0,2.0,1.0,2,15,1230,1,1,1,1,6,2,7,2,2
3458,201600001547,1.0,1,1,2,11.0,0.0,0.0,0.0,1981.0,A01,1.0,7,0,0.0,1.0,2.0,1.0,3,6,1340,1,1,1,1,6,2,7,2,2
3459,201600001547,0.0,3,4,2,93.0,1.0,3.0,2.0,1990.0,A01,1.0,7,0,0.0,1.0,2.0,1.0,3,6,1340,1,1,1,1,6,2,7,2,2
3460,201600001548,1.0,1,2,1,12.0,0.0,0.0,0.0,1963.0,A01,2.0,7,0,15.0,0.0,1.0,1.0,11,3,2000,3,1,1,1,7,4,7,2,2
3461,201600001549,1.0,1,1,1,11.0,0.0,0.0,0.0,1966.0,A01,0.0,7,0,0.0,2.0,8.0,10.0,4,13,820,1,1,1,8,3,1,32,2,1
3462,201600001549,1.0,1,4,1,21.0,0.0,0.0,0.0,1984.0,B01,0.0,32,0,0.0,2.0,1.0,17.0,4,13,820,1,1,1,8,3,1,7,1,2
3463,201600001550,1.0,1,4,2,11.0,0.0,0.0,0.0,1993.0,B01,0.0,7,0,0.0,2.0,1.0,1.0,5,8,930,1,1,2,1,3,1,7,2,2
3464,201600001550,1.0,1,4,2,11.0,0.0,0.0,0.0,1963.0,A01,0.0,7,0,0.0,2.0,7.0,15.0,5,8,930,1,1,2,1,3,1,7,2,2
3465,201600001551,1.0,1,1,1,11.0,0.0,0.0,0.0,1978.0,B01,2.0,7,0,0.0,2.0,5.0,1.0,5,24,1430,1,1,1,1,2,3,7,2,2
3466,201600001551,1.0,1,4,2,11.0,0.0,0.0,0.0,1984.0,A01,1.0,7,0,0.0,2.0,3.0,2.0,5,24,1430,1,1,1,1,2,3,7,2,2
3467,201600001551,2.0,2,4,2,11.0,0.0,0.0,0.0,1953.0,A01,1.0,7,0,0.0,2.0,3.0,2.0,5,24,1430,1,1,1,1,2,3,7,2,2
3468,201600001552,1.0,1,4,2,11.0,0.0,0.0,0.0,1961.0,C01,0.0,7,0,0.0,2.0,4.0,23.0,6,8,800,1,1,3,1,4,1,10,2,2
3469,201600001552,1.0,1,3,1,11.0,0.0,0.0,0.0,1964.0,B01,0.0,7,0,0.0,2.0,9.0,23.0,6,8,800,1,1,3,1,4,1,10,2,2
3470,201600001552,1.0,1,1,1,11.0,0.0,0.0,0.0,1972.0,A01,0.0,10,0,0.0,2.0,1.0,2.0,6,8,800,1,1,3,1,4,1,7,2,2
3471,201600001553,1.0,1,3,1,21.0,0.0,0.0,0.0,1953.0,A01,0.0,34,0,12.0,0.0,2.0,1.0,6,9,1415,1,1,1,1,6,3,34,1,1
3472,201600001554,1.0,1,4,1,13.0,0.0,0.0,0.0,1967.0,B01,0.0,7,0,0.0,2.0,4.0,1.0,6,22,445,5,1,1,1,2,0,7,2,2
3473,201600001554,2.0,2,4,1,13.0,0.0,0.0,0.0,1987.0,B01,0.0,7,0,0.0,2.0,4.0,1.0,6,22,445,5,1,1,1,2,0,7,2,2
3474,201600001554,1.0,1,4,2,13.0,0.0,0.0,0.0,1993.0,A01,0.0,7,0,0.0,2.0,1.0,2.0,6,22,445,5,1,1,1,2,0,7,2,2
3475,201600001555,1.0,1,3,1,11.0,0.0,0.0,0.0,1995.0,A01,0.0,7,0,0.0,2.0,3.0,13.0,6,25,900,1,1,1,1,3,1,10,2,2
3476,201600001555,1.0,1,1,1,11.0,0.0,0.0,0.0,1985.0,B01,0.0,10,0,0.0,2.0,6.0,1.0,6,25,900,1,1,1,1,3,1,7,2,2
3477,201600001556,1.0,1,1,1,11.0,0.0,0.0,0.0,1982.0,A01,0.0,7,0,0.0,1.0,3.0,1.0,8,7,800,1,1,1,1,6,1,7,2,2
3478,201600001556,0.0,3,4,1,93.0,1.0,3.0,1.0,1979.0,A01,0.0,7,0,0.0,1.0,3.0,1.0,8,7,800,1,1,1,1,6,1,7,2,2
3479,201600001557,1.0,1,4,2,11.0,0.0,0.0,0.0,1977.0,B01,0.0,7,0,0.0,2.0,4.0,23.0,7,16,2130,4,1,6,1,2,4,7,2,2
3480,201600001558,1.0,1,3,1,11.0,0.0,0.0,0.0,1984.0,A01,0.0,7,0,0.0,2.0,1.0,2.0,7,22,1615,1,1,1,1,4,3,7,2,2
3481,201600001558,1.0,1,4,1,11.0,0.0,0.0,0.0,1967.0,B02,0.0,7,0,0.0,2.0,9.0,2.0,7,22,1615,1,1,1,1,4,3,7,2,2
3482,201600001558,1.0,1,1,1,11.0,0.0,0.0,0.0,1989.0,C03,0.0,7,0,0.0,2.0,4.0,1.0,7,22,1615,1,1,1,1,4,3,7,2,2
3483,201600001559,1.0,1,1,1,11.0,0.0,0.0,0.0,1968.0,A01,0.0,7,0,0.0,1.0,2.0,17.0,9,5,1500,1,1,1,8,6,3,7,2,2
3484,201600001559,0.0,3,4,1,93.0,3.0,3.0,1.0,1982.0,A01,0.0,7,0,0.0,1.0,2.0,17.0,9,5,1500,1,1,1,8,6,3,7,2,2
3485,201600001560,1.0,1,1,1,11.0,0.0,0.0,0.0,1994.0,A01,0.0,7,0,0.0,2.0,1.0,2.0,9,7,1120,1,1,1,1,2,1,7,2,2
3486,201600001560,1.0,1,4,2,11.0,0.0,0.0,0.0,1993.0,B01,0.0,7,0,4.0,2.0,5.0,23.0,9,7,1120,1,1,1,1,2,1,7,2,2
3487,201600001561,1.0,1,4,1,13.0,0.0,0.0,0.0,1991.0,A01,1.0,7,0,3.0,2.0,9.0,17.0,9,7,1300,1,1,1,1,2,2,10,2,2
3488,201600001561,2.0,2,4,2,13.0,0.0,0.0,0.0,1959.0,A01,1.0,7,0,3.0,2.0,9.0,17.0,9,7,1300,1,1,1,1,2,2,10,2,2
3489,201600001561,3.0,2,4,2,13.0,0.0,0.0,0.0,1965.0,A01,1.0,7,0,3.0,2.0,9.0,17.0,9,7,1300,1,1,1,1,2,2,10,2,2
3490,201600001561,4.0,2,4,2,13.0,0.0,0.0,0.0,1981.0,A01,1.0,7,0,3.0,2.0,9.0,17.0,9,7,1300,1,1,1,1,2,2,10,2,2
3491,201600001561,1.0,1,4,1,13.0,0.0,0.0,0.0,1985.0,B01,1.0,10,0,0.0,2.0,4.0,1.0,9,7,1300,1,1,1,1,2,2,7,2,2
3492,201600001562,1.0,1,1,2,11.0,0.0,0.0,0.0,1965.0,A01,0.0,7,0,0.0,2.0,2.0,15.0,10,19,755,2,1,3,1,3,1,33,2,1
3493,201600001562,1.0,1,3,1,21.0,0.0,0.0,0.0,1956.0,B01,0.0,33,0,0.0,2.0,8.0,1.0,10,19,755,2,1,3,1,3,1,7,1,2
3494,201600001563,1.0,1,1,1,11.0,0.0,0.0,0.0,1986.0,A01,1.0,7,0,0.0,2.0,2.0,12.0,11,9,1830,5,1,1,2,5,4,33,2,1
3495,201600001563,1.0,1,4,1,21.0,0.0,0.0,0.0,1974.0,B01,1.0,33,0,0.0,2.0,8.0,3.0,11,9,1830,5,1,1,2,5,4,7,1,2
3496,201600001563,1.0,1,1,2,11.0,0.0,0.0,0.0,1978.0,C01,1.0,7,0,0.0,2.0,6.0,1.0,11,9,1830,5,1,1,2,5,4,33,2,1
3497,201600001564,0.0,4,4,2,93.0,1.0,1.0,2.0,1946.0,A01,0.0,7,0,0.0,1.0,5.0,20.0,11,22,1825,4,1,1,1,6,4,7,2,2
3498,201600001564,1.0,1,1,1,11.0,0.0,0.0,0.0,1982.0,A01,0.0,7,0,0.0,1.0,5.0,20.0,11,22,1825,4,1,1,1,6,4,7,2,2
3499,201600001565,1.0,1,1,1,13.0,0.0,0.0,0.0,1987.0,D01,0.0,7,0,0.0,2.0,2.0,23.0,12,12,2000,5,1,4,2,4,4,7,2,2
3500,201600001565,1.0,1,3,2,13.0,0.0,0.0,0.0,1989.0,C01,0.0,7,0,0.0,2.0,9.0,23.0,12,12,2000,5,1,4,2,4,4,7,2,2
3501,201600001565,1.0,1,1,1,13.0,0.0,0.0,0.0,1979.0,B01,0.0,7,0,0.0,2.0,9.0,23.0,12,12,2000,5,1,4,2,4,4,7,2,2
3502,201600001565,1.0,1,1,1,13.0,0.0,0.0,0.0,1983.0,A01,0.0,7,0,0.0,2.0,1.0,2.0,12,12,2000,5,1,4,2,4,4,7,2,2
3503,201600001566,1.0,1,1,1,11.0,0.0,0.0,0.0,1960.0,A01,0.0,7,0,0.0,1.0,3.0,1.0,12,26,1800,5,1,1,8,6,4,7,2,2
3504,201600001566,0.0,3,4,2,93.0,3.0,3.0,1.0,1987.0,A01,0.0,7,0,0.0,1.0,3.0,1.0,12,26,1800,5,1,1,8,6,4,7,2,2
3505,201600001567,1.0,1,4,1,11.0,0.0,0.0,0.0,1959.0,B01,0.0,10,0,0.0,2.0,9.0,1.0,12,28,915,1,1,1,1,4,1,7,2,2
3506,201600001567,1.0,1,1,1,11.0,0.0,0.0,0.0,1956.0,C01,0.0,7,0,0.0,2.0,4.0,1.0,12,28,915,1,1,1,1,4,1,10,2,2
3507,201600001567,1.0,1,4,1,11.0,0.0,0.0,0.0,1974.0,A01,0.0,10,0,6.0,2.0,9.0,2.0,12,28,915,1,1,1,1,4,1,7,2,2
3508,201600001568,1.0,1,1,2,11.0,0.0,0.0,0.0,1969.0,A01,0.0,7,0,0.0,1.0,0.0,1.0,3,4,1515,1,2,1,2,6,3,7,2,2
3509,201600001568,0.0,3,3,2,0.0,2.0,3.0,1.0,1928.0,A01,0.0,7,0,0.0,1.0,0.0,1.0,3,4,1515,1,2,1,2,6,3,7,2,2
3510,201600001569,1.0,1,3,2,11.0,0.0,0.0,0.0,1927.0,A01,1.0,7,0,0.0,2.0,2.0,15.0,3,12,1915,3,1,3,1,1,4,7,2,2
3511,201600001569,1.0,1,1,1,11.0,0.0,0.0,0.0,1992.0,B01,2.0,7,0,0.0,2.0,3.0,1.0,3,12,1915,3,1,3,1,1,4,7,2,2
3512,201600001569,2.0,2,1,2,11.0,0.0,0.0,0.0,1995.0,B01,2.0,7,0,0.0,2.0,3.0,1.0,3,12,1915,3,1,3,1,1,4,7,2,2
3513,201600001570,1.0,1,1,2,11.0,0.0,0.0,0.0,1956.0,B01,0.0,7,0,0.0,2.0,4.0,15.0,5,8,1615,1,1,3,1,2,3,30,2,1
3514,201600001570,1.0,1,3,1,21.0,0.0,0.0,0.0,2000.0,A01,0.0,30,0,0.0,2.0,1.0,2.0,5,8,1615,1,1,3,1,2,3,7,1,2
3515,201600001571,1.0,1,1,1,11.0,0.0,0.0,0.0,1962.0,A01,2.0,3,0,0.0,1.0,2.0,1.0,6,14,1645,1,2,1,7,6,3,3,0,0
3516,201600001571,0.0,3,3,1,0.0,4.0,3.0,2.0,1939.0,A01,2.0,3,0,0.0,1.0,2.0,1.0,6,14,1645,1,2,1,7,6,3,3,0,0
3517,201600001572,1.0,1,1,1,11.0,0.0,0.0,0.0,1931.0,A01,2.0,7,0,0.0,2.0,1.0,1.0,8,22,815,1,1,3,1,3,1,7,2,2
3518,201600001572,2.0,2,3,2,11.0,0.0,0.0,0.0,1937.0,A01,2.0,7,0,0.0,2.0,1.0,1.0,8,22,815,1,1,3,1,3,1,7,2,2
3519,201600001572,1.0,1,1,2,11.0,0.0,0.0,0.0,1994.0,B01,1.0,7,0,0.0,2.0,7.0,15.0,8,22,815,1,1,3,1,3,1,7,2,2
3520,201600001573,1.0,1,1,1,11.0,0.0,0.0,0.0,1996.0,A01,2.0,7,0,13.0,0.0,1.0,1.0,10,21,2215,3,1,3,1,6,5,7,2,2
3521,201600001573,2.0,2,3,1,11.0,0.0,0.0,0.0,1996.0,A01,2.0,7,0,13.0,0.0,1.0,1.0,10,21,2215,3,1,3,1,6,5,7,2,2
3522,201600001574,2.0,2,1,1,11.0,0.0,0.0,0.0,2016.0,C01,2.0,7,0,0.0,2.0,8.0,1.0,11,23,1730,3,1,1,2,5,3,7,2,2
3523,201600001574,1.0,1,1,2,11.0,0.0,0.0,0.0,1995.0,C01,2.0,7,0,0.0,2.0,8.0,1.0,11,23,1730,3,1,1,2,5,3,7,2,2
3524,201600001574,2.0,2,4,2,11.0,0.0,0.0,0.0,1934.0,D01,2.0,7,0,0.0,2.0,8.0,2.0,11,23,1730,3,1,1,2,5,3,7,2,2
3525,201600001574,1.0,1,1,1,11.0,0.0,0.0,0.0,1962.0,D01,2.0,7,0,0.0,2.0,8.0,2.0,11,23,1730,3,1,1,2,5,3,7,2,2
3526,201600001574,1.0,1,3,1,11.0,0.0,0.0,0.0,1946.0,A01,2.0,7,0,0.0,2.0,3.0,2.0,11,23,1730,3,1,1,2,5,3,7,2,2
3527,201600001574,2.0,2,3,2,11.0,0.0,0.0,0.0,1945.0,A01,2.0,7,0,0.0,2.0,3.0,2.0,11,23,1730,3,1,1,2,5,3,7,2,2
3528,201600001574,1.0,1,3,2,11.0,0.0,0.0,0.0,1949.0,B01,1.0,7,0,0.0,2.0,3.0,5.0,11,23,1730,3,1,1,2,5,3,7,2,2
3529,201600001575,5.0,2,3,1,11.0,0.0,0.0,0.0,2007.0,A01,2.0,7,0,0.0,2.0,6.0,13.0,12,2,815,2,1,1,5,3,1,7,2,2
3530,201600001575,4.0,2,1,2,31.0,0.0,0.0,0.0,2014.0,A01,2.0,7,0,0.0,2.0,6.0,13.0,12,2,815,2,1,1,5,3,1,7,2,2
3531,201600001575,1.0,1,4,1,11.0,0.0,0.0,0.0,1986.0,A01,2.0,7,0,0.0,2.0,6.0,13.0,12,2,815,2,1,1,5,3,1,7,2,2
3532,201600001575,2.0,2,1,2,11.0,0.0,0.0,0.0,1989.0,A01,2.0,7,0,0.0,2.0,6.0,13.0,12,2,815,2,1,1,5,3,1,7,2,2
3533,201600001575,3.0,2,1,1,31.0,0.0,0.0,0.0,2010.0,A01,2.0,7,0,0.0,2.0,6.0,13.0,12,2,815,2,1,1,5,3,1,7,2,2
3534,201600001575,1.0,1,1,1,11.0,0.0,0.0,0.0,1971.0,B01,1.0,7,0,0.0,2.0,3.0,1.0,12,2,815,2,1,1,5,3,1,7,2,2
3535,201600001576,1.0,1,1,1,11.0,0.0,0.0,0.0,1990.0,A01,2.0,7,0,0.0,2.0,1.0,15.0,12,16,1845,3,1,3,1,3,4,2,2,1
3536,201600001576,1.0,1,3,1,21.0,0.0,0.0,0.0,2001.0,B01,1.0,2,0,0.0,2.0,8.0,1.0,12,16,1845,3,1,3,1,3,4,7,1,2
3537,201600001577,1.0,1,1,1,11.0,0.0,0.0,0.0,1975.0,D01,0.0,10,0,0.0,9.0,1.0,1.0,12,15,1545,1,1,1,1,5,3,7,2,2
3538,201600001577,1.0,1,1,2,11.0,0.0,0.0,0.0,1972.0,A01,0.0,7,0,0.0,2.0,3.0,13.0,12,15,1545,1,1,1,1,5,3,10,2,2
3539,201600001577,1.0,1,4,1,11.0,0.0,0.0,0.0,1931.0,C01,0.0,7,0,0.0,2.0,1.0,1.0,12,15,1545,1,1,1,1,5,3,10,2,2
3540,201600001577,1.0,1,4,2,11.0,0.0,0.0,0.0,1981.0,B01,0.0,7,0,0.0,2.0,3.0,1.0,12,15,1545,1,1,1,1,5,3,10,2,2
3541,201600001578,1.0,1,4,2,11.0,0.0,0.0,0.0,1988.0,A01,1.0,7,0,0.0,2.0,1.0,13.0,1,12,815,2,1,1,4,5,1,7,2,2
3542,201600001578,1.0,1,1,2,11.0,0.0,0.0,0.0,1957.0,C01,2.0,7,0,0.0,2.0,1.0,1.0,1,12,815,2,1,1,4,5,1,7,2,2
3543,201600001578,1.0,1,4,2,11.0,0.0,0.0,0.0,1969.0,B01,2.0,7,0,0.0,2.0,3.0,1.0,1,12,815,2,1,1,4,5,1,7,2,2
3544,201600001579,1.0,1,1,1,11.0,0.0,0.0,0.0,1929.0,A01,1.0,7,0,0.0,9.0,2.0,2.0,1,16,1145,1,2,1,7,2,1,1,2,1
3545,201600001579,1.0,1,3,1,22.0,0.0,0.0,0.0,1933.0,B01,1.0,1,0,0.0,2.0,4.0,1.0,1,16,1145,1,2,1,7,2,1,7,1,2
3546,201600001580,1.0,1,1,1,11.0,0.0,0.0,0.0,1951.0,A01,1.0,7,0,0.0,1.0,2.0,1.0,2,4,1030,1,2,1,8,6,1,7,2,2
3547,201600001580,0.0,3,3,1,0.0,4.0,3.0,1.0,1930.0,A01,1.0,7,0,0.0,1.0,2.0,1.0,2,4,1030,1,2,1,8,6,1,7,2,2
3548,201600001581,1.0,1,1,2,11.0,0.0,0.0,0.0,1992.0,A01,2.0,7,0,14.0,0.0,1.0,1.0,3,27,2345,3,1,1,6,6,5,7,2,2
3549,201600001581,2.0,2,4,1,11.0,0.0,0.0,0.0,1987.0,A01,2.0,7,0,14.0,0.0,1.0,1.0,3,27,2345,3,1,1,6,6,5,7,2,2
3550,201600001582,1.0,1,2,1,12.0,0.0,0.0,0.0,1960.0,A01,1.0,7,0,11.0,0.0,3.0,1.0,5,6,2215,3,1,1,1,6,5,7,2,2
3551,201600001582,2.0,2,2,2,11.0,0.0,0.0,0.0,1972.0,A01,1.0,7,0,11.0,0.0,3.0,1.0,5,6,2215,3,1,1,1,6,5,7,2,2
3552,201600001583,1.0,1,3,2,11.0,0.0,0.0,0.0,1991.0,A01,1.0,7,0,0.0,2.0,1.0,2.0,6,10,2015,1,1,1,8,1,4,7,2,2
3553,201600001583,1.0,1,1,1,11.0,0.0,0.0,0.0,1968.0,B01,1.0,7,0,0.0,0.0,4.0,1.0,6,10,2015,1,1,1,8,1,4,7,2,2
3554,201600001584,1.0,1,1,1,11.0,0.0,0.0,0.0,1938.0,B02,1.0,7,0,0.0,0.0,7.0,19.0,7,6,1930,1,1,2,1,3,4,33,2,1
3555,201600001584,1.0,1,3,1,21.0,0.0,0.0,0.0,1966.0,A01,2.0,33,0,0.0,2.0,1.0,1.0,7,6,1930,1,1,2,1,3,4,7,1,2
3556,201600001585,1.0,1,2,1,21.0,0.0,0.0,0.0,1994.0,A01,0.0,33,0,8.0,0.0,1.0,13.0,8,7,215,5,2,3,1,7,0,33,1,1
3557,201600001586,1.0,1,1,1,11.0,0.0,0.0,0.0,1984.0,A01,0.0,7,0,0.0,2.0,2.0,2.0,8,14,915,2,1,1,7,3,1,1,2,1
3558,201600001586,1.0,1,4,1,21.0,0.0,0.0,0.0,1934.0,B01,0.0,1,0,0.0,2.0,8.0,1.0,8,14,915,2,1,1,7,3,1,7,1,2
3559,201600001587,1.0,1,4,2,11.0,0.0,0.0,0.0,1995.0,B01,2.0,10,0,8.0,2.0,3.0,1.0,9,17,1500,1,1,1,1,5,3,7,2,2
3560,201600001587,2.0,2,4,1,11.0,0.0,0.0,0.0,1993.0,B01,2.0,10,0,8.0,2.0,3.0,1.0,9,17,1500,1,1,1,1,5,3,7,2,2
3561,201600001587,2.0,2,4,2,11.0,0.0,0.0,0.0,1968.0,A01,1.0,7,0,6.0,2.0,3.0,21.0,9,17,1500,1,1,1,1,5,3,10,2,2
3562,201600001587,1.0,1,1,2,11.0,0.0,0.0,0.0,1935.0,A01,1.0,7,0,6.0,2.0,3.0,21.0,9,17,1500,1,1,1,1,5,3,10,2,2
3563,201600001587,1.0,1,1,1,11.0,0.0,0.0,0.0,1961.0,C01,2.0,7,0,6.0,2.0,8.0,1.0,9,17,1500,1,1,1,1,5,3,10,2,2
3564,201600001588,1.0,1,1,1,11.0,0.0,0.0,0.0,1948.0,A01,2.0,7,0,0.0,1.0,3.0,1.0,9,28,1015,1,2,1,1,6,1,7,2,2
3565,201600001588,0.0,3,2,2,0.0,2.0,3.0,1.0,1943.0,A01,2.0,7,0,0.0,1.0,3.0,1.0,9,28,1015,1,2,1,1,6,1,7,2,2
3566,201600001589,1.0,1,3,1,21.0,0.0,0.0,0.0,1967.0,A01,0.0,30,0,0.0,0.0,8.0,1.0,10,17,800,2,2,1,5,7,1,30,1,1
3567,201600001590,1.0,1,3,1,21.0,0.0,0.0,0.0,1945.0,A01,1.0,2,0,14.0,0.0,0.0,1.0,11,14,1500,1,2,1,1,6,3,2,1,1
3568,201600001591,1.0,1,1,1,11.0,0.0,0.0,0.0,1950.0,A01,1.0,7,0,0.0,1.0,2.0,1.0,12,29,1030,1,2,1,7,6,1,7,2,2
3569,201600001591,0.0,3,2,1,0.0,1.0,1.0,1.0,1929.0,A01,1.0,7,0,0.0,1.0,2.0,1.0,12,29,1030,1,2,1,7,6,1,7,2,2
3570,201600001592,1.0,1,3,1,11.0,0.0,0.0,0.0,1963.0,A01,2.0,7,0,0.0,2.0,3.0,14.0,2,16,2000,3,1,1,1,2,4,10,2,2
3571,201600001592,1.0,1,1,1,11.0,0.0,0.0,0.0,1980.0,B01,2.0,10,0,0.0,2.0,5.0,1.0,2,16,2000,3,1,1,1,2,4,7,2,2
3572,201600001593,1.0,1,4,2,11.0,0.0,0.0,0.0,1968.0,A01,1.0,14,0,0.0,1.0,2.0,15.0,2,9,1515,1,2,2,1,6,3,14,3,3
3573,201600001593,0.0,3,3,2,0.0,3.0,3.0,1.0,1967.0,A01,1.0,14,0,0.0,1.0,2.0,15.0,2,9,1515,1,2,2,1,6,3,14,3,3
3574,201600001594,1.0,1,1,2,11.0,0.0,0.0,0.0,1946.0,D01,1.0,7,0,0.0,2.0,8.0,1.0,3,25,1700,1,1,1,1,5,3,14,2,3
3575,201600001594,2.0,2,1,1,11.0,0.0,0.0,0.0,1950.0,D01,1.0,7,0,0.0,2.0,8.0,1.0,3,25,1700,1,1,1,1,5,3,14,2,3
3576,201600001594,3.0,2,3,2,11.0,0.0,0.0,0.0,2007.0,C01,1.0,7,0,0.0,2.0,1.0,1.0,3,25,1700,1,1,1,1,5,3,14,2,3
3577,201600001594,2.0,2,3,2,11.0,0.0,0.0,0.0,2004.0,C01,1.0,7,0,0.0,2.0,1.0,1.0,3,25,1700,1,1,1,1,5,3,14,2,3
3578,201600001594,1.0,1,3,2,11.0,0.0,0.0,0.0,1973.0,C01,1.0,7,0,0.0,2.0,1.0,1.0,3,25,1700,1,1,1,1,5,3,14,2,3
3579,201600001594,1.0,1,4,2,11.0,0.0,0.0,0.0,1960.0,B01,2.0,14,0,0.0,2.0,1.0,1.0,3,25,1700,1,1,1,1,5,3,7,3,2
3580,201600001594,1.0,1,2,1,11.0,0.0,0.0,0.0,1974.0,A01,1.0,7,0,0.0,2.0,1.0,13.0,3,25,1700,1,1,1,1,5,3,14,2,3
3581,201600001595,1.0,1,1,2,11.0,0.0,0.0,0.0,1996.0,B02,1.0,10,0,0.0,2.0,4.0,1.0,7,23,1500,1,1,1,1,4,3,10,2,2
3582,201600001595,2.0,2,4,2,11.0,0.0,0.0,0.0,1994.0,B02,1.0,10,0,0.0,2.0,4.0,1.0,7,23,1500,1,1,1,1,4,3,10,2,2
3583,201600001595,3.0,2,2,1,11.0,0.0,0.0,0.0,1995.0,B02,1.0,10,0,0.0,2.0,4.0,1.0,7,23,1500,1,1,1,1,4,3,10,2,2
3584,201600001595,1.0,1,1,1,11.0,0.0,0.0,0.0,1959.0,C03,1.0,10,0,0.0,2.0,4.0,2.0,7,23,1500,1,1,1,1,4,3,10,2,2
3585,201600001595,1.0,1,1,1,11.0,0.0,0.0,0.0,1955.0,A01,1.0,10,0,0.0,2.0,1.0,2.0,7,23,1500,1,1,1,1,4,3,10,2,2
3586,201600001596,1.0,1,3,1,21.0,0.0,0.0,0.0,1990.0,B01,1.0,36,0,0.0,2.0,3.0,13.0,2,27,1900,5,2,1,1,3,4,7,1,2
3587,201600001596,1.0,1,1,1,11.0,0.0,0.0,0.0,1971.0,A01,2.0,7,0,0.0,2.0,8.0,23.0,2,27,1900,5,2,1,1,3,4,36,2,1
3588,201600001597,1.0,1,3,1,13.0,0.0,0.0,0.0,1957.0,A01,1.0,7,0,0.0,2.0,1.0,15.0,3,4,2045,3,1,1,2,1,4,7,2,2
3589,201600001597,1.0,1,4,1,13.0,0.0,0.0,0.0,1958.0,B01,2.0,7,0,0.0,2.0,1.0,1.0,3,4,2045,3,1,1,2,1,4,7,2,2
3590,201600001598,1.0,1,4,1,11.0,0.0,0.0,0.0,1991.0,B01,2.0,7,0,0.0,2.0,1.0,19.0,6,12,1200,1,1,2,2,1,2,7,2,2
3591,201600001598,1.0,1,4,1,11.0,0.0,0.0,0.0,1987.0,A01,1.0,7,0,0.0,2.0,8.0,15.0,6,12,1200,1,1,2,2,1,2,7,2,2
3592,201600001598,2.0,2,4,2,11.0,0.0,0.0,0.0,1988.0,A01,1.0,7,0,0.0,2.0,8.0,15.0,6,12,1200,1,1,2,2,1,2,7,2,2
3593,201600001599,1.0,1,3,2,21.0,0.0,0.0,0.0,1966.0,A01,0.0,33,0,6.0,0.0,1.0,1.0,10,8,1215,1,2,1,1,6,2,33,1,1
3594,201600001600,1.0,1,3,1,11.0,0.0,0.0,0.0,1992.0,A01,2.0,7,0,13.0,0.0,3.0,1.0,10,16,130,3,1,1,8,7,0,7,2,2
3595,201600001601,1.0,1,4,1,11.0,0.0,0.0,0.0,1961.0,A01,0.0,7,0,0.0,0.0,0.0,0.0,7,16,1015,1,1,1,1,1,1,7,2,2
3596,201600001601,1.0,1,4,1,11.0,0.0,0.0,0.0,1951.0,B02,0.0,7,0,0.0,0.0,0.0,0.0,7,16,1015,1,1,1,1,1,1,7,2,2
3597,201600001602,1.0,1,3,1,21.0,0.0,0.0,0.0,1998.0,A01,0.0,30,0,6.0,0.0,1.0,1.0,7,3,2345,3,1,1,8,6,5,30,1,1
3598,201600001603,1.0,1,4,1,11.0,0.0,0.0,0.0,1980.0,B01,1.0,7,0,0.0,2.0,1.0,1.0,8,2,1715,1,1,1,3,1,3,7,2,2
3599,201600001603,5.0,2,4,2,11.0,0.0,0.0,0.0,1975.0,B01,1.0,7,0,0.0,2.0,1.0,1.0,8,2,1715,1,1,1,3,1,3,7,2,2
3600,201600001603,5.0,2,4,1,11.0,0.0,0.0,0.0,2009.0,B01,1.0,7,0,0.0,2.0,1.0,1.0,8,2,1715,1,1,1,3,1,3,7,2,2
3601,201600001603,5.0,2,4,2,11.0,0.0,0.0,0.0,2013.0,B01,1.0,7,0,0.0,2.0,1.0,1.0,8,2,1715,1,1,1,3,1,3,7,2,2
3602,201600001603,1.0,1,3,1,11.0,0.0,0.0,0.0,1956.0,A01,2.0,7,0,0.0,2.0,1.0,5.0,8,2,1715,1,1,1,3,1,3,7,2,2
3603,201600001604,1.0,1,2,2,12.0,0.0,0.0,0.0,1940.0,A01,1.0,7,0,13.0,0.0,1.0,1.0,9,18,1115,1,1,1,1,6,1,7,2,2
3604,201600001604,2.0,2,3,1,13.0,0.0,0.0,0.0,1936.0,A01,1.0,7,0,13.0,0.0,1.0,1.0,9,18,1115,1,1,1,1,6,1,7,2,2