,Num_Acc,place,catu,grav,sexe,secu,locp,actp,etatp,an_nais,num_veh,senc,catv,occutc,obs,obsm,choc,manv,mois,jour,hrmn,lum,agg,int,atm,col,mom,catvopp,catv_gen,catvopp_gen
4067,201600001807,1.0,1,1,1,11.0,0.0,0.0,0.0,1973.0,A01,1.0,7,0,0.0,1.0,4.0,20.0,9,13,840,1,2,1,1,6,1,7,2,2
4068,201600001807,2.0,2,1,2,11.0,0.0,0.0,0.0,1994.0,A01,1.0,7,0,0.0,1.0,4.0,20.0,9,13,840,1,2,1,1,6,1,7,2,2
4069,201600001807,3.0,2,1,2,11.0,0.0,0.0,0.0,2001.0,A01,1.0,7,0,0.0,1.0,4.0,20.0,9,13,840,1,2,1,1,6,1,7,2,2
4070,201600001807,0.0,3,3,2,0.0,2.0,3.0,1.0,1931.0,A01,1.0,7,0,0.0,1.0,4.0,20.0,9,13,840,1,2,1,1,6,1,7,2,2
4071,201600001808,1.0,1,3,2,11.0,0.0,0.0,0.0,1991.0,A01,1.0,7,0,2.0,0.0,1.0,21.0,11,2,1215,1,1,1,1,6,2,7,2,2
4072,201600001808,2.0,2,3,2,11.0,0.0,0.0,0.0,1993.0,A01,1.0,7,0,2.0,0.0,1.0,21.0,11,2,1215,1,1,1,1,6,2,7,2,2
4073,201600001808,3.0,2,3,1,31.0,0.0,0.0,0.0,2013.0,A01,1.0,7,0,2.0,0.0,1.0,21.0,11,2,1215,1,1,1,1,6,2,7,2,2
4074,201600001808,4.0,2,3,2,31.0,0.0,0.0,0.0,2011.0,A01,1.0,7,0,2.0,0.0,1.0,21.0,11,2,1215,1,1,1,1,6,2,7,2,2
4075,201600001809,1.0,1,4,1,13.0,0.0,0.0,0.0,1997.0,A01,1.0,7,0,13.0,0.0,1.0,13.0,11,17,2145,3,1,1,2,6,4,7,2,2
4076,201600001809,2.0,2,3,1,12.0,0.0,0.0,0.0,1995.0,A01,1.0,7,0,13.0,0.0,1.0,13.0,11,17,2145,3,1,1,2,6,4,7,2,2
4077,201600001810,1.0,1,4,2,11.0,0.0,0.0,0.0,1985.0,A01,2.0,7,0,13.0,0.0,2.0,14.0,12,2,700,3,1,1,1,7,1,7,2,2
4078,201600001811,1.0,1,4,2,11.0,0.0,0.0,0.0,1997.0,A01,1.0,7,0,6.0,0.0,2.0,1.0,12,11,2000,3,1,1,5,6,4,7,2,2
4079,201600001812,1.0,1,1,1,11.0,0.0,0.0,0.0,1991.0,A01,2.0,14,0,0.0,2.0,7.0,17.0,4,19,1730,1,1,1,1,3,3,1,3,1
4080,201600001812,1.0,1,2,1,21.0,0.0,0.0,0.0,1966.0,B02,2.0,1,0,0.0,2.0,3.0,13.0,4,19,1730,1,1,1,1,3,3,14,1,3
4081,201600001813,1.0,1,2,1,11.0,0.0,0.0,0.0,1982.0,A01,0.0,7,0,8.0,0.0,3.0,1.0,4,20,2030,2,2,1,2,6,4,7,2,2
4082,201600001814,1.0,1,3,1,21.0,0.0,0.0,0.0,1961.0,B02,0.0,1,0,1.0,0.0,1.0,1.0,7,12,1245,1,2,1,1,1,2,17,1,3
4083,201600001814,1.0,1,1,1,11.0,0.0,0.0,0.0,1961.0,A01,0.0,17,0,0.0,2.0,3.0,0.0,7,12,1245,1,2,1,1,1,2,1,3,1
4084,201600001815,1.0,1,1,1,13.0,0.0,0.0,0.0,1985.0,A01,1.0,7,0,0.0,1.0,3.0,1.0,10,26,1900,1,2,1,1,6,4,7,2,2
4085,201600001815,2.0,2,1,1,13.0,0.0,0.0,0.0,1970.0,A01,1.0,7,0,0.0,1.0,3.0,1.0,10,26,1900,1,2,1,1,6,4,7,2,2
4086,201600001815,0.0,3,3,1,92.0,4.0,3.0,1.0,1957.0,A01,1.0,7,0,0.0,1.0,3.0,1.0,10,26,1900,1,2,1,1,6,4,7,2,2
4087,201600001816,1.0,1,4,1,21.0,0.0,0.0,0.0,1974.0,B02,2.0,33,0,0.0,2.0,1.0,17.0,7,12,730,1,1,1,1,3,1,7,1,2
4088,201600001816,1.0,1,1,1,11.0,0.0,0.0,0.0,1996.0,A01,2.0,7,0,0.0,0.0,6.0,15.0,7,12,730,1,1,1,1,3,1,33,2,1
4089,201600001817,1.0,1,1,1,11.0,0.0,0.0,0.0,1994.0,A01,0.0,7,0,9.0,0.0,3.0,1.0,9,4,2015,1,1,1,1,6,4,7,2,2
4090,201600001817,2.0,2,3,1,11.0,0.0,0.0,0.0,1996.0,A01,0.0,7,0,9.0,0.0,3.0,1.0,9,4,2015,1,1,1,1,6,4,7,2,2
4091,201600001818,1.0,1,1,1,21.0,0.0,0.0,0.0,1950.0,B02,1.0,1,0,0.0,0.0,4.0,2.0,9,20,1615,1,1,1,1,1,3,1,1,1
4092,201600001818,1.0,1,2,1,21.0,0.0,0.0,0.0,1951.0,A01,1.0,1,0,0.0,2.0,1.0,2.0,9,20,1615,1,1,1,1,1,3,1,1,1
4093,201600001819,1.0,1,1,2,11.0,0.0,0.0,0.0,1973.0,B01,2.0,7,0,0.0,2.0,1.0,1.0,11,15,2025,5,2,1,1,1,4,34,2,1
4094,201600001819,1.0,1,2,1,21.0,0.0,0.0,0.0,1990.0,A01,0.0,34,0,0.0,2.0,0.0,2.0,11,15,2025,5,2,1,1,1,4,7,1,2
4095,201600001820,1.0,1,3,1,11.0,0.0,0.0,0.0,1963.0,B02,1.0,7,0,0.0,2.0,1.0,1.0,1,27,1430,1,1,1,1,5,3,7,2,2
4096,201600001820,2.0,2,3,2,11.0,0.0,0.0,0.0,1960.0,B02,1.0,7,0,0.0,2.0,1.0,1.0,1,27,1430,1,1,1,1,5,3,7,2,2
4097,201600001820,4.0,2,2,1,31.0,0.0,0.0,0.0,2010.0,A01,2.0,7,0,0.0,2.0,7.0,13.0,1,27,1430,1,1,1,1,5,3,7,2,2
4098,201600001820,8.0,2,3,1,11.0,0.0,0.0,0.0,2004.0,A01,2.0,7,0,0.0,2.0,7.0,13.0,1,27,1430,1,1,1,1,5,3,7,2,2
4099,201600001820,3.0,2,2,1,31.0,0.0,0.0,0.0,2013.0,A01,2.0,7,0,0.0,2.0,7.0,13.0,1,27,1430,1,1,1,1,5,3,7,2,2
4100,201600001820,1.0,1,3,2,11.0,0.0,0.0,0.0,1984.0,A01,2.0,7,0,0.0,2.0,7.0,13.0,1,27,1430,1,1,1,1,5,3,7,2,2
4101,201600001820,1.0,1,4,1,11.0,0.0,0.0,0.0,1968.0,C03,1.0,7,0,0.0,2.0,1.0,0.0,1,27,1430,1,1,1,1,5,3,7,2,2
4102,201600001821,1.0,1,1,1,11.0,0.0,0.0,0.0,1991.0,B02,1.0,10,0,0.0,0.0,6.0,1.0,3,13,2100,3,1,1,2,2,4,33,2,1
4103,201600001821,1.0,1,3,1,21.0,0.0,0.0,0.0,1992.0,A01,1.0,33,0,0.0,2.0,1.0,1.0,3,13,2100,3,1,1,2,2,4,10,1,2
4104,201600001822,1.0,1,3,2,11.0,0.0,0.0,0.0,1988.0,A01,0.0,7,0,0.0,2.0,3.0,1.0,5,22,900,1,2,1,2,1,1,7,2,2
4105,201600001822,1.0,1,4,1,11.0,0.0,0.0,0.0,1932.0,B02,0.0,7,0,0.0,2.0,3.0,0.0,5,22,900,1,2,1,2,1,1,7,2,2
4106,201600001822,2.0,2,3,2,11.0,0.0,0.0,0.0,1936.0,B02,0.0,7,0,0.0,2.0,3.0,0.0,5,22,900,1,2,1,2,1,1,7,2,2
4107,201600001823,1.0,1,2,1,11.0,0.0,0.0,0.0,1975.0,A01,1.0,7,0,0.0,2.0,3.0,13.0,7,20,1515,1,1,1,1,1,3,17,2,3
4108,201600001823,1.0,1,1,1,11.0,0.0,0.0,0.0,1983.0,B02,2.0,17,0,0.0,2.0,3.0,1.0,7,20,1515,1,1,1,1,1,3,7,3,2
4109,201600001824,1.0,1,1,1,11.0,0.0,0.0,0.0,1994.0,B02,1.0,7,0,0.0,2.0,1.0,0.0,7,23,1800,1,1,1,1,1,4,30,2,1
4110,201600001824,1.0,1,3,1,21.0,0.0,0.0,0.0,1994.0,A01,2.0,30,0,0.0,2.0,1.0,1.0,7,23,1800,1,1,1,1,1,4,7,1,2
4111,201600001825,1.0,1,4,1,11.0,0.0,0.0,0.0,1992.0,A01,2.0,7,0,0.0,2.0,1.0,1.0,9,3,715,2,1,1,5,1,1,7,2,2
4112,201600001825,1.0,1,3,1,11.0,0.0,0.0,0.0,1971.0,B02,1.0,7,0,0.0,2.0,1.0,1.0,9,3,715,2,1,1,5,1,1,7,2,2
4113,201600001826,1.0,1,2,1,21.0,0.0,0.0,0.0,1987.0,A01,1.0,33,0,0.0,0.0,0.0,17.0,2,1,2045,3,1,1,9,7,4,33,1,1
4114,201600001827,1.0,1,1,2,11.0,0.0,0.0,0.0,1995.0,C03,2.0,7,0,0.0,2.0,1.0,2.0,4,26,1330,1,1,1,1,5,2,7,2,2
4115,201600001827,1.0,1,3,1,11.0,0.0,0.0,0.0,1978.0,B02,1.0,7,0,0.0,2.0,3.0,1.0,4,26,1330,1,1,1,1,5,2,7,2,2
4116,201600001827,1.0,1,3,1,11.0,0.0,0.0,0.0,1940.0,A01,2.0,7,0,0.0,2.0,3.0,5.0,4,26,1330,1,1,1,1,5,2,7,2,2
4117,201600001828,1.0,1,2,1,21.0,0.0,0.0,0.0,1991.0,A01,1.0,33,0,0.0,2.0,1.0,13.0,5,6,1615,1,1,1,1,1,3,33,1,1
4118,201600001828,1.0,1,3,1,21.0,0.0,0.0,0.0,1991.0,B02,2.0,33,0,0.0,2.0,1.0,1.0,5,6,1615,1,1,1,1,1,3,33,1,1
4119,201600001829,1.0,1,4,2,11.0,0.0,0.0,0.0,1935.0,A01,1.0,7,0,6.0,0.0,2.0,14.0,5,13,1330,1,2,1,2,6,2,7,2,2
4120,201600001829,2.0,2,2,1,11.0,0.0,0.0,0.0,1925.0,A01,1.0,7,0,6.0,0.0,2.0,14.0,5,13,1330,1,2,1,2,6,2,7,2,2
4121,201600001830,1.0,1,3,2,11.0,0.0,0.0,0.0,1989.0,A01,1.0,7,0,0.0,2.0,5.0,17.0,4,27,1130,1,1,1,1,3,1,7,2,2
4122,201600001830,3.0,2,3,2,31.0,0.0,0.0,0.0,2012.0,A01,1.0,7,0,0.0,2.0,5.0,17.0,4,27,1130,1,1,1,1,3,1,7,2,2
4123,201600001830,4.0,2,3,2,11.0,0.0,0.0,0.0,2011.0,A01,1.0,7,0,0.0,2.0,5.0,17.0,4,27,1130,1,1,1,1,3,1,7,2,2
4124,201600001830,1.0,1,3,2,11.0,0.0,0.0,0.0,1979.0,B02,1.0,7,0,0.0,2.0,6.0,1.0,4,27,1130,1,1,1,1,3,1,7,2,2
4125,201600001831,1.0,1,1,1,11.0,0.0,0.0,0.0,1979.0,A01,0.0,10,0,0.0,1.0,4.0,4.0,8,20,1000,1,2,1,1,6,1,10,2,2
4126,201600001831,0.0,3,4,2,0.0,5.0,0.0,1.0,1943.0,A01,0.0,10,0,0.0,1.0,4.0,4.0,8,20,1000,1,2,1,1,6,1,10,2,2
4127,201600001832,1.0,1,3,1,21.0,0.0,0.0,0.0,1999.0,A01,0.0,30,0,0.0,2.0,1.0,15.0,2,15,1530,1,1,1,1,1,3,7,1,2
4128,201600001832,1.0,1,4,1,11.0,0.0,0.0,0.0,1997.0,B02,0.0,7,0,0.0,2.0,3.0,1.0,2,15,1530,1,1,1,1,1,3,30,2,1
4129,201600001833,2.0,2,3,2,21.0,0.0,0.0,0.0,1975.0,A01,1.0,33,0,0.0,0.0,7.0,1.0,2,27,1545,1,1,1,1,7,3,33,1,1
4130,201600001833,1.0,1,3,1,21.0,0.0,0.0,0.0,1970.0,A01,1.0,33,0,0.0,0.0,7.0,1.0,2,27,1545,1,1,1,1,7,3,33,1,1
4131,201600001834,1.0,1,1,1,11.0,0.0,0.0,0.0,1936.0,A01,1.0,7,0,0.0,1.0,1.0,1.0,3,17,1715,1,2,1,1,6,3,7,2,2
4132,201600001834,0.0,3,3,1,0.0,4.0,3.0,1.0,1955.0,A01,1.0,7,0,0.0,1.0,1.0,1.0,3,17,1715,1,2,1,1,6,3,7,2,2
4133,201600001835,1.0,1,4,1,11.0,0.0,0.0,0.0,1995.0,C03,2.0,7,0,0.0,0.0,4.0,0.0,3,25,1715,1,1,1,1,4,3,7,2,2
4134,201600001835,1.0,1,4,1,11.0,0.0,0.0,0.0,1991.0,B02,2.0,7,0,0.0,0.0,4.0,0.0,3,25,1715,1,1,1,1,4,3,7,2,2
4135,201600001835,2.0,2,3,2,11.0,0.0,0.0,0.0,1961.0,B02,2.0,7,0,0.0,0.0,4.0,0.0,3,25,1715,1,1,1,1,4,3,7,2,2
4136,201600001835,1.0,1,3,1,11.0,0.0,0.0,0.0,1937.0,A01,2.0,7,0,0.0,0.0,1.0,1.0,3,25,1715,1,1,1,1,4,3,7,2,2
4137,201600001836,1.0,1,3,1,22.0,0.0,0.0,0.0,1959.0,B02,1.0,1,0,0.0,2.0,0.0,2.0,4,19,1715,1,2,6,1,1,3,7,1,2
4138,201600001836,1.0,1,1,2,11.0,0.0,0.0,0.0,1947.0,A01,1.0,7,0,0.0,2.0,0.0,2.0,4,19,1715,1,2,6,1,1,3,1,2,1
4139,201600001837,1.0,1,1,2,11.0,0.0,0.0,0.0,1961.0,A01,2.0,7,0,0.0,2.0,3.0,15.0,5,19,1800,1,1,1,1,3,4,33,2,1
4140,201600001837,1.0,1,3,1,21.0,0.0,0.0,0.0,1953.0,B02,1.0,33,0,0.0,2.0,7.0,1.0,5,19,1800,1,1,1,1,3,4,7,1,2
4141,201600001838,1.0,1,3,1,21.0,0.0,0.0,0.0,1952.0,A01,2.0,33,0,0.0,2.0,1.0,2.0,7,11,1700,1,1,1,1,2,3,10,1,2
4142,201600001838,1.0,1,1,1,11.0,0.0,0.0,0.0,1971.0,B02,2.0,10,0,0.0,2.0,6.0,23.0,7,11,1700,1,1,1,1,2,3,33,2,1
4143,201600001839,1.0,1,1,1,11.0,0.0,0.0,0.0,1996.0,A01,1.0,7,0,0.0,0.0,3.0,19.0,8,12,1245,1,1,1,1,3,2,33,2,1
4144,201600001839,1.0,1,3,1,21.0,0.0,0.0,0.0,1990.0,B02,1.0,33,0,0.0,0.0,1.0,1.0,8,12,1245,1,1,1,1,3,2,7,1,2
4145,201600001840,1.0,1,4,1,21.0,0.0,0.0,0.0,1981.0,A01,1.0,33,0,11.0,0.0,1.0,0.0,9,13,2145,3,1,1,3,6,4,33,1,1
4146,201600001841,1.0,1,1,1,11.0,0.0,0.0,0.0,1997.0,A01,0.0,7,0,1.0,2.0,3.0,17.0,12,10,1700,5,2,1,5,6,3,7,2,2
4147,201600001841,2.0,2,3,1,11.0,0.0,0.0,0.0,1998.0,A01,0.0,7,0,1.0,2.0,3.0,17.0,12,10,1700,5,2,1,5,6,3,7,2,2
4148,201600001841,7.0,2,3,1,12.0,0.0,0.0,0.0,1998.0,A01,0.0,7,0,1.0,2.0,3.0,17.0,12,10,1700,5,2,1,5,6,3,7,2,2
4149,201600001841,9.0,2,2,1,11.0,0.0,0.0,0.0,1998.0,A01,0.0,7,0,1.0,2.0,3.0,17.0,12,10,1700,5,2,1,5,6,3,7,2,2
4150,201600001841,1.0,1,4,1,11.0,0.0,0.0,0.0,1989.0,B01,0.0,7,0,0.0,2.0,3.0,1.0,12,10,1700,5,2,1,5,6,3,7,2,2
4151,201600001842,1.0,1,1,1,11.0,0.0,0.0,0.0,1976.0,A01,0.0,7,0,0.0,1.0,3.0,1.0,12,27,1750,5,2,4,1,6,3,7,2,2
4152,201600001842,0.0,3,2,2,93.0,3.0,3.0,1.0,1930.0,A01,0.0,7,0,0.0,1.0,3.0,1.0,12,27,1750,5,2,4,1,6,3,7,2,2
4153,201600001843,1.0,1,3,1,11.0,0.0,0.0,0.0,1995.0,A01,2.0,7,0,12.0,0.0,2.0,1.0,3,20,400,3,1,1,1,6,0,7,2,2
4154,201600001844,1.0,1,3,1,13.0,0.0,0.0,0.0,1987.0,A01,1.0,7,0,2.0,0.0,0.0,1.0,5,14,845,1,1,1,1,6,1,7,2,2
4155,201600001845,1.0,1,4,1,11.0,0.0,0.0,0.0,1997.0,A01,0.0,7,0,2.0,0.0,3.0,16.0,7,16,30,3,1,1,1,6,0,7,2,2
4156,201600001845,2.0,2,3,1,11.0,0.0,0.0,0.0,1961.0,A01,0.0,7,0,2.0,0.0,3.0,16.0,7,16,30,3,1,1,1,6,0,7,2,2
4157,201600001846,1.0,1,3,1,21.0,0.0,0.0,0.0,1960.0,A01,2.0,33,0,0.0,2.0,1.0,17.0,9,6,800,1,1,1,1,1,1,7,1,2
4158,201600001846,1.0,1,1,1,11.0,0.0,0.0,0.0,1958.0,B02,2.0,7,0,0.0,2.0,2.0,15.0,9,6,800,1,1,1,1,1,1,33,2,1
4159,201600001847,1.0,1,3,1,21.0,0.0,0.0,0.0,2000.0,B02,0.0,30,0,0.0,0.0,0.0,17.0,1,13,1215,1,1,1,1,1,2,21,1,0
4160,201600001847,1.0,1,1,1,11.0,0.0,0.0,0.0,1985.0,A01,0.0,21,0,0.0,0.0,0.0,15.0,1,13,1215,1,1,1,1,1,2,30,0,1
4161,201600001848,1.0,1,3,1,11.0,0.0,0.0,0.0,1989.0,A01,1.0,7,0,0.0,2.0,2.0,1.0,6,9,2245,3,1,1,1,1,5,7,2,2
4162,201600001848,1.0,1,4,2,11.0,0.0,0.0,0.0,1991.0,B02,2.0,7,0,0.0,2.0,2.0,1.0,6,9,2245,3,1,1,1,1,5,7,2,2
4163,201600001849,1.0,1,1,1,12.0,0.0,0.0,0.0,1950.0,B02,1.0,21,0,0.0,2.0,1.0,1.0,8,30,1500,1,1,1,1,5,3,7,0,2
4164,201600001849,1.0,1,1,2,11.0,0.0,0.0,0.0,1982.0,C03,1.0,7,0,0.0,2.0,1.0,1.0,8,30,1500,1,1,1,1,5,3,21,2,0
4165,201600001849,1.0,1,3,1,11.0,0.0,0.0,0.0,1938.0,A01,2.0,7,0,0.0,2.0,1.0,1.0,8,30,1500,1,1,1,1,5,3,21,2,0
4166,201600001850,1.0,1,3,1,21.0,0.0,0.0,0.0,1996.0,B02,1.0,33,0,0.0,2.0,8.0,1.0,1,15,800,5,2,9,1,3,1,7,1,2
4167,201600001850,5.0,2,1,2,11.0,0.0,0.0,0.0,2009.0,A01,2.0,7,0,0.0,2.0,3.0,15.0,1,15,800,5,2,9,1,3,1,33,2,1
4168,201600001850,5.0,2,1,1,11.0,0.0,0.0,0.0,2012.0,A01,2.0,7,0,0.0,2.0,3.0,15.0,1,15,800,5,2,9,1,3,1,33,2,1
4169,201600001850,5.0,2,1,1,11.0,0.0,0.0,0.0,2007.0,A01,2.0,7,0,0.0,2.0,3.0,15.0,1,15,800,5,2,9,1,3,1,33,2,1
4170,201600001850,1.0,1,1,2,11.0,0.0,0.0,0.0,1983.0,A01,2.0,7,0,0.0,2.0,3.0,15.0,1,15,800,5,2,9,1,3,1,33,2,1
4171,201600001851,1.0,1,4,2,11.0,0.0,0.0,0.0,1981.0,B02,2.0,7,0,0.0,2.0,8.0,1.0,1,22,2045,3,1,2,5,3,4,7,2,2
4172,201600001851,1.0,1,3,1,11.0,0.0,0.0,0.0,1949.0,A01,1.0,7,0,0.0,2.0,1.0,1.0,1,22,2045,3,1,2,5,3,4,7,2,2
4173,201600001852,1.0,1,3,1,11.0,0.0,0.0,0.0,1967.0,A01,1.0,7,0,2.0,0.0,1.0,0.0,8,26,2145,3,1,1,1,6,4,7,2,2
4174,201600001853,1.0,1,4,1,11.0,0.0,0.0,0.0,1993.0,B02,2.0,7,0,0.0,2.0,8.0,1.0,2,24,1700,1,1,1,3,5,3,99,2,0
4175,201600001853,1.0,1,1,1,11.0,0.0,0.0,0.0,1982.0,A01,1.0,7,0,0.0,2.0,8.0,1.0,2,24,1700,1,1,1,3,5,3,99,2,0
4176,201600001853,1.0,1,4,1,11.0,0.0,0.0,0.0,1982.0,C03,1.0,99,0,0.0,2.0,8.0,1.0,2,24,1700,1,1,1,3,5,3,7,0,2
4177,201600001854,1.0,1,2,1,12.0,0.0,0.0,0.0,1993.0,A01,0.0,7,0,6.0,0.0,2.0,13.0,1,16,100,5,2,1,9,6,0,7,2,2
4178,201600001855,1.0,1,3,1,11.0,0.0,0.0,0.0,1945.0,A01,2.0,7,0,2.0,0.0,1.0,16.0,2,16,2030,3,1,1,1,6,4,7,2,2
4179,201600001856,1.0,1,3,1,11.0,0.0,0.0,0.0,1940.0,B02,1.0,10,0,0.0,2.0,8.0,1.0,3,15,1200,1,1,2,1,3,2,10,2,2
4180,201600001856,2.0,2,3,2,11.0,0.0,0.0,0.0,1943.0,B02,1.0,10,0,0.0,2.0,8.0,1.0,3,15,1200,1,1,2,1,3,2,10,2,2
4181,201600001856,1.0,1,4,1,11.0,0.0,0.0,0.0,1979.0,A01,0.0,10,0,0.0,2.0,1.0,1.0,3,15,1200,1,1,2,1,3,2,10,2,2
4182,201600001857,1.0,1,3,2,21.0,0.0,0.0,0.0,1997.0,B02,2.0,30,0,0.0,2.0,3.0,9.0,4,28,1730,1,1,1,2,3,3,30,1,1
4183,201600001857,1.0,1,3,1,21.0,0.0,0.0,0.0,2000.0,A01,1.0,30,0,0.0,2.0,2.0,1.0,4,28,1730,1,1,1,2,3,3,30,1,1
4184,201600001858,1.0,1,3,1,21.0,0.0,0.0,0.0,1965.0,A01,1.0,30,0,0.0,0.0,7.0,21.0,6,1,1145,1,2,2,1,3,1,7,1,2
4185,201600001858,1.0,1,1,1,11.0,0.0,0.0,0.0,1946.0,B02,0.0,7,0,0.0,0.0,1.0,19.0,6,1,1145,1,2,2,1,3,1,30,2,1
4186,201600001859,1.0,1,3,2,11.0,0.0,0.0,0.0,1980.0,B02,2.0,7,0,0.0,2.0,1.0,1.0,6,29,1600,1,1,2,1,1,3,7,2,2
4187,201600001859,2.0,2,3,2,11.0,0.0,0.0,0.0,1951.0,B02,2.0,7,0,0.0,2.0,1.0,1.0,6,29,1600,1,1,2,1,1,3,7,2,2
4188,201600001859,3.0,2,1,1,31.0,0.0,0.0,0.0,2010.0,B02,2.0,7,0,0.0,2.0,1.0,1.0,6,29,1600,1,1,2,1,1,3,7,2,2
4189,201600001859,4.0,2,1,2,31.0,0.0,0.0,0.0,2012.0,B02,2.0,7,0,0.0,2.0,1.0,1.0,6,29,1600,1,1,2,1,1,3,7,2,2
4190,201600001859,1.0,1,3,2,11.0,0.0,0.0,0.0,1983.0,A01,1.0,7,0,0.0,2.0,3.0,9.0,6,29,1600,1,1,2,1,1,3,7,2,2
4191,201600001859,3.0,2,3,2,31.0,0.0,0.0,0.0,2014.0,A01,1.0,7,0,0.0,2.0,3.0,9.0,6,29,1600,1,1,2,1,1,3,7,2,2
4192,201600001860,1.0,1,3,1,21.0,0.0,0.0,0.0,1986.0,A01,1.0,31,0,13.0,0.0,1.0,15.0,8,29,1800,1,1,1,1,6,4,31,1,1
4193,201600001861,1.0,1,3,1,21.0,0.0,0.0,0.0,1976.0,B02,1.0,31,0,0.0,2.0,2.0,16.0,9,30,2200,3,1,4,1,3,5,7,1,2
4194,201600001861,1.0,1,1,1,11.0,0.0,0.0,0.0,1973.0,A01,2.0,7,0,0.0,2.0,3.0,15.0,9,30,2200,3,1,4,1,3,5,31,2,1
4195,201600001862,1.0,1,2,1,11.0,0.0,0.0,0.0,1961.0,B02,1.0,7,0,0.0,2.0,3.0,0.0,1,8,2030,3,1,1,1,1,4,7,2,2
4196,201600001862,1.0,1,3,1,11.0,0.0,0.0,0.0,1990.0,A01,2.0,7,0,0.0,2.0,3.0,13.0,1,8,2030,3,1,1,1,1,4,7,2,2
4197,201600001863,1.0,1,3,1,21.0,0.0,0.0,0.0,1981.0,B02,1.0,33,0,0.0,2.0,1.0,1.0,1,9,1345,1,1,2,1,3,2,7,1,2
4198,201600001863,1.0,1,1,1,11.0,0.0,0.0,0.0,1986.0,A01,1.0,7,0,0.0,2.0,7.0,19.0,1,9,1345,1,1,2,1,3,2,33,2,1
4199,201600001864,1.0,1,1,2,11.0,0.0,0.0,0.0,1991.0,A01,0.0,7,0,0.0,2.0,1.0,16.0,3,19,1200,1,1,1,1,1,2,2,2,1
4200,201600001864,1.0,1,3,1,21.0,0.0,0.0,0.0,2001.0,B02,0.0,2,0,0.0,2.0,1.0,1.0,3,19,1200,1,1,1,1,1,2,7,1,2
4201,201600001865,1.0,1,4,1,11.0,0.0,0.0,0.0,1975.0,A01,2.0,7,0,0.0,0.0,4.0,1.0,4,8,2100,2,2,1,1,2,4,7,2,2
4202,201600001865,1.0,1,4,1,11.0,0.0,0.0,0.0,1995.0,B02,2.0,7,0,0.0,2.0,1.0,1.0,4,8,2100,2,2,1,1,2,4,7,2,2
4203,201600001866,1.0,1,3,1,21.0,0.0,0.0,0.0,2000.0,B02,2.0,2,0,0.0,2.0,4.0,1.0,6,12,100,3,1,1,8,2,0,7,1,2
4204,201600001866,2.0,2,2,1,21.0,0.0,0.0,0.0,2000.0,B02,2.0,2,0,0.0,2.0,4.0,1.0,6,12,100,3,1,1,8,2,0,7,1,2
4205,201600001866,1.0,1,1,1,11.0,0.0,0.0,0.0,1994.0,A01,2.0,7,0,0.0,2.0,2.0,1.0,6,12,100,3,1,1,8,2,0,2,2,1
4206,201600001866,2.0,2,1,1,11.0,0.0,0.0,0.0,1997.0,A01,2.0,7,0,0.0,2.0,2.0,1.0,6,12,100,3,1,1,8,2,0,2,2,1
4207,201600001867,1.0,1,3,1,11.0,0.0,0.0,0.0,1993.0,B02,2.0,7,0,0.0,2.0,1.0,1.0,6,18,1945,1,1,1,1,5,4,7,2,2
4208,201600001867,1.0,1,1,2,11.0,0.0,0.0,0.0,1992.0,C03,2.0,7,0,0.0,2.0,8.0,1.0,6,18,1945,1,1,1,1,5,4,7,2,2
4209,201600001867,2.0,2,1,1,11.0,0.0,0.0,0.0,1988.0,C03,2.0,7,0,0.0,2.0,8.0,1.0,6,18,1945,1,1,1,1,5,4,7,2,2
4210,201600001867,1.0,1,1,2,11.0,0.0,0.0,0.0,1983.0,A01,1.0,7,0,0.0,2.0,1.0,13.0,6,18,1945,1,1,1,1,5,4,7,2,2
4211,201600001868,1.0,1,4,2,11.0,0.0,0.0,0.0,1956.0,C03,1.0,7,0,0.0,2.0,1.0,1.0,6,17,830,1,1,1,1,4,1,7,2,2
4212,201600001868,1.0,1,1,2,11.0,0.0,0.0,0.0,1975.0,B02,1.0,7,0,0.0,2.0,1.0,1.0,6,17,830,1,1,1,1,4,1,7,2,2
4213,201600001868,1.0,1,1,1,11.0,0.0,0.0,0.0,1994.0,A01,2.0,7,0,0.0,2.0,4.0,13.0,6,17,830,1,1,1,1,4,1,7,2,2
4214,201600001869,1.0,1,3,1,13.0,0.0,0.0,0.0,1969.0,A01,1.0,7,0,8.0,0.0,1.0,1.0,11,8,1925,3,1,1,2,2,4,7,2,2
4215,201600001869,1.0,1,1,1,11.0,0.0,0.0,0.0,1965.0,B02,1.0,7,0,0.0,2.0,1.0,1.0,11,8,1925,3,1,1,2,2,4,7,2,2
4216,201600001870,1.0,1,1,1,11.0,0.0,0.0,0.0,1989.0,A01,1.0,7,0,0.0,1.0,1.0,1.0,11,22,1815,5,2,1,1,6,4,7,2,2
4217,201600001870,0.0,3,3,2,92.0,3.0,3.0,2.0,1966.0,A01,1.0,7,0,0.0,1.0,1.0,1.0,11,22,1815,5,2,1,1,6,4,7,2,2
4218,201600001870,0.0,3,4,2,92.0,3.0,3.0,2.0,2008.0,A01,1.0,7,0,0.0,1.0,1.0,1.0,11,22,1815,5,2,1,1,6,4,7,2,2
4219,201600001871,1.0,1,1,1,11.0,0.0,0.0,0.0,1998.0,A01,1.0,7,0,0.0,2.0,7.0,13.0,12,10,1315,1,1,1,5,3,2,7,2,2