,Num_Acc,place,catu,grav,sexe,secu,locp,actp,etatp,an_nais,num_veh,senc,catv,occutc,obs,obsm,choc,manv,mois,jour,hrmn,lum,agg,int,atm,col,mom,catvopp,catv_gen,catvopp_gen
4376,201600001938,1.0,1,1,2,11.0,0.0,0.0,0.0,1946.0,A01,0.0,7,0,0.0,1.0,4.0,20.0,8,24,915,1,2,9,1,6,1,7,2,2
4377,201600001938,0.0,3,3,2,0.0,0.0,3.0,1.0,1935.0,A01,0.0,7,0,0.0,1.0,4.0,20.0,8,24,915,1,2,9,1,6,1,7,2,2
4378,201600001939,1.0,1,1,1,11.0,0.0,0.0,0.0,1936.0,A01,2.0,7,0,0.0,2.0,7.0,2.0,8,16,1200,1,1,1,1,3,2,1,2,1
4379,201600001939,1.0,1,3,2,21.0,0.0,0.0,0.0,1954.0,B02,2.0,1,0,0.0,0.0,8.0,2.0,8,16,1200,1,1,1,1,3,2,7,1,2
4380,201600001940,1.0,1,3,1,21.0,0.0,0.0,0.0,1980.0,A01,2.0,1,0,0.0,2.0,3.0,1.0,9,26,1800,1,1,2,1,3,4,7,1,2
4381,201600001940,1.0,1,1,1,11.0,0.0,0.0,0.0,1946.0,B02,2.0,7,0,0.0,2.0,2.0,19.0,9,26,1800,1,1,2,1,3,4,1,2,1
4382,201600001941,1.0,1,4,2,11.0,0.0,0.0,0.0,1996.0,A01,0.0,7,0,0.0,2.0,2.0,1.0,2,21,1915,3,2,1,1,2,4,1,2,1
4383,201600001941,1.0,1,3,1,42.0,0.0,0.0,0.0,1968.0,B02,0.0,1,0,0.0,0.0,4.0,1.0,2,21,1915,3,2,1,1,2,4,7,1,2
4384,201600001942,1.0,1,3,1,21.0,0.0,0.0,0.0,1956.0,A01,2.0,33,0,0.0,2.0,7.0,10.0,3,5,1600,1,1,1,1,3,3,7,1,2
4385,201600001942,1.0,1,1,2,11.0,0.0,0.0,0.0,1963.0,B02,1.0,7,0,0.0,2.0,1.0,1.0,3,5,1600,1,1,1,1,3,3,33,2,1
4386,201600001943,1.0,1,3,1,23.0,0.0,0.0,0.0,1997.0,A01,1.0,30,0,0.0,0.0,9.0,1.0,3,25,1545,1,2,1,1,7,3,30,1,1
4387,201600001944,1.0,1,3,1,22.0,0.0,0.0,0.0,1997.0,A01,0.0,30,0,0.0,1.0,1.0,1.0,8,24,230,4,2,1,1,6,0,30,1,1
4388,201600001944,0.0,3,4,1,0.0,2.0,1.0,1.0,1997.0,A01,0.0,30,0,0.0,1.0,1.0,1.0,8,24,230,4,2,1,1,6,0,30,1,1
4389,201600001945,1.0,1,3,1,21.0,0.0,0.0,0.0,1975.0,B02,2.0,1,0,0.0,2.0,1.0,1.0,8,25,1700,1,1,1,1,6,3,7,1,2
4390,201600001945,1.0,1,4,1,11.0,0.0,0.0,0.0,1979.0,A01,1.0,7,0,0.0,2.0,1.0,1.0,8,25,1700,1,1,1,1,6,3,1,2,1
4391,201600001946,1.0,1,1,2,13.0,0.0,0.0,0.0,1990.0,A01,0.0,7,0,0.0,1.0,7.0,17.0,10,4,1825,1,1,1,1,6,4,7,2,2
4392,201600001946,0.0,4,3,1,0.0,6.0,1.0,3.0,2002.0,A01,0.0,7,0,0.0,1.0,7.0,17.0,10,4,1825,1,1,1,1,6,4,7,2,2
4393,201600001947,1.0,1,3,1,13.0,0.0,0.0,0.0,1997.0,A01,1.0,7,0,8.0,0.0,2.0,1.0,11,5,335,3,1,1,1,6,0,7,2,2
4394,201600001947,9.0,2,2,1,11.0,0.0,0.0,0.0,1999.0,A01,1.0,7,0,8.0,0.0,2.0,1.0,11,5,335,3,1,1,1,6,0,7,2,2
4395,201600001948,1.0,1,2,1,12.0,0.0,0.0,0.0,1958.0,A01,2.0,7,0,13.0,0.0,3.0,5.0,3,30,1630,1,1,1,2,7,3,7,2,2
4396,201600001949,1.0,1,3,1,21.0,0.0,0.0,0.0,1992.0,A01,1.0,33,0,0.0,0.0,0.0,0.0,6,29,1745,1,2,1,7,7,3,33,1,1
4397,201600001950,1.0,1,1,2,11.0,0.0,0.0,0.0,1955.0,A01,2.0,7,0,0.0,2.0,3.0,1.0,7,15,900,1,2,6,1,3,1,1,2,1
4398,201600001950,1.0,1,2,1,22.0,0.0,0.0,0.0,1956.0,B02,2.0,1,0,0.0,2.0,1.0,0.0,7,15,900,1,2,6,1,3,1,7,1,2
4399,201600001951,1.0,1,3,2,11.0,0.0,0.0,0.0,1984.0,C03,1.0,7,0,0.0,2.0,1.0,1.0,8,1,1500,1,1,1,1,5,3,7,2,2
4400,201600001951,1.0,1,3,1,11.0,0.0,0.0,0.0,1967.0,B02,1.0,7,0,0.0,2.0,8.0,1.0,8,1,1500,1,1,1,1,5,3,7,2,2
4401,201600001951,1.0,1,3,1,11.0,0.0,0.0,0.0,1983.0,A01,2.0,7,0,0.0,2.0,3.0,13.0,8,1,1500,1,1,1,1,5,3,7,2,2
4402,201600001952,1.0,1,1,2,11.0,0.0,0.0,0.0,1974.0,A01,0.0,7,0,0.0,1.0,1.0,0.0,8,16,1915,1,2,1,1,6,4,7,2,2
4403,201600001952,0.0,3,3,2,0.0,2.0,3.0,1.0,1957.0,A01,0.0,7,0,0.0,1.0,1.0,0.0,8,16,1915,1,2,1,1,6,4,7,2,2
4404,201600001953,1.0,1,3,1,21.0,0.0,0.0,0.0,1984.0,A01,2.0,33,0,8.0,0.0,1.0,1.0,3,13,915,1,1,1,1,6,1,33,1,1
4405,201600001954,1.0,1,2,1,12.0,0.0,0.0,0.0,1984.0,A01,2.0,17,0,13.0,0.0,2.0,14.0,7,17,1430,1,1,1,1,7,3,17,3,3
4406,201600001955,1.0,1,3,1,11.0,0.0,0.0,0.0,1997.0,A01,2.0,7,0,2.0,0.0,1.0,1.0,6,11,600,2,1,1,1,6,1,7,2,2
4407,201600001956,1.0,1,2,1,11.0,0.0,0.0,0.0,1989.0,A01,2.0,10,0,2.0,0.0,2.0,11.0,11,25,1850,3,1,1,8,6,4,10,2,2
4408,201600001957,1.0,1,3,1,21.0,0.0,0.0,0.0,1988.0,A01,0.0,33,0,0.0,2.0,1.0,1.0,6,28,1600,1,2,1,1,1,3,7,1,2
4409,201600001957,1.0,1,1,2,13.0,0.0,0.0,0.0,1995.0,B02,0.0,7,0,0.0,2.0,3.0,1.0,6,28,1600,1,2,1,1,1,3,33,2,1
4410,201600001958,1.0,1,1,1,11.0,0.0,0.0,0.0,1949.0,A01,0.0,7,0,0.0,1.0,2.0,1.0,7,13,1115,1,2,1,1,6,1,7,2,2
4411,201600001958,0.0,3,3,1,0.0,4.0,3.0,1.0,1930.0,A01,0.0,7,0,0.0,1.0,2.0,1.0,7,13,1115,1,2,1,1,6,1,7,2,2
4412,201600001959,1.0,1,1,2,11.0,0.0,0.0,0.0,1956.0,B02,1.0,7,0,0.0,2.0,3.0,1.0,7,15,1200,1,2,1,1,1,2,3,2,0
4413,201600001959,1.0,1,3,2,11.0,0.0,0.0,0.0,1962.0,A01,2.0,3,0,0.0,2.0,3.0,13.0,7,15,1200,1,2,1,1,1,2,7,0,2
4414,201600001960,1.0,1,3,1,13.0,0.0,0.0,0.0,1982.0,A01,0.0,7,0,2.0,0.0,5.0,1.0,8,1,2100,1,1,1,1,6,4,7,2,2
4415,201600001961,1.0,1,1,1,91.0,0.0,0.0,0.0,1964.0,A01,2.0,21,0,0.0,1.0,5.0,17.0,6,23,1745,1,1,1,1,6,3,21,0,0
4416,201600001961,0.0,3,4,2,0.0,6.0,1.0,1.0,1980.0,A01,2.0,21,0,0.0,1.0,5.0,17.0,6,23,1745,1,1,1,1,6,3,21,0,0
4417,201600001962,1.0,1,3,1,11.0,0.0,0.0,0.0,1971.0,A01,1.0,20,0,6.0,2.0,7.0,14.0,7,1,700,1,1,1,1,1,1,7,0,2
4418,201600001962,1.0,1,1,1,11.0,0.0,0.0,0.0,1988.0,B02,2.0,7,0,0.0,2.0,1.0,23.0,7,1,700,1,1,1,1,1,1,20,2,0
4419,201600001963,1.0,1,3,2,11.0,0.0,0.0,0.0,1952.0,A01,1.0,7,0,13.0,0.0,3.0,13.0,7,7,1330,1,1,1,1,7,2,7,2,2
4420,201600001963,2.0,2,1,2,11.0,0.0,0.0,0.0,2006.0,A01,1.0,7,0,13.0,0.0,3.0,13.0,7,7,1330,1,1,1,1,7,2,7,2,2
4421,201600001964,1.0,1,3,1,21.0,0.0,0.0,0.0,1995.0,A01,2.0,33,0,6.0,2.0,7.0,17.0,7,23,2030,1,2,1,1,3,4,7,1,2
4422,201600001964,1.0,1,1,2,11.0,0.0,0.0,0.0,1977.0,B02,2.0,7,0,0.0,2.0,8.0,15.0,7,23,2030,1,2,1,1,3,4,33,2,1
4423,201600001965,1.0,1,2,1,11.0,0.0,0.0,0.0,1930.0,A01,2.0,7,0,0.0,2.0,1.0,1.0,9,9,1745,1,1,2,1,2,3,7,2,2
4424,201600001965,1.0,1,4,1,11.0,0.0,0.0,0.0,1975.0,B02,2.0,7,0,0.0,2.0,4.0,15.0,9,9,1745,1,1,2,1,2,3,7,2,2
4425,201600001966,1.0,1,1,2,11.0,0.0,0.0,0.0,1937.0,A01,2.0,7,0,0.0,1.0,2.0,1.0,9,21,1530,1,1,1,1,6,3,7,2,2
4426,201600001966,0.0,3,3,2,0.0,1.0,3.0,1.0,1997.0,A01,2.0,7,0,0.0,1.0,2.0,1.0,9,21,1530,1,1,1,1,6,3,7,2,2
4427,201600001967,0.0,3,3,1,0.0,1.0,1.0,1.0,1986.0,A01,2.0,30,0,0.0,1.0,1.0,1.0,10,20,445,3,1,1,1,6,0,30,1,1
4428,201600001967,1.0,1,4,1,21.0,0.0,0.0,0.0,1981.0,A01,2.0,30,0,0.0,1.0,1.0,1.0,10,20,445,3,1,1,1,6,0,30,1,1
4429,201600001968,1.0,1,3,1,21.0,0.0,0.0,0.0,1994.0,A01,2.0,30,0,8.0,0.0,7.0,1.0,12,20,1645,1,1,1,1,7,3,30,1,1
4430,201600001969,1.0,1,4,1,11.0,0.0,0.0,0.0,1998.0,B02,2.0,7,0,0.0,2.0,1.0,1.0,12,26,1745,3,1,1,1,1,3,7,2,2
4431,201600001969,2.0,2,1,2,11.0,0.0,0.0,0.0,1997.0,B02,2.0,7,0,0.0,2.0,1.0,1.0,12,26,1745,3,1,1,1,1,3,7,2,2
4432,201600001969,1.0,1,4,1,11.0,0.0,0.0,0.0,1976.0,A01,1.0,7,0,0.0,2.0,1.0,0.0,12,26,1745,3,1,1,1,1,3,7,2,2
4433,201600001969,2.0,2,1,2,11.0,0.0,0.0,0.0,1973.0,A01,1.0,7,0,0.0,2.0,1.0,0.0,12,26,1745,3,1,1,1,1,3,7,2,2
4434,201600001969,3.0,2,1,2,11.0,0.0,0.0,0.0,2006.0,A01,1.0,7,0,0.0,2.0,1.0,0.0,12,26,1745,3,1,1,1,1,3,7,2,2
4435,201600001969,4.0,2,1,2,11.0,0.0,0.0,0.0,2005.0,A01,1.0,7,0,0.0,2.0,1.0,0.0,12,26,1745,3,1,1,1,1,3,7,2,2
4436,201600001970,1.0,1,4,1,21.0,0.0,0.0,0.0,1999.0,A01,0.0,30,0,0.0,2.0,0.0,1.0,3,9,1515,1,2,1,2,3,3,7,1,2
4437,201600001970,1.0,1,1,2,11.0,0.0,0.0,0.0,1978.0,B02,0.0,7,0,0.0,2.0,2.0,1.0,3,9,1515,1,2,1,2,3,3,30,2,1
4438,201600001971,1.0,1,3,1,11.0,0.0,0.0,0.0,1961.0,A01,2.0,7,0,6.0,0.0,1.0,1.0,3,10,1715,1,1,1,1,6,3,7,2,2
4439,201600001972,1.0,1,1,1,11.0,0.0,0.0,0.0,1978.0,A01,1.0,7,0,0.0,1.0,1.0,1.0,3,15,1315,1,2,1,1,1,2,10,2,2
4440,201600001972,0.0,3,3,2,0.0,4.0,3.0,1.0,1987.0,A01,1.0,7,0,0.0,1.0,1.0,1.0,3,15,1315,1,2,1,1,1,2,10,2,2
4441,201600001972,1.0,1,1,1,11.0,0.0,0.0,0.0,1987.0,B02,1.0,10,0,0.0,0.0,4.0,1.0,3,15,1315,1,2,1,1,1,2,7,2,2
4442,201600001973,1.0,1,4,1,21.0,0.0,0.0,0.0,1961.0,A01,1.0,33,0,0.0,6.0,1.0,1.0,4,1,2230,3,1,1,1,6,5,33,1,1
4443,201600001974,1.0,1,3,1,11.0,0.0,0.0,0.0,1984.0,A01,2.0,7,0,13.0,0.0,3.0,2.0,5,6,2315,3,1,1,1,6,5,7,2,2
4444,201600001975,1.0,1,3,2,11.0,0.0,0.0,0.0,1947.0,B02,2.0,7,0,0.0,2.0,3.0,1.0,6,6,945,1,1,1,1,3,1,7,2,2
4445,201600001975,1.0,1,3,1,11.0,0.0,0.0,0.0,1938.0,A01,1.0,7,0,0.0,2.0,1.0,13.0,6,6,945,1,1,1,1,3,1,7,2,2
4446,201600001976,1.0,1,1,2,11.0,0.0,0.0,0.0,1975.0,A01,2.0,7,0,2.0,0.0,8.0,1.0,7,12,1300,1,1,1,3,6,2,7,2,2
4447,201600001976,2.0,2,1,2,11.0,0.0,0.0,0.0,2000.0,A01,2.0,7,0,2.0,0.0,8.0,1.0,7,12,1300,1,1,1,3,6,2,7,2,2
4448,201600001976,3.0,2,4,2,31.0,0.0,0.0,0.0,2015.0,A01,2.0,7,0,2.0,0.0,8.0,1.0,7,12,1300,1,1,1,3,6,2,7,2,2
4449,201600001976,4.0,2,3,2,31.0,0.0,0.0,0.0,2013.0,A01,2.0,7,0,2.0,0.0,8.0,1.0,7,12,1300,1,1,1,3,6,2,7,2,2
4450,201600001976,5.0,2,1,1,31.0,0.0,0.0,0.0,2010.0,A01,2.0,7,0,2.0,0.0,8.0,1.0,7,12,1300,1,1,1,3,6,2,7,2,2
4451,201600001977,1.0,1,1,1,11.0,0.0,0.0,0.0,1991.0,A01,1.0,7,0,0.0,2.0,1.0,9.0,8,1,1945,1,1,6,1,3,4,30,2,1
4452,201600001977,1.0,1,3,1,21.0,0.0,0.0,0.0,2000.0,B02,1.0,30,0,0.0,2.0,7.0,1.0,8,1,1945,1,1,6,1,3,4,7,1,2
4453,201600001978,1.0,1,3,2,11.0,0.0,0.0,0.0,1995.0,A01,1.0,7,0,13.0,0.0,9.0,1.0,8,6,915,3,1,1,2,7,1,7,2,2
4454,201600001979,1.0,1,3,1,11.0,0.0,0.0,0.0,1958.0,A01,2.0,7,0,3.0,2.0,1.0,1.0,8,28,1915,1,1,1,1,1,4,7,2,2
4455,201600001979,1.0,1,4,1,11.0,0.0,0.0,0.0,1984.0,B02,1.0,7,0,0.0,2.0,1.0,1.0,8,28,1915,1,1,1,1,1,4,7,2,2
4456,201600001979,2.0,2,4,2,11.0,0.0,0.0,0.0,1985.0,B02,1.0,7,0,0.0,2.0,1.0,1.0,8,28,1915,1,1,1,1,1,4,7,2,2
4457,201600001979,3.0,2,4,2,31.0,0.0,0.0,0.0,2015.0,B02,1.0,7,0,0.0,2.0,1.0,1.0,8,28,1915,1,1,1,1,1,4,7,2,2
4458,201600001980,1.0,1,3,2,11.0,0.0,0.0,0.0,1984.0,A01,1.0,7,0,13.0,0.0,9.0,1.0,10,7,1000,1,1,1,1,6,1,7,2,2
4459,201600001981,1.0,1,1,1,11.0,0.0,0.0,0.0,1967.0,B02,1.0,7,0,0.0,0.0,4.0,15.0,10,22,1530,1,1,1,7,2,3,33,2,1
4460,201600001981,1.0,1,3,1,21.0,0.0,0.0,0.0,1994.0,A01,1.0,33,0,0.0,2.0,1.0,1.0,10,22,1530,1,1,1,7,2,3,7,1,2
4461,201600001982,1.0,1,3,1,11.0,0.0,0.0,0.0,1991.0,A01,1.0,7,0,13.0,0.0,1.0,1.0,5,27,2345,3,2,1,2,6,5,7,2,2
4462,201600001983,1.0,1,4,1,11.0,0.0,0.0,0.0,1992.0,A01,2.0,7,0,2.0,0.0,5.0,5.0,6,12,815,1,1,6,1,6,1,7,2,2
4463,201600001984,1.0,1,1,2,11.0,0.0,0.0,0.0,1974.0,A01,1.0,7,0,0.0,1.0,2.0,1.0,9,18,1030,1,2,1,7,6,1,7,2,2
4464,201600001984,0.0,3,3,1,0.0,4.0,3.0,1.0,1977.0,A01,1.0,7,0,0.0,1.0,2.0,1.0,9,18,1030,1,2,1,7,6,1,7,2,2
4465,201600001985,1.0,1,4,1,21.0,0.0,0.0,0.0,1963.0,B02,2.0,33,0,0.0,0.0,7.0,1.0,3,20,1715,1,2,2,1,3,3,7,1,2
4466,201600001985,2.0,2,3,2,21.0,0.0,0.0,0.0,1956.0,B02,2.0,33,0,0.0,0.0,7.0,1.0,3,20,1715,1,2,2,1,3,3,7,1,2
4467,201600001985,1.0,1,1,1,11.0,0.0,0.0,0.0,1935.0,A01,0.0,7,0,0.0,2.0,6.0,19.0,3,20,1715,1,2,2,1,3,3,33,2,1
4468,201600001986,1.0,1,1,2,11.0,0.0,0.0,0.0,1997.0,A01,1.0,7,0,0.0,2.0,1.0,2.0,4,16,1915,2,1,1,1,2,4,3,2,0
4469,201600001986,1.0,1,3,2,11.0,0.0,0.0,0.0,1945.0,B02,1.0,3,0,0.0,2.0,4.0,1.0,4,16,1915,2,1,1,1,2,4,7,0,2
4470,201600001986,2.0,2,4,2,11.0,0.0,0.0,0.0,1963.0,B02,1.0,3,0,0.0,2.0,4.0,1.0,4,16,1915,2,1,1,1,2,4,7,0,2
4471,201600001987,1.0,1,1,2,11.0,0.0,0.0,0.0,1969.0,A01,0.0,7,0,0.0,2.0,2.0,2.0,4,3,1415,1,2,1,1,3,3,33,2,1
4472,201600001987,1.0,1,3,1,21.0,0.0,0.0,0.0,1976.0,B02,1.0,33,0,0.0,2.0,3.0,20.0,4,3,1415,1,2,1,1,3,3,7,1,2
4473,201600001987,2.0,2,3,1,21.0,0.0,0.0,0.0,2001.0,B02,1.0,33,0,0.0,2.0,3.0,20.0,4,3,1415,1,2,1,1,3,3,7,1,2
4474,201600001988,1.0,1,3,2,21.0,0.0,0.0,0.0,1962.0,B02,1.0,31,0,0.0,2.0,1.0,1.0,6,14,1745,1,1,2,1,3,3,7,1,2
4475,201600001988,1.0,1,1,2,11.0,0.0,0.0,0.0,1981.0,A01,2.0,7,0,0.0,2.0,7.0,19.0,6,14,1745,1,1,2,1,3,3,31,2,1
4476,201600001989,1.0,1,1,1,11.0,0.0,0.0,0.0,1970.0,A01,2.0,7,0,0.0,2.0,3.0,15.0,8,1,1915,1,2,2,1,1,4,34,2,1
4477,201600001989,1.0,1,3,1,21.0,0.0,0.0,0.0,1979.0,B02,2.0,34,0,0.0,2.0,2.0,1.0,8,1,1915,1,2,2,1,1,4,7,1,2
4478,201600001990,1.0,1,3,2,11.0,0.0,0.0,0.0,1958.0,B02,1.0,7,0,0.0,2.0,7.0,19.0,8,30,1345,1,1,2,1,3,2,7,2,2
4479,201600001990,1.0,1,1,1,11.0,0.0,0.0,0.0,1951.0,A01,1.0,7,0,0.0,2.0,1.0,1.0,8,30,1345,1,1,2,1,3,2,7,2,2
4480,201600001991,1.0,1,4,2,21.0,0.0,0.0,0.0,1993.0,A01,2.0,30,0,16.0,0.0,7.0,1.0,12,24,1300,1,1,6,1,7,2,30,1,1
4481,201600001992,1.0,1,1,2,11.0,0.0,0.0,0.0,1995.0,A01,2.0,7,0,0.0,2.0,2.0,17.0,7,19,1930,1,1,1,1,3,4,2,2,1
4482,201600001992,1.0,1,3,1,21.0,0.0,0.0,0.0,1998.0,B02,2.0,2,0,0.0,2.0,3.0,15.0,7,19,1930,1,1,1,1,3,4,7,1,2
4483,201600001993,1.0,1,4,2,11.0,0.0,0.0,0.0,1992.0,A01,2.0,7,0,0.0,2.0,3.0,13.0,1,12,1715,2,1,1,1,1,3,7,2,2
4484,201600001993,1.0,1,3,1,11.0,0.0,0.0,0.0,1978.0,B02,1.0,7,0,0.0,2.0,3.0,1.0,1,12,1715,2,1,1,1,1,3,7,2,2
4485,201600001993,2.0,2,4,1,11.0,0.0,0.0,0.0,2000.0,B02,1.0,7,0,0.0,2.0,3.0,1.0,1,12,1715,2,1,1,1,1,3,7,2,2
4486,201600001993,3.0,2,4,1,11.0,0.0,0.0,0.0,2009.0,B02,1.0,7,0,0.0,2.0,3.0,1.0,1,12,1715,2,1,1,1,1,3,7,2,2
4487,201600001994,1.0,1,3,1,13.0,0.0,0.0,0.0,1971.0,A01,2.0,7,0,13.0,0.0,1.0,1.0,4,14,1700,1,1,1,1,7,3,7,2,2
4488,201600001995,1.0,1,4,2,11.0,0.0,0.0,0.0,1986.0,B02,1.0,10,0,0.0,2.0,3.0,15.0,5,28,1300,1,2,1,1,3,2,31,2,1
4489,201600001995,1.0,1,3,1,21.0,0.0,0.0,0.0,1995.0,A01,1.0,31,0,0.0,2.0,1.0,17.0,5,28,1300,1,2,1,1,3,2,10,1,2
4490,201600001996,2.0,2,1,1,11.0,0.0,0.0,0.0,1993.0,A01,1.0,10,0,0.0,2.0,1.0,1.0,5,30,1730,1,2,1,1,2,3,33,2,1
4491,201600001996,1.0,1,1,1,11.0,0.0,0.0,0.0,1987.0,A01,1.0,10,0,0.0,2.0,1.0,1.0,5,30,1730,1,2,1,1,2,3,33,2,1
4492,201600001996,1.0,1,3,1,21.0,0.0,0.0,0.0,1983.0,B02,1.0,33,0,0.0,2.0,4.0,23.0,5,30,1730,1,2,1,1,2,3,10,1,2
4493,201600001997,1.0,1,3,1,21.0,0.0,0.0,0.0,1994.0,B02,1.0,33,0,0.0,2.0,1.0,1.0,6,4,600,2,1,2,1,3,1,7,1,2
4494,201600001997,1.0,1,1,1,11.0,0.0,0.0,0.0,1980.0,A01,0.0,7,0,0.0,2.0,8.0,1.0,6,4,600,2,1,2,1,3,1,33,2,1
4495,201600001998,1.0,1,1,1,11.0,0.0,0.0,0.0,1947.0,A01,1.0,7,0,0.0,2.0,2.0,1.0,8,6,1615,1,1,1,1,2,3,1,2,1
4496,201600001998,1.0,1,2,1,41.0,0.0,0.0,0.0,1932.0,B02,1.0,1,0,0.0,0.0,6.0,1.0,8,6,1615,1,1,1,1,2,3,7,1,2
4497,201600001999,1.0,1,3,2,11.0,0.0,0.0,0.0,1966.0,A01,0.0,7,0,13.0,0.0,8.0,13.0,7,30,1300,1,1,1,1,6,2,7,2,2
4498,201600002000,1.0,1,3,1,11.0,0.0,0.0,0.0,1995.0,A01,0.0,7,0,13.0,0.0,9.0,1.0,9,14,1715,1,1,1,1,6,3,7,2,2
4499,201600002001,1.0,1,3,1,21.0,0.0,0.0,0.0,1977.0,A01,2.0,33,0,0.0,2.0,0.0,1.0,10,6,800,1,1,1,1,1,1,7,1,2
4500,201600002001,1.0,1,4,1,11.0,0.0,0.0,0.0,1938.0,B02,1.0,7,0,0.0,2.0,7.0,15.0,10,6,800,1,1,1,1,1,1,33,2,1
4501,201600002002,1.0,1,3,1,21.0,0.0,0.0,0.0,1984.0,A01,2.0,2,0,0.0,6.0,1.0,1.0,10,12,1600,1,1,1,1,6,3,2,1,1
4502,201600002003,1.0,1,1,2,11.0,0.0,0.0,0.0,1949.0,A01,2.0,7,0,0.0,1.0,1.0,1.0,10,31,1330,1,2,1,1,6,2,7,2,2
4503,201600002003,0.0,3,2,2,0.0,2.0,3.0,1.0,1936.0,A01,2.0,7,0,0.0,1.0,1.0,1.0,10,31,1330,1,2,1,1,6,2,7,2,2
4504,201600002004,1.0,1,3,2,11.0,0.0,0.0,0.0,1970.0,A01,1.0,7,0,13.0,0.0,1.0,1.0,11,18,2100,3,1,1,3,7,4,7,2,2
4505,201600002005,2.0,2,4,1,21.0,0.0,0.0,0.0,2000.0,A01,1.0,30,0,0.0,0.0,0.0,1.0,11,20,200,3,1,1,6,7,0,30,1,1
4506,201600002005,1.0,1,4,1,21.0,0.0,0.0,0.0,1999.0,A01,1.0,30,0,0.0,0.0,0.0,1.0,11,20,200,3,1,1,6,7,0,30,1,1
4507,201600002006,1.0,1,3,2,11.0,0.0,0.0,0.0,1958.0,A01,1.0,3,0,0.0,2.0,8.0,1.0,1,14,1545,1,1,2,1,3,3,7,0,2
4508,201600002006,1.0,1,1,1,11.0,0.0,0.0,0.0,1942.0,B02,2.0,7,0,0.0,2.0,1.0,1.0,1,14,1545,1,1,2,1,3,3,3,2,0
4509,201600002006,2.0,2,1,2,11.0,0.0,0.0,0.0,1942.0,B02,2.0,7,0,0.0,2.0,1.0,1.0,1,14,1545,1,1,2,1,3,3,3,2,0
4510,201600002007,1.0,1,2,2,13.0,0.0,0.0,0.0,1982.0,A01,0.0,7,0,16.0,0.0,2.0,1.0,2,8,1300,1,1,1,6,6,2,7,2,2
4511,201600002008,1.0,1,3,2,11.0,0.0,0.0,0.0,1995.0,A01,2.0,7,0,0.0,2.0,3.0,13.0,3,6,745,1,1,1,1,1,1,7,2,2
4512,201600002008,1.0,1,3,1,11.0,0.0,0.0,0.0,1953.0,B02,1.0,7,0,0.0,2.0,3.0,1.0,3,6,745,1,1,1,1,1,1,7,2,2
4513,201600002009,1.0,1,3,1,21.0,0.0,0.0,0.0,1999.0,A01,0.0,30,0,8.0,0.0,3.0,1.0,5,3,1900,1,2,1,1,6,4,30,1,1
4514,201600002010,1.0,1,3,1,21.0,0.0,0.0,0.0,1968.0,A01,0.0,33,0,0.0,2.0,1.0,1.0,6,8,1815,1,1,3,1,3,4,21,1,0
4515,201600002010,1.0,1,4,1,1.0,0.0,0.0,0.0,1957.0,B02,0.0,21,0,0.0,2.0,8.0,15.0,6,8,1815,1,1,3,1,3,4,33,0,1
4516,201600002011,1.0,1,4,1,21.0,0.0,0.0,0.0,1990.0,A01,2.0,33,0,0.0,2.0,1.0,2.0,6,25,1615,1,2,1,1,2,3,7,1,2
4517,201600002011,1.0,1,1,1,11.0,0.0,0.0,0.0,1958.0,B02,2.0,7,0,0.0,0.0,4.0,2.0,6,25,1615,1,2,1,1,2,3,33,2,1
4518,201600002012,1.0,1,1,1,11.0,0.0,0.0,0.0,1951.0,B02,0.0,7,0,0.0,0.0,3.0,1.0,7,11,1915,1,2,1,1,1,4,30,2,1
4519,201600002012,1.0,1,3,2,21.0,0.0,0.0,0.0,1998.0,A01,0.0,30,0,0.0,2.0,8.0,13.0,7,11,1915,1,2,1,1,1,4,7,1,2
4520,201600002013,1.0,1,3,1,21.0,0.0,0.0,0.0,1987.0,C03,1.0,33,0,0.0,2.0,2.0,1.0,7,22,100,3,1,1,1,5,0,7,1,2
4521,201600002013,5.0,2,1,2,11.0,0.0,0.0,0.0,2014.0,B02,1.0,7,0,0.0,2.0,3.0,1.0,7,22,100,3,1,1,1,5,0,33,2,1
4522,201600002013,1.0,1,3,2,11.0,0.0,0.0,0.0,1977.0,B02,1.0,7,0,0.0,2.0,3.0,1.0,7,22,100,3,1,1,1,5,0,33,2,1
4523,201600002013,1.0,1,2,1,21.0,0.0,0.0,0.0,1991.0,A01,1.0,33,0,0.0,2.0,1.0,1.0,7,22,100,3,1,1,1,5,0,7,1,2
4524,201600002014,1.0,1,3,2,11.0,0.0,0.0,0.0,1982.0,A01,1.0,7,0,3.0,0.0,3.0,1.0,7,21,1130,1,1,1,1,6,1,7,2,2
4525,201600002014,2.0,2,1,2,13.0,0.0,0.0,0.0,1993.0,A01,1.0,7,0,3.0,0.0,3.0,1.0,7,21,1130,1,1,1,1,6,1,7,2,2
4526,201600002014,5.0,2,1,2,12.0,0.0,0.0,0.0,1993.0,A01,1.0,7,0,3.0,0.0,3.0,1.0,7,21,1130,1,1,1,1,6,1,7,2,2
4527,201600002015,1.0,1,2,1,21.0,0.0,0.0,0.0,1970.0,A01,0.0,36,0,0.0,0.0,0.0,1.0,8,21,1700,1,1,1,1,6,3,36,1,1
4528,201600002016,1.0,1,1,1,91.0,0.0,0.0,0.0,1957.0,A01,0.0,21,0,0.0,0.0,0.0,15.0,9,4,1115,1,1,1,1,7,1,21,0,0
4529,201600002016,7.0,2,3,2,91.0,0.0,0.0,0.0,1954.0,A01,0.0,21,0,0.0,0.0,0.0,15.0,9,4,1115,1,1,1,1,7,1,21,0,0