,Num_Acc,place,catu,grav,sexe,secu,locp,actp,etatp,an_nais,num_veh,senc,catv,occutc,obs,obsm,choc,manv,mois,jour,hrmn,lum,agg,int,atm,col,mom,catvopp,catv_gen,catvopp_gen
5152,201600002304,1.0,1,1,2,11.0,0.0,0.0,0.0,1962.0,A01,0.0,7,0,0.0,2.0,8.0,9.0,8,5,1700,1,2,1,1,3,3,33,2,1
5153,201600002305,1.0,1,3,2,11.0,0.0,0.0,0.0,1974.0,A01,1.0,7,0,0.0,2.0,3.0,1.0,11,22,1830,3,1,1,1,3,4,7,2,2
5154,201600002305,1.0,1,4,1,11.0,0.0,0.0,0.0,1990.0,B02,1.0,7,0,0.0,2.0,3.0,1.0,11,22,1830,3,1,1,1,3,4,7,2,2
5155,201600002306,1.0,1,3,2,11.0,0.0,0.0,0.0,1997.0,A01,1.0,7,0,8.0,0.0,3.0,1.0,1,15,2230,3,1,1,1,6,5,7,2,2
5156,201600002307,1.0,1,1,1,41.0,0.0,0.0,0.0,1972.0,A01,2.0,21,0,0.0,2.0,3.0,15.0,5,5,715,1,1,1,1,3,1,10,0,2
5157,201600002307,1.0,1,1,1,11.0,0.0,0.0,0.0,1986.0,B02,2.0,10,0,0.0,2.0,1.0,17.0,5,5,715,1,1,1,1,3,1,21,2,0
5158,201600002307,2.0,2,1,1,11.0,0.0,0.0,0.0,1998.0,B02,2.0,10,0,0.0,2.0,1.0,17.0,5,5,715,1,1,1,1,3,1,21,2,0
5159,201600002307,3.0,2,3,1,11.0,0.0,0.0,0.0,1991.0,B02,2.0,10,0,0.0,2.0,1.0,17.0,5,5,715,1,1,1,1,3,1,21,2,0
5160,201600002308,1.0,1,3,2,11.0,0.0,0.0,0.0,1995.0,A01,2.0,7,0,13.0,0.0,1.0,1.0,5,16,445,3,1,1,1,6,0,7,2,2
5161,201600002309,1.0,1,2,1,21.0,0.0,0.0,0.0,1971.0,B02,2.0,32,0,0.0,2.0,1.0,1.0,7,1,1615,1,1,1,1,3,3,21,1,0
5162,201600002309,1.0,1,1,1,11.0,0.0,0.0,0.0,1960.0,A01,1.0,21,0,0.0,2.0,6.0,1.0,7,1,1615,1,1,1,1,3,3,32,0,1
5163,201600002309,2.0,2,1,1,11.0,0.0,0.0,0.0,1999.0,A01,1.0,21,0,0.0,2.0,6.0,1.0,7,1,1615,1,1,1,1,3,3,32,0,1
5164,201600002310,1.0,1,3,1,12.0,0.0,0.0,0.0,1982.0,A01,1.0,7,0,13.0,0.0,1.0,1.0,7,17,1615,1,1,1,1,6,3,7,2,2
5165,201600002310,2.0,2,3,2,32.0,0.0,0.0,0.0,2012.0,A01,1.0,7,0,13.0,0.0,1.0,1.0,7,17,1615,1,1,1,1,6,3,7,2,2
5166,201600002311,1.0,1,2,1,21.0,0.0,0.0,0.0,1993.0,A01,0.0,33,0,0.0,2.0,1.0,1.0,8,23,800,1,1,4,1,2,1,17,1,3
5167,201600002311,1.0,1,4,1,11.0,0.0,0.0,0.0,1978.0,B02,0.0,17,0,0.0,2.0,5.0,15.0,8,23,800,1,1,4,1,2,1,33,3,1
5168,201600002312,1.0,1,3,1,21.0,0.0,0.0,0.0,1958.0,B02,2.0,1,0,0.0,2.0,1.0,16.0,8,30,930,1,1,1,1,1,1,7,1,2
5169,201600002312,1.0,1,1,2,11.0,0.0,0.0,0.0,1960.0,A01,1.0,7,0,0.0,9.0,2.0,19.0,8,30,930,1,1,1,1,1,1,1,2,1
5170,201600002313,2.0,2,3,2,11.0,0.0,0.0,0.0,1938.0,A01,1.0,7,0,0.0,2.0,1.0,5.0,8,27,1000,1,1,1,1,1,1,10,2,2
5171,201600002313,1.0,1,2,1,11.0,0.0,0.0,0.0,1933.0,A01,1.0,7,0,0.0,2.0,1.0,5.0,8,27,1000,1,1,1,1,1,1,10,2,2
5172,201600002313,1.0,1,2,1,11.0,0.0,0.0,0.0,1965.0,B02,2.0,10,0,0.0,2.0,1.0,1.0,8,27,1000,1,1,1,1,1,1,7,2,2
5173,201600002314,1.0,1,3,1,21.0,0.0,0.0,0.0,1996.0,A01,0.0,33,0,12.0,0.0,0.0,13.0,9,22,2015,1,2,1,1,7,4,33,1,1
5174,201600002315,1.0,1,1,2,11.0,0.0,0.0,0.0,1963.0,A01,1.0,7,0,0.0,2.0,3.0,13.0,9,30,1930,2,1,1,1,1,4,7,2,2
5175,201600002315,1.0,1,3,2,11.0,0.0,0.0,0.0,1962.0,B02,2.0,7,0,0.0,2.0,3.0,1.0,9,30,1930,2,1,1,1,1,4,7,2,2
5176,201600002315,4.0,2,4,2,11.0,0.0,0.0,0.0,2002.0,B02,2.0,7,0,0.0,2.0,3.0,1.0,9,30,1930,2,1,1,1,1,4,7,2,2
5177,201600002316,1.0,1,1,1,11.0,0.0,0.0,0.0,1982.0,A01,1.0,7,0,0.0,2.0,0.0,23.0,10,31,900,1,1,1,1,4,1,7,2,2
5178,201600002316,1.0,1,1,1,11.0,0.0,0.0,0.0,1969.0,C03,1.0,7,0,0.0,2.0,1.0,1.0,10,31,900,1,1,1,1,4,1,7,2,2
5179,201600002316,2.0,2,1,2,11.0,0.0,0.0,0.0,1970.0,C03,1.0,7,0,0.0,2.0,1.0,1.0,10,31,900,1,1,1,1,4,1,7,2,2
5180,201600002316,5.0,2,1,2,11.0,0.0,0.0,0.0,2002.0,C03,1.0,7,0,0.0,2.0,1.0,1.0,10,31,900,1,1,1,1,4,1,7,2,2
5181,201600002316,1.0,1,3,2,11.0,0.0,0.0,0.0,1952.0,B02,1.0,7,0,0.0,2.0,4.0,23.0,10,31,900,1,1,1,1,4,1,7,2,2
5182,201600002317,1.0,1,1,2,11.0,0.0,0.0,0.0,1944.0,A01,1.0,7,0,0.0,1.0,2.0,1.0,10,31,1645,1,2,9,1,6,3,7,2,2
5183,201600002317,0.0,3,4,1,0.0,2.0,9.0,2.0,1967.0,A01,1.0,7,0,0.0,1.0,2.0,1.0,10,31,1645,1,2,9,1,6,3,7,2,2
5184,201600002317,0.0,3,4,1,0.0,2.0,9.0,2.0,1994.0,A01,1.0,7,0,0.0,1.0,2.0,1.0,10,31,1645,1,2,9,1,6,3,7,2,2
5185,201600002318,2.0,2,3,2,12.0,0.0,0.0,0.0,1989.0,A01,0.0,7,0,13.0,0.0,1.0,13.0,11,11,1545,1,1,1,1,6,3,7,2,2
5186,201600002318,1.0,1,1,1,11.0,0.0,0.0,0.0,1987.0,A01,0.0,7,0,13.0,0.0,1.0,13.0,11,11,1545,1,1,1,1,6,3,7,2,2
5187,201600002319,1.0,1,1,2,11.0,0.0,0.0,0.0,1969.0,A01,0.0,7,0,0.0,2.0,3.0,9.0,11,14,1845,5,2,1,1,3,4,31,2,1
5188,201600002319,1.0,1,4,1,21.0,0.0,0.0,0.0,1999.0,B02,0.0,31,0,0.0,2.0,7.0,1.0,11,14,1845,5,2,1,1,3,4,7,1,2
5189,201600002320,1.0,1,4,1,21.0,0.0,0.0,0.0,1990.0,A01,1.0,33,0,0.0,0.0,3.0,15.0,11,24,1315,1,2,1,1,7,2,33,1,1
5190,201600002321,1.0,1,1,1,11.0,0.0,0.0,0.0,1943.0,A01,1.0,7,0,0.0,2.0,3.0,15.0,11,23,1745,3,1,2,8,3,3,7,2,2
5191,201600002321,2.0,2,3,2,11.0,0.0,0.0,0.0,1942.0,A01,1.0,7,0,0.0,2.0,3.0,15.0,11,23,1745,3,1,2,8,3,3,7,2,2
5192,201600002321,1.0,1,3,2,11.0,0.0,0.0,0.0,1977.0,B02,1.0,7,0,0.0,2.0,2.0,1.0,11,23,1745,3,1,2,8,3,3,7,2,2
5193,201600002321,2.0,2,1,1,11.0,0.0,0.0,0.0,2004.0,B02,1.0,7,0,0.0,2.0,2.0,1.0,11,23,1745,3,1,2,8,3,3,7,2,2
5194,201600002321,3.0,2,1,1,11.0,0.0,0.0,0.0,2006.0,B02,1.0,7,0,0.0,2.0,2.0,1.0,11,23,1745,3,1,2,8,3,3,7,2,2
5195,201600002322,1.0,1,1,1,11.0,0.0,0.0,0.0,1946.0,A01,0.0,7,0,0.0,1.0,1.0,1.0,12,1,945,1,2,1,1,6,1,7,2,2
5196,201600002322,0.0,3,3,1,0.0,1.0,2.0,1.0,1952.0,A01,0.0,7,0,0.0,1.0,1.0,1.0,12,1,945,1,2,1,1,6,1,7,2,2
5197,201600002323,1.0,1,4,1,23.0,0.0,0.0,0.0,1983.0,B02,1.0,30,0,0.0,2.0,1.0,16.0,12,2,1530,1,2,1,1,2,3,30,1,1
5198,201600002323,1.0,1,1,1,23.0,0.0,0.0,0.0,1989.0,A01,1.0,30,0,0.0,2.0,4.0,16.0,12,2,1530,1,2,1,1,2,3,30,1,1
5199,201600002324,2.0,2,1,2,11.0,0.0,0.0,0.0,1962.0,A01,1.0,7,0,0.0,2.0,8.0,10.0,12,2,1845,3,1,1,1,3,4,10,2,2
5200,201600002324,1.0,1,3,1,11.0,0.0,0.0,0.0,1957.0,A01,1.0,7,0,0.0,2.0,8.0,10.0,12,2,1845,3,1,1,1,3,4,10,2,2
5201,201600002324,1.0,1,1,1,11.0,0.0,0.0,0.0,1948.0,B02,2.0,10,0,0.0,2.0,1.0,0.0,12,2,1845,3,1,1,1,3,4,7,2,2
5202,201600002325,1.0,1,1,1,11.0,0.0,0.0,0.0,1944.0,B02,1.0,7,0,0.0,2.0,4.0,2.0,9,7,845,1,1,1,1,2,1,30,2,1
5203,201600002325,1.0,1,3,2,21.0,0.0,0.0,0.0,1969.0,A01,1.0,30,0,0.0,2.0,1.0,1.0,9,7,845,1,1,1,1,2,1,7,1,2
5204,201600002326,1.0,1,3,1,21.0,0.0,0.0,0.0,1997.0,A01,2.0,30,0,0.0,2.0,1.0,18.0,9,25,1700,1,2,1,1,3,3,7,1,2
5205,201600002326,1.0,1,4,2,11.0,0.0,0.0,0.0,1989.0,B02,0.0,7,0,0.0,2.0,2.0,16.0,9,25,1700,1,2,1,1,3,3,30,2,1
5206,201600002327,1.0,1,4,1,11.0,0.0,0.0,0.0,1983.0,B02,0.0,7,0,0.0,2.0,1.0,13.0,11,4,1000,1,2,1,2,5,1,7,2,2
5207,201600002327,2.0,2,4,2,11.0,0.0,0.0,0.0,1980.0,B02,0.0,7,0,0.0,2.0,1.0,13.0,11,4,1000,1,2,1,2,5,1,7,2,2
5208,201600002327,1.0,1,4,2,11.0,0.0,0.0,0.0,1984.0,C03,0.0,7,0,0.0,2.0,1.0,1.0,11,4,1000,1,2,1,2,5,1,7,2,2
5209,201600002327,1.0,1,1,2,11.0,0.0,0.0,0.0,1983.0,A01,0.0,7,0,0.0,0.0,0.0,0.0,11,4,1000,1,2,1,2,5,1,7,2,2
5210,201600002328,1.0,1,1,1,11.0,0.0,0.0,0.0,1948.0,A01,1.0,7,0,0.0,1.0,2.0,1.0,11,12,1400,1,2,9,8,6,3,7,2,2
5211,201600002328,0.0,3,2,1,0.0,2.0,3.0,1.0,1937.0,A01,1.0,7,0,0.0,1.0,2.0,1.0,11,12,1400,1,2,9,8,6,3,7,2,2
5212,201600002329,1.0,1,1,1,11.0,0.0,0.0,0.0,1997.0,B02,2.0,7,0,0.0,2.0,1.0,2.0,1,30,2345,3,1,1,2,2,5,7,2,2
5213,201600002329,2.0,2,1,1,11.0,0.0,0.0,0.0,1994.0,B02,2.0,7,0,0.0,2.0,1.0,2.0,1,30,2345,3,1,1,2,2,5,7,2,2
5214,201600002329,4.0,2,4,1,11.0,0.0,0.0,0.0,1970.0,B02,2.0,7,0,0.0,2.0,1.0,2.0,1,30,2345,3,1,1,2,2,5,7,2,2
5215,201600002329,1.0,1,2,1,12.0,0.0,0.0,0.0,1962.0,A01,2.0,7,0,0.0,2.0,5.0,9.0,1,30,2345,3,1,1,2,2,5,7,2,2
5216,201600002330,1.0,1,4,1,11.0,0.0,0.0,0.0,1969.0,A01,1.0,7,0,0.0,2.0,2.0,0.0,2,13,1615,1,1,2,2,3,3,7,2,2
5217,201600002330,1.0,1,1,2,11.0,0.0,0.0,0.0,1964.0,B02,0.0,7,0,0.0,2.0,3.0,16.0,2,13,1615,1,1,2,2,3,3,7,2,2
5218,201600002331,1.0,1,1,1,11.0,0.0,0.0,0.0,1962.0,C03,0.0,10,0,0.0,0.0,0.0,24.0,2,23,1800,1,2,9,1,5,4,30,2,1
5219,201600002331,1.0,1,1,1,11.0,0.0,0.0,0.0,1997.0,B02,1.0,7,0,0.0,2.0,1.0,15.0,2,23,1800,1,2,9,1,5,4,10,2,2
5220,201600002331,1.0,1,3,1,21.0,0.0,0.0,0.0,1999.0,A01,1.0,30,0,0.0,2.0,7.0,17.0,2,23,1800,1,2,9,1,5,4,10,1,2
5221,201600002332,1.0,1,3,1,11.0,0.0,0.0,0.0,1993.0,A01,0.0,7,0,0.0,0.0,0.0,0.0,3,26,930,1,1,1,1,6,1,7,2,2
5222,201600002333,1.0,1,2,1,21.0,0.0,0.0,0.0,1987.0,B02,1.0,33,0,0.0,2.0,1.0,1.0,4,15,2145,3,1,1,1,3,4,7,1,2
5223,201600002333,1.0,1,1,1,11.0,0.0,0.0,0.0,1974.0,A01,2.0,7,0,0.0,2.0,7.0,15.0,4,15,2145,3,1,1,1,3,4,33,2,1
5224,201600002334,1.0,1,3,1,21.0,0.0,0.0,0.0,1948.0,A01,1.0,33,0,7.0,0.0,0.0,1.0,5,9,1515,1,1,1,1,1,3,31,1,1
5225,201600002334,1.0,1,1,1,21.0,0.0,0.0,0.0,1963.0,B02,0.0,31,0,13.0,0.0,0.0,1.0,5,9,1515,1,1,1,1,1,3,33,1,1
5226,201600002335,1.0,1,1,1,11.0,0.0,0.0,0.0,1995.0,A01,1.0,7,0,0.0,2.0,5.0,15.0,6,6,800,1,2,1,1,3,1,31,2,1
5227,201600002335,1.0,1,3,1,21.0,0.0,0.0,0.0,1965.0,B02,1.0,31,0,0.0,0.0,1.0,1.0,6,6,800,1,2,1,1,3,1,7,1,2
5228,201600002336,1.0,1,1,1,11.0,0.0,0.0,0.0,1949.0,A01,2.0,7,0,0.0,1.0,2.0,0.0,12,1,2315,3,1,1,5,6,5,7,2,2
5229,201600002336,0.0,3,3,1,0.0,1.0,9.0,1.0,1982.0,A01,2.0,7,0,0.0,1.0,2.0,0.0,12,1,2315,3,1,1,5,6,5,7,2,2
5230,201600002337,1.0,1,3,1,21.0,0.0,0.0,0.0,1973.0,A01,2.0,33,0,0.0,0.0,0.0,9.0,12,22,1015,1,2,1,1,7,1,33,1,1
5231,201600002338,1.0,1,3,2,11.0,0.0,0.0,0.0,1976.0,A01,1.0,7,0,7.0,0.0,1.0,6.0,12,30,1945,5,1,6,5,6,4,7,2,2
5232,201600002339,1.0,1,4,1,11.0,0.0,0.0,0.0,1958.0,B02,2.0,17,0,0.0,2.0,3.0,1.0,5,9,1515,1,1,1,1,1,3,7,3,2
5233,201600002339,1.0,1,2,2,11.0,0.0,0.0,0.0,1980.0,A01,1.0,7,0,0.0,2.0,3.0,13.0,5,9,1515,1,1,1,1,1,3,17,2,3
5234,201600002340,1.0,1,1,1,11.0,0.0,0.0,0.0,1934.0,B02,2.0,7,0,0.0,9.0,3.0,0.0,5,13,815,1,1,1,1,1,1,15,2,3
5235,201600002340,1.0,1,3,1,11.0,0.0,0.0,0.0,1996.0,A01,1.0,15,0,3.0,0.0,3.0,0.0,5,13,815,1,1,1,1,1,1,7,3,2
5236,201600002341,1.0,1,1,1,11.0,0.0,0.0,0.0,1978.0,A01,1.0,7,0,0.0,2.0,2.0,2.0,4,6,1230,1,1,1,1,2,2,3,2,0
5237,201600002341,1.0,1,2,1,11.0,0.0,0.0,0.0,1988.0,B02,1.0,3,0,0.0,2.0,4.0,2.0,4,6,1230,1,1,1,1,2,2,7,0,2
5238,201600002341,2.0,2,2,1,11.0,0.0,0.0,0.0,1979.0,B02,1.0,3,0,0.0,2.0,4.0,2.0,4,6,1230,1,1,1,1,2,2,7,0,2
5239,201600002341,2.0,2,3,2,12.0,0.0,0.0,0.0,1998.0,B02,1.0,3,0,0.0,2.0,4.0,2.0,4,6,1230,1,1,1,1,2,2,7,0,2
5240,201600002342,3.0,2,1,2,11.0,0.0,0.0,0.0,2011.0,B02,2.0,7,0,0.0,2.0,3.0,1.0,6,22,1930,1,1,1,1,1,4,7,2,2
5241,201600002342,2.0,2,4,2,11.0,0.0,0.0,0.0,1973.0,B02,2.0,7,0,0.0,2.0,3.0,1.0,6,22,1930,1,1,1,1,1,4,7,2,2
5242,201600002342,1.0,1,1,1,11.0,0.0,0.0,0.0,1979.0,B02,2.0,7,0,0.0,2.0,3.0,1.0,6,22,1930,1,1,1,1,1,4,7,2,2
5243,201600002342,1.0,1,3,2,11.0,0.0,0.0,0.0,1981.0,A01,1.0,7,0,0.0,2.0,3.0,1.0,6,22,1930,1,1,1,1,1,4,7,2,2
5244,201600002343,1.0,1,4,2,11.0,0.0,0.0,0.0,1935.0,A01,1.0,7,0,0.0,2.0,1.0,1.0,7,22,1115,1,1,1,1,1,1,33,2,1
5245,201600002343,1.0,1,3,1,21.0,0.0,0.0,0.0,1960.0,B02,2.0,33,0,0.0,2.0,2.0,13.0,7,22,1115,1,1,1,1,1,1,7,1,2
5246,201600002344,1.0,1,3,1,11.0,0.0,0.0,0.0,1968.0,A01,1.0,7,0,2.0,0.0,2.0,1.0,9,13,1830,1,1,1,2,6,4,7,2,2
5247,201600002345,1.0,1,1,1,11.0,0.0,0.0,0.0,1992.0,A01,2.0,10,0,0.0,2.0,1.0,2.0,10,22,1315,1,1,1,1,2,2,3,2,0
5248,201600002345,1.0,1,3,2,11.0,0.0,0.0,0.0,1944.0,B02,2.0,3,0,0.0,2.0,4.0,2.0,10,22,1315,1,1,1,1,2,2,10,0,2
5249,201600002346,1.0,1,4,1,11.0,0.0,0.0,0.0,1976.0,B02,2.0,7,0,0.0,2.0,7.0,1.0,11,2,1200,1,1,1,1,3,2,10,2,2
5250,201600002346,2.0,2,3,2,11.0,0.0,0.0,0.0,1977.0,B02,2.0,7,0,0.0,2.0,7.0,1.0,11,2,1200,1,1,1,1,3,2,10,2,2
5251,201600002346,5.0,2,4,1,11.0,0.0,0.0,0.0,2003.0,B02,2.0,7,0,0.0,2.0,7.0,1.0,11,2,1200,1,1,1,1,3,2,10,2,2
5252,201600002346,5.0,2,4,2,11.0,0.0,0.0,0.0,2004.0,B02,2.0,7,0,0.0,2.0,7.0,1.0,11,2,1200,1,1,1,1,3,2,10,2,2
5253,201600002346,5.0,2,4,1,11.0,0.0,0.0,0.0,2009.0,B02,2.0,7,0,0.0,2.0,7.0,1.0,11,2,1200,1,1,1,1,3,2,10,2,2
5254,201600002346,1.0,1,1,1,11.0,0.0,0.0,0.0,1987.0,A01,1.0,10,0,0.0,2.0,3.0,10.0,11,2,1200,1,1,1,1,3,2,7,2,2
5255,201600002347,1.0,1,1,1,11.0,0.0,0.0,0.0,1979.0,A01,1.0,7,0,0.0,2.0,7.0,15.0,3,10,700,5,2,1,2,3,1,2,2,1
5256,201600002347,1.0,1,3,1,21.0,0.0,0.0,0.0,1995.0,B02,2.0,2,0,0.0,2.0,1.0,1.0,3,10,700,5,2,1,2,3,1,7,1,2
5257,201600002348,2.0,2,1,2,11.0,0.0,0.0,0.0,1966.0,B02,2.0,7,0,0.0,2.0,1.0,1.0,3,20,1715,1,1,2,1,3,3,7,2,2
5258,201600002348,1.0,1,1,1,11.0,0.0,0.0,0.0,1966.0,B02,2.0,7,0,0.0,2.0,1.0,1.0,3,20,1715,1,1,2,1,3,3,7,2,2
5259,201600002348,1.0,1,1,1,11.0,0.0,0.0,0.0,1983.0,A01,1.0,7,0,0.0,2.0,7.0,19.0,3,20,1715,1,1,2,1,3,3,7,2,2
5260,201600002348,2.0,2,3,1,11.0,0.0,0.0,0.0,1989.0,A01,1.0,7,0,0.0,2.0,7.0,19.0,3,20,1715,1,1,2,1,3,3,7,2,2
5261,201600002349,1.0,1,3,1,21.0,0.0,0.0,0.0,1998.0,A01,1.0,2,0,0.0,2.0,3.0,1.0,6,19,1545,1,1,1,1,3,3,2,1,1
5262,201600002349,2.0,2,3,2,21.0,0.0,0.0,0.0,2000.0,A01,1.0,2,0,0.0,2.0,3.0,1.0,6,19,1545,1,1,1,1,3,3,2,1,1
5263,201600002349,1.0,1,1,1,21.0,0.0,0.0,0.0,1998.0,B02,1.0,2,0,0.0,2.0,2.0,1.0,6,19,1545,1,1,1,1,3,3,2,1,1
5264,201600002349,2.0,2,4,2,21.0,0.0,0.0,0.0,1997.0,B02,1.0,2,0,0.0,2.0,2.0,1.0,6,19,1545,1,1,1,1,3,3,2,1,1
5265,201600002350,1.0,1,1,1,11.0,0.0,0.0,0.0,1973.0,B02,1.0,7,0,0.0,2.0,3.0,1.0,6,22,1630,1,1,1,1,1,3,7,2,2
5266,201600002350,2.0,2,1,1,11.0,0.0,0.0,0.0,2002.0,B02,1.0,7,0,0.0,2.0,3.0,1.0,6,22,1630,1,1,1,1,1,3,7,2,2
5267,201600002350,3.0,2,1,2,11.0,0.0,0.0,0.0,2011.0,B02,1.0,7,0,0.0,2.0,3.0,1.0,6,22,1630,1,1,1,1,1,3,7,2,2
5268,201600002350,6.0,2,1,2,11.0,0.0,0.0,0.0,2004.0,B02,1.0,7,0,0.0,2.0,3.0,1.0,6,22,1630,1,1,1,1,1,3,7,2,2
5269,201600002350,1.0,1,3,1,11.0,0.0,0.0,0.0,1980.0,A01,2.0,7,0,0.0,2.0,3.0,13.0,6,22,1630,1,1,1,1,1,3,7,2,2
5270,201600002351,2.0,2,3,2,11.0,0.0,0.0,0.0,1984.0,A01,1.0,7,0,2.0,0.0,1.0,1.0,7,2,2000,1,1,1,1,6,4,7,2,2
5271,201600002351,1.0,1,4,1,11.0,0.0,0.0,0.0,1991.0,A01,1.0,7,0,2.0,0.0,1.0,1.0,7,2,2000,1,1,1,1,6,4,7,2,2
5272,201600002352,1.0,1,4,1,21.0,0.0,0.0,0.0,1963.0,B02,0.0,2,0,0.0,2.0,1.0,1.0,8,22,1900,1,1,1,1,3,4,1,1,1
5273,201600002352,1.0,1,4,1,21.0,0.0,0.0,0.0,2001.0,A01,0.0,1,0,0.0,2.0,8.0,15.0,8,22,1900,1,1,1,1,3,4,2,1,1
5274,201600002353,1.0,1,3,1,11.0,0.0,0.0,0.0,1967.0,A01,1.0,10,0,0.0,2.0,2.0,5.0,9,23,645,2,1,1,5,1,1,7,2,2
5275,201600002353,2.0,2,3,2,11.0,0.0,0.0,0.0,1962.0,A01,1.0,10,0,0.0,2.0,2.0,5.0,9,23,645,2,1,1,5,1,1,7,2,2
5276,201600002353,1.0,1,1,1,11.0,0.0,0.0,0.0,1977.0,B02,2.0,7,0,0.0,2.0,1.0,1.0,9,23,645,2,1,1,5,1,1,10,2,2
5277,201600002353,2.0,2,1,1,11.0,0.0,0.0,0.0,1994.0,B02,2.0,7,0,0.0,2.0,1.0,1.0,9,23,645,2,1,1,5,1,1,10,2,2
5278,201600002354,1.0,1,1,1,11.0,0.0,0.0,0.0,2000.0,B02,1.0,7,0,0.0,2.0,3.0,1.0,12,2,1545,1,1,1,7,1,3,7,2,2
5279,201600002354,1.0,1,2,1,11.0,0.0,0.0,0.0,1967.0,A01,2.0,7,0,0.0,2.0,3.0,13.0,12,2,1545,1,1,1,7,1,3,7,2,2
5280,201600002355,1.0,1,1,2,11.0,0.0,0.0,0.0,1986.0,A01,1.0,7,0,0.0,0.0,1.0,6.0,12,16,1745,2,1,6,1,1,3,30,2,1
5281,201600002355,1.0,1,4,2,21.0,0.0,0.0,0.0,1988.0,B02,2.0,30,0,0.0,0.0,0.0,6.0,12,16,1745,2,1,6,1,1,3,7,1,2
5282,201600002355,2.0,2,3,2,21.0,0.0,0.0,0.0,2008.0,B02,2.0,30,0,0.0,0.0,0.0,6.0,12,16,1745,2,1,6,1,1,3,7,1,2
5283,201600002356,1.0,1,3,1,11.0,0.0,0.0,0.0,1986.0,A01,1.0,7,0,8.0,0.0,3.0,13.0,2,6,115,3,1,1,1,6,0,7,2,2
5284,201600002357,1.0,1,3,2,11.0,0.0,0.0,0.0,1934.0,A01,1.0,7,0,2.0,0.0,3.0,13.0,2,7,1400,1,1,1,1,6,3,7,2,2
5285,201600002358,1.0,1,1,1,11.0,0.0,0.0,0.0,1972.0,A01,0.0,7,0,0.0,2.0,1.0,1.0,2,4,2000,5,2,1,2,3,4,7,2,2
5286,201600002358,1.0,1,3,1,13.0,0.0,0.0,0.0,1958.0,B02,0.0,7,0,0.0,2.0,8.0,15.0,2,4,2000,5,2,1,2,3,4,7,2,2
5287,201600002359,2.0,2,3,2,12.0,0.0,0.0,0.0,1998.0,A01,0.0,7,0,6.0,0.0,2.0,1.0,2,27,515,3,2,9,1,6,0,7,2,2
5288,201600002359,1.0,1,4,2,12.0,0.0,0.0,0.0,1997.0,A01,0.0,7,0,6.0,0.0,2.0,1.0,2,27,515,3,2,9,1,6,0,7,2,2
5289,201600002360,1.0,1,3,1,21.0,0.0,0.0,0.0,1998.0,B02,1.0,31,0,0.0,0.0,7.0,0.0,3,3,2045,5,2,6,3,3,4,7,1,2
5290,201600002360,1.0,1,1,2,11.0,0.0,0.0,0.0,1971.0,A01,1.0,7,0,0.0,2.0,3.0,9.0,3,3,2045,5,2,6,3,3,4,31,2,1
5291,201600002360,2.0,2,1,1,11.0,0.0,0.0,0.0,1998.0,A01,1.0,7,0,0.0,2.0,3.0,9.0,3,3,2045,5,2,6,3,3,4,31,2,1
5292,201600002361,1.0,1,3,2,11.0,0.0,0.0,0.0,1997.0,A01,1.0,7,0,0.0,0.0,9.0,17.0,3,29,1800,1,1,1,2,7,4,7,2,2
5293,201600002361,2.0,2,1,1,11.0,0.0,0.0,0.0,1995.0,A01,1.0,7,0,0.0,0.0,9.0,17.0,3,29,1800,1,1,1,2,7,4,7,2,2
5294,201600002361,3.0,2,1,1,11.0,0.0,0.0,0.0,1994.0,A01,1.0,7,0,0.0,0.0,9.0,17.0,3,29,1800,1,1,1,2,7,4,7,2,2
5295,201600002362,1.0,1,2,1,21.0,0.0,0.0,0.0,1998.0,A01,2.0,30,0,0.0,2.0,1.0,19.0,4,27,705,2,1,1,1,3,1,10,1,2
5296,201600002362,2.0,2,3,1,22.0,0.0,0.0,0.0,1999.0,A01,2.0,30,0,0.0,2.0,1.0,19.0,4,27,705,2,1,1,1,3,1,10,1,2
5297,201600002362,1.0,1,1,1,11.0,0.0,0.0,0.0,1990.0,B02,1.0,10,0,0.0,2.0,8.0,1.0,4,27,705,2,1,1,1,3,1,30,2,1
5298,201600002363,1.0,1,3,1,11.0,0.0,0.0,0.0,1987.0,A01,2.0,7,0,13.0,0.0,1.0,13.0,5,5,1215,1,1,1,1,6,2,7,2,2
5299,201600002363,2.0,2,3,1,11.0,0.0,0.0,0.0,1990.0,A01,2.0,7,0,13.0,0.0,1.0,13.0,5,5,1215,1,1,1,1,6,2,7,2,2
5300,201600002364,1.0,1,3,2,11.0,0.0,0.0,0.0,1951.0,B02,1.0,7,0,0.0,2.0,3.0,1.0,7,20,1900,1,1,1,1,1,4,33,2,1
5301,201600002364,1.0,1,3,1,21.0,0.0,0.0,0.0,1992.0,A01,2.0,33,0,0.0,2.0,1.0,17.0,7,20,1900,1,1,1,1,1,4,7,1,2
5302,201600002365,2.0,2,4,2,11.0,0.0,0.0,0.0,1995.0,B02,2.0,7,0,0.0,2.0,3.0,1.0,10,29,1230,1,1,1,1,5,2,7,2,2
5303,201600002365,1.0,1,4,2,11.0,0.0,0.0,0.0,1967.0,B02,2.0,7,0,0.0,2.0,3.0,1.0,10,29,1230,1,1,1,1,5,2,7,2,2
5304,201600002365,1.0,1,3,2,11.0,0.0,0.0,0.0,1963.0,A01,1.0,7,0,0.0,2.0,1.0,1.0,10,29,1230,1,1,1,1,5,2,7,2,2