,Num_Acc,place,catu,grav,sexe,secu,locp,actp,etatp,an_nais,num_veh,senc,catv,occutc,obs,obsm,choc,manv,mois,jour,hrmn,lum,agg,int,atm,col,mom,catvopp,catv_gen,catvopp_gen
5460,201600002440,1.0,1,4,1,11.0,0.0,0.0,0.0,1938.0,A01,1.0,7,0,0.0,1.0,1.0,13.0,9,5,950,1,2,1,1,6,1,7,2,2
5461,201600002440,0.0,3,2,2,0.0,6.0,9.0,3.0,1949.0,A01,1.0,7,0,0.0,1.0,1.0,13.0,9,5,950,1,2,1,1,6,1,7,2,2
5462,201600002440,0.0,3,3,2,0.0,6.0,9.0,3.0,1950.0,A01,1.0,7,0,0.0,1.0,1.0,13.0,9,5,950,1,2,1,1,6,1,7,2,2
5463,201600002440,0.0,3,3,1,0.0,6.0,9.0,3.0,1955.0,A01,1.0,7,0,0.0,1.0,1.0,13.0,9,5,950,1,2,1,1,6,1,7,2,2
5464,201600002441,1.0,1,3,1,11.0,0.0,0.0,0.0,1931.0,A01,1.0,7,0,2.0,0.0,7.0,1.0,9,16,1030,1,1,1,2,7,1,7,2,2
5465,201600002442,1.0,1,1,1,11.0,0.0,0.0,0.0,1944.0,A01,2.0,7,0,0.0,2.0,8.0,15.0,10,2,1400,1,1,1,1,3,3,33,2,1
5466,201600002442,1.0,1,3,1,21.0,0.0,0.0,0.0,1993.0,B02,1.0,33,0,0.0,2.0,1.0,1.0,10,2,1400,1,1,1,1,3,3,7,1,2
5467,201600002443,1.0,1,3,1,11.0,0.0,0.0,0.0,1981.0,A01,2.0,7,0,13.0,0.0,2.0,1.0,10,30,2000,3,1,1,1,7,4,7,2,2
5468,201600002444,1.0,1,2,1,12.0,0.0,0.0,0.0,1997.0,A01,1.0,7,0,13.0,0.0,1.0,14.0,12,2,2345,3,1,1,1,6,5,7,2,2
5469,201600002445,1.0,1,2,1,22.0,0.0,0.0,0.0,1989.0,A01,1.0,33,0,13.0,0.0,1.0,1.0,3,25,2210,3,1,1,8,6,5,33,1,1
5470,201600002446,1.0,1,1,1,11.0,0.0,0.0,0.0,1946.0,A01,1.0,7,0,0.0,2.0,3.0,13.0,8,17,1930,1,1,1,1,1,4,7,2,2
5471,201600002446,2.0,2,1,1,11.0,0.0,0.0,0.0,1987.0,A01,1.0,7,0,0.0,2.0,3.0,13.0,8,17,1930,1,1,1,1,1,4,7,2,2
5472,201600002446,1.0,1,3,1,11.0,0.0,0.0,0.0,1991.0,B02,2.0,7,0,0.0,2.0,3.0,1.0,8,17,1930,1,1,1,1,1,4,7,2,2
5473,201600002446,2.0,2,3,2,11.0,0.0,0.0,0.0,1967.0,B02,2.0,7,0,0.0,2.0,3.0,1.0,8,17,1930,1,1,1,1,1,4,7,2,2
5474,201600002446,3.0,2,3,1,11.0,0.0,0.0,0.0,2003.0,B02,2.0,7,0,0.0,2.0,3.0,1.0,8,17,1930,1,1,1,1,1,4,7,2,2
5475,201600002447,1.0,1,2,1,13.0,0.0,0.0,0.0,1937.0,A01,1.0,3,0,0.0,2.0,7.0,1.0,9,6,1515,1,1,2,1,1,3,7,0,2
5476,201600002447,1.0,1,1,1,11.0,0.0,0.0,0.0,1976.0,B02,1.0,7,0,0.0,2.0,1.0,1.0,9,6,1515,1,1,2,1,1,3,3,2,0
5477,201600002448,2.0,2,4,2,11.0,0.0,0.0,0.0,2000.0,B02,1.0,3,0,0.0,2.0,6.0,1.0,10,22,1930,3,1,1,1,2,4,33,0,1
5478,201600002448,1.0,1,4,2,11.0,0.0,0.0,0.0,1979.0,B02,1.0,3,0,0.0,2.0,6.0,1.0,10,22,1930,3,1,1,1,2,4,33,0,1
5479,201600002448,1.0,1,3,1,21.0,0.0,0.0,0.0,1994.0,A01,1.0,33,0,0.0,2.0,1.0,17.0,10,22,1930,3,1,1,1,2,4,3,1,0
5480,201600002449,1.0,1,3,1,21.0,0.0,0.0,0.0,2000.0,A01,2.0,30,0,0.0,2.0,1.0,13.0,11,19,1745,3,1,1,1,1,3,7,1,2
5481,201600002449,1.0,1,1,1,11.0,0.0,0.0,0.0,1984.0,B02,1.0,7,0,0.0,2.0,3.0,1.0,11,19,1745,3,1,1,1,1,3,30,2,1
5482,201600002450,1.0,1,3,1,23.0,0.0,0.0,0.0,1999.0,A01,2.0,32,0,0.0,2.0,1.0,1.0,12,24,1800,3,1,1,1,1,4,7,1,2
5483,201600002450,1.0,1,1,1,11.0,0.0,0.0,0.0,1971.0,B02,1.0,7,0,0.0,2.0,1.0,17.0,12,24,1800,3,1,1,1,1,4,32,2,1
5484,201600002451,1.0,1,2,1,11.0,0.0,0.0,0.0,1984.0,A01,1.0,7,0,3.0,0.0,1.0,13.0,3,26,730,2,1,1,2,6,1,7,2,2
5485,201600002452,1.0,1,3,1,11.0,0.0,0.0,0.0,1991.0,A01,1.0,7,0,0.0,0.0,9.0,21.0,4,12,1845,1,1,1,1,7,4,7,2,2
5486,201600002453,4.0,2,3,1,31.0,0.0,0.0,0.0,2016.0,B02,1.0,7,0,0.0,2.0,3.0,1.0,4,22,1850,1,1,1,1,1,4,7,2,2
5487,201600002453,1.0,1,3,2,11.0,0.0,0.0,0.0,1987.0,B02,1.0,7,0,0.0,2.0,3.0,1.0,4,22,1850,1,1,1,1,1,4,7,2,2
5488,201600002453,3.0,2,3,2,31.0,0.0,0.0,0.0,2014.0,B02,1.0,7,0,0.0,2.0,3.0,1.0,4,22,1850,1,1,1,1,1,4,7,2,2
5489,201600002453,1.0,1,2,2,11.0,0.0,0.0,0.0,1975.0,A01,2.0,7,0,0.0,2.0,3.0,1.0,4,22,1850,1,1,1,1,1,4,7,2,2
5490,201600002454,1.0,1,1,1,11.0,0.0,0.0,0.0,1960.0,B02,1.0,7,0,0.0,2.0,3.0,19.0,4,23,1445,1,2,1,1,1,3,33,2,1
5491,201600002454,2.0,2,1,1,11.0,0.0,0.0,0.0,1997.0,B02,1.0,7,0,0.0,2.0,3.0,19.0,4,23,1445,1,2,1,1,1,3,33,2,1
5492,201600002454,1.0,1,3,1,21.0,0.0,0.0,0.0,1991.0,A01,1.0,33,0,0.0,2.0,1.0,1.0,4,23,1445,1,2,1,1,1,3,7,1,2
5493,201600002455,1.0,1,2,2,11.0,0.0,0.0,0.0,1949.0,A01,2.0,7,0,13.0,0.0,1.0,1.0,5,6,1800,1,1,1,1,6,4,7,2,2
5494,201600002455,2.0,2,3,1,11.0,0.0,0.0,0.0,2003.0,A01,2.0,7,0,13.0,0.0,1.0,1.0,5,6,1800,1,1,1,1,6,4,7,2,2
5495,201600002455,5.0,2,3,1,11.0,0.0,0.0,0.0,1972.0,A01,2.0,7,0,13.0,0.0,1.0,1.0,5,6,1800,1,1,1,1,6,4,7,2,2
5496,201600002456,1.0,1,3,1,11.0,0.0,0.0,0.0,1940.0,B02,2.0,7,0,0.0,2.0,1.0,1.0,6,12,1215,1,1,1,2,1,2,7,2,2
5497,201600002456,2.0,2,3,2,11.0,0.0,0.0,0.0,1945.0,B02,2.0,7,0,0.0,2.0,1.0,1.0,6,12,1215,1,1,1,2,1,2,7,2,2
5498,201600002456,1.0,1,3,1,11.0,0.0,0.0,0.0,1992.0,A01,1.0,7,0,0.0,2.0,5.0,13.0,6,12,1215,1,1,1,2,1,2,7,2,2
5499,201600002457,1.0,1,3,1,21.0,0.0,0.0,0.0,1988.0,A01,1.0,33,0,0.0,6.0,3.0,1.0,6,21,630,1,1,1,2,6,1,33,1,1
5500,201600002458,1.0,1,3,1,21.0,0.0,0.0,0.0,1998.0,A01,2.0,30,0,6.0,0.0,8.0,14.0,6,28,1645,1,1,1,1,1,3,31,1,1
5501,201600002458,1.0,1,3,1,21.0,0.0,0.0,0.0,1998.0,B02,1.0,31,0,0.0,2.0,1.0,21.0,6,28,1645,1,1,1,1,1,3,30,1,1
5502,201600002459,1.0,1,4,1,11.0,0.0,0.0,0.0,1965.0,A01,0.0,7,0,0.0,2.0,1.0,9.0,7,30,1600,1,2,6,1,3,3,30,2,1
5503,201600002459,1.0,1,3,1,21.0,0.0,0.0,0.0,2000.0,B02,0.0,30,0,0.0,2.0,7.0,1.0,7,30,1600,1,2,6,1,3,3,7,1,2
5504,201600002460,2.0,2,1,2,11.0,0.0,0.0,0.0,1957.0,C03,1.0,7,0,0.0,2.0,4.0,2.0,8,13,1500,1,1,1,1,4,3,7,2,2
5505,201600002460,1.0,1,1,1,11.0,0.0,0.0,0.0,1956.0,C03,1.0,7,0,0.0,2.0,4.0,2.0,8,13,1500,1,1,1,1,4,3,7,2,2
5506,201600002460,4.0,2,3,1,11.0,0.0,0.0,0.0,2007.0,B02,1.0,7,0,0.0,2.0,4.0,2.0,8,13,1500,1,1,1,1,4,3,7,2,2
5507,201600002460,3.0,2,3,2,11.0,0.0,0.0,0.0,2003.0,B02,1.0,7,0,0.0,2.0,4.0,2.0,8,13,1500,1,1,1,1,4,3,7,2,2
5508,201600002460,1.0,1,4,2,11.0,0.0,0.0,0.0,1978.0,B02,1.0,7,0,0.0,2.0,4.0,2.0,8,13,1500,1,1,1,1,4,3,7,2,2
5509,201600002460,2.0,2,3,1,11.0,0.0,0.0,0.0,1974.0,B02,1.0,7,0,0.0,2.0,4.0,2.0,8,13,1500,1,1,1,1,4,3,7,2,2
5510,201600002460,1.0,1,4,1,11.0,0.0,0.0,0.0,1974.0,A01,2.0,7,0,0.0,2.0,1.0,2.0,8,13,1500,1,1,1,1,4,3,7,2,2
5511,201600002460,3.0,2,4,2,11.0,0.0,0.0,0.0,2004.0,A01,2.0,7,0,0.0,2.0,1.0,2.0,8,13,1500,1,1,1,1,4,3,7,2,2
5512,201600002460,2.0,2,4,2,11.0,0.0,0.0,0.0,2001.0,A01,2.0,7,0,0.0,2.0,1.0,2.0,8,13,1500,1,1,1,1,4,3,7,2,2
5513,201600002461,1.0,1,2,1,21.0,0.0,0.0,0.0,1994.0,B02,2.0,30,0,0.0,2.0,3.0,0.0,8,28,2345,3,1,1,1,1,5,7,1,2
5514,201600002461,1.0,1,1,1,11.0,0.0,0.0,0.0,1991.0,A01,2.0,7,0,0.0,2.0,3.0,17.0,8,28,2345,3,1,1,1,1,5,30,2,1
5515,201600002462,1.0,1,3,1,21.0,0.0,0.0,0.0,1998.0,A01,2.0,2,0,0.0,2.0,1.0,13.0,9,19,530,3,1,1,1,1,0,7,1,2
5516,201600002462,1.0,1,1,2,11.0,0.0,0.0,0.0,1994.0,B02,1.0,7,0,0.0,2.0,3.0,1.0,9,19,530,3,1,1,1,1,0,2,2,1
5517,201600002463,1.0,1,4,1,13.0,0.0,0.0,0.0,1996.0,A01,2.0,10,0,0.0,2.0,2.0,13.0,11,18,945,1,1,1,2,1,1,7,2,2
5518,201600002463,1.0,1,2,1,13.0,0.0,0.0,0.0,1992.0,B02,1.0,7,0,0.0,2.0,3.0,1.0,11,18,945,1,1,1,2,1,1,10,2,2
5519,201600002464,1.0,1,1,1,12.0,0.0,0.0,0.0,1997.0,A01,0.0,7,0,13.0,0.0,2.0,1.0,8,7,715,2,2,1,1,6,1,7,2,2
5520,201600002464,2.0,2,2,1,12.0,0.0,0.0,0.0,1997.0,A01,0.0,7,0,13.0,0.0,2.0,1.0,8,7,715,2,2,1,1,6,1,7,2,2
5521,201600002464,5.0,2,1,1,12.0,0.0,0.0,0.0,1998.0,A01,0.0,7,0,13.0,0.0,2.0,1.0,8,7,715,2,2,1,1,6,1,7,2,2
5522,201600002465,1.0,1,3,1,21.0,0.0,0.0,0.0,1959.0,B02,2.0,1,0,0.0,2.0,7.0,1.0,1,13,745,5,1,6,2,3,1,7,1,2
5523,201600002465,1.0,1,1,1,13.0,0.0,0.0,0.0,1970.0,A01,2.0,7,0,0.0,2.0,3.0,9.0,1,13,745,5,1,6,2,3,1,1,2,1
5524,201600002466,1.0,1,3,1,11.0,0.0,0.0,0.0,1990.0,B02,1.0,7,0,0.0,2.0,6.0,1.0,3,17,2330,3,1,1,1,6,5,7,2,2
5525,201600002466,1.0,1,1,1,11.0,0.0,0.0,0.0,1979.0,A01,1.0,7,0,0.0,2.0,2.0,1.0,3,17,2330,3,1,1,1,6,5,7,2,2
5526,201600002467,1.0,1,1,2,11.0,0.0,0.0,0.0,1987.0,B02,2.0,7,0,0.0,2.0,1.0,1.0,4,15,930,1,1,1,1,6,1,33,2,1
5527,201600002467,1.0,1,4,1,21.0,0.0,0.0,0.0,1992.0,A01,1.0,33,0,0.0,2.0,1.0,13.0,4,15,930,1,1,1,1,6,1,7,1,2
5528,201600002468,1.0,1,3,1,21.0,0.0,0.0,0.0,1997.0,A01,1.0,33,0,16.0,0.0,1.0,1.0,4,29,2200,3,1,1,8,7,5,33,1,1
5529,201600002469,1.0,1,2,1,12.0,0.0,0.0,0.0,1997.0,A01,2.0,7,0,2.0,0.0,3.0,13.0,8,20,725,1,1,1,1,6,1,7,2,2
5530,201600002470,1.0,1,3,1,21.0,0.0,0.0,0.0,1993.0,B02,2.0,33,0,0.0,2.0,1.0,1.0,8,27,1155,1,1,1,1,3,1,7,1,2
5531,201600002470,3.0,2,4,1,31.0,0.0,0.0,0.0,2010.0,A01,2.0,7,0,0.0,2.0,8.0,19.0,8,27,1155,1,1,1,1,3,1,33,2,1
5532,201600002470,1.0,1,4,2,11.0,0.0,0.0,0.0,1974.0,A01,2.0,7,0,0.0,2.0,8.0,19.0,8,27,1155,1,1,1,1,3,1,33,2,1
5533,201600002470,2.0,2,4,2,11.0,0.0,0.0,0.0,1976.0,A01,2.0,7,0,0.0,2.0,8.0,19.0,8,27,1155,1,1,1,1,3,1,33,2,1
5534,201600002471,1.0,1,3,1,11.0,0.0,0.0,0.0,1980.0,A01,1.0,7,0,2.0,0.0,3.0,15.0,8,31,1315,1,1,1,1,6,2,7,2,2
5535,201600002472,1.0,1,1,1,11.0,0.0,0.0,0.0,1954.0,A01,1.0,7,0,0.0,1.0,2.0,11.0,9,13,1700,1,2,1,2,6,3,7,2,2
5536,201600002472,0.0,3,3,1,0.0,1.0,3.0,1.0,2002.0,A01,1.0,7,0,0.0,1.0,2.0,11.0,9,13,1700,1,2,1,2,6,3,7,2,2
5537,201600002473,2.0,2,1,1,13.0,0.0,0.0,0.0,1969.0,A01,2.0,7,0,0.0,0.0,0.0,1.0,12,20,945,1,1,1,5,5,1,17,2,3
5538,201600002473,3.0,2,1,2,13.0,0.0,0.0,0.0,2000.0,A01,2.0,7,0,0.0,0.0,0.0,1.0,12,20,945,1,1,1,5,5,1,17,2,3
5539,201600002473,1.0,1,4,2,13.0,0.0,0.0,0.0,1965.0,A01,2.0,7,0,0.0,0.0,0.0,1.0,12,20,945,1,1,1,5,5,1,17,2,3
5540,201600002473,1.0,1,2,1,11.0,0.0,0.0,0.0,1940.0,C29,1.0,7,0,0.0,0.0,0.0,1.0,12,20,945,1,1,1,5,5,1,17,2,3
5541,201600002473,4.0,2,1,2,13.0,0.0,0.0,0.0,1932.0,V22,2.0,7,0,0.0,0.0,0.0,1.0,12,20,945,1,1,1,5,5,1,17,2,3
5542,201600002473,2.0,2,1,2,13.0,0.0,0.0,0.0,1933.0,V22,2.0,7,0,0.0,0.0,0.0,1.0,12,20,945,1,1,1,5,5,1,17,2,3
5543,201600002473,1.0,1,4,1,13.0,0.0,0.0,0.0,1961.0,V22,2.0,7,0,0.0,0.0,0.0,1.0,12,20,945,1,1,1,5,5,1,17,2,3
5544,201600002473,1.0,1,1,1,13.0,0.0,0.0,0.0,1951.0,D30,1.0,7,0,0.0,0.0,0.0,1.0,12,20,945,1,1,1,5,5,1,17,2,3
5545,201600002473,2.0,2,4,2,13.0,0.0,0.0,0.0,1956.0,D30,1.0,7,0,0.0,0.0,0.0,1.0,12,20,945,1,1,1,5,5,1,17,2,3
5546,201600002473,4.0,2,1,1,11.0,0.0,0.0,0.0,2011.0,L12,2.0,7,0,0.0,0.0,0.0,1.0,12,20,945,1,1,1,5,5,1,17,2,3
5547,201600002473,2.0,2,1,2,13.0,0.0,0.0,0.0,1973.0,L12,2.0,7,0,0.0,0.0,0.0,1.0,12,20,945,1,1,1,5,5,1,17,2,3
5548,201600002473,1.0,1,1,1,13.0,0.0,0.0,0.0,1958.0,L12,2.0,7,0,0.0,0.0,0.0,1.0,12,20,945,1,1,1,5,5,1,17,2,3
5549,201600002473,1.0,1,2,2,11.0,0.0,0.0,0.0,1992.0,D04,2.0,7,0,0.0,0.0,0.0,1.0,12,20,945,1,1,1,5,5,1,17,2,3
5550,201600002473,1.0,1,3,2,13.0,0.0,0.0,0.0,1950.0,S19,2.0,7,0,0.0,0.0,0.0,1.0,12,20,945,1,1,1,5,5,1,17,2,3
5551,201600002473,1.0,1,3,1,13.0,0.0,0.0,0.0,1982.0,Z26,1.0,7,0,0.0,0.0,0.0,1.0,12,20,945,1,1,1,5,5,1,17,2,3
5552,201600002473,2.0,2,4,2,13.0,0.0,0.0,0.0,1944.0,E05,2.0,7,0,0.0,0.0,0.0,1.0,12,20,945,1,1,1,5,5,1,17,2,3
5553,201600002473,1.0,1,1,1,11.0,0.0,0.0,0.0,1946.0,E05,2.0,7,0,0.0,0.0,0.0,1.0,12,20,945,1,1,1,5,5,1,17,2,3
5554,201600002473,2.0,2,4,2,13.0,0.0,0.0,0.0,1985.0,Q17,2.0,10,0,0.0,0.0,0.0,1.0,12,20,945,1,1,1,5,5,1,17,2,3
5555,201600002473,3.0,2,4,1,13.0,0.0,0.0,0.0,1982.0,Q17,2.0,10,0,0.0,0.0,0.0,1.0,12,20,945,1,1,1,5,5,1,17,2,3
5556,201600002473,4.0,2,4,2,13.0,0.0,0.0,0.0,1985.0,Q17,2.0,10,0,0.0,0.0,0.0,1.0,12,20,945,1,1,1,5,5,1,17,2,3
5557,201600002473,8.0,2,4,1,13.0,0.0,0.0,0.0,1983.0,Q17,2.0,10,0,0.0,0.0,0.0,1.0,12,20,945,1,1,1,5,5,1,17,2,3
5558,201600002473,8.0,2,4,2,13.0,0.0,0.0,0.0,1984.0,Q17,2.0,10,0,0.0,0.0,0.0,1.0,12,20,945,1,1,1,5,5,1,17,2,3
5559,201600002473,8.0,2,4,1,13.0,0.0,0.0,0.0,1994.0,Q17,2.0,10,0,0.0,0.0,0.0,1.0,12,20,945,1,1,1,5,5,1,17,2,3
5560,201600002473,1.0,1,4,1,13.0,0.0,0.0,0.0,1981.0,Q17,2.0,10,0,0.0,0.0,0.0,1.0,12,20,945,1,1,1,5,5,1,17,2,3
5561,201600002473,1.0,1,1,1,13.0,0.0,0.0,0.0,1961.0,W23,2.0,7,0,0.0,0.0,0.0,1.0,12,20,945,1,1,1,5,5,1,17,2,3
5562,201600002473,1.0,1,1,1,13.0,0.0,0.0,0.0,1962.0,M39,1.0,14,0,0.0,0.0,0.0,1.0,12,20,945,1,1,1,5,5,1,17,3,3
5563,201600002473,1.0,1,4,2,13.0,0.0,0.0,0.0,1953.0,O15,2.0,7,0,0.0,0.0,0.0,1.0,12,20,945,1,1,1,5,5,1,17,2,3
5564,201600002473,1.0,1,1,1,13.0,0.0,0.0,0.0,1960.0,C03,2.0,7,0,0.0,0.0,0.0,1.0,12,20,945,1,1,1,5,5,1,17,2,3
5565,201600002473,2.0,2,1,2,13.0,0.0,0.0,0.0,1958.0,C03,2.0,7,0,0.0,0.0,0.0,1.0,12,20,945,1,1,1,5,5,1,17,2,3
5566,201600002473,1.0,1,1,1,13.0,0.0,0.0,0.0,1959.0,N40,1.0,17,0,0.0,0.0,0.0,1.0,12,20,945,1,1,1,5,5,1,10,3,2
5567,201600002473,1.0,1,1,1,13.0,0.0,0.0,0.0,1949.0,J10,2.0,7,0,0.0,0.0,0.0,1.0,12,20,945,1,1,1,5,5,1,17,2,3
5568,201600002473,1.0,1,1,1,13.0,0.0,0.0,0.0,1965.0,K11,2.0,7,0,0.0,0.0,0.0,1.0,12,20,945,1,1,1,5,5,1,17,2,3
5569,201600002473,1.0,1,1,1,13.0,0.0,0.0,0.0,1998.0,Y25,2.0,7,0,0.0,0.0,0.0,1.0,12,20,945,1,1,1,5,5,1,17,2,3
5570,201600002473,2.0,2,1,1,13.0,0.0,0.0,0.0,1998.0,Y25,2.0,7,0,0.0,0.0,0.0,1.0,12,20,945,1,1,1,5,5,1,17,2,3
5571,201600002473,1.0,1,1,1,13.0,0.0,0.0,0.0,1964.0,M13,2.0,7,0,0.0,0.0,0.0,1.0,12,20,945,1,1,1,5,5,1,17,2,3
5572,201600002473,1.0,1,1,1,13.0,0.0,0.0,0.0,1957.0,P16,2.0,7,0,0.0,0.0,0.0,1.0,12,20,945,1,1,1,5,5,1,17,2,3
5573,201600002473,2.0,2,1,2,13.0,0.0,0.0,0.0,1955.0,P16,2.0,7,0,0.0,0.0,0.0,1.0,12,20,945,1,1,1,5,5,1,17,2,3
5574,201600002473,1.0,1,1,2,13.0,0.0,0.0,0.0,1980.0,I09,2.0,7,0,0.0,0.0,0.0,1.0,12,20,945,1,1,1,5,5,1,17,2,3
5575,201600002473,1.0,1,1,1,13.0,0.0,0.0,0.0,1978.0,I35,2.0,17,0,0.0,0.0,0.0,1.0,12,20,945,1,1,1,5,5,1,10,3,2
5576,201600002473,1.0,1,1,1,13.0,0.0,0.0,0.0,1961.0,K37,1.0,17,0,0.0,0.0,0.0,0.0,12,20,945,1,1,1,5,5,1,10,3,2
5577,201600002473,1.0,1,1,1,13.0,0.0,0.0,0.0,1979.0,B28,1.0,7,0,0.0,0.0,0.0,1.0,12,20,945,1,1,1,5,5,1,17,2,3
5578,201600002473,2.0,2,1,1,13.0,0.0,0.0,0.0,1982.0,B28,1.0,7,0,0.0,0.0,0.0,1.0,12,20,945,1,1,1,5,5,1,17,2,3
5579,201600002473,3.0,2,1,1,13.0,0.0,0.0,0.0,1976.0,B28,1.0,7,0,0.0,0.0,0.0,1.0,12,20,945,1,1,1,5,5,1,17,2,3
5580,201600002473,1.0,1,1,1,13.0,0.0,0.0,0.0,1963.0,G33,2.0,17,0,0.0,0.0,0.0,1.0,12,20,945,1,1,1,5,5,1,10,3,2
5581,201600002473,2.0,2,4,2,13.0,0.0,0.0,0.0,2000.0,X24,2.0,7,0,0.0,0.0,0.0,1.0,12,20,945,1,1,1,5,5,1,17,2,3
5582,201600002473,3.0,2,1,1,13.0,0.0,0.0,0.0,1999.0,X24,2.0,7,0,0.0,0.0,0.0,1.0,12,20,945,1,1,1,5,5,1,17,2,3
5583,201600002473,4.0,2,1,1,13.0,0.0,0.0,0.0,1998.0,X24,2.0,7,0,0.0,0.0,0.0,1.0,12,20,945,1,1,1,5,5,1,17,2,3
5584,201600002473,1.0,1,4,1,13.0,0.0,0.0,0.0,1998.0,X24,2.0,7,0,0.0,0.0,0.0,1.0,12,20,945,1,1,1,5,5,1,17,2,3
5585,201600002473,2.0,2,1,2,13.0,0.0,0.0,0.0,1980.0,G07,2.0,7,0,0.0,0.0,0.0,1.0,12,20,945,1,1,1,5,5,1,17,2,3
5586,201600002473,1.0,1,4,1,13.0,0.0,0.0,0.0,1974.0,G07,2.0,7,0,0.0,0.0,0.0,1.0,12,20,945,1,1,1,5,5,1,17,2,3
5587,201600002473,4.0,2,1,2,13.0,0.0,0.0,0.0,2013.0,G07,2.0,7,0,0.0,0.0,0.0,1.0,12,20,945,1,1,1,5,5,1,17,2,3
5588,201600002473,3.0,2,1,1,13.0,0.0,0.0,0.0,2011.0,G07,2.0,7,0,0.0,0.0,0.0,1.0,12,20,945,1,1,1,5,5,1,17,2,3
5589,201600002473,1.0,1,1,1,13.0,0.0,0.0,0.0,1958.0,H08,2.0,7,0,0.0,0.0,0.0,1.0,12,20,945,1,1,1,5,5,1,17,2,3
5590,201600002473,1.0,1,3,2,11.0,0.0,0.0,0.0,1980.0,N14,2.0,7,0,0.0,0.0,0.0,1.0,12,20,945,1,1,1,5,5,1,17,2,3
5591,201600002473,1.0,1,1,1,13.0,0.0,0.0,0.0,1979.0,E31,1.0,17,0,0.0,0.0,0.0,1.0,12,20,945,1,1,1,5,5,1,10,3,2
5592,201600002473,1.0,1,1,1,13.0,0.0,0.0,0.0,1954.0,F06,2.0,7,0,0.0,0.0,0.0,1.0,12,20,945,1,1,1,5,5,1,17,2,3
5593,201600002473,2.0,2,3,2,13.0,0.0,0.0,0.0,1934.0,F06,2.0,7,0,0.0,0.0,0.0,1.0,12,20,945,1,1,1,5,5,1,17,2,3
5594,201600002473,2.0,2,2,1,13.0,0.0,0.0,0.0,1934.0,T20,2.0,7,0,0.0,0.0,0.0,1.0,12,20,945,1,1,1,5,5,1,17,2,3
5595,201600002473,1.0,1,3,1,13.0,0.0,0.0,0.0,1949.0,T20,2.0,7,0,0.0,0.0,0.0,1.0,12,20,945,1,1,1,5,5,1,17,2,3
5596,201600002473,1.0,1,1,2,13.0,0.0,0.0,0.0,1965.0,U21,2.0,7,0,0.0,0.0,0.0,1.0,12,20,945,1,1,1,5,5,1,17,2,3
5597,201600002473,2.0,2,2,2,13.0,0.0,0.0,0.0,1928.0,A27,1.0,7,0,0.0,0.0,0.0,1.0,12,20,945,1,1,1,5,5,1,17,2,3
5598,201600002473,1.0,1,2,1,13.0,0.0,0.0,0.0,1928.0,A27,1.0,7,0,0.0,0.0,0.0,1.0,12,20,945,1,1,1,5,5,1,17,2,3
5599,201600002473,1.0,1,4,2,11.0,0.0,0.0,0.0,1994.0,B02,2.0,7,0,0.0,0.0,0.0,1.0,12,20,945,1,1,1,5,5,1,17,2,3
5600,201600002474,1.0,1,1,2,11.0,0.0,0.0,0.0,1957.0,A01,0.0,7,0,0.0,0.0,0.0,1.0,9,8,1415,1,2,2,1,1,3,33,2,1
5601,201600002474,1.0,1,4,1,21.0,0.0,0.0,0.0,1971.0,B02,0.0,33,0,0.0,0.0,0.0,21.0,9,8,1415,1,2,2,1,1,3,7,1,2
5602,201600002474,2.0,2,4,2,21.0,0.0,0.0,0.0,1974.0,B02,0.0,33,0,0.0,0.0,0.0,21.0,9,8,1415,1,2,2,1,1,3,7,1,2
5603,201600002475,1.0,1,1,1,11.0,0.0,0.0,0.0,1943.0,B02,2.0,7,0,0.0,2.0,1.0,1.0,10,2,1200,1,1,1,1,3,2,31,2,1
5604,201600002475,2.0,2,1,2,11.0,0.0,0.0,0.0,1946.0,B02,2.0,7,0,0.0,2.0,1.0,1.0,10,2,1200,1,1,1,1,3,2,31,2,1
5605,201600002475,1.0,1,3,1,21.0,0.0,0.0,0.0,1974.0,A01,1.0,31,0,0.0,2.0,2.0,15.0,10,2,1200,1,1,1,1,3,2,7,1,2
5606,201600002476,1.0,1,2,1,13.0,0.0,0.0,0.0,1968.0,A01,1.0,7,0,13.0,0.0,0.0,16.0,1,28,1945,3,1,1,1,7,4,7,2,2
5607,201600002477,1.0,1,2,2,11.0,0.0,0.0,0.0,1974.0,A01,1.0,7,0,6.0,0.0,1.0,14.0,2,27,15,3,1,1,1,6,0,7,2,2
5608,201600002478,1.0,1,1,1,11.0,0.0,0.0,0.0,1960.0,A01,1.0,7,0,0.0,2.0,8.0,1.0,3,22,1615,1,1,1,1,3,3,1,2,1
5609,201600002478,1.0,1,3,1,21.0,0.0,0.0,0.0,1950.0,B02,2.0,1,0,0.0,2.0,1.0,13.0,3,22,1615,1,1,1,1,3,3,7,1,2
5610,201600002479,1.0,1,2,1,21.0,0.0,0.0,0.0,1960.0,A01,2.0,30,0,8.0,0.0,8.0,1.0,5,16,1920,1,2,1,1,6,4,30,1,1
5611,201600002480,1.0,1,2,1,21.0,0.0,0.0,0.0,1977.0,A01,2.0,33,0,8.0,0.0,1.0,14.0,8,22,2000,1,1,1,1,6,4,33,1,1
5612,201600002481,1.0,1,3,1,21.0,0.0,0.0,0.0,1990.0,A01,2.0,33,0,0.0,2.0,1.0,0.0,8,25,940,1,1,1,1,2,1,10,1,2
5613,201600002481,1.0,1,1,1,11.0,0.0,0.0,0.0,1978.0,B02,2.0,10,0,0.0,0.0,6.0,15.0,8,25,940,1,1,1,1,2,1,33,2,1