,Num_Acc,place,catu,grav,sexe,secu,locp,actp,etatp,an_nais,num_veh,senc,catv,occutc,obs,obsm,choc,manv,mois,jour,hrmn,lum,agg,int,atm,col,mom,catvopp,catv_gen,catvopp_gen
5614,201600002482,1.0,1,3,1,11.0,0.0,0.0,0.0,1929.0,A01,1.0,7,0,0.0,2.0,1.0,17.0,9,1,1630,1,2,3,1,3,3,99,2,0
5615,201600002482,1.0,1,1,1,11.0,0.0,0.0,0.0,1971.0,B02,2.0,99,0,0.0,2.0,3.0,15.0,9,1,1630,1,2,3,1,3,3,7,0,2
5616,201600002483,2.0,2,4,2,21.0,0.0,0.0,0.0,1964.0,A01,1.0,31,0,0.0,1.0,7.0,13.0,9,5,1530,1,1,1,1,6,3,31,1,1
5617,201600002483,0.0,3,4,1,0.0,1.0,3.0,1.0,1955.0,A01,1.0,31,0,0.0,1.0,7.0,13.0,9,5,1530,1,1,1,1,6,3,31,1,1
5618,201600002483,1.0,1,3,1,21.0,0.0,0.0,0.0,1972.0,A01,1.0,31,0,0.0,1.0,7.0,13.0,9,5,1530,1,1,1,1,6,3,31,1,1
5619,201600002484,1.0,1,3,1,22.0,0.0,0.0,0.0,1935.0,A01,0.0,1,0,0.0,2.0,7.0,1.0,9,29,1745,1,2,3,1,3,3,7,1,2
5620,201600002484,1.0,1,1,1,11.0,0.0,0.0,0.0,1976.0,B02,0.0,7,0,0.0,2.0,1.0,16.0,9,29,1745,1,2,3,1,3,3,1,2,1
5621,201600002485,1.0,1,4,2,21.0,0.0,0.0,0.0,1973.0,B02,0.0,1,0,0.0,0.0,4.0,1.0,10,17,1845,1,1,6,8,3,4,7,1,2
5622,201600002485,1.0,1,1,1,11.0,0.0,0.0,0.0,1948.0,A01,0.0,7,0,0.0,9.0,2.0,9.0,10,17,1845,1,1,6,8,3,4,1,2,1
5623,201600002486,1.0,1,1,1,11.0,0.0,0.0,0.0,1989.0,B02,2.0,7,0,8.0,2.0,1.0,21.0,10,30,200,3,1,1,1,1,0,7,2,2
5624,201600002486,1.0,1,2,1,11.0,0.0,0.0,0.0,1981.0,A01,1.0,7,0,8.0,2.0,9.0,13.0,10,30,200,3,1,1,1,1,0,7,2,2
5625,201600002487,1.0,1,2,1,41.0,0.0,0.0,0.0,1966.0,B02,0.0,1,0,0.0,2.0,2.0,1.0,10,30,1700,1,2,1,1,1,3,7,1,2
5626,201600002487,1.0,1,1,1,11.0,0.0,0.0,0.0,1973.0,A01,0.0,7,0,0.0,9.0,1.0,15.0,10,30,1700,1,2,1,1,1,3,1,2,1
5627,201600002488,1.0,1,4,1,12.0,0.0,0.0,0.0,1994.0,A01,0.0,7,0,6.0,0.0,4.0,16.0,12,5,300,3,2,1,1,7,0,7,2,2
5628,201600002489,0.0,3,3,2,0.0,4.0,3.0,1.0,1937.0,A01,0.0,7,0,0.0,1.0,2.0,1.0,12,19,1830,5,2,1,5,6,4,7,2,2
5629,201600002489,1.0,1,1,1,11.0,0.0,0.0,0.0,1966.0,A01,0.0,7,0,0.0,1.0,2.0,1.0,12,19,1830,5,2,1,5,6,4,7,2,2
5630,201600002490,1.0,1,4,1,11.0,0.0,0.0,0.0,1967.0,A01,0.0,7,0,0.0,2.0,1.0,0.0,12,26,1730,5,2,1,2,1,3,30,2,1
5631,201600002490,1.0,1,3,1,21.0,0.0,0.0,0.0,1999.0,B02,0.0,30,0,0.0,2.0,3.0,5.0,12,26,1730,5,2,1,2,1,3,7,1,2
5632,201600002491,1.0,1,4,1,11.0,0.0,0.0,0.0,1965.0,B02,1.0,7,0,0.0,2.0,1.0,1.0,12,27,1315,1,1,2,1,3,2,30,2,1
5633,201600002491,1.0,1,3,2,21.0,0.0,0.0,0.0,2000.0,A01,0.0,30,0,0.0,2.0,8.0,19.0,12,27,1315,1,1,2,1,3,2,7,1,2
5634,201600002492,1.0,1,1,2,11.0,0.0,0.0,0.0,1955.0,A01,1.0,7,0,0.0,2.0,8.0,9.0,3,31,1315,1,2,6,1,3,2,33,2,1
5635,201600002492,1.0,1,3,2,21.0,0.0,0.0,0.0,1964.0,B02,1.0,33,0,0.0,2.0,2.0,1.0,3,31,1315,1,2,6,1,3,2,7,1,2
5636,201600002493,1.0,1,3,2,11.0,0.0,0.0,0.0,1994.0,A01,2.0,7,0,2.0,0.0,8.0,0.0,5,6,915,1,1,1,1,6,1,7,2,2
5637,201600002494,1.0,1,2,1,12.0,0.0,0.0,0.0,1982.0,A01,1.0,7,0,13.0,0.0,2.0,19.0,5,16,2225,3,1,1,1,6,5,7,2,2
5638,201600002495,1.0,1,2,1,21.0,0.0,0.0,0.0,1965.0,A01,1.0,33,0,2.0,0.0,0.0,0.0,5,19,1930,1,2,1,1,6,4,33,1,1
5639,201600002496,1.0,1,4,2,11.0,0.0,0.0,0.0,1947.0,A01,1.0,7,0,0.0,2.0,8.0,19.0,8,9,1030,1,2,1,1,3,1,33,2,1
5640,201600002496,1.0,1,4,1,21.0,0.0,0.0,0.0,1973.0,B02,1.0,33,0,0.0,2.0,1.0,1.0,8,9,1030,1,2,1,1,3,1,7,1,2
5641,201600002496,2.0,2,3,2,21.0,0.0,0.0,0.0,1972.0,B02,1.0,33,0,0.0,2.0,1.0,1.0,8,9,1030,1,2,1,1,3,1,7,1,2
5642,201600002497,1.0,1,3,1,21.0,0.0,0.0,0.0,2000.0,B02,2.0,1,0,0.0,2.0,2.0,17.0,8,31,1545,1,2,3,1,3,3,7,1,2
5643,201600002497,1.0,1,1,1,11.0,0.0,0.0,0.0,1953.0,A01,2.0,7,0,0.0,2.0,6.0,15.0,8,31,1545,1,2,3,1,3,3,1,2,1
5644,201600002497,2.0,2,1,2,11.0,0.0,0.0,0.0,1951.0,A01,2.0,7,0,0.0,2.0,6.0,15.0,8,31,1545,1,2,3,1,3,3,1,2,1
5645,201600002498,1.0,1,3,1,21.0,0.0,0.0,0.0,1991.0,A01,2.0,33,0,16.0,0.0,0.0,1.0,8,31,1815,1,2,1,1,6,4,33,1,1
5646,201600002499,2.0,2,1,2,11.0,0.0,0.0,0.0,1992.0,A01,2.0,7,0,0.0,1.0,1.0,1.0,8,10,1830,1,1,1,1,6,4,7,2,2
5647,201600002499,1.0,1,1,1,11.0,0.0,0.0,0.0,1990.0,A01,2.0,7,0,0.0,1.0,1.0,1.0,8,10,1830,1,1,1,1,6,4,7,2,2
5648,201600002499,0.0,3,3,1,0.0,4.0,3.0,1.0,1940.0,A01,2.0,7,0,0.0,1.0,1.0,1.0,8,10,1830,1,1,1,1,6,4,7,2,2
5649,201600002500,1.0,1,3,1,21.0,0.0,0.0,0.0,1993.0,A01,1.0,33,0,3.0,0.0,1.0,2.0,9,8,2145,3,1,1,1,6,4,33,1,1
5650,201600002501,1.0,1,1,1,11.0,0.0,0.0,0.0,1939.0,A01,1.0,7,0,0.0,2.0,3.0,19.0,10,19,1745,1,1,1,1,3,3,33,2,1
5651,201600002501,1.0,1,3,1,21.0,0.0,0.0,0.0,1991.0,B02,2.0,33,0,0.0,2.0,1.0,1.0,10,19,1745,1,1,1,1,3,3,7,1,2
5652,201600002502,1.0,1,1,2,11.0,0.0,0.0,0.0,1934.0,A01,2.0,7,0,0.0,2.0,1.0,1.0,5,31,930,1,1,1,1,5,1,1,2,1
5653,201600002502,1.0,1,4,1,21.0,0.0,0.0,0.0,1941.0,D04,2.0,1,0,0.0,0.0,4.0,1.0,5,31,930,1,1,1,1,5,1,7,1,2
5654,201600002502,1.0,1,3,1,21.0,0.0,0.0,0.0,1954.0,B02,2.0,1,0,0.0,0.0,4.0,1.0,5,31,930,1,1,1,1,5,1,7,1,2
5655,201600002502,1.0,1,1,1,21.0,0.0,0.0,0.0,1949.0,C03,2.0,1,0,0.0,0.0,4.0,1.0,5,31,930,1,1,1,1,5,1,7,1,2
5656,201600002503,1.0,1,1,1,21.0,0.0,0.0,0.0,2001.0,B02,0.0,2,0,0.0,2.0,1.0,1.0,1,16,1715,1,1,1,1,3,3,30,1,1
5657,201600002503,1.0,1,3,1,21.0,0.0,0.0,0.0,2000.0,A01,0.0,30,0,0.0,2.0,8.0,10.0,1,16,1715,1,1,1,1,3,3,2,1,1
5658,201600002504,1.0,1,2,1,11.0,0.0,0.0,0.0,1945.0,A01,1.0,7,0,0.0,5.0,1.0,5.0,1,25,745,2,1,1,1,6,1,7,2,2
5659,201600002505,1.0,1,1,1,11.0,0.0,0.0,0.0,1934.0,A01,1.0,7,0,0.0,2.0,3.0,16.0,3,18,915,1,2,1,1,3,1,1,2,1
5660,201600002505,1.0,1,3,2,91.0,0.0,0.0,0.0,1952.0,B02,1.0,1,0,0.0,2.0,7.0,1.0,3,18,915,1,2,1,1,3,1,7,1,2
5661,201600002506,1.0,1,1,2,11.0,0.0,0.0,0.0,1992.0,B02,1.0,7,0,0.0,2.0,0.0,2.0,5,3,2115,3,1,6,1,3,4,33,2,1
5662,201600002506,1.0,1,3,1,21.0,0.0,0.0,0.0,1992.0,A01,1.0,33,0,0.0,2.0,0.0,2.0,5,3,2115,3,1,6,1,3,4,7,1,2
5663,201600002507,1.0,1,2,1,21.0,0.0,0.0,0.0,1964.0,A01,1.0,33,0,0.0,2.0,1.0,17.0,6,4,1645,1,1,1,1,3,3,21,1,0
5664,201600002507,1.0,1,1,1,11.0,0.0,0.0,0.0,1964.0,B02,1.0,21,0,0.0,2.0,3.0,15.0,6,4,1645,1,1,1,1,3,3,33,0,1
5665,201600002508,1.0,1,1,2,11.0,0.0,0.0,0.0,1953.0,A01,1.0,7,0,0.0,1.0,2.0,15.0,6,28,1530,1,2,1,1,6,3,7,2,2
5666,201600002508,0.0,3,3,1,0.0,2.0,9.0,1.0,1961.0,A01,1.0,7,0,0.0,1.0,2.0,15.0,6,28,1530,1,2,1,1,6,3,7,2,2
5667,201600002509,1.0,1,3,1,21.0,0.0,0.0,0.0,1961.0,B02,1.0,1,0,0.0,2.0,6.0,1.0,7,2,745,1,1,1,1,3,1,1,1,1
5668,201600002510,0.0,3,3,1,0.0,1.0,3.0,1.0,1994.0,A01,0.0,7,0,0.0,1.0,4.0,1.0,7,12,1445,1,1,1,1,6,3,7,2,2
5669,201600002510,1.0,1,1,1,11.0,0.0,0.0,0.0,1977.0,A01,0.0,7,0,0.0,1.0,4.0,1.0,7,12,1445,1,1,1,1,6,3,7,2,2
5670,201600002511,1.0,1,1,1,11.0,0.0,0.0,0.0,1926.0,A01,2.0,7,0,0.0,1.0,1.0,12.0,7,13,1045,1,2,1,1,6,1,7,2,2
5671,201600002511,0.0,3,3,2,1.0,0.0,0.0,0.0,1927.0,A01,2.0,7,0,0.0,1.0,1.0,12.0,7,13,1045,1,2,1,1,6,1,7,2,2
5672,201600002512,1.0,1,2,2,11.0,0.0,0.0,0.0,1995.0,A01,1.0,7,0,6.0,0.0,1.0,1.0,8,16,415,3,1,1,1,6,0,7,2,2
5673,201600002513,1.0,1,3,1,22.0,0.0,0.0,0.0,1968.0,A01,0.0,1,0,14.0,0.0,1.0,1.0,8,18,2330,5,2,1,1,6,5,1,1,1
5674,201600002514,1.0,1,3,2,13.0,0.0,0.0,0.0,1977.0,A01,1.0,7,0,0.0,0.0,2.0,1.0,8,25,1800,1,1,1,1,7,4,7,2,2
5675,201600002515,1.0,1,3,1,11.0,0.0,0.0,0.0,1997.0,A01,1.0,7,0,13.0,0.0,2.0,1.0,9,30,2315,3,1,1,2,6,5,7,2,2
5676,201600002515,2.0,2,1,1,11.0,0.0,0.0,0.0,1999.0,A01,1.0,7,0,13.0,0.0,2.0,1.0,9,30,2315,3,1,1,2,6,5,7,2,2
5677,201600002516,4.0,2,4,1,31.0,0.0,0.0,0.0,2015.0,C03,1.0,7,0,0.0,2.0,1.0,21.0,9,30,1600,1,1,1,2,4,3,10,2,2
5678,201600002516,3.0,2,3,2,11.0,0.0,0.0,0.0,1974.0,C03,1.0,7,0,0.0,2.0,1.0,21.0,9,30,1600,1,1,1,2,4,3,10,2,2
5679,201600002516,2.0,2,4,2,11.0,0.0,0.0,0.0,1993.0,C03,1.0,7,0,0.0,2.0,1.0,21.0,9,30,1600,1,1,1,2,4,3,10,2,2
5680,201600002516,1.0,1,4,1,11.0,0.0,0.0,0.0,1995.0,C03,1.0,7,0,0.0,2.0,1.0,21.0,9,30,1600,1,1,1,2,4,3,10,2,2
5681,201600002516,2.0,2,4,1,11.0,0.0,0.0,0.0,1982.0,A01,2.0,10,0,0.0,2.0,7.0,15.0,9,30,1600,1,1,1,2,4,3,7,2,2
5682,201600002516,1.0,1,1,1,11.0,0.0,0.0,0.0,1982.0,A01,2.0,10,0,0.0,2.0,7.0,15.0,9,30,1600,1,1,1,2,4,3,7,2,2
5683,201600002516,1.0,1,4,2,11.0,0.0,0.0,0.0,1971.0,B02,2.0,7,0,0.0,2.0,1.0,1.0,9,30,1600,1,1,1,2,4,3,10,2,2
5684,201600002517,1.0,1,2,2,22.0,0.0,0.0,0.0,1938.0,B02,1.0,1,0,0.0,2.0,4.0,2.0,10,18,845,1,2,1,7,2,1,7,1,2
5685,201600002517,1.0,1,1,2,11.0,0.0,0.0,0.0,1968.0,A01,1.0,7,0,0.0,2.0,2.0,2.0,10,18,845,1,2,1,7,2,1,1,2,1
5686,201600002518,1.0,1,3,2,21.0,0.0,0.0,0.0,2001.0,A01,0.0,30,0,1.0,0.0,1.0,2.0,10,31,2100,5,2,1,1,2,4,7,1,2
5687,201600002518,1.0,1,1,2,11.0,0.0,0.0,0.0,1983.0,B02,0.0,7,0,0.0,2.0,4.0,2.0,10,31,2100,5,2,1,1,2,4,30,2,1
5688,201600002519,1.0,1,2,1,21.0,0.0,0.0,0.0,1927.0,B02,0.0,1,0,0.0,2.0,8.0,2.0,2,29,1430,1,1,3,1,3,3,15,1,3
5689,201600002519,1.0,1,1,1,11.0,0.0,0.0,0.0,1988.0,A01,2.0,15,0,0.0,9.0,7.0,2.0,2,29,1430,1,1,3,1,3,3,1,3,1
5690,201600002520,1.0,1,1,1,11.0,0.0,0.0,0.0,1966.0,B02,0.0,38,15,0.0,2.0,3.0,1.0,8,29,1700,1,2,1,1,1,3,7,3,2
5691,201600002520,1.0,1,4,2,11.0,0.0,0.0,0.0,1977.0,A01,0.0,7,0,0.0,2.0,3.0,13.0,8,29,1700,1,2,1,1,1,3,38,2,3
5692,201600002521,1.0,1,3,1,12.0,0.0,0.0,0.0,1958.0,A01,1.0,7,0,13.0,0.0,1.0,13.0,1,23,200,3,1,1,2,6,0,7,2,2
5693,201600002522,1.0,1,1,1,11.0,0.0,0.0,0.0,1972.0,A01,2.0,15,0,0.0,1.0,0.0,16.0,3,1,1000,1,2,1,1,6,1,15,3,3
5694,201600002522,0.0,3,3,1,0.0,5.0,9.0,1.0,1953.0,A01,2.0,15,0,0.0,1.0,0.0,16.0,3,1,1000,1,2,1,1,6,1,15,3,3
5695,201600002523,1.0,1,1,1,23.0,0.0,0.0,0.0,1984.0,A01,1.0,36,0,9.0,0.0,1.0,15.0,3,31,1815,5,2,5,1,6,4,36,1,1
5696,201600002523,2.0,2,3,2,23.0,0.0,0.0,0.0,1984.0,A01,1.0,36,0,9.0,0.0,1.0,15.0,3,31,1815,5,2,5,1,6,4,36,1,1
5697,201600002524,3.0,2,3,2,31.0,0.0,0.0,0.0,2014.0,A01,2.0,7,0,2.0,0.0,5.0,1.0,4,17,1315,1,1,1,2,6,2,7,2,2
5698,201600002524,2.0,2,3,2,11.0,0.0,0.0,0.0,1995.0,A01,2.0,7,0,2.0,0.0,5.0,1.0,4,17,1315,1,1,1,2,6,2,7,2,2
5699,201600002524,1.0,1,4,1,11.0,0.0,0.0,0.0,1994.0,A01,2.0,7,0,2.0,0.0,5.0,1.0,4,17,1315,1,1,1,2,6,2,7,2,2
5700,201600002525,1.0,1,1,2,11.0,0.0,0.0,0.0,1972.0,B02,1.0,7,0,0.0,2.0,1.0,1.0,6,6,1715,1,2,2,1,3,3,30,2,1
5701,201600002525,1.0,1,3,1,21.0,0.0,0.0,0.0,1973.0,A01,2.0,30,0,0.0,2.0,8.0,1.0,6,6,1715,1,2,2,1,3,3,7,1,2
5702,201600002526,1.0,1,2,1,21.0,0.0,0.0,0.0,1995.0,A01,1.0,33,0,15.0,2.0,7.0,1.0,6,7,1645,1,2,1,1,5,3,10,1,2
5703,201600002526,1.0,1,4,1,11.0,0.0,0.0,0.0,1986.0,C03,2.0,10,0,0.0,2.0,1.0,1.0,6,7,1645,1,2,1,1,5,3,33,2,1
5704,201600002526,1.0,1,4,1,11.0,0.0,0.0,0.0,1959.0,B02,1.0,7,0,0.0,2.0,3.0,9.0,6,7,1645,1,2,1,1,5,3,33,2,1
5705,201600002526,2.0,2,1,2,11.0,0.0,0.0,0.0,1958.0,B02,1.0,7,0,0.0,2.0,3.0,9.0,6,7,1645,1,2,1,1,5,3,33,2,1
5706,201600002527,1.0,1,3,1,11.0,0.0,0.0,0.0,1953.0,A01,1.0,7,0,0.0,2.0,1.0,1.0,6,28,1715,1,2,1,1,1,3,7,2,2
5707,201600002527,1.0,1,4,2,11.0,0.0,0.0,0.0,1985.0,B02,2.0,7,0,0.0,0.0,1.0,1.0,6,28,1715,1,2,1,1,1,3,7,2,2
5708,201600002528,1.0,1,1,1,11.0,0.0,0.0,0.0,1974.0,B02,0.0,7,0,0.0,2.0,8.0,11.0,8,6,1115,1,2,1,1,3,1,34,2,1
5709,201600002528,1.0,1,3,1,21.0,0.0,0.0,0.0,1975.0,A01,0.0,34,0,0.0,2.0,1.0,17.0,8,6,1115,1,2,1,1,3,1,7,1,2
5710,201600002529,1.0,1,3,2,11.0,0.0,0.0,0.0,1977.0,A01,1.0,7,0,0.0,2.0,3.0,13.0,9,8,1545,1,1,1,1,1,3,7,2,2
5711,201600002529,1.0,1,2,1,11.0,0.0,0.0,0.0,1977.0,B02,2.0,7,0,0.0,2.0,3.0,1.0,9,8,1545,1,1,1,1,1,3,7,2,2
5712,201600002530,1.0,1,4,2,11.0,0.0,0.0,0.0,1983.0,A01,2.0,7,0,0.0,2.0,1.0,1.0,9,7,1715,1,2,2,1,3,3,7,2,2
5713,201600002530,2.0,2,4,2,11.0,0.0,0.0,0.0,2006.0,A01,2.0,7,0,0.0,2.0,1.0,1.0,9,7,1715,1,2,2,1,3,3,7,2,2
5714,201600002530,4.0,2,4,2,11.0,0.0,0.0,0.0,2008.0,A01,2.0,7,0,0.0,2.0,1.0,1.0,9,7,1715,1,2,2,1,3,3,7,2,2
5715,201600002530,1.0,1,4,2,11.0,0.0,0.0,0.0,1966.0,B02,1.0,7,0,0.0,0.0,8.0,1.0,9,7,1715,1,2,2,1,3,3,7,2,2
5716,201600002530,2.0,2,4,1,11.0,0.0,0.0,0.0,1998.0,B02,1.0,7,0,0.0,0.0,8.0,1.0,9,7,1715,1,2,2,1,3,3,7,2,2
5717,201600002531,1.0,1,3,1,11.0,0.0,0.0,0.0,1995.0,A01,0.0,7,0,2.0,0.0,1.0,1.0,11,6,1615,1,1,1,1,6,3,7,2,2
5718,201600002532,1.0,1,1,1,11.0,0.0,0.0,0.0,1958.0,A01,1.0,7,0,0.0,2.0,3.0,2.0,12,6,745,1,2,3,1,1,1,33,2,1
5719,201600002532,1.0,1,3,1,21.0,0.0,0.0,0.0,1975.0,B02,1.0,33,0,0.0,2.0,2.0,2.0,12,6,745,1,2,3,1,1,1,7,1,2
5720,201600002533,1.0,1,1,1,11.0,0.0,0.0,0.0,1964.0,A01,1.0,7,0,0.0,1.0,1.0,1.0,1,14,830,2,2,1,8,6,1,7,2,2
5721,201600002533,0.0,3,3,2,0.0,3.0,3.0,1.0,1933.0,A01,1.0,7,0,0.0,1.0,1.0,1.0,1,14,830,2,2,1,8,6,1,7,2,2
5722,201600002534,3.0,2,3,1,11.0,0.0,0.0,0.0,1997.0,A01,2.0,7,0,13.0,0.0,1.0,1.0,1,24,600,3,1,1,5,6,1,7,2,2
5723,201600002534,4.0,2,3,2,11.0,0.0,0.0,0.0,1997.0,A01,2.0,7,0,13.0,0.0,1.0,1.0,1,24,600,3,1,1,5,6,1,7,2,2
5724,201600002534,1.0,1,3,1,11.0,0.0,0.0,0.0,1995.0,A01,2.0,7,0,13.0,0.0,1.0,1.0,1,24,600,3,1,1,5,6,1,7,2,2
5725,201600002534,2.0,2,2,2,11.0,0.0,0.0,0.0,1996.0,A01,2.0,7,0,13.0,0.0,1.0,1.0,1,24,600,3,1,1,5,6,1,7,2,2
5726,201600002535,1.0,1,1,1,11.0,0.0,0.0,0.0,1997.0,B02,0.0,7,0,0.0,2.0,3.0,1.0,5,13,1915,1,1,2,1,3,4,99,2,0
5727,201600002535,2.0,2,1,2,11.0,0.0,0.0,0.0,1998.0,B02,0.0,7,0,0.0,2.0,3.0,1.0,5,13,1915,1,1,2,1,3,4,99,2,0
5728,201600002535,1.0,1,3,1,92.0,0.0,0.0,0.0,1996.0,A01,0.0,99,0,0.0,2.0,2.0,19.0,5,13,1915,1,1,2,1,3,4,7,0,2
5729,201600002536,1.0,1,3,1,11.0,0.0,0.0,0.0,1979.0,B02,2.0,10,0,0.0,2.0,1.0,2.0,6,22,1800,1,1,1,1,2,4,17,2,3
5730,201600002536,1.0,1,1,1,11.0,0.0,0.0,0.0,1975.0,A01,2.0,17,0,0.0,2.0,4.0,1.0,6,22,1800,1,1,1,1,2,4,10,3,2
5731,201600002537,1.0,1,2,1,11.0,0.0,0.0,0.0,1994.0,A01,2.0,7,0,2.0,0.0,7.0,13.0,8,16,515,3,1,1,1,6,0,7,2,2
5732,201600002538,1.0,1,3,1,11.0,0.0,0.0,0.0,1986.0,A01,0.0,10,0,0.0,2.0,1.0,13.0,8,26,1730,1,2,1,1,1,3,7,2,2
5733,201600002538,2.0,2,3,1,11.0,0.0,0.0,0.0,1972.0,A01,0.0,10,0,0.0,2.0,1.0,13.0,8,26,1730,1,2,1,1,1,3,7,2,2
5734,201600002538,1.0,1,1,2,11.0,0.0,0.0,0.0,1994.0,B02,0.0,7,0,0.0,2.0,1.0,1.0,8,26,1730,1,2,1,1,1,3,10,2,2
5735,201600002539,1.0,1,1,1,11.0,0.0,0.0,0.0,1958.0,B02,2.0,7,0,0.0,2.0,1.0,1.0,9,11,1930,2,2,1,1,1,4,7,2,2
5736,201600002539,2.0,2,4,2,11.0,0.0,0.0,0.0,1965.0,B02,2.0,7,0,0.0,2.0,1.0,1.0,9,11,1930,2,2,1,1,1,4,7,2,2
5737,201600002539,1.0,1,2,1,12.0,0.0,0.0,0.0,1986.0,A01,1.0,7,0,0.0,2.0,1.0,13.0,9,11,1930,2,2,1,1,1,4,7,2,2
5738,201600002540,1.0,1,4,2,11.0,0.0,0.0,0.0,1946.0,B02,1.0,7,0,0.0,2.0,1.0,15.0,10,1,1330,1,2,2,1,3,2,7,2,2
5739,201600002540,2.0,2,4,2,11.0,0.0,0.0,0.0,1987.0,A01,1.0,7,0,0.0,2.0,7.0,1.0,10,1,1330,1,2,2,1,3,2,7,2,2
5740,201600002540,1.0,1,1,1,11.0,0.0,0.0,0.0,1988.0,A01,1.0,7,0,0.0,2.0,7.0,1.0,10,1,1330,1,2,2,1,3,2,7,2,2
5741,201600002541,1.0,1,1,1,11.0,0.0,0.0,0.0,1996.0,B01,2.0,7,0,13.0,2.0,8.0,1.0,10,27,1600,1,2,1,1,3,3,33,2,1
5742,201600002541,1.0,1,3,1,21.0,0.0,0.0,0.0,1963.0,A01,1.0,33,0,0.0,2.0,1.0,13.0,10,27,1600,1,2,1,1,3,3,7,1,2
5743,201600002542,1.0,1,3,1,21.0,0.0,0.0,0.0,1967.0,B02,0.0,33,0,0.0,2.0,8.0,1.0,11,24,845,1,2,1,2,1,1,7,1,2
5744,201600002542,1.0,1,1,1,11.0,0.0,0.0,0.0,1963.0,A01,0.0,7,0,0.0,2.0,3.0,13.0,11,24,845,1,2,1,2,1,1,33,2,1
5745,201600002543,1.0,1,1,2,11.0,0.0,0.0,0.0,1969.0,A01,1.0,7,0,0.0,2.0,3.0,1.0,1,11,1615,2,2,3,6,3,3,2,2,1
5746,201600002543,1.0,1,3,1,21.0,0.0,0.0,0.0,1955.0,B02,2.0,2,0,0.0,2.0,8.0,16.0,1,11,1615,2,2,3,6,3,3,7,1,2
5747,201600002544,1.0,1,4,2,13.0,0.0,0.0,0.0,1934.0,A01,2.0,7,0,0.0,2.0,1.0,0.0,7,9,1000,1,1,1,1,1,1,7,2,2
5748,201600002544,1.0,1,1,1,11.0,0.0,0.0,0.0,1951.0,B02,1.0,7,0,0.0,2.0,8.0,0.0,7,9,1000,1,1,1,1,1,1,7,2,2
5749,201600002545,1.0,1,1,1,11.0,0.0,0.0,0.0,1997.0,A01,0.0,7,0,16.0,0.0,9.0,15.0,7,28,1515,1,2,3,1,7,3,7,2,2
5750,201600002545,2.0,2,3,1,11.0,0.0,0.0,0.0,1999.0,A01,0.0,7,0,16.0,0.0,9.0,15.0,7,28,1515,1,2,3,1,7,3,7,2,2
5751,201600002545,3.0,2,1,1,12.0,0.0,0.0,0.0,1999.0,A01,0.0,7,0,16.0,0.0,9.0,15.0,7,28,1515,1,2,3,1,7,3,7,2,2
5752,201600002546,1.0,1,2,1,12.0,0.0,0.0,0.0,1989.0,B02,1.0,7,0,0.0,2.0,3.0,0.0,10,10,430,5,1,1,1,1,0,7,2,2
5753,201600002546,1.0,1,2,1,12.0,0.0,0.0,0.0,1975.0,A01,2.0,7,0,0.0,2.0,3.0,0.0,10,10,430,5,1,1,1,1,0,7,2,2
5754,201600002547,1.0,1,3,1,11.0,0.0,0.0,0.0,1973.0,B02,0.0,7,0,0.0,0.0,0.0,0.0,3,2,1630,1,1,1,2,1,3,7,2,2
5755,201600002547,1.0,1,3,1,11.0,0.0,0.0,0.0,1990.0,A01,0.0,7,0,0.0,2.0,0.0,0.0,3,2,1630,1,1,1,2,1,3,7,2,2
5756,201600002548,1.0,1,3,1,11.0,0.0,0.0,0.0,1986.0,A01,2.0,7,0,0.0,2.0,3.0,13.0,4,23,645,2,1,1,1,1,1,7,2,2
5757,201600002548,1.0,1,3,1,11.0,0.0,0.0,0.0,1979.0,B02,1.0,7,0,0.0,2.0,1.0,1.0,4,23,645,2,1,1,1,1,1,7,2,2
5758,201600002548,2.0,2,2,2,11.0,0.0,0.0,0.0,1972.0,B02,1.0,7,0,0.0,2.0,1.0,1.0,4,23,645,2,1,1,1,1,1,7,2,2
5759,201600002548,3.0,2,3,1,11.0,0.0,0.0,0.0,2004.0,B02,1.0,7,0,0.0,2.0,1.0,1.0,4,23,645,2,1,1,1,1,1,7,2,2
5760,201600002548,4.0,2,3,1,11.0,0.0,0.0,0.0,1999.0,B02,1.0,7,0,0.0,2.0,1.0,1.0,4,23,645,2,1,1,1,1,1,7,2,2
5761,201600002549,1.0,1,4,1,41.0,0.0,0.0,0.0,1998.0,B02,2.0,1,0,0.0,2.0,8.0,2.0,5,10,2100,1,2,1,1,1,4,33,1,1
5762,201600002549,1.0,1,3,1,21.0,0.0,0.0,0.0,1993.0,A01,2.0,33,0,0.0,2.0,1.0,2.0,5,10,2100,1,2,1,1,1,4,1,1,1
5763,201600002550,2.0,2,3,1,11.0,0.0,0.0,0.0,1973.0,B02,1.0,7,0,0.0,2.0,7.0,21.0,10,23,630,3,1,1,1,3,1,7,2,2
5764,201600002550,1.0,1,4,1,11.0,0.0,0.0,0.0,1996.0,B02,1.0,7,0,0.0,2.0,7.0,21.0,10,23,630,3,1,1,1,3,1,7,2,2
5765,201600002550,1.0,1,1,1,11.0,0.0,0.0,0.0,1993.0,A01,2.0,7,0,0.0,2.0,2.0,5.0,10,23,630,3,1,1,1,3,1,7,2,2
5766,201600002551,1.0,1,1,2,13.0,0.0,0.0,0.0,1979.0,B02,0.0,7,0,0.0,2.0,1.0,1.0,3,22,1500,1,2,1,1,3,3,1,2,1
5767,201600002551,1.0,1,3,2,22.0,0.0,0.0,0.0,2002.0,A01,0.0,1,0,0.0,2.0,8.0,19.0,3,22,1500,1,2,1,1,3,3,7,1,2