,Num_Acc,place,catu,grav,sexe,secu,locp,actp,etatp,an_nais,num_veh,senc,catv,occutc,obs,obsm,choc,manv,mois,jour,hrmn,lum,agg,int,atm,col,mom,catvopp,catv_gen,catvopp_gen
6080,201600002700,1.0,1,3,1,21.0,0.0,0.0,0.0,1982.0,A01,0.0,30,0,0.0,2.0,1.0,19.0,8,31,1300,1,1,3,1,3,2,7,1,2
6081,201600002700,1.0,1,1,2,11.0,0.0,0.0,0.0,1991.0,B02,0.0,7,0,0.0,2.0,8.0,1.0,8,31,1300,1,1,3,1,3,2,30,2,1
6082,201600002701,1.0,1,1,1,11.0,0.0,0.0,0.0,1962.0,A01,1.0,99,0,0.0,2.0,4.0,0.0,10,4,2100,3,1,1,1,2,4,7,0,2
6083,201600002701,1.0,1,3,1,11.0,0.0,0.0,0.0,1981.0,B02,1.0,7,0,0.0,2.0,1.0,2.0,10,4,2100,3,1,1,1,2,4,99,2,0
6084,201600002702,1.0,1,3,1,13.0,0.0,0.0,0.0,1985.0,A01,2.0,7,0,13.0,0.0,1.0,9.0,11,5,1845,3,1,1,1,6,4,7,2,2
6085,201600002703,1.0,1,4,1,11.0,0.0,0.0,0.0,1988.0,B02,1.0,7,0,0.0,0.0,3.0,0.0,1,12,1730,2,1,1,2,1,3,7,2,2
6086,201600002703,2.0,2,3,1,11.0,0.0,0.0,0.0,1990.0,B02,1.0,7,0,0.0,0.0,3.0,0.0,1,12,1730,2,1,1,2,1,3,7,2,2
6087,201600002703,1.0,1,4,2,11.0,0.0,0.0,0.0,1994.0,A01,2.0,7,0,0.0,0.0,1.0,1.0,1,12,1730,2,1,1,2,1,3,7,2,2
6088,201600002704,1.0,1,2,1,13.0,0.0,0.0,0.0,1936.0,A01,1.0,7,0,13.0,0.0,2.0,14.0,5,26,1730,1,1,1,1,7,3,7,2,2
6089,201600002705,1.0,1,3,2,21.0,0.0,0.0,0.0,1990.0,A01,0.0,30,0,16.0,0.0,8.0,1.0,7,27,545,3,2,1,1,7,0,30,1,1
6090,201600002706,1.0,1,3,1,21.0,0.0,0.0,0.0,1965.0,A01,1.0,33,0,0.0,2.0,8.0,1.0,7,31,1145,1,1,2,1,3,1,7,1,2
6091,201600002706,1.0,1,1,2,11.0,0.0,0.0,0.0,1995.0,B02,2.0,7,0,0.0,2.0,2.0,19.0,7,31,1145,1,1,2,1,3,1,33,2,1
6092,201600002707,1.0,1,3,1,11.0,0.0,0.0,0.0,1984.0,A01,1.0,7,0,2.0,0.0,8.0,1.0,8,31,1345,1,1,1,1,7,2,7,2,2
6093,201600002708,1.0,1,1,2,11.0,0.0,0.0,0.0,1991.0,A01,2.0,7,0,0.0,1.0,1.0,1.0,10,8,1945,5,2,1,1,6,4,7,2,2
6094,201600002708,0.0,3,3,1,0.0,1.0,9.0,1.0,1981.0,A01,2.0,7,0,0.0,1.0,1.0,1.0,10,8,1945,5,2,1,1,6,4,7,2,2
6095,201600002709,1.0,1,3,1,11.0,0.0,0.0,0.0,1928.0,B02,2.0,7,0,0.0,2.0,3.0,1.0,11,22,1330,1,1,2,1,3,2,7,2,2
6096,201600002709,1.0,1,3,1,11.0,0.0,0.0,0.0,1943.0,A01,1.0,7,0,0.0,2.0,1.0,15.0,11,22,1330,1,1,2,1,3,2,7,2,2
6097,201600002710,1.0,1,4,1,11.0,0.0,0.0,0.0,1961.0,A01,1.0,10,0,0.0,2.0,3.0,1.0,3,18,930,1,1,1,2,1,1,7,2,2
6098,201600002710,1.0,1,4,1,11.0,0.0,0.0,0.0,1983.0,B02,2.0,7,0,0.0,2.0,3.0,13.0,3,18,930,1,1,1,2,1,1,10,2,2
6099,201600002711,1.0,1,3,1,21.0,0.0,0.0,0.0,1981.0,B02,0.0,2,0,0.0,2.0,1.0,9.0,3,29,2000,1,2,6,2,3,4,7,1,2
6100,201600002711,1.0,1,1,2,11.0,0.0,0.0,0.0,1950.0,A01,0.0,7,0,0.0,2.0,3.0,9.0,3,29,2000,1,2,6,2,3,4,2,2,1
6101,201600002712,1.0,1,4,1,21.0,0.0,0.0,0.0,1983.0,B02,1.0,33,0,0.0,2.0,1.0,1.0,4,8,1645,1,2,2,1,3,3,7,1,2
6102,201600002712,1.0,1,1,2,11.0,0.0,0.0,0.0,1988.0,A01,2.0,7,0,0.0,2.0,2.0,15.0,4,8,1645,1,2,2,1,3,3,33,2,1
6103,201600002713,1.0,1,3,1,21.0,0.0,0.0,0.0,1957.0,B02,0.0,2,0,0.0,2.0,1.0,1.0,4,13,1400,1,2,2,1,3,3,7,1,2
6104,201600002713,1.0,1,4,1,11.0,0.0,0.0,0.0,1930.0,A01,0.0,7,0,0.0,2.0,2.0,1.0,4,13,1400,1,2,2,1,3,3,2,2,1
6105,201600002714,1.0,1,4,2,11.0,0.0,0.0,0.0,1995.0,A01,1.0,7,0,2.0,0.0,2.0,13.0,5,29,130,3,1,1,1,6,0,7,2,2
6106,201600002714,2.0,2,3,1,11.0,0.0,0.0,0.0,1991.0,A01,1.0,7,0,2.0,0.0,2.0,13.0,5,29,130,3,1,1,1,6,0,7,2,2
6107,201600002715,1.0,1,4,2,11.0,0.0,0.0,0.0,1965.0,B02,1.0,7,0,0.0,2.0,4.0,1.0,6,13,1230,1,2,1,1,2,2,7,2,2
6108,201600002715,1.0,1,4,2,11.0,0.0,0.0,0.0,1985.0,A01,1.0,7,0,0.0,2.0,1.0,1.0,6,13,1230,1,2,1,1,2,2,7,2,2
6109,201600002716,1.0,1,3,1,11.0,0.0,0.0,0.0,1945.0,A01,1.0,7,0,1.0,0.0,2.0,14.0,8,10,1245,1,2,1,1,6,2,7,2,2
6110,201600002717,1.0,1,1,1,11.0,0.0,0.0,0.0,1976.0,A01,2.0,7,0,0.0,2.0,1.0,1.0,8,19,2000,1,2,3,1,1,4,1,2,1
6111,201600002717,1.0,1,3,1,22.0,0.0,0.0,0.0,1998.0,B01,2.0,1,0,0.0,2.0,1.0,16.0,8,19,2000,1,2,3,1,1,4,7,1,2
6112,201600002718,1.0,1,1,1,11.0,0.0,0.0,0.0,1964.0,B02,2.0,14,0,0.0,0.0,2.0,24.0,9,9,445,5,2,1,1,3,0,7,3,2
6113,201600002718,1.0,1,4,1,11.0,0.0,0.0,0.0,1997.0,A01,1.0,7,0,1.0,0.0,2.0,1.0,9,9,445,5,2,1,1,3,0,14,2,3
6114,201600002718,2.0,2,3,1,11.0,0.0,0.0,0.0,1996.0,A01,1.0,7,0,1.0,0.0,2.0,1.0,9,9,445,5,2,1,1,3,0,14,2,3
6115,201600002718,3.0,2,2,2,11.0,0.0,0.0,0.0,1996.0,A01,1.0,7,0,1.0,0.0,2.0,1.0,9,9,445,5,2,1,1,3,0,14,2,3
6116,201600002718,4.0,2,4,1,11.0,0.0,0.0,0.0,1993.0,A01,1.0,7,0,1.0,0.0,2.0,1.0,9,9,445,5,2,1,1,3,0,14,2,3
6117,201600002719,1.0,1,3,1,21.0,0.0,0.0,0.0,1968.0,A01,2.0,33,0,13.0,0.0,3.0,13.0,10,4,845,1,1,1,1,7,1,33,1,1
6118,201600002720,1.0,1,1,2,11.0,0.0,0.0,0.0,1958.0,A01,1.0,7,0,0.0,2.0,3.0,15.0,11,25,2000,5,2,2,1,1,4,30,2,1
6119,201600002720,1.0,1,3,1,21.0,0.0,0.0,0.0,1991.0,B01,2.0,30,0,0.0,2.0,1.0,1.0,11,25,2000,5,2,2,1,1,4,7,1,2
6120,201600002721,4.0,2,1,2,31.0,0.0,0.0,0.0,2014.0,A01,1.0,7,0,6.0,0.0,2.0,1.0,1,18,845,1,1,1,2,6,1,7,2,2
6121,201600002721,1.0,1,4,2,11.0,0.0,0.0,0.0,1989.0,A01,1.0,7,0,6.0,0.0,2.0,1.0,1,18,845,1,1,1,2,6,1,7,2,2
6122,201600002721,3.0,2,3,1,31.0,0.0,0.0,0.0,2012.0,A01,1.0,7,0,6.0,0.0,2.0,1.0,1,18,845,1,1,1,2,6,1,7,2,2
6123,201600002722,1.0,1,3,1,12.0,0.0,0.0,0.0,1942.0,A01,1.0,7,0,8.0,0.0,3.0,1.0,3,7,2015,3,1,1,1,6,4,7,2,2
6124,201600002723,1.0,1,4,1,11.0,0.0,0.0,0.0,1985.0,A01,0.0,7,0,0.0,2.0,3.0,1.0,3,9,1800,1,1,1,1,1,4,7,2,2
6125,201600002723,2.0,2,4,1,11.0,0.0,0.0,0.0,1987.0,A01,0.0,7,0,0.0,2.0,3.0,1.0,3,9,1800,1,1,1,1,1,4,7,2,2
6126,201600002723,1.0,1,3,2,11.0,0.0,0.0,0.0,1987.0,B02,0.0,7,0,0.0,2.0,3.0,1.0,3,9,1800,1,1,1,1,1,4,7,2,2
6127,201600002724,1.0,1,1,1,13.0,0.0,0.0,0.0,1958.0,A01,2.0,15,0,0.0,2.0,7.0,1.0,4,1,915,1,1,2,1,6,1,7,3,2
6128,201600002724,1.0,1,3,2,13.0,0.0,0.0,0.0,1960.0,B02,2.0,7,0,0.0,2.0,1.0,9.0,4,1,915,1,1,2,1,6,1,15,2,3
6129,201600002725,1.0,1,1,2,11.0,0.0,0.0,0.0,1932.0,A01,1.0,7,0,0.0,2.0,1.0,19.0,4,6,930,1,1,2,1,3,1,33,2,1
6130,201600002725,2.0,2,1,2,11.0,0.0,0.0,0.0,1938.0,A01,1.0,7,0,0.0,2.0,1.0,19.0,4,6,930,1,1,2,1,3,1,33,2,1
6131,201600002725,1.0,1,3,1,21.0,0.0,0.0,0.0,1980.0,B02,2.0,33,0,0.0,2.0,1.0,1.0,4,6,930,1,1,2,1,3,1,7,1,2
6132,201600002726,1.0,1,3,2,11.0,0.0,0.0,0.0,1991.0,A01,2.0,7,0,0.0,2.0,1.0,1.0,4,6,1815,1,2,1,1,1,4,7,2,2
6133,201600002726,1.0,1,3,1,11.0,0.0,0.0,0.0,1983.0,B02,1.0,7,0,0.0,2.0,1.0,5.0,4,6,1815,1,2,1,1,1,4,7,2,2
6134,201600002727,1.0,1,3,1,21.0,0.0,0.0,0.0,1984.0,A01,2.0,33,0,0.0,2.0,1.0,1.0,4,24,2015,1,1,3,1,3,4,7,1,2
6135,201600002727,1.0,1,1,1,11.0,0.0,0.0,0.0,1962.0,B02,0.0,7,0,0.0,2.0,3.0,19.0,4,24,2015,1,1,3,1,3,4,33,2,1
6136,201600002728,1.0,1,1,1,13.0,0.0,0.0,0.0,1980.0,A01,1.0,10,0,0.0,2.0,4.0,23.0,5,19,1615,1,2,1,1,2,3,31,2,1
6137,201600002728,1.0,1,3,1,23.0,0.0,0.0,0.0,1999.0,B02,1.0,31,0,0.0,2.0,1.0,1.0,5,19,1615,1,2,1,1,2,3,10,1,2
6138,201600002729,1.0,1,1,1,11.0,0.0,0.0,0.0,1983.0,A01,2.0,10,0,0.0,2.0,1.0,1.0,7,11,1830,1,1,2,1,3,4,7,2,2
6139,201600002729,1.0,1,3,2,11.0,0.0,0.0,0.0,1980.0,B02,0.0,7,0,0.0,2.0,8.0,19.0,7,11,1830,1,1,2,1,3,4,10,2,2
6140,201600002729,2.0,2,3,1,11.0,0.0,0.0,0.0,2002.0,B02,0.0,7,0,0.0,2.0,8.0,19.0,7,11,1830,1,1,2,1,3,4,10,2,2
6141,201600002729,3.0,2,3,1,11.0,0.0,0.0,0.0,2000.0,B02,0.0,7,0,0.0,2.0,8.0,19.0,7,11,1830,1,1,2,1,3,4,10,2,2
6142,201600002730,1.0,1,3,1,11.0,0.0,0.0,0.0,1994.0,A01,1.0,7,0,0.0,0.0,1.0,0.0,8,4,1730,1,1,1,2,3,3,7,2,2
6143,201600002730,2.0,2,3,2,11.0,0.0,0.0,0.0,1994.0,A01,1.0,7,0,0.0,0.0,1.0,0.0,8,4,1730,1,1,1,2,3,3,7,2,2
6144,201600002730,1.0,1,4,2,11.0,0.0,0.0,0.0,1990.0,B01,2.0,7,0,0.0,0.0,3.0,1.0,8,4,1730,1,1,1,2,3,3,7,2,2
6145,201600002730,2.0,2,3,1,13.0,0.0,0.0,0.0,1985.0,B01,2.0,7,0,0.0,0.0,3.0,1.0,8,4,1730,1,1,1,2,3,3,7,2,2
6146,201600002731,1.0,1,3,1,11.0,0.0,0.0,0.0,1995.0,A01,1.0,7,0,0.0,2.0,1.0,17.0,9,3,1445,1,1,4,1,1,3,7,2,2
6147,201600002731,1.0,1,3,1,11.0,0.0,0.0,0.0,1955.0,B02,2.0,7,0,0.0,0.0,1.0,1.0,9,3,1445,1,1,4,1,1,3,7,2,2
6148,201600002732,1.0,1,4,1,11.0,0.0,0.0,0.0,1946.0,B01,2.0,7,0,0.0,2.0,1.0,1.0,9,28,1630,1,1,2,1,3,3,7,2,2
6149,201600002732,1.0,1,3,2,11.0,0.0,0.0,0.0,1951.0,A01,0.0,7,0,0.0,2.0,8.0,1.0,9,28,1630,1,1,2,1,3,3,7,2,2
6150,201600002733,1.0,1,1,2,11.0,0.0,0.0,0.0,1972.0,B02,0.0,7,0,0.0,2.0,3.0,1.0,10,28,1745,1,2,1,1,1,3,30,2,1
6151,201600002733,1.0,1,3,1,21.0,0.0,0.0,0.0,2001.0,A01,0.0,30,0,0.0,2.0,1.0,13.0,10,28,1745,1,2,1,1,1,3,7,1,2
6152,201600002734,0.0,3,2,2,41.0,6.0,1.0,1.0,1985.0,A01,1.0,7,0,0.0,1.0,2.0,1.0,11,29,1930,3,1,1,1,6,4,7,2,2
6153,201600002734,1.0,1,4,1,11.0,0.0,0.0,0.0,1979.0,A01,1.0,7,0,0.0,1.0,2.0,1.0,11,29,1930,3,1,1,1,6,4,7,2,2
6154,201600002735,1.0,1,3,1,11.0,0.0,0.0,0.0,1993.0,A01,1.0,7,0,0.0,2.0,3.0,13.0,2,11,730,2,1,1,2,1,1,7,2,2
6155,201600002735,1.0,1,4,1,11.0,0.0,0.0,0.0,1960.0,B02,2.0,7,0,0.0,2.0,3.0,1.0,2,11,730,2,1,1,2,1,1,7,2,2
6156,201600002736,1.0,1,3,1,21.0,0.0,0.0,0.0,1972.0,B02,2.0,33,0,0.0,2.0,1.0,1.0,8,8,1945,1,2,1,7,3,4,7,1,2
6157,201600002736,1.0,1,1,2,11.0,0.0,0.0,0.0,1997.0,A01,1.0,7,0,0.0,2.0,7.0,15.0,8,8,1945,1,2,1,7,3,4,33,2,1
6158,201600002737,1.0,1,1,1,11.0,0.0,0.0,0.0,1998.0,A01,1.0,7,0,0.0,2.0,1.0,1.0,10,6,1830,1,2,2,1,3,4,7,2,2
6159,201600002737,2.0,2,1,1,11.0,0.0,0.0,0.0,1998.0,A01,1.0,7,0,0.0,2.0,1.0,1.0,10,6,1830,1,2,2,1,3,4,7,2,2
6160,201600002737,1.0,1,4,1,11.0,0.0,0.0,0.0,1940.0,B02,1.0,7,0,0.0,2.0,2.0,19.0,10,6,1830,1,2,2,1,3,4,7,2,2
6161,201600002738,1.0,1,1,1,11.0,0.0,0.0,0.0,1991.0,A01,1.0,7,0,0.0,2.0,5.0,19.0,12,19,1130,1,1,1,1,2,1,7,2,2
6162,201600002738,1.0,1,3,2,11.0,0.0,0.0,0.0,1956.0,B02,1.0,7,0,0.0,2.0,1.0,1.0,12,19,1130,1,1,1,1,2,1,7,2,2
6163,201600002738,2.0,2,3,1,11.0,0.0,0.0,0.0,1969.0,B02,1.0,7,0,0.0,2.0,1.0,1.0,12,19,1130,1,1,1,1,2,1,7,2,2
6164,201600002738,5.0,2,4,2,11.0,0.0,0.0,0.0,1987.0,B02,1.0,7,0,0.0,2.0,1.0,1.0,12,19,1130,1,1,1,1,2,1,7,2,2
6165,201600002738,5.0,2,4,2,11.0,0.0,0.0,0.0,1998.0,B02,1.0,7,0,0.0,2.0,1.0,1.0,12,19,1130,1,1,1,1,2,1,7,2,2
6166,201600002738,5.0,2,1,1,32.0,0.0,0.0,0.0,2014.0,B02,1.0,7,0,0.0,2.0,1.0,1.0,12,19,1130,1,1,1,1,2,1,7,2,2
6167,201600002739,1.0,1,3,2,11.0,0.0,0.0,0.0,1942.0,B02,2.0,7,0,0.0,2.0,1.0,6.0,1,4,930,1,2,1,3,1,1,7,2,2
6168,201600002739,1.0,1,4,2,11.0,0.0,0.0,0.0,1996.0,A01,1.0,7,0,0.0,2.0,1.0,1.0,1,4,930,1,2,1,3,1,1,7,2,2
6169,201600002740,1.0,1,1,1,21.0,0.0,0.0,0.0,1999.0,A01,1.0,31,0,0.0,1.0,1.0,1.0,1,20,800,5,2,1,2,6,1,31,1,1
6170,201600002740,0.0,3,3,1,0.0,2.0,3.0,1.0,1970.0,A01,1.0,31,0,0.0,1.0,1.0,1.0,1,20,800,5,2,1,2,6,1,31,1,1
6171,201600002741,1.0,1,1,2,11.0,0.0,0.0,0.0,1956.0,A01,2.0,7,0,0.0,2.0,3.0,18.0,1,29,1430,1,2,1,1,3,3,7,2,2
6172,201600002741,1.0,1,3,1,11.0,0.0,0.0,0.0,1946.0,B02,2.0,7,0,0.0,2.0,2.0,16.0,1,29,1430,1,2,1,1,3,3,7,2,2
6173,201600002742,1.0,1,1,1,11.0,0.0,0.0,0.0,1985.0,B02,0.0,10,0,0.0,2.0,1.0,1.0,3,18,630,5,2,1,2,3,1,7,2,2
6174,201600002742,1.0,1,3,1,11.0,0.0,0.0,0.0,1955.0,A01,0.0,7,0,0.0,2.0,8.0,10.0,3,18,630,5,2,1,2,3,1,10,2,2
6175,201600002742,2.0,2,1,2,11.0,0.0,0.0,0.0,1999.0,A01,0.0,7,0,0.0,2.0,8.0,10.0,3,18,630,5,2,1,2,3,1,10,2,2
6176,201600002743,1.0,1,3,1,21.0,0.0,0.0,0.0,1971.0,A01,1.0,33,0,0.0,0.0,0.0,1.0,4,11,1745,1,1,1,1,7,3,33,1,1
6177,201600002744,1.0,1,3,1,21.0,0.0,0.0,0.0,1976.0,A01,1.0,30,0,0.0,2.0,1.0,1.0,6,11,1930,1,2,3,1,6,4,30,1,1
6178,201600002745,1.0,1,3,1,21.0,0.0,0.0,0.0,1970.0,A01,1.0,33,0,16.0,0.0,1.0,1.0,7,9,1545,1,1,1,1,6,3,33,1,1
6179,201600002746,1.0,1,4,1,11.0,0.0,0.0,0.0,1984.0,A01,1.0,7,0,1.0,0.0,2.0,14.0,7,25,1615,1,2,1,1,6,3,7,2,2
6180,201600002746,2.0,2,3,1,11.0,0.0,0.0,0.0,1989.0,A01,1.0,7,0,1.0,0.0,2.0,14.0,7,25,1615,1,2,1,1,6,3,7,2,2
6181,201600002746,3.0,2,4,1,11.0,0.0,0.0,0.0,1986.0,A01,1.0,7,0,1.0,0.0,2.0,14.0,7,25,1615,1,2,1,1,6,3,7,2,2
6182,201600002747,1.0,1,3,1,11.0,0.0,0.0,0.0,1968.0,A01,0.0,10,0,0.0,0.0,0.0,1.0,9,18,2000,2,2,1,1,7,4,10,2,2
6183,201600002748,1.0,1,2,1,12.0,0.0,0.0,0.0,1991.0,A01,1.0,10,0,6.0,0.0,1.0,1.0,12,24,100,3,2,1,8,6,0,10,2,2
6184,201600002749,1.0,1,3,2,11.0,0.0,0.0,0.0,1957.0,B02,2.0,7,0,0.0,0.0,3.0,1.0,1,21,845,1,1,2,1,3,1,7,2,2
6185,201600002749,1.0,1,1,2,11.0,0.0,0.0,0.0,1982.0,A01,2.0,7,0,0.0,2.0,7.0,19.0,1,21,845,1,1,2,1,3,1,7,2,2
6186,201600002750,1.0,1,2,2,12.0,0.0,0.0,0.0,1984.0,A01,1.0,7,0,6.0,0.0,1.0,13.0,3,20,1815,1,1,1,1,6,4,7,2,2
6187,201600002751,1.0,1,2,1,11.0,0.0,0.0,0.0,1982.0,A01,1.0,7,0,13.0,0.0,2.0,1.0,6,20,1800,1,1,1,1,7,4,7,2,2
6188,201600002751,2.0,2,4,1,11.0,0.0,0.0,0.0,1969.0,A01,1.0,7,0,13.0,0.0,2.0,1.0,6,20,1800,1,1,1,1,7,4,7,2,2
6189,201600002751,3.0,2,4,1,11.0,0.0,0.0,0.0,2006.0,A01,1.0,7,0,13.0,0.0,2.0,1.0,6,20,1800,1,1,1,1,7,4,7,2,2
6190,201600002752,1.0,1,4,1,11.0,0.0,0.0,0.0,1970.0,A01,1.0,7,0,0.0,2.0,2.0,1.0,9,9,2030,1,2,3,1,1,4,7,2,2
6191,201600002752,1.0,1,3,1,11.0,0.0,0.0,0.0,1994.0,B02,1.0,7,0,0.0,2.0,3.0,5.0,9,9,2030,1,2,3,1,1,4,7,2,2
6192,201600002753,1.0,1,3,1,21.0,0.0,0.0,0.0,1982.0,B02,1.0,2,0,0.0,2.0,1.0,1.0,10,25,1500,1,1,1,2,1,3,7,1,2
6193,201600002753,1.0,1,1,1,11.0,0.0,0.0,0.0,1945.0,A01,2.0,7,0,0.0,2.0,1.0,13.0,10,25,1500,1,1,1,2,1,3,2,2,1
6194,201600002754,2.0,2,3,1,13.0,0.0,0.0,0.0,1989.0,A01,1.0,7,0,0.0,0.0,1.0,13.0,12,4,445,3,1,1,1,7,0,7,2,2
6195,201600002754,3.0,2,3,1,13.0,0.0,0.0,0.0,1989.0,A01,1.0,7,0,0.0,0.0,1.0,13.0,12,4,445,3,1,1,1,7,0,7,2,2
6196,201600002754,4.0,2,3,1,13.0,0.0,0.0,0.0,1992.0,A01,1.0,7,0,0.0,0.0,1.0,13.0,12,4,445,3,1,1,1,7,0,7,2,2
6197,201600002755,1.0,1,2,1,21.0,0.0,0.0,0.0,1995.0,A01,2.0,33,0,15.0,0.0,7.0,1.0,6,11,1930,1,2,1,1,6,4,33,1,1
6198,201600002756,1.0,1,3,2,11.0,0.0,0.0,0.0,1982.0,A01,2.0,10,0,13.0,0.0,9.0,1.0,6,23,1215,1,1,3,1,3,2,7,2,2
6199,201600002756,1.0,1,1,2,11.0,0.0,0.0,0.0,1947.0,B02,0.0,7,0,0.0,0.0,0.0,0.0,6,23,1215,1,1,3,1,3,2,10,2,2
6200,201600002757,2.0,2,2,1,21.0,0.0,0.0,0.0,1992.0,B02,2.0,33,0,0.0,2.0,1.0,1.0,7,8,1745,1,1,1,1,3,3,7,1,2
6201,201600002757,1.0,1,3,1,21.0,0.0,0.0,0.0,1987.0,B02,2.0,33,0,0.0,2.0,1.0,1.0,7,8,1745,1,1,1,1,3,3,7,1,2
6202,201600002757,1.0,1,1,1,11.0,0.0,0.0,0.0,1970.0,A01,2.0,7,0,0.0,2.0,7.0,9.0,7,8,1745,1,1,1,1,3,3,33,2,1
6203,201600002758,1.0,1,1,1,11.0,0.0,0.0,0.0,1996.0,A01,2.0,7,0,0.0,2.0,7.0,9.0,4,29,1815,1,2,1,1,3,4,33,2,1
6204,201600002758,1.0,1,3,1,21.0,0.0,0.0,0.0,1983.0,B02,2.0,33,0,0.0,2.0,8.0,1.0,4,29,1815,1,2,1,1,3,4,7,1,2
6205,201600002759,1.0,1,3,1,11.0,0.0,0.0,0.0,1963.0,A01,2.0,7,0,0.0,2.0,3.0,13.0,5,6,2045,1,1,1,1,4,4,10,2,2
6206,201600002759,1.0,1,3,1,11.0,0.0,0.0,0.0,1984.0,D04,1.0,7,0,0.0,2.0,3.0,1.0,5,6,2045,1,1,1,1,4,4,10,2,2
6207,201600002759,2.0,2,3,2,11.0,0.0,0.0,0.0,1985.0,D04,1.0,7,0,0.0,2.0,3.0,1.0,5,6,2045,1,1,1,1,4,4,10,2,2
6208,201600002759,1.0,1,1,2,11.0,0.0,0.0,0.0,1946.0,C03,1.0,7,0,0.0,2.0,3.0,1.0,5,6,2045,1,1,1,1,4,4,10,2,2
6209,201600002759,1.0,1,4,1,11.0,0.0,0.0,0.0,1951.0,B02,1.0,10,0,0.0,2.0,8.0,1.0,5,6,2045,1,1,1,1,4,4,7,2,2
6210,201600002759,2.0,2,1,2,11.0,0.0,0.0,0.0,1959.0,B02,1.0,10,0,0.0,2.0,8.0,1.0,5,6,2045,1,1,1,1,4,4,7,2,2
6211,201600002760,1.0,1,4,1,21.0,0.0,0.0,0.0,1989.0,A01,2.0,33,0,16.0,0.0,1.0,1.0,7,29,1915,1,1,1,1,7,4,33,1,1
6212,201600002760,2.0,2,3,1,21.0,0.0,0.0,0.0,1988.0,A01,2.0,33,0,16.0,0.0,1.0,1.0,7,29,1915,1,1,1,1,7,4,33,1,1
6213,201600002761,1.0,1,3,1,11.0,0.0,0.0,0.0,1963.0,B02,2.0,7,0,0.0,0.0,7.0,1.0,8,9,1800,1,1,1,1,3,4,37,2,3
6214,201600002761,1.0,1,1,1,11.0,0.0,0.0,0.0,1949.0,A01,2.0,37,3,0.0,0.0,3.0,1.0,8,9,1800,1,1,1,1,3,4,7,3,2
6215,201600002761,2.0,2,1,2,11.0,0.0,0.0,0.0,1971.0,A01,2.0,37,3,0.0,0.0,3.0,1.0,8,9,1800,1,1,1,1,3,4,7,3,2
6216,201600002761,8.0,2,1,2,11.0,0.0,0.0,0.0,2000.0,A01,2.0,37,3,0.0,0.0,3.0,1.0,8,9,1800,1,1,1,1,3,4,7,3,2
6217,201600002762,1.0,1,3,1,21.0,0.0,0.0,0.0,1994.0,A01,2.0,33,0,8.0,0.0,2.0,1.0,8,15,1430,1,1,1,1,7,3,33,1,1
6218,201600002763,1.0,1,3,2,11.0,0.0,0.0,0.0,1970.0,B02,1.0,7,0,0.0,2.0,4.0,23.0,9,25,1215,1,2,1,1,2,2,7,2,2
6219,201600002763,1.0,1,1,2,11.0,0.0,0.0,0.0,1937.0,A01,1.0,7,0,0.0,2.0,1.0,1.0,9,25,1215,1,2,1,1,2,2,7,2,2
6220,201600002764,1.0,1,3,1,21.0,0.0,0.0,0.0,1966.0,B02,1.0,30,0,0.0,2.0,8.0,1.0,12,3,1830,5,1,1,1,6,4,30,1,1
6221,201600002764,2.0,2,3,1,21.0,0.0,0.0,0.0,2002.0,B02,1.0,30,0,0.0,2.0,8.0,1.0,12,3,1830,5,1,1,1,6,4,30,1,1
6222,201600002765,1.0,1,1,2,11.0,0.0,0.0,0.0,1944.0,A01,1.0,7,0,0.0,2.0,6.0,23.0,8,6,1745,1,1,1,1,2,3,1,2,1
6223,201600002765,1.0,1,4,1,21.0,0.0,0.0,0.0,1960.0,B02,1.0,1,0,1.0,0.0,1.0,1.0,8,6,1745,1,1,1,1,2,3,7,1,2
6224,201600002766,1.0,1,3,1,11.0,0.0,0.0,0.0,1980.0,A01,0.0,7,0,0.0,0.0,1.0,1.0,9,24,245,3,1,1,1,6,0,7,2,2
6225,201600002766,2.0,2,3,1,11.0,0.0,0.0,0.0,1980.0,A01,0.0,7,0,0.0,0.0,1.0,1.0,9,24,245,3,1,1,1,6,0,7,2,2
6226,201600002767,1.0,1,1,1,11.0,0.0,0.0,0.0,1964.0,B02,1.0,7,0,0.0,2.0,1.0,0.0,11,9,1845,3,1,2,2,3,4,7,2,2
6227,201600002767,1.0,1,3,1,11.0,0.0,0.0,0.0,1932.0,A01,1.0,7,0,0.0,2.0,7.0,1.0,11,9,1845,3,1,2,2,3,4,7,2,2
6228,201600002768,1.0,1,3,2,11.0,0.0,0.0,0.0,1994.0,A01,2.0,7,0,8.0,0.0,2.0,13.0,4,13,815,1,1,1,1,6,1,7,2,2
6229,201600002769,1.0,1,1,2,11.0,0.0,0.0,0.0,1963.0,A01,2.0,7,0,0.0,1.0,1.0,19.0,4,18,1745,1,2,1,1,6,3,7,2,2
6230,201600002769,0.0,3,3,2,0.0,2.0,3.0,1.0,1956.0,A01,2.0,7,0,0.0,1.0,1.0,19.0,4,18,1745,1,2,1,1,6,3,7,2,2
6231,201600002770,2.0,2,2,2,11.0,0.0,0.0,0.0,1932.0,A01,1.0,7,0,13.0,0.0,7.0,14.0,5,6,945,1,1,1,1,7,1,7,2,2
6232,201600002770,1.0,1,2,1,11.0,0.0,0.0,0.0,1930.0,A01,1.0,7,0,13.0,0.0,7.0,14.0,5,6,945,1,1,1,1,7,1,7,2,2
6233,201600002771,1.0,1,3,1,11.0,0.0,0.0,0.0,1947.0,A01,2.0,7,0,8.0,0.0,7.0,1.0,5,30,1845,1,1,1,2,6,4,7,2,2