,Num_Acc,place,catu,grav,sexe,secu,locp,actp,etatp,an_nais,num_veh,senc,catv,occutc,obs,obsm,choc,manv,mois,jour,hrmn,lum,agg,int,atm,col,mom,catvopp,catv_gen,catvopp_gen
6234,201600002771,2.0,2,2,2,11.0,0.0,0.0,0.0,1950.0,A01,2.0,7,0,8.0,0.0,7.0,1.0,5,30,1845,1,1,1,2,6,4,7,2,2
6235,201600002772,1.0,1,3,1,21.0,0.0,0.0,0.0,1943.0,A01,2.0,1,0,0.0,0.0,2.0,1.0,6,21,1645,1,2,1,1,6,3,1,1,1
6236,201600002773,1.0,1,3,1,21.0,0.0,0.0,0.0,1963.0,A01,1.0,33,0,0.0,0.0,0.0,1.0,7,2,1300,1,1,1,1,7,2,33,1,1
6237,201600002774,1.0,1,3,2,21.0,0.0,0.0,0.0,1963.0,A01,1.0,33,0,0.0,0.0,7.0,1.0,8,13,1130,1,1,1,1,7,1,33,1,1
6238,201600002775,1.0,1,4,1,11.0,0.0,0.0,0.0,1992.0,A01,1.0,10,0,0.0,2.0,7.0,13.0,9,16,1815,1,1,1,2,3,4,7,2,2
6239,201600002775,3.0,2,3,1,11.0,0.0,0.0,0.0,1999.0,A01,1.0,10,0,0.0,2.0,7.0,13.0,9,16,1815,1,1,1,2,3,4,7,2,2
6240,201600002775,4.0,2,1,1,11.0,0.0,0.0,0.0,1997.0,A01,1.0,10,0,0.0,2.0,7.0,13.0,9,16,1815,1,1,1,2,3,4,7,2,2
6241,201600002775,1.0,1,1,1,11.0,0.0,0.0,0.0,1954.0,B02,2.0,7,0,0.0,2.0,2.0,1.0,9,16,1815,1,1,1,2,3,4,10,2,2
6242,201600002776,1.0,1,1,1,11.0,0.0,0.0,0.0,1997.0,A01,1.0,10,0,13.0,0.0,7.0,14.0,10,16,630,3,1,1,1,7,1,10,2,2
6243,201600002776,2.0,2,3,1,11.0,0.0,0.0,0.0,1973.0,A01,1.0,10,0,13.0,0.0,7.0,14.0,10,16,630,3,1,1,1,7,1,10,2,2
6244,201600002776,5.0,2,1,1,12.0,0.0,0.0,0.0,1991.0,A01,1.0,10,0,13.0,0.0,7.0,14.0,10,16,630,3,1,1,1,7,1,10,2,2
6245,201600002777,1.0,1,3,1,21.0,0.0,0.0,0.0,1994.0,B02,1.0,33,0,0.0,2.0,1.0,1.0,12,15,545,3,1,3,1,3,0,7,1,2
6246,201600002777,1.0,1,1,2,11.0,0.0,0.0,0.0,1990.0,A01,2.0,7,0,0.0,2.0,6.0,15.0,12,15,545,3,1,3,1,3,0,33,2,1
6247,201600002778,2.0,2,1,1,11.0,0.0,0.0,0.0,1997.0,A01,1.0,7,0,13.0,0.0,1.0,17.0,12,14,1915,3,1,1,1,7,4,7,2,2
6248,201600002778,5.0,2,3,2,11.0,0.0,0.0,0.0,2002.0,A01,1.0,7,0,13.0,0.0,1.0,17.0,12,14,1915,3,1,1,1,7,4,7,2,2
6249,201600002778,1.0,1,3,2,11.0,0.0,0.0,0.0,1998.0,A01,1.0,7,0,13.0,0.0,1.0,17.0,12,14,1915,3,1,1,1,7,4,7,2,2
6250,201600002779,1.0,1,1,1,11.0,0.0,0.0,0.0,1994.0,A01,2.0,7,0,0.0,2.0,2.0,17.0,1,9,2330,3,1,1,3,3,5,7,2,2
6251,201600002779,4.0,2,4,1,11.0,0.0,0.0,0.0,1939.0,B02,2.0,7,0,4.0,2.0,8.0,1.0,1,9,2330,3,1,1,3,3,5,7,2,2
6252,201600002779,2.0,2,4,2,11.0,0.0,0.0,0.0,1946.0,B02,2.0,7,0,4.0,2.0,8.0,1.0,1,9,2330,3,1,1,3,3,5,7,2,2
6253,201600002779,1.0,1,4,2,11.0,0.0,0.0,0.0,1972.0,B02,2.0,7,0,4.0,2.0,8.0,1.0,1,9,2330,3,1,1,3,3,5,7,2,2
6254,201600002780,1.0,1,3,1,21.0,0.0,0.0,0.0,1993.0,B02,0.0,33,0,0.0,0.0,0.0,0.0,1,25,700,5,2,3,1,3,1,7,1,2
6255,201600002780,1.0,1,1,1,13.0,0.0,0.0,0.0,1979.0,A01,0.0,7,0,0.0,0.0,0.0,0.0,1,25,700,5,2,3,1,3,1,33,2,1
6256,201600002781,1.0,1,3,1,21.0,0.0,0.0,0.0,1974.0,B02,1.0,31,0,8.0,0.0,0.0,21.0,4,18,1815,1,2,1,1,1,4,7,1,2
6257,201600002781,2.0,2,4,1,21.0,0.0,0.0,0.0,2003.0,B02,1.0,31,0,8.0,0.0,0.0,21.0,4,18,1815,1,2,1,1,1,4,7,1,2
6258,201600002781,1.0,1,1,2,11.0,0.0,0.0,0.0,1986.0,A01,1.0,7,0,0.0,0.0,0.0,15.0,4,18,1815,1,2,1,1,1,4,31,2,1
6259,201600002782,1.0,1,2,2,11.0,0.0,0.0,0.0,1929.0,A01,1.0,7,0,0.0,4.0,1.0,1.0,9,1,1215,1,2,8,1,3,2,39,2,3
6260,201600002782,1.0,1,1,1,11.0,0.0,0.0,0.0,1974.0,B02,0.0,39,0,0.0,0.0,3.0,0.0,9,1,1215,1,2,8,1,3,2,7,3,2
6261,201600002783,1.0,1,4,1,11.0,0.0,0.0,0.0,1938.0,A01,1.0,7,0,0.0,2.0,8.0,9.0,10,9,1615,1,1,1,1,3,3,7,2,2
6262,201600002783,1.0,1,3,1,11.0,0.0,0.0,0.0,1953.0,B02,1.0,7,0,0.0,2.0,1.0,1.0,10,9,1615,1,1,1,1,3,3,7,2,2
6263,201600002783,3.0,2,4,1,11.0,0.0,0.0,0.0,1985.0,B02,1.0,7,0,0.0,2.0,1.0,1.0,10,9,1615,1,1,1,1,3,3,7,2,2
6264,201600002784,1.0,1,3,1,21.0,0.0,0.0,0.0,2000.0,A01,2.0,30,0,0.0,0.0,0.0,0.0,10,24,1815,2,2,1,2,7,4,30,1,1
6265,201600002785,2.0,2,3,1,11.0,0.0,0.0,0.0,1995.0,A01,1.0,10,0,2.0,0.0,1.0,1.0,10,28,1645,1,1,1,7,6,3,10,2,2
6266,201600002785,1.0,1,2,1,12.0,0.0,0.0,0.0,1977.0,A01,1.0,10,0,2.0,0.0,1.0,1.0,10,28,1645,1,1,1,7,6,3,10,2,2
6267,201600002786,1.0,1,3,1,13.0,0.0,0.0,0.0,1988.0,A01,0.0,7,0,2.0,0.0,2.0,1.0,11,20,2130,3,1,1,2,6,4,7,2,2
6268,201600002787,1.0,1,3,1,21.0,0.0,0.0,0.0,1984.0,A01,0.0,33,0,0.0,0.0,2.0,0.0,12,18,1045,1,1,1,1,2,1,10,1,2
6269,201600002787,1.0,1,1,1,11.0,0.0,0.0,0.0,1952.0,B02,0.0,10,0,0.0,0.0,6.0,0.0,12,18,1045,1,1,1,1,2,1,33,2,1
6270,201600002788,1.0,1,1,1,11.0,0.0,0.0,0.0,1993.0,A01,2.0,10,0,0.0,2.0,3.0,1.0,1,10,1615,1,1,1,8,1,3,7,2,2
6271,201600002788,2.0,2,1,1,11.0,0.0,0.0,0.0,1988.0,A01,2.0,10,0,0.0,2.0,3.0,1.0,1,10,1615,1,1,1,8,1,3,7,2,2
6272,201600002788,8.0,2,1,1,13.0,0.0,0.0,0.0,1993.0,A01,2.0,10,0,0.0,2.0,3.0,1.0,1,10,1615,1,1,1,8,1,3,7,2,2
6273,201600002788,1.0,1,3,1,11.0,0.0,0.0,0.0,1954.0,B02,1.0,7,0,0.0,2.0,1.0,1.0,1,10,1615,1,1,1,8,1,3,10,2,2
6274,201600002789,1.0,1,4,1,11.0,0.0,0.0,0.0,1935.0,A01,2.0,7,0,6.0,0.0,3.0,1.0,1,19,1700,1,1,1,1,6,3,7,2,2
6275,201600002789,2.0,2,4,2,11.0,0.0,0.0,0.0,1940.0,A01,2.0,7,0,6.0,0.0,3.0,1.0,1,19,1700,1,1,1,1,6,3,7,2,2
6276,201600002790,1.0,1,3,1,21.0,0.0,0.0,0.0,1986.0,A01,0.0,36,0,0.0,0.0,4.0,0.0,5,20,945,1,1,1,1,7,1,36,1,1
6277,201600002791,2.0,2,3,1,11.0,0.0,0.0,0.0,1995.0,B02,2.0,7,0,0.0,2.0,3.0,1.0,7,25,1630,1,1,1,1,1,3,7,2,2
6278,201600002791,4.0,2,3,2,11.0,0.0,0.0,0.0,1991.0,B02,2.0,7,0,0.0,2.0,3.0,1.0,7,25,1630,1,1,1,1,1,3,7,2,2
6279,201600002791,3.0,2,1,2,31.0,0.0,0.0,0.0,2016.0,B02,2.0,7,0,0.0,2.0,3.0,1.0,7,25,1630,1,1,1,1,1,3,7,2,2
6280,201600002791,1.0,1,2,1,11.0,0.0,0.0,0.0,1986.0,B02,2.0,7,0,0.0,2.0,3.0,1.0,7,25,1630,1,1,1,1,1,3,7,2,2
6281,201600002791,5.0,2,4,2,31.0,0.0,0.0,0.0,2008.0,A01,1.0,7,0,0.0,2.0,3.0,13.0,7,25,1630,1,1,1,1,1,3,7,2,2
6282,201600002791,5.0,2,1,1,11.0,0.0,0.0,0.0,2003.0,A01,1.0,7,0,0.0,2.0,3.0,13.0,7,25,1630,1,1,1,1,1,3,7,2,2
6283,201600002791,2.0,2,1,2,11.0,0.0,0.0,0.0,2006.0,A01,1.0,7,0,0.0,2.0,3.0,13.0,7,25,1630,1,1,1,1,1,3,7,2,2
6284,201600002791,1.0,1,3,2,11.0,0.0,0.0,0.0,1947.0,A01,1.0,7,0,0.0,2.0,3.0,13.0,7,25,1630,1,1,1,1,1,3,7,2,2
6285,201600002791,5.0,2,4,2,11.0,0.0,0.0,0.0,2004.0,A01,1.0,7,0,0.0,2.0,3.0,13.0,7,25,1630,1,1,1,1,1,3,7,2,2
6286,201600002792,1.0,1,1,1,21.0,0.0,0.0,0.0,1965.0,B02,2.0,33,0,0.0,2.0,7.0,1.0,8,3,1530,1,2,2,1,3,3,7,1,2
6287,201600002792,2.0,2,3,2,21.0,0.0,0.0,0.0,1968.0,B02,2.0,33,0,0.0,2.0,7.0,1.0,8,3,1530,1,2,2,1,3,3,7,1,2
6288,201600002792,1.0,1,1,1,11.0,0.0,0.0,0.0,1971.0,A01,1.0,7,0,0.0,2.0,3.0,1.0,8,3,1530,1,2,2,1,3,3,33,2,1
6289,201600002793,1.0,1,1,1,1.0,0.0,0.0,0.0,1962.0,B02,1.0,21,0,0.0,2.0,8.0,1.0,12,12,1845,3,1,1,1,3,4,7,0,2
6290,201600002793,1.0,1,3,1,11.0,0.0,0.0,0.0,1986.0,A01,2.0,7,0,10.0,2.0,8.0,1.0,12,12,1845,3,1,1,1,3,4,21,2,0
6291,201600002794,1.0,1,3,1,11.0,0.0,0.0,0.0,1997.0,A01,2.0,7,0,2.0,0.0,3.0,21.0,3,27,1215,1,1,1,8,6,2,7,2,2
6292,201600002794,2.0,2,4,2,11.0,0.0,0.0,0.0,1999.0,A01,2.0,7,0,2.0,0.0,3.0,21.0,3,27,1215,1,1,1,8,6,2,7,2,2
6293,201600002795,1.0,1,3,1,21.0,0.0,0.0,0.0,1994.0,B02,1.0,33,0,0.0,2.0,1.0,1.0,9,10,1745,1,1,1,1,5,3,7,1,2
6294,201600002795,1.0,1,4,1,11.0,0.0,0.0,0.0,1947.0,C03,1.0,7,0,0.0,2.0,4.0,1.0,9,10,1745,1,1,1,1,5,3,33,2,1
6295,201600002795,1.0,1,2,1,21.0,0.0,0.0,0.0,1994.0,A01,1.0,33,0,0.0,2.0,1.0,1.0,9,10,1745,1,1,1,1,5,3,7,1,2
6296,201600002796,1.0,1,1,1,11.0,0.0,0.0,0.0,1969.0,A01,0.0,7,0,0.0,2.0,1.0,19.0,10,10,1730,1,1,3,1,3,3,30,2,1
6297,201600002796,1.0,1,3,1,21.0,0.0,0.0,0.0,1961.0,B02,1.0,30,0,0.0,2.0,1.0,1.0,10,10,1730,1,1,3,1,3,3,7,1,2
6298,201600002797,1.0,1,3,1,1.0,0.0,0.0,0.0,2000.0,B02,2.0,2,0,0.0,2.0,1.0,1.0,11,23,715,3,1,1,1,1,1,7,1,2
6299,201600002797,1.0,1,1,1,11.0,0.0,0.0,0.0,1998.0,A01,1.0,7,0,0.0,2.0,2.0,11.0,11,23,715,3,1,1,1,1,1,2,2,1
6300,201600002798,1.0,1,3,2,11.0,0.0,0.0,0.0,1997.0,A01,1.0,7,0,0.0,2.0,1.0,13.0,12,2,745,2,1,1,1,1,1,10,2,2
6301,201600002798,1.0,1,3,1,11.0,0.0,0.0,0.0,1985.0,B02,2.0,10,0,0.0,2.0,1.0,1.0,12,2,745,2,1,1,1,1,1,7,2,2
6302,201600002799,1.0,1,4,1,11.0,0.0,0.0,0.0,1967.0,B02,1.0,7,0,0.0,2.0,6.0,1.0,12,27,1500,1,1,1,1,5,3,7,2,2
6303,201600002799,1.0,1,4,1,11.0,0.0,0.0,0.0,1965.0,C03,1.0,7,0,0.0,2.0,1.0,1.0,12,27,1500,1,1,1,1,5,3,7,2,2
6304,201600002799,1.0,1,2,1,11.0,0.0,0.0,0.0,1949.0,A01,2.0,7,0,0.0,2.0,1.0,13.0,12,27,1500,1,1,1,1,5,3,7,2,2
6305,201600002800,1.0,1,3,1,21.0,0.0,0.0,0.0,1989.0,A01,1.0,30,0,0.0,0.0,0.0,15.0,7,12,1030,1,2,2,8,3,1,33,1,1
6306,201600002800,1.0,1,4,1,21.0,0.0,0.0,0.0,1952.0,B02,1.0,33,0,0.0,2.0,1.0,1.0,7,12,1030,1,2,2,8,3,1,30,1,1
6307,201600002801,1.0,1,1,1,11.0,0.0,0.0,0.0,1937.0,A01,0.0,7,0,0.0,1.0,1.0,0.0,9,16,845,1,2,7,1,6,1,7,2,2
6308,201600002801,0.0,3,3,2,0.0,0.0,9.0,2.0,1966.0,A01,0.0,7,0,0.0,1.0,1.0,0.0,9,16,845,1,2,7,1,6,1,7,2,2
6309,201600002802,1.0,1,3,1,21.0,0.0,0.0,0.0,1964.0,B02,1.0,1,0,0.0,9.0,4.0,1.0,12,6,1015,1,1,1,1,6,1,7,1,2
6310,201600002802,1.0,1,1,1,11.0,0.0,0.0,0.0,1932.0,A01,1.0,7,0,0.0,9.0,2.0,1.0,12,6,1015,1,1,1,1,6,1,1,2,1
6311,201600002803,2.0,2,4,2,21.0,0.0,0.0,0.0,1964.0,A01,1.0,33,0,13.0,0.0,8.0,1.0,5,13,1330,1,1,1,1,6,2,33,1,1
6312,201600002803,1.0,1,3,1,21.0,0.0,0.0,0.0,1960.0,A01,1.0,33,0,13.0,0.0,8.0,1.0,5,13,1330,1,1,1,1,6,2,33,1,1
6313,201600002804,5.0,2,3,1,13.0,0.0,0.0,0.0,1999.0,A01,2.0,7,0,2.0,0.0,7.0,1.0,6,11,215,3,1,1,1,6,0,7,2,2
6314,201600002804,2.0,2,3,1,13.0,0.0,0.0,0.0,1996.0,A01,2.0,7,0,2.0,0.0,7.0,1.0,6,11,215,3,1,1,1,6,0,7,2,2
6315,201600002804,1.0,1,1,1,11.0,0.0,0.0,0.0,1996.0,A01,2.0,7,0,2.0,0.0,7.0,1.0,6,11,215,3,1,1,1,6,0,7,2,2
6316,201600002805,1.0,1,1,1,11.0,0.0,0.0,0.0,1996.0,A01,0.0,7,0,0.0,0.0,1.0,21.0,5,14,30,3,1,1,1,6,0,7,2,2
6317,201600002805,2.0,2,3,1,11.0,0.0,0.0,0.0,1993.0,A01,0.0,7,0,0.0,0.0,1.0,21.0,5,14,30,3,1,1,1,6,0,7,2,2
6318,201600002805,3.0,2,1,1,11.0,0.0,0.0,0.0,1996.0,A01,0.0,7,0,0.0,0.0,1.0,21.0,5,14,30,3,1,1,1,6,0,7,2,2
6319,201600002806,1.0,1,3,2,21.0,0.0,0.0,0.0,1995.0,B02,2.0,30,0,1.0,0.0,1.0,1.0,8,26,2230,5,2,1,1,2,5,7,1,2
6320,201600002806,1.0,1,1,1,1.0,0.0,0.0,0.0,1960.0,A01,0.0,7,0,0.0,0.0,6.0,24.0,8,26,2230,5,2,1,1,2,5,30,2,1
6321,201600002807,1.0,1,1,2,11.0,0.0,0.0,0.0,1990.0,A01,1.0,7,0,0.0,2.0,2.0,19.0,6,13,1600,1,1,2,1,1,3,7,2,2
6322,201600002807,3.0,2,1,1,11.0,0.0,0.0,0.0,2015.0,A01,1.0,7,0,0.0,2.0,2.0,19.0,6,13,1600,1,1,2,1,1,3,7,2,2
6323,201600002807,1.0,1,4,1,11.0,0.0,0.0,0.0,1941.0,B02,2.0,7,0,0.0,2.0,1.0,1.0,6,13,1600,1,1,2,1,1,3,7,2,2
6324,201600002807,2.0,2,3,2,11.0,0.0,0.0,0.0,1943.0,B02,2.0,7,0,0.0,2.0,1.0,1.0,6,13,1600,1,1,2,1,1,3,7,2,2
6325,201600002808,1.0,1,2,1,22.0,0.0,0.0,0.0,1972.0,A01,0.0,33,0,0.0,0.0,7.0,1.0,8,21,1845,1,1,1,1,7,4,33,1,1
6326,201600002809,1.0,1,1,1,11.0,0.0,0.0,0.0,1973.0,A01,0.0,7,0,0.0,2.0,1.0,1.0,7,3,1945,1,1,1,1,1,4,7,2,2
6327,201600002809,1.0,1,4,1,11.0,0.0,0.0,0.0,1971.0,B02,0.0,7,0,0.0,2.0,2.0,1.0,7,3,1945,1,1,1,1,1,4,7,2,2
6328,201600002809,2.0,2,4,1,11.0,0.0,0.0,0.0,2000.0,B02,0.0,7,0,0.0,2.0,2.0,1.0,7,3,1945,1,1,1,1,1,4,7,2,2
6329,201600002809,3.0,2,3,1,32.0,0.0,0.0,0.0,2009.0,B02,0.0,7,0,0.0,2.0,2.0,1.0,7,3,1945,1,1,1,1,1,4,7,2,2
6330,201600002810,1.0,1,1,1,11.0,0.0,0.0,0.0,1988.0,A01,1.0,7,0,0.0,2.0,1.0,13.0,7,11,1230,1,1,1,1,1,2,7,2,2
6331,201600002810,2.0,2,3,1,11.0,0.0,0.0,0.0,1942.0,B02,2.0,7,0,0.0,2.0,1.0,1.0,7,11,1230,1,1,1,1,1,2,7,2,2
6332,201600002810,1.0,1,3,1,11.0,0.0,0.0,0.0,1948.0,B02,2.0,7,0,0.0,2.0,1.0,1.0,7,11,1230,1,1,1,1,1,2,7,2,2
6333,201600002811,1.0,1,1,2,11.0,0.0,0.0,0.0,1982.0,B02,2.0,7,0,0.0,2.0,3.0,1.0,9,11,1945,1,1,1,7,1,4,30,2,1
6334,201600002811,1.0,1,3,1,21.0,0.0,0.0,0.0,1976.0,A01,1.0,30,0,0.0,2.0,1.0,1.0,9,11,1945,1,1,1,7,1,4,7,1,2
6335,201600002812,1.0,1,3,2,11.0,0.0,0.0,0.0,1959.0,A01,2.0,7,0,0.0,2.0,1.0,13.0,12,24,1145,1,1,1,2,1,1,7,2,2
6336,201600002812,1.0,1,3,1,11.0,0.0,0.0,0.0,1973.0,B02,1.0,7,0,0.0,2.0,1.0,1.0,12,24,1145,1,1,1,2,1,1,7,2,2
6337,201600002813,1.0,1,3,1,11.0,0.0,0.0,0.0,1929.0,A01,2.0,7,0,0.0,2.0,2.0,15.0,1,12,1330,1,2,3,2,3,2,7,2,2
6338,201600002813,1.0,1,1,1,11.0,0.0,0.0,0.0,1964.0,B02,1.0,7,0,0.0,2.0,1.0,0.0,1,12,1330,1,2,3,2,3,2,7,2,2
6339,201600002814,1.0,1,3,2,11.0,0.0,0.0,0.0,1989.0,A01,1.0,7,0,8.0,0.0,1.0,1.0,1,13,530,3,1,1,9,6,0,7,2,2
6340,201600002815,1.0,1,2,1,23.0,0.0,0.0,0.0,1968.0,A01,0.0,36,0,13.0,0.0,2.0,16.0,11,6,1430,1,1,1,1,7,3,36,1,1
6341,201600002816,1.0,1,1,1,11.0,0.0,0.0,0.0,1975.0,B02,2.0,7,0,0.0,2.0,1.0,0.0,11,16,1845,3,1,1,1,1,4,7,2,2
6342,201600002816,1.0,1,3,2,11.0,0.0,0.0,0.0,1953.0,A01,1.0,7,0,0.0,2.0,1.0,5.0,11,16,1845,3,1,1,1,1,4,7,2,2
6343,201600002817,1.0,1,3,2,11.0,0.0,0.0,0.0,1962.0,A01,1.0,7,0,2.0,0.0,1.0,1.0,12,16,315,3,1,1,9,6,0,7,2,2
6344,201600002818,1.0,1,3,1,21.0,0.0,0.0,0.0,1972.0,B02,2.0,2,0,0.0,2.0,8.0,1.0,1,6,1800,5,2,4,2,3,4,7,1,2
6345,201600002818,1.0,1,1,2,11.0,0.0,0.0,0.0,1963.0,A01,0.0,7,0,0.0,2.0,2.0,15.0,1,6,1800,5,2,4,2,3,4,2,2,1
6346,201600002819,2.0,2,2,2,11.0,0.0,0.0,0.0,1934.0,B02,1.0,7,0,0.0,2.0,3.0,1.0,6,9,1845,1,1,1,1,1,4,7,2,2
6347,201600002819,1.0,1,3,2,11.0,0.0,0.0,0.0,1945.0,B02,1.0,7,0,0.0,2.0,3.0,1.0,6,9,1845,1,1,1,1,1,4,7,2,2
6348,201600002819,1.0,1,3,2,11.0,0.0,0.0,0.0,1994.0,A01,2.0,7,0,0.0,2.0,8.0,19.0,6,9,1845,1,1,1,1,1,4,7,2,2
6349,201600002819,2.0,2,3,2,11.0,0.0,0.0,0.0,1994.0,A01,2.0,7,0,0.0,2.0,8.0,19.0,6,9,1845,1,1,1,1,1,4,7,2,2
6350,201600002820,1.0,1,4,1,11.0,0.0,0.0,0.0,1997.0,A01,1.0,7,0,8.0,0.0,5.0,1.0,7,3,1,3,1,1,1,6,0,7,2,2
6351,201600002820,2.0,2,4,2,11.0,0.0,0.0,0.0,2000.0,A01,1.0,7,0,8.0,0.0,5.0,1.0,7,3,1,3,1,1,1,6,0,7,2,2
6352,201600002820,4.0,2,4,1,11.0,0.0,0.0,0.0,1996.0,A01,1.0,7,0,8.0,0.0,5.0,1.0,7,3,1,3,1,1,1,6,0,7,2,2
6353,201600002820,4.0,2,4,2,11.0,0.0,0.0,0.0,2000.0,A01,1.0,7,0,8.0,0.0,5.0,1.0,7,3,1,3,1,1,1,6,0,7,2,2
6354,201600002821,1.0,1,2,1,11.0,0.0,0.0,0.0,1936.0,A01,2.0,7,0,13.0,0.0,3.0,1.0,7,23,1030,1,1,1,1,6,1,7,2,2
6355,201600002822,1.0,1,3,1,11.0,0.0,0.0,0.0,1964.0,A01,2.0,10,0,2.0,0.0,1.0,0.0,9,14,1615,1,1,1,3,6,3,10,2,2
6356,201600002823,1.0,1,3,2,11.0,0.0,0.0,0.0,1937.0,A01,2.0,7,0,8.0,0.0,7.0,1.0,9,30,1445,1,1,1,1,6,3,7,2,2
6357,201600002824,1.0,1,2,2,11.0,0.0,0.0,0.0,1994.0,A01,2.0,7,0,2.0,0.0,8.0,1.0,2,3,2130,3,1,1,1,6,4,7,2,2
6358,201600002825,1.0,1,3,1,21.0,0.0,0.0,0.0,1987.0,A01,0.0,33,0,0.0,2.0,1.0,1.0,7,6,1815,1,2,1,7,3,4,14,1,3
6359,201600002825,1.0,1,4,1,11.0,0.0,0.0,0.0,1982.0,B02,0.0,14,0,0.0,0.0,7.0,15.0,7,6,1815,1,2,1,7,3,4,33,3,1
6360,201600002826,3.0,2,4,1,11.0,0.0,0.0,0.0,2007.0,B02,1.0,7,0,0.0,2.0,1.0,1.0,7,18,1900,1,1,1,1,1,4,7,2,2
6361,201600002826,4.0,2,4,1,11.0,0.0,0.0,0.0,2008.0,B02,1.0,7,0,0.0,2.0,1.0,1.0,7,18,1900,1,1,1,1,1,4,7,2,2
6362,201600002826,2.0,2,3,2,11.0,0.0,0.0,0.0,1988.0,B02,1.0,7,0,0.0,2.0,1.0,1.0,7,18,1900,1,1,1,1,1,4,7,2,2
6363,201600002826,1.0,1,4,1,11.0,0.0,0.0,0.0,1984.0,B02,1.0,7,0,0.0,2.0,1.0,1.0,7,18,1900,1,1,1,1,1,4,7,2,2
6364,201600002826,1.0,1,1,1,13.0,0.0,0.0,0.0,1978.0,A01,2.0,7,0,0.0,2.0,2.0,13.0,7,18,1900,1,1,1,1,1,4,7,2,2
6365,201600002827,1.0,1,1,1,11.0,0.0,0.0,0.0,1936.0,A01,0.0,7,0,0.0,1.0,4.0,20.0,7,12,1530,1,2,7,1,6,3,7,2,2
6366,201600002827,0.0,3,3,2,0.0,2.0,9.0,1.0,1928.0,A01,0.0,7,0,0.0,1.0,4.0,20.0,7,12,1530,1,2,7,1,6,3,7,2,2
6367,201600002828,1.0,1,1,1,11.0,0.0,0.0,0.0,1929.0,B02,2.0,7,0,0.0,0.0,7.0,19.0,7,30,1900,1,1,2,1,3,4,7,2,2
6368,201600002828,2.0,2,3,2,11.0,0.0,0.0,0.0,1929.0,B02,2.0,7,0,0.0,0.0,7.0,19.0,7,30,1900,1,1,2,1,3,4,7,2,2
6369,201600002828,1.0,1,1,1,11.0,0.0,0.0,0.0,1987.0,A01,2.0,7,0,0.0,2.0,1.0,1.0,7,30,1900,1,1,2,1,3,4,7,2,2
6370,201600002828,2.0,2,4,2,11.0,0.0,0.0,0.0,1980.0,A01,2.0,7,0,0.0,2.0,1.0,1.0,7,30,1900,1,1,2,1,3,4,7,2,2
6371,201600002829,1.0,1,3,1,21.0,0.0,0.0,0.0,1989.0,A01,2.0,33,0,0.0,0.0,0.0,1.0,8,7,1745,1,1,1,1,7,3,33,1,1
6372,201600002830,1.0,1,1,1,11.0,0.0,0.0,0.0,1984.0,A01,2.0,7,0,0.0,0.0,1.0,0.0,8,28,2130,3,1,2,1,3,4,7,2,2
6373,201600002830,1.0,1,3,2,11.0,0.0,0.0,0.0,1959.0,B02,1.0,7,0,0.0,0.0,7.0,1.0,8,28,2130,3,1,2,1,3,4,7,2,2
6374,201600002831,1.0,1,1,1,11.0,0.0,0.0,0.0,1978.0,A01,1.0,7,0,0.0,1.0,2.0,1.0,9,16,1145,1,2,1,8,6,1,7,2,2
6375,201600002831,0.0,3,2,2,0.0,1.0,3.0,1.0,1940.0,A01,1.0,7,0,0.0,1.0,2.0,1.0,9,16,1145,1,2,1,8,6,1,7,2,2
6376,201600002832,1.0,1,3,1,21.0,0.0,0.0,0.0,1987.0,A01,0.0,33,0,16.0,0.0,1.0,1.0,10,31,1330,1,1,1,1,6,2,33,1,1
6377,201600002833,4.0,2,1,1,11.0,0.0,0.0,0.0,2000.0,B02,2.0,7,0,0.0,2.0,3.0,23.0,10,31,1615,1,1,1,1,1,3,7,2,2
6378,201600002833,1.0,1,1,2,11.0,0.0,0.0,0.0,1996.0,B02,2.0,7,0,0.0,2.0,3.0,23.0,10,31,1615,1,1,1,1,1,3,7,2,2
6379,201600002833,2.0,2,1,1,11.0,0.0,0.0,0.0,1967.0,B02,2.0,7,0,0.0,2.0,3.0,23.0,10,31,1615,1,1,1,1,1,3,7,2,2
6380,201600002833,1.0,1,3,1,11.0,0.0,0.0,0.0,1932.0,A01,1.0,7,0,0.0,2.0,3.0,13.0,10,31,1615,1,1,1,1,1,3,7,2,2
6381,201600002834,1.0,1,4,2,11.0,0.0,0.0,0.0,1948.0,A01,1.0,7,0,0.0,2.0,3.0,5.0,12,27,1445,1,1,1,1,5,3,7,2,2
6382,201600002834,2.0,2,3,1,11.0,0.0,0.0,0.0,1946.0,A01,1.0,7,0,0.0,2.0,3.0,5.0,12,27,1445,1,1,1,1,5,3,7,2,2
6383,201600002834,1.0,1,4,1,11.0,0.0,0.0,0.0,1981.0,C03,2.0,7,0,0.0,2.0,1.0,1.0,12,27,1445,1,1,1,1,5,3,7,2,2
6384,201600002834,1.0,1,1,1,11.0,0.0,0.0,0.0,1962.0,B02,2.0,7,0,0.0,2.0,3.0,21.0,12,27,1445,1,1,1,1,5,3,7,2,2
6385,201600002834,2.0,2,4,2,11.0,0.0,0.0,0.0,1967.0,B02,2.0,7,0,0.0,2.0,3.0,21.0,12,27,1445,1,1,1,1,5,3,7,2,2
6386,201600002835,1.0,1,1,1,11.0,0.0,0.0,0.0,1959.0,A01,2.0,7,0,0.0,1.0,2.0,1.0,1,29,1845,5,2,1,1,6,4,7,2,2
6387,201600002835,0.0,3,2,1,0.0,2.0,2.0,2.0,1937.0,A01,2.0,7,0,0.0,1.0,2.0,1.0,1,29,1845,5,2,1,1,6,4,7,2,2