,Num_Acc,place,catu,grav,sexe,secu,locp,actp,etatp,an_nais,num_veh,senc,catv,occutc,obs,obsm,choc,manv,mois,jour,hrmn,lum,agg,int,atm,col,mom,catvopp,catv_gen,catvopp_gen
6388,201600002836,1.0,1,4,1,21.0,0.0,0.0,0.0,2001.0,A01,1.0,2,0,0.0,0.0,7.0,15.0,2,12,745,5,2,3,3,5,1,7,1,2
6389,201600002836,1.0,1,1,1,11.0,0.0,0.0,0.0,1983.0,B02,2.0,7,0,0.0,0.0,2.0,1.0,2,12,745,5,2,3,3,5,1,2,2,1
6390,201600002836,1.0,1,4,2,11.0,0.0,0.0,0.0,1991.0,C03,0.0,7,0,0.0,0.0,0.0,23.0,2,12,745,5,2,3,3,5,1,2,2,1
6391,201600002837,1.0,1,1,1,11.0,0.0,0.0,0.0,1942.0,A01,0.0,7,0,0.0,1.0,1.0,1.0,3,2,1000,1,2,1,1,6,1,7,2,2
6392,201600002837,0.0,3,3,2,0.0,4.0,3.0,1.0,1947.0,A01,0.0,7,0,0.0,1.0,1.0,1.0,3,2,1000,1,2,1,1,6,1,7,2,2
6393,201600002838,1.0,1,3,1,22.0,0.0,0.0,0.0,1975.0,B02,2.0,1,0,0.0,2.0,1.0,1.0,5,23,1300,1,1,1,2,5,2,7,1,2
6394,201600002838,1.0,1,2,1,22.0,0.0,0.0,0.0,1983.0,C03,2.0,1,0,0.0,2.0,1.0,1.0,5,23,1300,1,1,1,2,5,2,7,1,2
6395,201600002838,1.0,1,3,1,11.0,0.0,0.0,0.0,1961.0,A01,1.0,7,0,0.0,2.0,5.0,19.0,5,23,1300,1,1,1,2,5,2,1,2,1
6396,201600002839,0.0,3,3,2,0.0,4.0,3.0,1.0,1940.0,A01,1.0,7,0,0.0,1.0,8.0,1.0,8,3,1020,1,2,1,1,6,1,7,2,2
6397,201600002840,1.0,1,3,2,11.0,0.0,0.0,0.0,1967.0,A01,1.0,7,0,0.0,2.0,1.0,1.0,8,4,1700,1,1,1,2,1,3,7,2,2
6398,201600002840,1.0,1,1,1,11.0,0.0,0.0,0.0,1955.0,B02,2.0,7,0,0.0,2.0,1.0,1.0,8,4,1700,1,1,1,2,1,3,7,2,2
6399,201600002841,1.0,1,3,1,11.0,0.0,0.0,0.0,1955.0,A01,0.0,7,0,0.0,2.0,3.0,0.0,8,23,2030,1,1,1,7,1,4,21,2,0
6400,201600002841,1.0,1,1,1,1.0,0.0,0.0,0.0,1981.0,B02,0.0,21,0,0.0,2.0,8.0,0.0,8,23,2030,1,1,1,7,1,4,7,0,2
6401,201600002842,1.0,1,4,1,21.0,0.0,0.0,0.0,1967.0,B02,1.0,31,0,0.0,2.0,1.0,1.0,8,24,1745,1,1,1,1,3,3,7,1,2
6402,201600002842,1.0,1,1,1,11.0,0.0,0.0,0.0,1955.0,A01,2.0,7,0,0.0,2.0,6.0,19.0,8,24,1745,1,1,1,1,3,3,31,2,1
6403,201600002843,1.0,1,1,1,11.0,0.0,0.0,0.0,1940.0,A01,0.0,7,0,0.0,9.0,1.0,15.0,9,13,1045,1,1,1,1,3,1,1,2,1
6404,201600002843,1.0,1,3,1,21.0,0.0,0.0,0.0,1948.0,B02,0.0,1,0,0.0,2.0,1.0,1.0,9,13,1045,1,1,1,1,3,1,7,1,2
6405,201600002844,1.0,1,4,1,91.0,0.0,0.0,0.0,1996.0,B02,1.0,33,0,0.0,2.0,1.0,1.0,3,8,1500,1,1,2,1,1,3,10,1,2
6406,201600002844,1.0,1,1,1,11.0,0.0,0.0,0.0,1932.0,A01,1.0,10,0,0.0,0.0,6.0,3.0,3,8,1500,1,1,2,1,1,3,33,2,1
6407,201600002845,1.0,1,3,2,11.0,0.0,0.0,0.0,1938.0,A01,1.0,7,0,0.0,2.0,8.0,19.0,5,31,1245,1,1,3,1,1,2,7,2,2
6408,201600002845,1.0,1,1,1,11.0,0.0,0.0,0.0,1966.0,B02,1.0,7,0,0.0,2.0,1.0,1.0,5,31,1245,1,1,3,1,1,2,7,2,2
6409,201600002846,1.0,1,3,1,11.0,0.0,0.0,0.0,1939.0,A01,2.0,7,0,0.0,2.0,1.0,13.0,1,17,1215,1,1,1,1,1,2,7,2,2
6410,201600002846,1.0,1,3,1,11.0,0.0,0.0,0.0,1970.0,B02,1.0,7,0,0.0,2.0,1.0,1.0,1,17,1215,1,1,1,1,1,2,7,2,2
6411,201600002847,1.0,1,3,1,1.0,0.0,0.0,0.0,1958.0,A01,1.0,21,0,13.0,0.0,9.0,1.0,1,25,1430,1,1,1,1,7,3,21,0,0
6412,201600002848,1.0,1,1,1,11.0,0.0,0.0,0.0,1993.0,A01,2.0,7,0,13.0,0.0,9.0,1.0,3,5,545,3,1,1,2,7,0,7,2,2
6413,201600002848,2.0,2,1,1,11.0,0.0,0.0,0.0,1994.0,A01,2.0,7,0,13.0,0.0,9.0,1.0,3,5,545,3,1,1,2,7,0,7,2,2
6414,201600002848,5.0,2,3,1,12.0,0.0,0.0,0.0,1994.0,A01,2.0,7,0,13.0,0.0,9.0,1.0,3,5,545,3,1,1,2,7,0,7,2,2
6415,201600002849,1.0,1,2,1,11.0,0.0,0.0,0.0,1939.0,A01,1.0,7,0,0.0,2.0,3.0,1.0,7,2,1145,1,1,1,1,1,1,7,2,2
6416,201600002849,1.0,1,4,2,11.0,0.0,0.0,0.0,1938.0,B02,2.0,7,0,0.0,2.0,3.0,1.0,7,2,1145,1,1,1,1,1,1,7,2,2
6417,201600002850,1.0,1,3,1,21.0,0.0,0.0,0.0,1985.0,A01,2.0,33,0,0.0,2.0,1.0,1.0,7,30,1745,1,1,3,1,3,3,7,1,2
6418,201600002850,1.0,1,4,1,11.0,0.0,0.0,0.0,1959.0,B02,2.0,7,0,0.0,2.0,7.0,15.0,7,30,1745,1,1,3,1,3,3,33,2,1
6419,201600002851,1.0,1,1,1,11.0,0.0,0.0,0.0,1986.0,A01,0.0,7,0,0.0,9.0,2.0,2.0,8,6,1745,1,1,1,1,1,3,1,2,1
6420,201600002851,2.0,2,1,2,11.0,0.0,0.0,0.0,1989.0,A01,0.0,7,0,0.0,9.0,2.0,2.0,8,6,1745,1,1,1,1,1,3,1,2,1
6421,201600002851,5.0,2,1,2,31.0,0.0,0.0,0.0,2014.0,A01,0.0,7,0,0.0,9.0,2.0,2.0,8,6,1745,1,1,1,1,1,3,1,2,1
6422,201600002851,1.0,1,3,1,93.0,0.0,0.0,0.0,2004.0,B02,0.0,1,0,0.0,2.0,0.0,0.0,8,6,1745,1,1,1,1,1,3,7,1,2
6423,201600002852,4.0,2,3,2,11.0,0.0,0.0,0.0,1960.0,A01,0.0,7,0,0.0,2.0,8.0,15.0,2,20,1515,1,1,3,1,3,3,7,2,2
6424,201600002852,2.0,2,3,2,11.0,0.0,0.0,0.0,1928.0,A01,0.0,7,0,0.0,2.0,8.0,15.0,2,20,1515,1,1,3,1,3,3,7,2,2
6425,201600002852,1.0,1,3,2,11.0,0.0,0.0,0.0,1986.0,A01,0.0,7,0,0.0,2.0,8.0,15.0,2,20,1515,1,1,3,1,3,3,7,2,2
6426,201600002852,1.0,1,1,1,11.0,0.0,0.0,0.0,1972.0,B02,2.0,7,0,0.0,2.0,1.0,1.0,2,20,1515,1,1,3,1,3,3,7,2,2
6427,201600002853,1.0,1,2,1,21.0,0.0,0.0,0.0,1966.0,B02,1.0,33,0,0.0,2.0,1.0,1.0,5,21,1600,1,1,3,1,1,3,7,1,2
6428,201600002853,1.0,1,1,1,11.0,0.0,0.0,0.0,1934.0,A01,2.0,7,0,0.0,2.0,2.0,15.0,5,21,1600,1,1,3,1,1,3,33,2,1
6429,201600002853,2.0,2,3,2,11.0,0.0,0.0,0.0,1936.0,A01,2.0,7,0,0.0,2.0,2.0,15.0,5,21,1600,1,1,3,1,1,3,33,2,1
6430,201600002854,1.0,1,1,1,13.0,0.0,0.0,0.0,1958.0,A01,0.0,10,0,0.0,1.0,4.0,20.0,7,9,1000,1,2,1,1,7,1,10,2,2
6431,201600002854,0.0,3,3,1,0.0,6.0,3.0,1.0,1936.0,A01,0.0,10,0,0.0,1.0,4.0,20.0,7,9,1000,1,2,1,1,7,1,10,2,2
6432,201600002855,1.0,1,1,1,11.0,0.0,0.0,0.0,1958.0,A01,1.0,10,0,0.0,2.0,7.0,15.0,7,26,1115,1,1,1,1,3,1,33,2,1
6433,201600002855,2.0,2,1,2,11.0,0.0,0.0,0.0,1975.0,A01,1.0,10,0,0.0,2.0,7.0,15.0,7,26,1115,1,1,1,1,3,1,33,2,1
6434,201600002855,1.0,1,3,1,21.0,0.0,0.0,0.0,1996.0,B02,2.0,33,0,0.0,2.0,1.0,1.0,7,26,1115,1,1,1,1,3,1,10,1,2
6435,201600002856,1.0,1,1,1,11.0,0.0,0.0,0.0,1957.0,A01,1.0,7,0,0.0,2.0,1.0,11.0,9,2,1530,1,1,1,1,1,3,7,2,2
6436,201600002856,1.0,1,3,2,11.0,0.0,0.0,0.0,1934.0,B02,2.0,7,0,0.0,2.0,1.0,1.0,9,2,1530,1,1,1,1,1,3,7,2,2
6437,201600002856,2.0,2,3,1,11.0,0.0,0.0,0.0,1930.0,B02,2.0,7,0,0.0,2.0,1.0,1.0,9,2,1530,1,1,1,1,1,3,7,2,2
6438,201600002857,1.0,1,1,1,11.0,0.0,0.0,0.0,1992.0,B02,1.0,7,0,0.0,2.0,3.0,1.0,10,17,1215,1,1,1,1,5,2,7,2,2
6439,201600002857,2.0,2,3,1,11.0,0.0,0.0,0.0,1957.0,B02,1.0,7,0,0.0,2.0,3.0,1.0,10,17,1215,1,1,1,1,5,2,7,2,2
6440,201600002857,1.0,1,1,1,11.0,0.0,0.0,0.0,1950.0,C03,1.0,7,0,0.0,2.0,8.0,1.0,10,17,1215,1,1,1,1,5,2,7,2,2
6441,201600002857,1.0,1,4,1,11.0,0.0,0.0,0.0,1998.0,A01,2.0,7,0,0.0,2.0,1.0,13.0,10,17,1215,1,1,1,1,5,2,7,2,2
6442,201600002858,1.0,1,4,1,11.0,0.0,0.0,0.0,1997.0,A01,1.0,7,0,0.0,2.0,1.0,1.0,11,18,1900,3,1,1,2,1,4,7,2,2
6443,201600002858,2.0,2,3,2,11.0,0.0,0.0,0.0,2000.0,A01,1.0,7,0,0.0,2.0,1.0,1.0,11,18,1900,3,1,1,2,1,4,7,2,2
6444,201600002858,1.0,1,4,1,11.0,0.0,0.0,0.0,1991.0,B02,2.0,7,0,0.0,2.0,1.0,1.0,11,18,1900,3,1,1,2,1,4,7,2,2
6445,201600002859,1.0,1,1,1,11.0,0.0,0.0,0.0,1952.0,B02,1.0,7,0,0.0,2.0,1.0,1.0,12,3,1945,3,1,1,1,1,4,7,2,2
6446,201600002859,2.0,2,1,2,11.0,0.0,0.0,0.0,1950.0,B02,1.0,7,0,0.0,2.0,1.0,1.0,12,3,1945,3,1,1,1,1,4,7,2,2
6447,201600002859,5.0,2,1,2,31.0,0.0,0.0,0.0,2012.0,B02,1.0,7,0,0.0,2.0,1.0,1.0,12,3,1945,3,1,1,1,1,4,7,2,2
6448,201600002859,1.0,1,3,1,13.0,0.0,0.0,0.0,1963.0,A01,2.0,7,0,0.0,2.0,1.0,13.0,12,3,1945,3,1,1,1,1,4,7,2,2
6449,201600002860,1.0,1,2,1,11.0,0.0,0.0,0.0,1997.0,A01,2.0,7,0,0.0,2.0,7.0,19.0,1,6,945,1,1,1,2,3,1,17,2,3
6450,201600002860,1.0,1,1,1,11.0,0.0,0.0,0.0,1977.0,B02,1.0,17,0,0.0,2.0,1.0,1.0,1,6,945,1,1,1,2,3,1,7,3,2
6451,201600002861,1.0,1,3,2,11.0,0.0,0.0,0.0,1946.0,A01,0.0,7,0,0.0,2.0,3.0,1.0,1,8,1215,1,1,1,1,1,2,14,2,3
6452,201600002861,1.0,1,1,1,11.0,0.0,0.0,0.0,1965.0,B02,0.0,14,0,0.0,2.0,3.0,1.0,1,8,1215,1,1,1,1,1,2,7,3,2
6453,201600002862,1.0,1,3,2,12.0,0.0,0.0,0.0,1994.0,A01,2.0,7,0,2.0,0.0,2.0,14.0,2,6,1045,1,1,1,1,7,1,7,2,2
6454,201600002863,1.0,1,1,2,11.0,0.0,0.0,0.0,1985.0,A01,2.0,7,0,0.0,2.0,2.0,13.0,2,19,900,1,1,1,1,1,1,7,2,2
6455,201600002863,1.0,1,3,2,11.0,0.0,0.0,0.0,1949.0,B02,1.0,7,0,0.0,2.0,2.0,1.0,2,19,900,1,1,1,1,1,1,7,2,2
6456,201600002863,2.0,2,2,1,11.0,0.0,0.0,0.0,1950.0,B02,1.0,7,0,0.0,2.0,2.0,1.0,2,19,900,1,1,1,1,1,1,7,2,2
6457,201600002864,1.0,1,3,1,11.0,0.0,0.0,0.0,1968.0,A01,2.0,7,0,13.0,6.0,3.0,1.0,3,27,1515,1,1,1,1,7,3,7,2,2
6458,201600002865,4.0,2,3,2,11.0,0.0,0.0,0.0,1972.0,B02,2.0,7,0,0.0,2.0,1.0,1.0,4,23,1515,1,1,1,3,1,3,7,2,2
6459,201600002865,3.0,2,1,2,11.0,0.0,0.0,0.0,1995.0,B02,2.0,7,0,0.0,2.0,1.0,1.0,4,23,1515,1,1,1,3,1,3,7,2,2
6460,201600002865,1.0,1,4,2,11.0,0.0,0.0,0.0,1995.0,B02,2.0,7,0,0.0,2.0,1.0,1.0,4,23,1515,1,1,1,3,1,3,7,2,2
6461,201600002865,2.0,2,1,2,11.0,0.0,0.0,0.0,1952.0,B02,2.0,7,0,0.0,2.0,1.0,1.0,4,23,1515,1,1,1,3,1,3,7,2,2
6462,201600002865,1.0,1,1,2,11.0,0.0,0.0,0.0,1983.0,A01,1.0,7,0,0.0,2.0,1.0,13.0,4,23,1515,1,1,1,3,1,3,7,2,2
6463,201600002866,1.0,1,3,2,11.0,0.0,0.0,0.0,1972.0,A01,1.0,7,0,2.0,0.0,1.0,13.0,5,25,1200,1,1,1,1,6,2,7,2,2
6464,201600002866,2.0,2,3,1,11.0,0.0,0.0,0.0,1965.0,A01,1.0,7,0,2.0,0.0,1.0,13.0,5,25,1200,1,1,1,1,6,2,7,2,2
6465,201600002866,3.0,2,2,1,11.0,0.0,0.0,0.0,1927.0,A01,1.0,7,0,2.0,0.0,1.0,13.0,5,25,1200,1,1,1,1,6,2,7,2,2
6466,201600002867,1.0,1,2,1,11.0,0.0,0.0,0.0,1978.0,A01,1.0,7,0,0.0,2.0,1.0,13.0,6,19,1400,1,1,1,1,1,3,10,2,2
6467,201600002867,1.0,1,3,1,11.0,0.0,0.0,0.0,1974.0,B02,2.0,10,0,0.0,2.0,3.0,1.0,6,19,1400,1,1,1,1,1,3,7,2,2
6468,201600002868,1.0,1,3,1,11.0,0.0,0.0,0.0,1974.0,A01,1.0,7,0,0.0,2.0,2.0,13.0,6,22,1815,1,1,1,1,1,4,10,2,2
6469,201600002868,1.0,1,3,1,11.0,0.0,0.0,0.0,1982.0,B02,1.0,10,0,0.0,2.0,2.0,21.0,6,22,1815,1,1,1,1,1,4,7,2,2
6470,201600002868,2.0,2,3,1,11.0,0.0,0.0,0.0,1997.0,B02,1.0,10,0,0.0,2.0,2.0,21.0,6,22,1815,1,1,1,1,1,4,7,2,2
6471,201600002868,3.0,2,3,1,11.0,0.0,0.0,0.0,1983.0,B02,1.0,10,0,0.0,2.0,2.0,21.0,6,22,1815,1,1,1,1,1,4,7,2,2
6472,201600002869,5.0,2,1,1,11.0,0.0,0.0,0.0,1984.0,A01,1.0,7,0,13.0,0.0,5.0,1.0,1,9,2130,3,1,1,1,6,4,7,2,2
6473,201600002869,1.0,1,3,1,11.0,0.0,0.0,0.0,1967.0,A01,1.0,7,0,13.0,0.0,5.0,1.0,1,9,2130,3,1,1,1,6,4,7,2,2
6474,201600002869,2.0,2,1,2,11.0,0.0,0.0,0.0,1957.0,A01,1.0,7,0,13.0,0.0,5.0,1.0,1,9,2130,3,1,1,1,6,4,7,2,2
6475,201600002870,2.0,2,1,1,11.0,0.0,0.0,0.0,2005.0,A01,0.0,7,0,2.0,0.0,3.0,13.0,1,9,1200,1,1,1,1,6,2,7,2,2
6476,201600002870,1.0,1,3,1,11.0,0.0,0.0,0.0,1975.0,A01,0.0,7,0,2.0,0.0,3.0,13.0,1,9,1200,1,1,1,1,6,2,7,2,2
6477,201600002871,1.0,1,3,1,11.0,0.0,0.0,0.0,1975.0,A01,1.0,7,0,16.0,9.0,9.0,16.0,3,4,440,3,1,1,2,7,0,7,2,2
6478,201600002872,1.0,1,3,2,11.0,0.0,0.0,0.0,1932.0,A01,0.0,7,0,13.0,0.0,8.0,1.0,7,12,1150,1,1,1,1,6,1,7,2,2
6479,201600002873,1.0,1,1,2,11.0,0.0,0.0,0.0,1953.0,A01,1.0,7,0,0.0,1.0,3.0,1.0,9,14,1645,1,1,1,1,6,3,7,2,2
6480,201600002873,2.0,2,1,1,11.0,0.0,0.0,0.0,1938.0,A01,1.0,7,0,0.0,1.0,3.0,1.0,9,14,1645,1,1,1,1,6,3,7,2,2
6481,201600002873,0.0,3,3,1,0.0,1.0,9.0,1.0,1980.0,A01,1.0,7,0,0.0,1.0,3.0,1.0,9,14,1645,1,1,1,1,6,3,7,2,2
6482,201600002874,1.0,1,1,2,11.0,0.0,0.0,0.0,1985.0,A01,1.0,7,0,0.0,0.0,5.0,0.0,2,6,1530,1,1,6,1,3,3,1,2,1
6483,201600002874,1.0,1,4,1,22.0,0.0,0.0,0.0,1945.0,B02,1.0,1,0,0.0,0.0,1.0,0.0,2,6,1530,1,1,6,1,3,3,7,1,2
6484,201600002875,1.0,1,3,2,11.0,0.0,0.0,0.0,1969.0,A01,2.0,7,0,2.0,0.0,1.0,1.0,3,21,1715,1,1,1,1,6,3,7,2,2
6485,201600002876,1.0,1,2,1,11.0,0.0,0.0,0.0,1977.0,A01,1.0,7,0,2.0,0.0,2.0,1.0,4,9,315,3,1,1,3,6,0,7,2,2
6486,201600002877,1.0,1,3,2,11.0,0.0,0.0,0.0,1996.0,A01,1.0,7,0,0.0,2.0,2.0,13.0,6,24,2130,2,1,1,2,1,4,7,2,2
6487,201600002877,1.0,1,3,2,11.0,0.0,0.0,0.0,1946.0,B02,2.0,7,0,0.0,2.0,1.0,1.0,6,24,2130,2,1,1,2,1,4,7,2,2
6488,201600002878,1.0,1,1,1,13.0,0.0,0.0,0.0,1996.0,A01,2.0,15,0,0.0,2.0,2.0,2.0,7,12,1130,1,1,1,8,4,1,7,3,2
6489,201600002878,1.0,1,1,1,13.0,0.0,0.0,0.0,1962.0,B02,2.0,15,0,0.0,2.0,4.0,2.0,7,12,1130,1,1,1,8,4,1,7,3,2
6490,201600002878,1.0,1,3,1,13.0,0.0,0.0,0.0,1999.0,C03,2.0,7,0,0.0,2.0,9.0,2.0,7,12,1130,1,1,1,8,4,1,15,2,3
6491,201600002878,2.0,2,3,1,13.0,0.0,0.0,0.0,1943.0,C03,2.0,7,0,0.0,2.0,9.0,2.0,7,12,1130,1,1,1,8,4,1,15,2,3
6492,201600002879,2.0,2,3,2,11.0,0.0,0.0,0.0,1952.0,A01,1.0,7,0,0.0,0.0,9.0,0.0,8,7,1630,1,1,6,1,7,3,7,2,2
6493,201600002879,1.0,1,3,1,11.0,0.0,0.0,0.0,1936.0,A01,1.0,7,0,0.0,0.0,9.0,0.0,8,7,1630,1,1,6,1,7,3,7,2,2
6494,201600002880,1.0,1,1,1,11.0,0.0,0.0,0.0,1954.0,A01,1.0,21,0,0.0,0.0,6.0,15.0,10,28,1440,1,1,2,1,2,3,33,0,1
6495,201600002880,1.0,1,3,1,21.0,0.0,0.0,0.0,1960.0,B02,1.0,33,0,0.0,2.0,1.0,17.0,10,28,1440,1,1,2,1,2,3,21,1,0
6496,201600002881,1.0,1,1,2,11.0,0.0,0.0,0.0,1962.0,A01,1.0,7,0,0.0,2.0,2.0,15.0,11,13,1035,1,2,1,1,3,1,2,2,1
6497,201600002881,1.0,1,3,1,21.0,0.0,0.0,0.0,1998.0,B02,2.0,2,0,0.0,2.0,1.0,1.0,11,13,1035,1,2,1,1,3,1,7,1,2
6498,201600002882,1.0,1,3,2,22.0,0.0,0.0,0.0,1995.0,A01,0.0,2,0,0.0,0.0,0.0,21.0,5,7,600,2,2,1,1,7,1,2,1,1
6499,201600002882,2.0,2,3,1,22.0,0.0,0.0,0.0,1992.0,A01,0.0,2,0,0.0,0.0,0.0,21.0,5,7,600,2,2,1,1,7,1,2,1,1
6500,201600002883,1.0,1,1,1,11.0,0.0,0.0,0.0,1998.0,A01,1.0,7,0,0.0,2.0,1.0,13.0,7,2,1330,1,1,1,1,3,2,7,2,2
6501,201600002883,1.0,1,4,1,11.0,0.0,0.0,0.0,1952.0,B02,2.0,7,0,0.0,2.0,8.0,1.0,7,2,1330,1,1,1,1,3,2,7,2,2
6502,201600002883,2.0,2,3,2,11.0,0.0,0.0,0.0,1953.0,B02,2.0,7,0,0.0,2.0,8.0,1.0,7,2,1330,1,1,1,1,3,2,7,2,2
6503,201600002884,1.0,1,3,1,21.0,0.0,0.0,0.0,1981.0,A01,1.0,33,0,5.0,0.0,1.0,1.0,7,8,2300,5,2,1,1,7,5,33,1,1
6504,201600002885,1.0,1,3,1,21.0,0.0,0.0,0.0,2000.0,A01,1.0,30,0,0.0,2.0,4.0,1.0,7,16,445,3,1,1,1,2,0,10,1,2
6505,201600002885,1.0,1,1,1,11.0,0.0,0.0,0.0,1991.0,B02,1.0,10,0,0.0,2.0,1.0,1.0,7,16,445,3,1,1,1,2,0,30,2,1
6506,201600002886,1.0,1,1,1,11.0,0.0,0.0,0.0,1987.0,A01,1.0,7,0,0.0,0.0,8.0,2.0,7,18,1850,1,2,1,1,3,4,33,2,1
6507,201600002886,1.0,1,3,1,21.0,0.0,0.0,0.0,1964.0,B02,1.0,33,0,0.0,2.0,1.0,2.0,7,18,1850,1,2,1,1,3,4,7,1,2
6508,201600002887,1.0,1,1,2,13.0,0.0,0.0,0.0,1964.0,A01,0.0,7,0,0.0,1.0,4.0,4.0,8,21,1330,1,2,1,1,6,2,7,2,2
6509,201600002887,0.0,3,3,1,0.0,1.0,1.0,1.0,1928.0,A01,0.0,7,0,0.0,1.0,4.0,4.0,8,21,1330,1,2,1,1,6,2,7,2,2
6510,201600002888,1.0,1,3,1,21.0,0.0,0.0,0.0,1981.0,B02,2.0,31,0,0.0,2.0,8.0,5.0,8,24,500,5,1,1,1,1,0,7,1,2
6511,201600002888,1.0,1,1,1,11.0,0.0,0.0,0.0,1975.0,A01,1.0,7,0,0.0,2.0,7.0,15.0,8,24,500,5,1,1,1,1,0,31,2,1
6512,201600002889,1.0,1,1,1,11.0,0.0,0.0,0.0,1973.0,A01,0.0,10,0,0.0,2.0,1.0,15.0,1,13,1430,1,2,1,1,3,3,33,2,1
6513,201600002889,1.0,1,3,1,21.0,0.0,0.0,0.0,1963.0,B02,0.0,33,0,0.0,2.0,7.0,1.0,1,13,1430,1,2,1,1,3,3,10,1,2
6514,201600002890,1.0,1,3,1,12.0,0.0,0.0,0.0,1966.0,A01,1.0,7,0,0.0,2.0,3.0,1.0,2,27,1115,1,1,1,3,3,1,7,2,2
6515,201600002890,1.0,1,4,2,11.0,0.0,0.0,0.0,1955.0,B02,1.0,7,0,0.0,2.0,1.0,1.0,2,27,1115,1,1,1,3,3,1,7,2,2
6516,201600002891,1.0,1,3,2,11.0,0.0,0.0,0.0,1976.0,A01,1.0,7,0,0.0,6.0,9.0,1.0,5,19,630,2,1,1,1,6,1,7,2,2
6517,201600002892,1.0,1,3,1,11.0,0.0,0.0,0.0,1996.0,A01,2.0,7,0,2.0,0.0,2.0,1.0,9,7,745,2,1,1,1,6,1,7,2,2
6518,201600002893,1.0,1,3,1,21.0,0.0,0.0,0.0,1946.0,B02,2.0,32,0,0.0,2.0,0.0,1.0,3,21,1455,1,1,1,1,3,3,7,1,2
6519,201600002893,4.0,2,1,1,11.0,0.0,0.0,0.0,2002.0,A01,1.0,7,0,0.0,2.0,3.0,15.0,3,21,1455,1,1,1,1,3,3,32,2,1
6520,201600002893,2.0,2,1,2,11.0,0.0,0.0,0.0,1965.0,A01,1.0,7,0,0.0,2.0,3.0,15.0,3,21,1455,1,1,1,1,3,3,32,2,1
6521,201600002893,1.0,1,1,1,11.0,0.0,0.0,0.0,1972.0,A01,1.0,7,0,0.0,2.0,3.0,15.0,3,21,1455,1,1,1,1,3,3,32,2,1
6522,201600002894,1.0,1,3,2,13.0,0.0,0.0,0.0,1946.0,A01,1.0,7,0,2.0,0.0,1.0,13.0,4,25,1045,1,1,1,1,6,1,7,2,2
6523,201600002895,1.0,1,3,2,11.0,0.0,0.0,0.0,1935.0,A01,2.0,7,0,0.0,0.0,3.0,9.0,6,3,1530,1,1,3,7,3,3,7,2,2
6524,201600002895,1.0,1,3,2,11.0,0.0,0.0,0.0,1991.0,B02,1.0,7,0,0.0,0.0,1.0,21.0,6,3,1530,1,1,3,7,3,3,7,2,2
6525,201600002896,8.0,2,3,1,11.0,0.0,0.0,0.0,1999.0,B02,0.0,7,0,0.0,2.0,7.0,19.0,8,21,1845,1,1,2,1,3,4,7,2,2
6526,201600002896,4.0,2,3,2,11.0,0.0,0.0,0.0,2001.0,B02,0.0,7,0,0.0,2.0,7.0,19.0,8,21,1845,1,1,2,1,3,4,7,2,2
6527,201600002896,3.0,2,3,2,11.0,0.0,0.0,0.0,1998.0,B02,0.0,7,0,0.0,2.0,7.0,19.0,8,21,1845,1,1,2,1,3,4,7,2,2
6528,201600002896,1.0,1,1,1,11.0,0.0,0.0,0.0,1996.0,B02,0.0,7,0,0.0,2.0,7.0,19.0,8,21,1845,1,1,2,1,3,4,7,2,2
6529,201600002896,2.0,2,3,1,11.0,0.0,0.0,0.0,1999.0,B02,0.0,7,0,0.0,2.0,7.0,19.0,8,21,1845,1,1,2,1,3,4,7,2,2
6530,201600002896,1.0,1,1,1,11.0,0.0,0.0,0.0,1996.0,A01,2.0,7,0,0.0,2.0,1.0,1.0,8,21,1845,1,1,2,1,3,4,7,2,2
6531,201600002897,1.0,1,3,1,42.0,0.0,0.0,0.0,1961.0,A01,1.0,1,0,0.0,2.0,6.0,1.0,1,15,2015,3,1,1,2,3,4,7,1,2
6532,201600002897,1.0,1,1,2,11.0,0.0,0.0,0.0,1986.0,B02,1.0,7,0,0.0,2.0,7.0,1.0,1,15,2015,3,1,1,2,3,4,1,2,1
6533,201600002898,1.0,1,3,1,21.0,0.0,0.0,0.0,1985.0,A01,1.0,33,0,0.0,2.0,1.0,17.0,1,26,1200,1,2,1,7,3,2,10,1,2
6534,201600002898,1.0,1,1,2,11.0,0.0,0.0,0.0,1989.0,B02,1.0,10,0,0.0,2.0,8.0,15.0,1,26,1200,1,2,1,7,3,2,33,2,1
6535,201600002898,2.0,2,1,1,11.0,0.0,0.0,0.0,1994.0,B02,1.0,10,0,0.0,2.0,8.0,15.0,1,26,1200,1,2,1,7,3,2,33,2,1
6536,201600002899,2.0,2,1,1,11.0,0.0,0.0,0.0,1998.0,B02,2.0,7,0,0.0,2.0,1.0,1.0,3,26,1315,1,1,1,1,1,2,7,2,2
6537,201600002899,1.0,1,1,1,11.0,0.0,0.0,0.0,1960.0,B02,2.0,7,0,0.0,2.0,1.0,1.0,3,26,1315,1,1,1,1,1,2,7,2,2
6538,201600002899,1.0,1,3,2,11.0,0.0,0.0,0.0,1991.0,A01,1.0,7,0,0.0,2.0,1.0,5.0,3,26,1315,1,1,1,1,1,2,7,2,2
6539,201600002899,2.0,2,3,2,11.0,0.0,0.0,0.0,1992.0,A01,1.0,7,0,0.0,2.0,1.0,5.0,3,26,1315,1,1,1,1,1,2,7,2,2
6540,201600002899,3.0,2,1,1,11.0,0.0,0.0,0.0,2014.0,A01,1.0,7,0,0.0,2.0,1.0,5.0,3,26,1315,1,1,1,1,1,2,7,2,2
6541,201600002899,4.0,2,2,1,11.0,0.0,0.0,0.0,2014.0,A01,1.0,7,0,0.0,2.0,1.0,5.0,3,26,1315,1,1,1,1,1,2,7,2,2