,Num_Acc,place,catu,grav,sexe,secu,locp,actp,etatp,an_nais,num_veh,senc,catv,occutc,obs,obsm,choc,manv,mois,jour,hrmn,lum,agg,int,atm,col,mom,catvopp,catv_gen,catvopp_gen
6696,201600002974,1.0,1,4,2,11.0,0.0,0.0,0.0,1953.0,B02,2.0,7,0,0.0,0.0,1.0,1.0,3,27,1115,1,1,3,1,1,1,7,2,2
6697,201600002974,2.0,2,4,1,11.0,0.0,0.0,0.0,1950.0,B02,2.0,7,0,0.0,0.0,1.0,1.0,3,27,1115,1,1,3,1,1,1,7,2,2
6698,201600002975,1.0,1,3,1,21.0,0.0,0.0,0.0,1979.0,C03,1.0,33,0,0.0,2.0,8.0,2.0,4,9,1815,1,1,1,1,5,4,7,1,2
6699,201600002975,1.0,1,1,1,11.0,0.0,0.0,0.0,1972.0,B02,2.0,7,0,0.0,2.0,1.0,1.0,4,9,1815,1,1,1,1,5,4,33,2,1
6700,201600002975,1.0,1,3,2,11.0,0.0,0.0,0.0,1991.0,A01,1.0,7,0,0.0,2.0,1.0,13.0,4,9,1815,1,1,1,1,5,4,33,2,1
6701,201600002976,1.0,1,1,1,11.0,0.0,0.0,0.0,1963.0,B02,2.0,7,0,0.0,2.0,4.0,2.0,6,11,1200,1,2,1,1,2,2,33,2,1
6702,201600002976,1.0,1,3,1,21.0,0.0,0.0,0.0,1994.0,A01,2.0,33,0,0.0,2.0,1.0,2.0,6,11,1200,1,2,1,1,2,2,7,1,2
6703,201600002977,1.0,1,4,1,11.0,0.0,0.0,0.0,1958.0,B02,2.0,7,0,0.0,2.0,7.0,10.0,6,28,715,1,1,1,1,1,1,7,2,2
6704,201600002977,1.0,1,4,2,11.0,0.0,0.0,0.0,1996.0,A01,1.0,7,0,0.0,2.0,1.0,1.0,6,28,715,1,1,1,1,1,1,7,2,2
6705,201600002978,1.0,1,3,1,21.0,0.0,0.0,0.0,1968.0,A01,1.0,33,0,0.0,2.0,2.0,1.0,6,28,1700,1,1,1,1,1,3,1,1,1
6706,201600002978,1.0,1,4,1,21.0,0.0,0.0,0.0,1947.0,B02,2.0,1,0,0.0,2.0,3.0,13.0,6,28,1700,1,1,1,1,1,3,33,1,1
6707,201600002979,1.0,1,4,2,11.0,0.0,0.0,0.0,1960.0,A01,1.0,7,0,0.0,0.0,6.0,15.0,7,5,1745,1,1,1,1,3,3,34,2,1
6708,201600002979,1.0,1,3,1,21.0,0.0,0.0,0.0,1984.0,B02,1.0,34,0,0.0,2.0,1.0,17.0,7,5,1745,1,1,1,1,3,3,7,1,2
6709,201600002980,1.0,1,1,1,11.0,0.0,0.0,0.0,1986.0,A01,1.0,7,0,0.0,2.0,3.0,13.0,7,22,1745,1,1,1,1,1,3,7,2,2
6710,201600002980,1.0,1,3,2,11.0,0.0,0.0,0.0,1990.0,B02,2.0,7,0,0.0,2.0,3.0,1.0,7,22,1745,1,1,1,1,1,3,7,2,2
6711,201600002981,1.0,1,4,1,11.0,0.0,0.0,0.0,1992.0,A01,2.0,17,0,0.0,0.0,8.0,15.0,8,31,945,1,1,2,1,3,1,33,3,1
6712,201600002981,1.0,1,3,2,21.0,0.0,0.0,0.0,1993.0,B02,2.0,33,0,0.0,2.0,1.0,17.0,8,31,945,1,1,2,1,3,1,17,1,3
6713,201600002982,1.0,1,3,2,11.0,0.0,0.0,0.0,1994.0,A01,2.0,7,0,2.0,0.0,1.0,13.0,11,5,1915,3,1,1,8,7,4,7,2,2
6714,201600002982,2.0,2,3,2,11.0,0.0,0.0,0.0,1996.0,A01,2.0,7,0,2.0,0.0,1.0,13.0,11,5,1915,3,1,1,8,7,4,7,2,2
6715,201600002983,1.0,1,2,2,12.0,0.0,0.0,0.0,1941.0,A01,2.0,7,0,0.0,2.0,1.0,13.0,11,23,1445,1,1,1,2,1,3,7,2,2
6716,201600002983,1.0,1,1,2,11.0,0.0,0.0,0.0,1995.0,B02,1.0,7,0,0.0,2.0,1.0,1.0,11,23,1445,1,1,1,2,1,3,7,2,2
6717,201600002984,1.0,1,3,1,21.0,0.0,0.0,0.0,1991.0,A01,1.0,33,0,13.0,0.0,1.0,1.0,12,12,1515,1,1,1,1,7,3,33,1,1
6718,201600002985,1.0,1,4,2,11.0,0.0,0.0,0.0,1969.0,B02,2.0,7,0,0.0,2.0,4.0,2.0,1,28,645,5,2,1,1,2,1,7,2,2
6719,201600002985,1.0,1,4,2,11.0,0.0,0.0,0.0,1968.0,A01,2.0,7,0,0.0,2.0,1.0,2.0,1,28,645,5,2,1,1,2,1,7,2,2
6720,201600002986,2.0,2,3,1,11.0,0.0,0.0,0.0,1930.0,A01,1.0,7,0,0.0,2.0,1.0,13.0,1,30,1700,1,1,1,1,1,3,7,2,2
6721,201600002986,1.0,1,3,1,11.0,0.0,0.0,0.0,1953.0,A01,1.0,7,0,0.0,2.0,1.0,13.0,1,30,1700,1,1,1,1,1,3,7,2,2
6722,201600002986,1.0,1,1,1,11.0,0.0,0.0,0.0,1955.0,B02,2.0,7,0,0.0,2.0,1.0,1.0,1,30,1700,1,1,1,1,1,3,7,2,2
6723,201600002987,1.0,1,4,1,21.0,0.0,0.0,0.0,1959.0,A01,2.0,33,0,0.0,2.0,1.0,17.0,2,3,1645,1,1,9,1,3,3,1,1,1
6724,201600002987,1.0,1,3,1,1.0,0.0,0.0,0.0,1946.0,B02,2.0,1,0,0.0,2.0,8.0,15.0,2,3,1645,1,1,9,1,3,3,33,1,1
6725,201600002988,1.0,1,3,1,11.0,0.0,0.0,0.0,1921.0,B02,1.0,7,0,0.0,2.0,1.0,1.0,2,8,1900,5,2,1,2,2,4,7,2,2
6726,201600002988,1.0,1,4,1,11.0,0.0,0.0,0.0,1961.0,A01,1.0,7,0,0.0,2.0,4.0,23.0,2,8,1900,5,2,1,2,2,4,7,2,2
6727,201600002989,1.0,1,3,1,21.0,0.0,0.0,0.0,1999.0,A01,2.0,30,0,1.0,0.0,1.0,1.0,2,9,1745,1,2,1,2,2,3,7,1,2
6728,201600002989,1.0,1,1,2,11.0,0.0,0.0,0.0,1966.0,B02,2.0,7,0,0.0,2.0,4.0,23.0,2,9,1745,1,2,1,2,2,3,30,2,1
6729,201600002990,1.0,1,2,1,11.0,0.0,0.0,0.0,1996.0,A01,2.0,7,0,0.0,2.0,3.0,13.0,2,16,1800,2,1,1,1,1,4,10,2,2
6730,201600002990,2.0,2,3,2,11.0,0.0,0.0,0.0,1996.0,A01,2.0,7,0,0.0,2.0,3.0,13.0,2,16,1800,2,1,1,1,1,4,10,2,2
6731,201600002990,5.0,2,3,2,11.0,0.0,0.0,0.0,1996.0,A01,2.0,7,0,0.0,2.0,3.0,13.0,2,16,1800,2,1,1,1,1,4,10,2,2
6732,201600002990,1.0,1,4,1,11.0,0.0,0.0,0.0,1962.0,B02,1.0,10,0,0.0,2.0,3.0,1.0,2,16,1800,2,1,1,1,1,4,7,2,2
6733,201600002991,1.0,1,1,1,11.0,0.0,0.0,0.0,1967.0,B02,1.0,15,0,0.0,2.0,3.0,1.0,3,11,2020,3,1,1,1,1,4,33,3,1
6734,201600002991,1.0,1,2,1,21.0,0.0,0.0,0.0,1971.0,A01,2.0,33,0,0.0,2.0,3.0,1.0,3,11,2020,3,1,1,1,1,4,15,1,3
6735,201600002992,1.0,1,4,1,11.0,0.0,0.0,0.0,1927.0,A01,1.0,7,0,0.0,0.0,3.0,19.0,4,23,1100,1,1,1,1,3,1,33,2,1
6736,201600002992,1.0,1,3,1,21.0,0.0,0.0,0.0,1993.0,B02,2.0,33,0,0.0,2.0,1.0,1.0,4,23,1100,1,1,1,1,3,1,7,1,2
6737,201600002993,2.0,2,1,1,11.0,0.0,0.0,0.0,1982.0,A01,2.0,7,0,0.0,2.0,2.0,14.0,5,23,745,1,1,1,1,2,1,1,2,1
6738,201600002993,1.0,1,1,1,11.0,0.0,0.0,0.0,1976.0,A01,2.0,7,0,0.0,2.0,2.0,14.0,5,23,745,1,1,1,1,2,1,1,2,1
6739,201600002993,1.0,1,3,2,21.0,0.0,0.0,0.0,1981.0,B02,2.0,1,0,0.0,2.0,4.0,1.0,5,23,745,1,1,1,1,2,1,7,1,2
6740,201600002994,1.0,1,3,1,21.0,0.0,0.0,0.0,1995.0,A01,0.0,33,0,0.0,0.0,2.0,1.0,6,4,1945,1,1,1,1,6,4,33,1,1
6741,201600002995,1.0,1,4,1,21.0,0.0,0.0,0.0,1993.0,A01,2.0,33,0,0.0,1.0,1.0,1.0,7,7,845,1,1,1,1,6,1,33,1,1
6742,201600002995,0.0,3,3,1,0.0,1.0,3.0,1.0,1988.0,A01,2.0,33,0,0.0,1.0,1.0,1.0,7,7,845,1,1,1,1,6,1,33,1,1
6743,201600002996,1.0,1,3,2,11.0,0.0,0.0,0.0,1943.0,A01,1.0,7,0,0.0,2.0,8.0,19.0,7,27,1000,1,1,4,1,3,1,7,2,2
6744,201600002996,1.0,1,4,1,11.0,0.0,0.0,0.0,1955.0,B02,2.0,7,0,0.0,2.0,1.0,1.0,7,27,1000,1,1,4,1,3,1,7,2,2
6745,201600002996,2.0,2,4,2,11.0,0.0,0.0,0.0,1969.0,B02,2.0,7,0,0.0,2.0,1.0,1.0,7,27,1000,1,1,4,1,3,1,7,2,2
6746,201600002997,1.0,1,1,2,11.0,0.0,0.0,0.0,1968.0,A01,2.0,7,0,0.0,2.0,1.0,2.0,8,7,1500,1,2,2,1,2,3,7,2,2
6747,201600002997,1.0,1,4,1,11.0,0.0,0.0,0.0,1961.0,B02,2.0,7,0,0.0,0.0,4.0,23.0,8,7,1500,1,2,2,1,2,3,7,2,2
6748,201600002998,1.0,1,3,1,21.0,0.0,0.0,0.0,1997.0,B02,1.0,31,0,0.0,2.0,1.0,1.0,9,13,800,1,1,6,1,3,1,7,1,2
6749,201600002998,1.0,1,1,2,11.0,0.0,0.0,0.0,1982.0,A01,1.0,7,0,0.0,2.0,3.0,9.0,9,13,800,1,1,6,1,3,1,31,2,1
6750,201600002999,1.0,1,4,1,11.0,0.0,0.0,0.0,1964.0,A01,1.0,7,0,13.0,0.0,2.0,1.0,9,25,1630,1,1,1,2,7,3,7,2,2
6751,201600003000,1.0,1,3,1,21.0,0.0,0.0,0.0,1975.0,A01,1.0,32,0,13.0,0.0,1.0,1.0,10,13,1515,1,1,1,1,7,3,32,1,1
6752,201600003001,2.0,2,3,1,11.0,0.0,0.0,0.0,1992.0,A01,1.0,7,0,3.0,0.0,1.0,6.0,10,21,300,5,1,6,5,7,0,7,2,2
6753,201600003001,1.0,1,3,1,11.0,0.0,0.0,0.0,1967.0,A01,1.0,7,0,3.0,0.0,1.0,6.0,10,21,300,5,1,6,5,7,0,7,2,2
6754,201600003002,1.0,1,3,1,11.0,0.0,0.0,0.0,1931.0,A01,2.0,7,0,0.0,2.0,3.0,13.0,10,30,645,3,2,1,5,1,1,7,2,2
6755,201600003002,1.0,1,1,1,11.0,0.0,0.0,0.0,1962.0,B02,1.0,7,0,0.0,2.0,3.0,1.0,10,30,645,3,2,1,5,1,1,7,2,2
6756,201600003002,2.0,2,1,1,11.0,0.0,0.0,0.0,1964.0,B02,1.0,7,0,0.0,2.0,3.0,1.0,10,30,645,3,2,1,5,1,1,7,2,2
6757,201600003002,3.0,2,1,1,11.0,0.0,0.0,0.0,1994.0,B02,1.0,7,0,0.0,2.0,3.0,1.0,10,30,645,3,2,1,5,1,1,7,2,2
6758,201600003002,4.0,2,4,1,11.0,0.0,0.0,0.0,1990.0,B02,1.0,7,0,0.0,2.0,3.0,1.0,10,30,645,3,2,1,5,1,1,7,2,2
6759,201600003003,1.0,1,1,1,13.0,0.0,0.0,0.0,1969.0,A01,0.0,7,0,0.0,1.0,3.0,1.0,11,24,730,5,2,1,2,6,1,7,2,2
6760,201600003003,0.0,3,3,1,0.0,4.0,3.0,1.0,2004.0,A01,0.0,7,0,0.0,1.0,3.0,1.0,11,24,730,5,2,1,2,6,1,7,2,2
6761,201600003004,1.0,1,3,1,11.0,0.0,0.0,0.0,1996.0,A01,2.0,7,0,2.0,0.0,9.0,1.0,11,23,1930,3,1,1,3,7,4,7,2,2
6762,201600003005,1.0,1,2,2,11.0,0.0,0.0,0.0,1972.0,B02,1.0,7,0,0.0,2.0,2.0,1.0,12,1,1930,3,1,1,1,3,4,7,2,2
6763,201600003005,1.0,1,3,1,11.0,0.0,0.0,0.0,1968.0,A01,2.0,7,0,0.0,2.0,3.0,13.0,12,1,1930,3,1,1,1,3,4,7,2,2
6764,201600003006,1.0,1,3,1,11.0,0.0,0.0,0.0,1944.0,A01,2.0,10,0,12.0,2.0,2.0,1.0,12,7,1505,1,1,2,7,3,3,7,2,2
6765,201600003006,1.0,1,2,1,11.0,0.0,0.0,0.0,1947.0,B02,0.0,7,0,0.0,2.0,3.0,19.0,12,7,1505,1,1,2,7,3,3,10,2,2
6766,201600003007,2.0,2,3,2,11.0,0.0,0.0,0.0,1941.0,B02,2.0,7,0,0.0,2.0,1.0,1.0,12,19,1530,1,1,1,1,1,3,7,2,2
6767,201600003007,1.0,1,1,2,11.0,0.0,0.0,0.0,1977.0,B02,2.0,7,0,0.0,2.0,1.0,1.0,12,19,1530,1,1,1,1,1,3,7,2,2
6768,201600003007,1.0,1,4,1,12.0,0.0,0.0,0.0,1997.0,A01,1.0,7,0,0.0,2.0,2.0,13.0,12,19,1530,1,1,1,1,1,3,7,2,2
6769,201600003008,1.0,1,4,2,21.0,0.0,0.0,0.0,2000.0,B02,1.0,30,0,0.0,2.0,1.0,1.0,3,27,2015,2,2,3,1,3,4,7,1,2
6770,201600003008,1.0,1,1,2,11.0,0.0,0.0,0.0,1989.0,A01,1.0,7,0,0.0,2.0,8.0,19.0,3,27,2015,2,2,3,1,3,4,30,2,1
6771,201600003009,1.0,1,3,1,41.0,0.0,0.0,0.0,1943.0,B02,1.0,1,0,0.0,2.0,4.0,19.0,7,23,1130,1,1,1,1,3,1,7,1,2
6772,201600003009,1.0,1,1,1,11.0,0.0,0.0,0.0,1951.0,A01,1.0,7,0,0.0,2.0,8.0,1.0,7,23,1130,1,1,1,1,3,1,1,2,1
6773,201600003010,1.0,1,3,1,21.0,0.0,0.0,0.0,1996.0,A01,2.0,33,0,0.0,2.0,1.0,1.0,9,30,1515,1,1,3,1,2,3,10,1,2
6774,201600003010,1.0,1,1,1,11.0,0.0,0.0,0.0,1969.0,B02,2.0,10,0,0.0,0.0,4.0,15.0,9,30,1515,1,1,3,1,2,3,33,2,1
6775,201600003011,1.0,1,1,1,11.0,0.0,0.0,0.0,1932.0,A01,2.0,7,0,0.0,1.0,3.0,15.0,10,4,1100,1,2,2,1,6,1,7,2,2
6776,201600003011,0.0,3,3,1,0.0,4.0,3.0,1.0,1958.0,A01,2.0,7,0,0.0,1.0,3.0,15.0,10,4,1100,1,2,2,1,6,1,7,2,2
6777,201600003012,1.0,1,3,1,21.0,0.0,0.0,0.0,2001.0,A01,1.0,30,0,0.0,2.0,7.0,1.0,12,20,1745,2,1,3,1,3,3,7,1,2
6778,201600003012,1.0,1,4,1,11.0,0.0,0.0,0.0,1986.0,B02,0.0,7,0,0.0,2.0,1.0,15.0,12,20,1745,2,1,3,1,3,3,30,2,1
6779,201600003013,1.0,1,2,2,12.0,0.0,0.0,0.0,1954.0,A01,0.0,7,0,16.0,0.0,1.0,13.0,8,8,1315,1,1,1,1,7,2,7,2,2
6780,201600003014,1.0,1,1,1,11.0,0.0,0.0,0.0,1959.0,A01,2.0,7,0,0.0,2.0,2.0,19.0,9,4,1530,1,1,2,1,3,3,7,2,2
6781,201600003014,1.0,1,4,1,11.0,0.0,0.0,0.0,1973.0,B02,2.0,7,0,0.0,2.0,1.0,1.0,9,4,1530,1,1,2,1,3,3,7,2,2
6782,201600003014,2.0,2,4,2,11.0,0.0,0.0,0.0,1983.0,B02,2.0,7,0,0.0,2.0,1.0,1.0,9,4,1530,1,1,2,1,3,3,7,2,2
6783,201600003014,5.0,2,4,1,11.0,0.0,0.0,0.0,2003.0,B02,2.0,7,0,0.0,2.0,1.0,1.0,9,4,1530,1,1,2,1,3,3,7,2,2
6784,201600003015,1.0,1,3,1,11.0,0.0,0.0,0.0,1996.0,A01,2.0,7,0,2.0,0.0,2.0,14.0,9,8,1245,1,1,1,1,7,2,7,2,2
6785,201600003016,1.0,1,3,1,21.0,0.0,0.0,0.0,1952.0,B02,1.0,1,0,0.0,2.0,1.0,1.0,10,27,1630,1,1,2,1,5,3,7,1,2
6786,201600003016,1.0,1,4,1,21.0,0.0,0.0,0.0,1950.0,A01,1.0,1,0,0.0,2.0,1.0,1.0,10,27,1630,1,1,2,1,5,3,7,1,2
6787,201600003016,1.0,1,1,2,11.0,0.0,0.0,0.0,1966.0,C03,0.0,7,0,0.0,9.0,7.0,9.0,10,27,1630,1,1,2,1,5,3,1,2,1
6788,201600003017,1.0,1,3,1,21.0,0.0,0.0,0.0,1951.0,A01,0.0,33,0,16.0,0.0,8.0,1.0,1,29,1915,2,1,1,1,7,4,33,1,1
6789,201600003018,1.0,1,3,1,21.0,0.0,0.0,0.0,2001.0,A01,0.0,30,0,0.0,0.0,8.0,13.0,1,17,1000,1,1,1,1,7,1,30,1,1
6790,201600003019,1.0,1,2,1,11.0,0.0,0.0,0.0,1982.0,C03,1.0,7,0,0.0,2.0,1.0,1.0,12,14,1830,3,1,1,1,5,4,10,2,2
6791,201600003019,1.0,1,1,2,11.0,0.0,0.0,0.0,1985.0,E05,1.0,7,0,0.0,2.0,8.0,1.0,12,14,1830,3,1,1,1,5,4,10,2,2
6792,201600003019,1.0,1,2,1,11.0,0.0,0.0,0.0,1978.0,A01,1.0,7,0,0.0,2.0,6.0,17.0,12,14,1830,3,1,1,1,5,4,10,2,2
6793,201600003019,1.0,1,3,1,11.0,0.0,0.0,0.0,1988.0,D04,1.0,10,0,0.0,2.0,1.0,1.0,12,14,1830,3,1,1,1,5,4,14,2,3
6794,201600003019,1.0,1,4,1,11.0,0.0,0.0,0.0,1950.0,B02,2.0,14,0,0.0,2.0,3.0,1.0,12,14,1830,3,1,1,1,5,4,10,3,2
6795,201600003020,1.0,1,1,1,11.0,0.0,0.0,0.0,1966.0,A01,1.0,7,0,0.0,1.0,2.0,21.0,12,17,1630,1,2,1,1,6,3,7,2,2
6796,201600003020,0.0,3,3,2,0.0,4.0,3.0,2.0,1996.0,A01,1.0,7,0,0.0,1.0,2.0,21.0,12,17,1630,1,2,1,1,6,3,7,2,2
6797,201600003021,1.0,1,1,1,11.0,0.0,0.0,0.0,1964.0,A01,1.0,7,0,0.0,2.0,2.0,17.0,3,17,930,1,1,1,1,3,1,1,2,1
6798,201600003021,1.0,1,2,1,42.0,0.0,0.0,0.0,1937.0,B02,1.0,1,0,0.0,2.0,8.0,13.0,3,17,930,1,1,1,1,3,1,7,1,2
6799,201600003022,1.0,1,3,1,11.0,0.0,0.0,0.0,1955.0,A01,2.0,7,0,0.0,2.0,1.0,17.0,8,2,1500,1,1,1,1,1,3,7,2,2
6800,201600003022,2.0,2,3,2,11.0,0.0,0.0,0.0,1960.0,A01,2.0,7,0,0.0,2.0,1.0,17.0,8,2,1500,1,1,1,1,1,3,7,2,2
6801,201600003022,1.0,1,4,1,11.0,0.0,0.0,0.0,1963.0,B02,1.0,7,0,0.0,2.0,1.0,1.0,8,2,1500,1,1,1,1,1,3,7,2,2
6802,201600003022,2.0,2,4,2,11.0,0.0,0.0,0.0,1959.0,B02,1.0,7,0,0.0,2.0,1.0,1.0,8,2,1500,1,1,1,1,1,3,7,2,2
6803,201600003023,1.0,1,3,1,11.0,0.0,0.0,0.0,1981.0,A01,1.0,10,0,6.0,0.0,3.0,13.0,8,5,1845,1,2,1,1,7,4,10,2,2
6804,201600003024,1.0,1,4,1,11.0,0.0,0.0,0.0,1984.0,B02,2.0,7,0,0.0,2.0,8.0,1.0,8,12,1845,1,1,2,1,3,4,7,2,2
6805,201600003024,1.0,1,4,2,11.0,0.0,0.0,0.0,1968.0,A01,2.0,7,0,0.0,2.0,1.0,19.0,8,12,1845,1,1,2,1,3,4,7,2,2
6806,201600003025,1.0,1,2,1,11.0,0.0,0.0,0.0,1935.0,A01,1.0,7,0,13.0,0.0,1.0,1.0,10,15,1315,1,1,1,1,6,2,7,2,2
6807,201600003026,1.0,1,3,1,21.0,0.0,0.0,0.0,1961.0,A01,1.0,36,0,13.0,0.0,1.0,13.0,10,15,1800,1,1,1,1,7,4,36,1,1
6808,201600003026,2.0,2,3,2,21.0,0.0,0.0,0.0,1997.0,A01,1.0,36,0,13.0,0.0,1.0,13.0,10,15,1800,1,1,1,1,7,4,36,1,1
6809,201600003027,1.0,1,4,1,11.0,0.0,0.0,0.0,1999.0,A01,2.0,7,0,0.0,2.0,3.0,16.0,11,28,815,1,1,2,5,1,1,7,2,2
6810,201600003027,2.0,2,4,1,11.0,0.0,0.0,0.0,1972.0,A01,2.0,7,0,0.0,2.0,3.0,16.0,11,28,815,1,1,2,5,1,1,7,2,2
6811,201600003027,1.0,1,3,2,11.0,0.0,0.0,0.0,1988.0,B02,2.0,7,0,0.0,2.0,1.0,1.0,11,28,815,1,1,2,5,1,1,7,2,2
6812,201600003028,1.0,1,1,1,11.0,0.0,0.0,0.0,1970.0,A01,2.0,7,0,0.0,2.0,7.0,13.0,6,10,845,1,1,1,1,1,1,7,2,2
6813,201600003028,2.0,2,2,2,11.0,0.0,0.0,0.0,2001.0,A01,2.0,7,0,0.0,2.0,7.0,13.0,6,10,845,1,1,1,1,1,1,7,2,2
6814,201600003028,1.0,1,1,2,11.0,0.0,0.0,0.0,1974.0,B02,1.0,7,0,0.0,2.0,1.0,1.0,6,10,845,1,1,1,1,1,1,7,2,2
6815,201600003029,1.0,1,3,1,11.0,0.0,0.0,0.0,1995.0,A01,1.0,7,0,13.0,0.0,3.0,14.0,6,25,745,1,1,1,1,6,1,7,2,2
6816,201600003030,1.0,1,3,1,21.0,0.0,0.0,0.0,1987.0,A01,1.0,33,0,15.0,0.0,9.0,14.0,7,1,2245,5,2,1,1,6,5,33,1,1
6817,201600003031,1.0,1,1,2,11.0,0.0,0.0,0.0,1961.0,B02,2.0,7,0,0.0,0.0,6.0,1.0,7,8,1900,1,1,3,1,5,4,7,2,2
6818,201600003031,1.0,1,4,2,11.0,0.0,0.0,0.0,1973.0,A01,2.0,7,0,0.0,0.0,1.0,21.0,7,8,1900,1,1,3,1,5,4,7,2,2
6819,201600003031,1.0,1,3,1,11.0,0.0,0.0,0.0,1969.0,C03,1.0,7,0,0.0,0.0,3.0,1.0,7,8,1900,1,1,3,1,5,4,7,2,2
6820,201600003032,1.0,1,1,1,11.0,0.0,0.0,0.0,1930.0,A01,2.0,7,0,0.0,2.0,7.0,15.0,9,1,1400,1,1,2,1,3,3,33,2,1
6821,201600003032,1.0,1,3,1,21.0,0.0,0.0,0.0,1992.0,B02,1.0,33,0,0.0,2.0,1.0,1.0,9,1,1400,1,1,2,1,3,3,7,1,2
6822,201600003033,1.0,1,1,1,11.0,0.0,0.0,0.0,1923.0,A01,1.0,7,0,0.0,1.0,2.0,1.0,2,27,945,1,2,6,1,6,1,7,2,2
6823,201600003033,0.0,3,3,2,0.0,4.0,3.0,1.0,1929.0,A01,1.0,7,0,0.0,1.0,2.0,1.0,2,27,945,1,2,6,1,6,1,7,2,2
6824,201600003034,1.0,1,3,1,11.0,0.0,0.0,0.0,1996.0,A01,1.0,7,0,13.0,0.0,2.0,14.0,3,20,100,3,1,1,2,7,0,7,2,2
6825,201600003034,2.0,2,1,2,11.0,0.0,0.0,0.0,1999.0,A01,1.0,7,0,13.0,0.0,2.0,14.0,3,20,100,3,1,1,2,7,0,7,2,2
6826,201600003034,3.0,2,4,2,11.0,0.0,0.0,0.0,1998.0,A01,1.0,7,0,13.0,0.0,2.0,14.0,3,20,100,3,1,1,2,7,0,7,2,2
6827,201600003035,1.0,1,4,1,11.0,0.0,0.0,0.0,1979.0,A01,2.0,7,0,13.0,6.0,1.0,19.0,6,13,1841,1,1,1,2,6,4,7,2,2
6828,201600003036,1.0,1,4,2,11.0,0.0,0.0,0.0,1994.0,A01,1.0,7,0,13.0,0.0,9.0,13.0,12,30,2030,3,1,3,1,7,4,7,2,2
6829,201600003036,2.0,2,3,1,11.0,0.0,0.0,0.0,1988.0,A01,1.0,7,0,13.0,0.0,9.0,13.0,12,30,2030,3,1,3,1,7,4,7,2,2
6830,201600003036,5.0,2,3,2,11.0,0.0,0.0,0.0,1972.0,A01,1.0,7,0,13.0,0.0,9.0,13.0,12,30,2030,3,1,3,1,7,4,7,2,2
6831,201600003037,1.0,1,4,1,11.0,0.0,0.0,0.0,1976.0,A01,0.0,7,0,2.0,0.0,1.0,14.0,7,22,2100,2,1,1,2,6,4,7,2,2
6832,201600003037,2.0,2,4,1,11.0,0.0,0.0,0.0,1999.0,A01,0.0,7,0,2.0,0.0,1.0,14.0,7,22,2100,2,1,1,2,6,4,7,2,2
6833,201600003037,8.0,2,4,1,13.0,0.0,0.0,0.0,2002.0,A01,0.0,7,0,2.0,0.0,1.0,14.0,7,22,2100,2,1,1,2,6,4,7,2,2
6834,201600003037,9.0,2,1,1,11.0,0.0,0.0,0.0,2000.0,A01,0.0,7,0,2.0,0.0,1.0,14.0,7,22,2100,2,1,1,2,6,4,7,2,2
6835,201600003038,1.0,1,1,1,11.0,0.0,0.0,0.0,1925.0,A01,1.0,7,0,0.0,1.0,2.0,1.0,8,16,845,1,2,1,7,6,1,7,2,2
6836,201600003038,0.0,3,2,2,0.0,1.0,1.0,1.0,1934.0,A01,1.0,7,0,0.0,1.0,2.0,1.0,8,16,845,1,2,1,7,6,1,7,2,2
6837,201600003039,1.0,1,3,1,11.0,0.0,0.0,0.0,1994.0,A01,0.0,7,0,2.0,0.0,3.0,13.0,11,8,930,1,1,1,2,7,1,7,2,2
6838,201600003040,1.0,1,1,1,11.0,0.0,0.0,0.0,1987.0,B02,0.0,10,0,0.0,2.0,2.0,1.0,2,24,1700,1,1,2,8,3,3,7,2,2
6839,201600003040,1.0,1,3,2,11.0,0.0,0.0,0.0,1968.0,A01,0.0,7,0,0.0,2.0,3.0,1.0,2,24,1700,1,1,2,8,3,3,10,2,2
6840,201600003041,1.0,1,3,1,21.0,0.0,0.0,0.0,1968.0,B02,1.0,32,0,0.0,2.0,1.0,1.0,5,27,1615,1,1,2,1,3,3,7,1,2
6841,201600003041,1.0,1,1,2,11.0,0.0,0.0,0.0,1965.0,A01,1.0,7,0,0.0,2.0,5.0,19.0,5,27,1615,1,1,2,1,3,3,32,2,1
6842,201600003042,1.0,1,3,1,11.0,0.0,0.0,0.0,1928.0,A01,1.0,7,0,0.0,2.0,3.0,15.0,7,22,2000,2,1,3,3,5,4,7,2,2
6843,201600003042,1.0,1,3,1,11.0,0.0,0.0,0.0,1985.0,B02,2.0,7,0,0.0,2.0,1.0,1.0,7,22,2000,2,1,3,3,5,4,7,2,2
6844,201600003042,1.0,1,1,1,11.0,0.0,0.0,0.0,1981.0,C03,1.0,7,0,0.0,2.0,3.0,1.0,7,22,2000,2,1,3,3,5,4,7,2,2
6845,201600003043,1.0,1,4,1,11.0,0.0,0.0,0.0,1996.0,A01,2.0,7,0,0.0,2.0,1.0,13.0,8,10,1815,1,1,1,1,5,4,10,2,2
6846,201600003043,1.0,1,4,1,11.0,0.0,0.0,0.0,1982.0,B02,1.0,10,0,0.0,2.0,8.0,1.0,8,10,1815,1,1,1,1,5,4,7,2,2
6847,201600003043,1.0,1,4,1,11.0,0.0,0.0,0.0,1942.0,C03,1.0,10,0,0.0,2.0,1.0,1.0,8,10,1815,1,1,1,1,5,4,7,2,2
6848,201600003043,2.0,2,3,2,11.0,0.0,0.0,0.0,1946.0,C03,1.0,10,0,0.0,2.0,1.0,1.0,8,10,1815,1,1,1,1,5,4,7,2,2