,Num_Acc,place,catu,grav,sexe,secu,locp,actp,etatp,an_nais,num_veh,senc,catv,occutc,obs,obsm,choc,manv,mois,jour,hrmn,lum,agg,int,atm,col,mom,catvopp,catv_gen,catvopp_gen
7773,201600003451,1.0,1,1,2,11.0,0.0,0.0,0.0,1970.0,A01,1.0,7,0,0.0,2.0,1.0,15.0,10,26,815,2,1,1,1,1,1,33,2,1
7774,201600003451,1.0,1,3,1,21.0,0.0,0.0,0.0,1977.0,B02,2.0,33,0,0.0,2.0,1.0,1.0,10,26,815,2,1,1,1,1,1,7,1,2
7775,201600003452,1.0,1,1,1,11.0,0.0,0.0,0.0,1930.0,A01,1.0,7,0,0.0,1.0,1.0,1.0,12,1,1615,1,2,1,1,6,3,7,2,2
7776,201600003452,0.0,3,3,2,0.0,3.0,3.0,2.0,1951.0,A01,1.0,7,0,0.0,1.0,1.0,1.0,12,1,1615,1,2,1,1,6,3,7,2,2
7777,201600003452,0.0,3,3,2,0.0,4.0,3.0,2.0,2012.0,A01,1.0,7,0,0.0,1.0,1.0,1.0,12,1,1615,1,2,1,1,6,3,7,2,2
7778,201600003453,0.0,3,4,2,0.0,4.0,3.0,1.0,2000.0,A01,2.0,7,0,0.0,1.0,2.0,1.0,2,8,715,2,2,1,1,6,1,7,2,2
7779,201600003453,1.0,1,1,2,11.0,0.0,0.0,0.0,1953.0,A01,2.0,7,0,0.0,1.0,2.0,1.0,2,8,715,2,2,1,1,6,1,7,2,2
7780,201600003454,4.0,2,3,1,11.0,0.0,0.0,0.0,1978.0,A01,1.0,7,0,6.0,0.0,3.0,1.0,3,5,130,5,1,1,2,6,0,7,2,2
7781,201600003454,1.0,1,3,2,11.0,0.0,0.0,0.0,1982.0,A01,1.0,7,0,6.0,0.0,3.0,1.0,3,5,130,5,1,1,2,6,0,7,2,2
7782,201600003454,3.0,2,3,2,11.0,0.0,0.0,0.0,1979.0,A01,1.0,7,0,6.0,0.0,3.0,1.0,3,5,130,5,1,1,2,6,0,7,2,2
7783,201600003455,1.0,1,3,1,11.0,0.0,0.0,0.0,1960.0,A01,1.0,10,0,0.0,2.0,1.0,1.0,3,20,1300,1,1,1,1,3,2,7,2,2
7784,201600003455,1.0,1,2,1,12.0,0.0,0.0,0.0,1997.0,B02,2.0,7,0,0.0,2.0,7.0,13.0,3,20,1300,1,1,1,1,3,2,10,2,2
7785,201600003456,1.0,1,3,1,11.0,0.0,0.0,0.0,1995.0,A01,2.0,7,0,0.0,2.0,1.0,15.0,4,7,800,1,1,2,1,3,1,7,2,2
7786,201600003456,1.0,1,3,1,11.0,0.0,0.0,0.0,1981.0,B02,1.0,7,0,0.0,2.0,8.0,16.0,4,7,800,1,1,2,1,3,1,7,2,2
7787,201600003457,1.0,1,3,1,22.0,0.0,0.0,0.0,1987.0,A01,0.0,36,0,0.0,0.0,1.0,1.0,5,14,1715,1,1,1,1,7,3,36,1,1
7788,201600003458,1.0,1,3,1,21.0,0.0,0.0,0.0,1962.0,A01,1.0,30,0,0.0,2.0,3.0,13.0,5,25,2015,1,1,1,7,1,4,7,1,2
7789,201600003458,1.0,1,1,1,11.0,0.0,0.0,0.0,1970.0,B02,2.0,7,0,0.0,2.0,3.0,1.0,5,25,2015,1,1,1,7,1,4,30,2,1
7790,201600003458,2.0,2,1,1,11.0,0.0,0.0,0.0,1973.0,B02,2.0,7,0,0.0,2.0,3.0,1.0,5,25,2015,1,1,1,7,1,4,30,2,1
7791,201600003459,1.0,1,2,1,11.0,0.0,0.0,0.0,1998.0,B02,2.0,7,0,0.0,2.0,3.0,13.0,9,11,845,1,1,1,1,1,1,7,2,2
7792,201600003459,1.0,1,1,1,11.0,0.0,0.0,0.0,1962.0,A01,1.0,7,0,0.0,2.0,3.0,1.0,9,11,845,1,1,1,1,1,1,7,2,2
7793,201600003459,2.0,2,4,1,11.0,0.0,0.0,0.0,1929.0,A01,1.0,7,0,0.0,2.0,3.0,1.0,9,11,845,1,1,1,1,1,1,7,2,2
7794,201600003459,3.0,2,1,2,11.0,0.0,0.0,0.0,1932.0,A01,1.0,7,0,0.0,2.0,3.0,1.0,9,11,845,1,1,1,1,1,1,7,2,2
7795,201600003459,4.0,2,4,2,11.0,0.0,0.0,0.0,1955.0,A01,1.0,7,0,0.0,2.0,3.0,1.0,9,11,845,1,1,1,1,1,1,7,2,2
7796,201600003460,1.0,1,4,1,21.0,0.0,0.0,0.0,1971.0,B02,1.0,1,0,0.0,2.0,7.0,1.0,9,15,1830,1,1,1,1,3,4,7,1,2
7797,201600003460,1.0,1,1,1,11.0,0.0,0.0,0.0,1942.0,A01,2.0,7,0,0.0,2.0,1.0,9.0,9,15,1830,1,1,1,1,3,4,1,2,1
7798,201600003461,1.0,1,3,1,11.0,0.0,0.0,0.0,1970.0,A01,2.0,7,0,0.0,2.0,1.0,5.0,11,5,1600,1,1,1,1,1,3,7,2,2
7799,201600003461,1.0,1,3,2,11.0,0.0,0.0,0.0,1934.0,B02,1.0,7,0,0.0,2.0,1.0,1.0,11,5,1600,1,1,1,1,1,3,7,2,2
7800,201600003462,1.0,1,3,1,11.0,0.0,0.0,0.0,1991.0,A01,1.0,7,0,0.0,0.0,1.0,1.0,11,12,1515,1,1,1,2,7,3,7,2,2
7801,201600003463,1.0,1,2,1,12.0,0.0,0.0,0.0,1989.0,A01,2.0,7,0,0.0,0.0,8.0,1.0,12,4,930,1,1,2,1,3,1,7,2,2
7802,201600003463,1.0,1,4,1,11.0,0.0,0.0,0.0,1991.0,B02,2.0,7,0,0.0,2.0,1.0,1.0,12,4,930,1,1,2,1,3,1,7,2,2
7803,201600003464,1.0,1,1,1,11.0,0.0,0.0,0.0,1937.0,A01,1.0,7,0,13.0,0.0,2.0,1.0,12,11,2000,3,1,1,2,6,4,7,2,2
7804,201600003464,2.0,2,3,2,11.0,0.0,0.0,0.0,1939.0,A01,1.0,7,0,13.0,0.0,2.0,1.0,12,11,2000,3,1,1,2,6,4,7,2,2
7805,201600003465,1.0,1,3,2,11.0,0.0,0.0,0.0,1987.0,A01,1.0,10,0,0.0,2.0,1.0,17.0,3,3,900,1,1,1,1,1,1,10,2,2
7806,201600003465,2.0,2,4,2,11.0,0.0,0.0,0.0,1988.0,A01,1.0,10,0,0.0,2.0,1.0,17.0,3,3,900,1,1,1,1,1,1,10,2,2
7807,201600003465,3.0,2,3,1,11.0,0.0,0.0,0.0,1990.0,A01,1.0,10,0,0.0,2.0,1.0,17.0,3,3,900,1,1,1,1,1,1,10,2,2
7808,201600003465,1.0,1,4,1,11.0,0.0,0.0,0.0,1994.0,B02,1.0,10,0,0.0,2.0,8.0,15.0,3,3,900,1,1,1,1,1,1,10,2,2
7809,201600003466,1.0,1,3,1,22.0,0.0,0.0,0.0,1961.0,A01,0.0,36,0,13.0,0.0,5.0,4.0,3,13,1430,1,2,1,1,7,3,36,1,1
7810,201600003467,1.0,1,2,1,21.0,0.0,0.0,0.0,1961.0,A01,1.0,33,0,0.0,2.0,1.0,1.0,12,6,1500,1,1,2,1,3,3,10,1,2
7811,201600003467,1.0,1,3,1,11.0,0.0,0.0,0.0,1973.0,B02,1.0,10,0,0.0,2.0,8.0,1.0,12,6,1500,1,1,2,1,3,3,33,2,1
7812,201600003468,0.0,3,3,1,0.0,0.0,2.0,1.0,1989.0,A01,1.0,7,0,0.0,1.0,2.0,1.0,1,9,1445,1,1,1,1,6,3,7,2,2
7813,201600003468,3.0,2,1,1,11.0,0.0,0.0,0.0,1956.0,A01,1.0,7,0,0.0,1.0,2.0,1.0,1,9,1445,1,1,1,1,6,3,7,2,2
7814,201600003468,2.0,2,1,1,11.0,0.0,0.0,0.0,1925.0,A01,1.0,7,0,0.0,1.0,2.0,1.0,1,9,1445,1,1,1,1,6,3,7,2,2
7815,201600003468,1.0,1,1,1,11.0,0.0,0.0,0.0,1943.0,A01,1.0,7,0,0.0,1.0,2.0,1.0,1,9,1445,1,1,1,1,6,3,7,2,2
7816,201600003469,1.0,1,1,1,11.0,0.0,0.0,0.0,1967.0,B02,1.0,7,0,0.0,2.0,1.0,19.0,2,18,1500,1,1,2,2,5,3,7,2,2
7817,201600003469,1.0,1,1,2,11.0,0.0,0.0,0.0,1967.0,C03,2.0,7,0,0.0,2.0,8.0,23.0,2,18,1500,1,1,2,2,5,3,7,2,2
7818,201600003469,2.0,2,1,2,11.0,0.0,0.0,0.0,2000.0,C03,2.0,7,0,0.0,2.0,8.0,23.0,2,18,1500,1,1,2,2,5,3,7,2,2
7819,201600003469,1.0,1,4,2,11.0,0.0,0.0,0.0,1972.0,A01,1.0,7,0,0.0,2.0,2.0,1.0,2,18,1500,1,1,2,2,5,3,7,2,2
7820,201600003469,2.0,2,2,2,11.0,0.0,0.0,0.0,1944.0,A01,1.0,7,0,0.0,2.0,2.0,1.0,2,18,1500,1,1,2,2,5,3,7,2,2
7821,201600003469,3.0,2,1,2,11.0,0.0,0.0,0.0,2005.0,A01,1.0,7,0,0.0,2.0,2.0,1.0,2,18,1500,1,1,2,2,5,3,7,2,2
7822,201600003470,1.0,1,1,1,11.0,0.0,0.0,0.0,1934.0,A01,1.0,7,0,0.0,2.0,2.0,19.0,7,3,1630,1,1,2,1,3,3,33,2,1
7823,201600003470,2.0,2,1,2,11.0,0.0,0.0,0.0,1931.0,A01,1.0,7,0,0.0,2.0,2.0,19.0,7,3,1630,1,1,2,1,3,3,33,2,1
7824,201600003470,1.0,1,3,1,21.0,0.0,0.0,0.0,1956.0,B02,1.0,33,0,0.0,2.0,3.0,1.0,7,3,1630,1,1,2,1,3,3,7,1,2
7825,201600003471,1.0,1,1,1,11.0,0.0,0.0,0.0,1971.0,A01,1.0,7,0,0.0,2.0,6.0,15.0,11,6,1030,1,2,1,1,2,1,33,2,1
7826,201600003471,1.0,1,3,1,21.0,0.0,0.0,0.0,1970.0,B02,1.0,33,0,0.0,2.0,1.0,1.0,11,6,1030,1,2,1,1,2,1,7,1,2
7827,201600003472,1.0,1,2,2,21.0,0.0,0.0,0.0,1999.0,A01,2.0,30,0,1.0,0.0,1.0,1.0,12,10,1145,1,2,1,1,6,1,30,1,1
7828,201600003473,0.0,3,3,2,0.0,1.0,9.0,1.0,1971.0,A01,2.0,36,0,0.0,1.0,1.0,20.0,12,10,1130,1,2,1,1,6,1,36,1,1
7829,201600003473,1.0,1,1,1,23.0,0.0,0.0,0.0,1971.0,A01,2.0,36,0,0.0,1.0,1.0,20.0,12,10,1130,1,2,1,1,6,1,36,1,1
7830,201600003474,1.0,1,3,1,11.0,0.0,0.0,0.0,1940.0,A01,2.0,7,0,0.0,2.0,3.0,13.0,12,14,1615,1,1,1,1,1,3,7,2,2
7831,201600003474,2.0,2,3,2,11.0,0.0,0.0,0.0,1943.0,A01,2.0,7,0,0.0,2.0,3.0,13.0,12,14,1615,1,1,1,1,1,3,7,2,2
7832,201600003474,1.0,1,4,1,11.0,0.0,0.0,0.0,1943.0,B02,1.0,7,0,0.0,2.0,3.0,1.0,12,14,1615,1,1,1,1,1,3,7,2,2
7833,201600003474,2.0,2,4,2,11.0,0.0,0.0,0.0,1946.0,B02,1.0,7,0,0.0,2.0,3.0,1.0,12,14,1615,1,1,1,1,1,3,7,2,2
7834,201600003475,1.0,1,1,1,11.0,0.0,0.0,0.0,1965.0,A01,1.0,10,0,0.0,2.0,2.0,1.0,12,8,2000,3,1,1,1,2,4,30,2,1
7835,201600003475,1.0,1,3,2,21.0,0.0,0.0,0.0,2000.0,B02,1.0,30,0,0.0,2.0,4.0,1.0,12,8,2000,3,1,1,1,2,4,10,1,2
7836,201600003476,1.0,1,1,1,21.0,0.0,0.0,0.0,1961.0,A01,2.0,33,0,0.0,2.0,3.0,1.0,10,29,1158,1,1,4,1,3,1,33,1,1
7837,201600003476,1.0,1,3,1,21.0,0.0,0.0,0.0,1961.0,B02,2.0,33,0,0.0,2.0,7.0,16.0,10,29,1158,1,1,4,1,3,1,33,1,1
7838,201600003477,1.0,1,1,2,11.0,0.0,0.0,0.0,1945.0,B02,1.0,7,0,0.0,2.0,1.0,1.0,7,12,1900,1,2,1,1,1,4,33,2,1
7839,201600003477,1.0,1,2,1,21.0,0.0,0.0,0.0,1944.0,A01,2.0,33,0,11.0,2.0,2.0,17.0,7,12,1900,1,2,1,1,1,4,7,1,2
7840,201600003478,1.0,1,1,1,11.0,0.0,0.0,0.0,1959.0,A01,2.0,7,0,0.0,2.0,7.0,16.0,7,12,1915,1,1,4,1,3,4,31,2,1
7841,201600003478,1.0,1,3,2,21.0,0.0,0.0,0.0,1966.0,B02,2.0,31,0,0.0,2.0,1.0,1.0,7,12,1915,1,1,4,1,3,4,7,1,2
7842,201600003479,1.0,1,3,2,21.0,0.0,0.0,0.0,1965.0,A01,1.0,30,0,0.0,2.0,6.0,9.0,8,9,1200,1,2,6,1,6,2,30,1,1
7843,201600003480,5.0,2,3,1,13.0,0.0,0.0,0.0,2000.0,A01,2.0,7,0,2.0,0.0,7.0,13.0,8,21,345,3,1,1,1,6,0,7,2,2
7844,201600003480,4.0,2,3,1,11.0,0.0,0.0,0.0,1998.0,A01,2.0,7,0,2.0,0.0,7.0,13.0,8,21,345,3,1,1,1,6,0,7,2,2
7845,201600003480,3.0,2,3,2,13.0,0.0,0.0,0.0,1999.0,A01,2.0,7,0,2.0,0.0,7.0,13.0,8,21,345,3,1,1,1,6,0,7,2,2
7846,201600003480,2.0,2,3,1,13.0,0.0,0.0,0.0,1997.0,A01,2.0,7,0,2.0,0.0,7.0,13.0,8,21,345,3,1,1,1,6,0,7,2,2
7847,201600003480,1.0,1,3,1,11.0,0.0,0.0,0.0,1980.0,A01,2.0,7,0,2.0,0.0,7.0,13.0,8,21,345,3,1,1,1,6,0,7,2,2
7848,201600003481,1.0,1,1,1,11.0,0.0,0.0,0.0,1969.0,A01,1.0,7,0,0.0,2.0,3.0,5.0,9,5,1300,1,1,1,1,5,2,7,2,2
7849,201600003481,1.0,1,3,2,11.0,0.0,0.0,0.0,1966.0,B02,2.0,7,0,0.0,2.0,3.0,1.0,9,5,1300,1,1,1,1,5,2,7,2,2
7850,201600003481,1.0,1,1,1,11.0,0.0,0.0,0.0,1947.0,C03,2.0,7,0,0.0,2.0,6.0,1.0,9,5,1300,1,1,1,1,5,2,7,2,2
7851,201600003482,1.0,1,2,1,12.0,0.0,0.0,0.0,1991.0,A01,1.0,7,0,6.0,0.0,7.0,1.0,9,28,2230,5,1,1,1,6,5,7,2,2
7852,201600003483,1.0,1,2,1,21.0,0.0,0.0,0.0,1991.0,A01,0.0,31,0,2.0,0.0,1.0,14.0,12,18,1805,4,2,1,5,6,4,31,1,1
7853,201600003484,1.0,1,1,1,11.0,0.0,0.0,0.0,1969.0,B02,1.0,7,0,0.0,2.0,2.0,2.0,1,30,1845,3,1,1,2,2,4,30,2,1
7854,201600003484,1.0,1,3,1,21.0,0.0,0.0,0.0,1984.0,A01,1.0,30,0,0.0,2.0,4.0,2.0,1,30,1845,3,1,1,2,2,4,7,1,2
7855,201600003485,1.0,1,1,1,11.0,0.0,0.0,0.0,1968.0,A01,2.0,15,0,0.0,1.0,1.0,2.0,3,4,330,3,1,1,3,6,0,15,3,3
7856,201600003485,0.0,3,2,1,0.0,0.0,3.0,1.0,1983.0,A01,2.0,15,0,0.0,1.0,1.0,2.0,3,4,330,3,1,1,3,6,0,15,3,3
7857,201600003486,1.0,1,4,2,11.0,0.0,0.0,0.0,1964.0,A01,2.0,7,0,2.0,0.0,1.0,2.0,4,22,545,2,1,1,2,7,0,7,2,2
7858,201600003487,5.0,2,4,1,11.0,0.0,0.0,0.0,1995.0,A01,0.0,7,0,6.0,0.0,2.0,13.0,5,1,1515,1,2,1,1,6,3,7,2,2
7859,201600003487,3.0,2,3,1,11.0,0.0,0.0,0.0,1998.0,A01,0.0,7,0,6.0,0.0,2.0,13.0,5,1,1515,1,2,1,1,6,3,7,2,2
7860,201600003487,4.0,2,4,1,11.0,0.0,0.0,0.0,1997.0,A01,0.0,7,0,6.0,0.0,2.0,13.0,5,1,1515,1,2,1,1,6,3,7,2,2
7861,201600003487,1.0,1,4,1,11.0,0.0,0.0,0.0,1984.0,A01,0.0,7,0,6.0,0.0,2.0,13.0,5,1,1515,1,2,1,1,6,3,7,2,2
7862,201600003487,2.0,2,4,1,11.0,0.0,0.0,0.0,1991.0,A01,0.0,7,0,6.0,0.0,2.0,13.0,5,1,1515,1,2,1,1,6,3,7,2,2
7863,201600003488,1.0,1,3,1,21.0,0.0,0.0,0.0,1996.0,B02,1.0,33,0,0.0,2.0,1.0,2.0,8,18,1500,1,1,3,1,2,3,21,1,0
7864,201600003488,1.0,1,1,1,91.0,0.0,0.0,0.0,1960.0,A01,1.0,21,0,0.0,2.0,4.0,15.0,8,18,1500,1,1,3,1,2,3,33,0,1
7865,201600003489,1.0,1,3,1,21.0,0.0,0.0,0.0,1992.0,A01,0.0,36,0,13.0,0.0,1.0,1.0,9,23,1515,1,1,1,1,6,3,36,1,1
7866,201600003490,1.0,1,1,2,11.0,0.0,0.0,0.0,1979.0,A01,2.0,7,0,0.0,2.0,1.0,2.0,12,18,1915,3,1,1,5,4,4,7,2,2
7867,201600003490,2.0,2,1,2,11.0,0.0,0.0,0.0,1952.0,A01,2.0,7,0,0.0,2.0,1.0,2.0,12,18,1915,3,1,1,5,4,4,7,2,2
7868,201600003490,1.0,1,3,1,11.0,0.0,0.0,0.0,1961.0,B02,2.0,7,0,0.0,0.0,4.0,0.0,12,18,1915,3,1,1,5,4,4,7,2,2
7869,201600003490,2.0,2,3,2,11.0,0.0,0.0,0.0,1960.0,B02,2.0,7,0,0.0,0.0,4.0,0.0,12,18,1915,3,1,1,5,4,4,7,2,2
7870,201600003490,1.0,1,1,1,11.0,0.0,0.0,0.0,1959.0,C03,2.0,7,0,0.0,2.0,2.0,21.0,12,18,1915,3,1,1,5,4,4,7,2,2
7871,201600003490,2.0,2,1,2,11.0,0.0,0.0,0.0,1950.0,C03,2.0,7,0,0.0,2.0,2.0,21.0,12,18,1915,3,1,1,5,4,4,7,2,2
7872,201600003490,1.0,1,1,2,11.0,0.0,0.0,0.0,1996.0,D04,2.0,7,0,0.0,2.0,3.0,21.0,12,18,1915,3,1,1,5,4,4,7,2,2
7873,201600003491,1.0,1,3,1,11.0,0.0,0.0,0.0,1996.0,A01,2.0,7,0,2.0,2.0,3.0,1.0,6,19,345,3,1,1,1,7,0,7,2,2
7874,201600003492,2.0,2,2,1,11.0,0.0,0.0,0.0,1993.0,A01,1.0,7,0,2.0,0.0,7.0,2.0,7,3,1730,1,1,1,1,6,3,7,2,2
7875,201600003492,1.0,1,3,2,11.0,0.0,0.0,0.0,1994.0,A01,1.0,7,0,2.0,0.0,7.0,2.0,7,3,1730,1,1,1,1,6,3,7,2,2
7876,201600003493,3.0,2,1,2,31.0,0.0,0.0,0.0,2013.0,A01,1.0,7,0,0.0,2.0,8.0,13.0,7,23,1715,1,1,1,1,3,3,33,2,1
7877,201600003493,1.0,1,1,1,11.0,0.0,0.0,0.0,1987.0,A01,1.0,7,0,0.0,2.0,8.0,13.0,7,23,1715,1,1,1,1,3,3,33,2,1
7878,201600003493,2.0,2,1,1,11.0,0.0,0.0,0.0,1989.0,A01,1.0,7,0,0.0,2.0,8.0,13.0,7,23,1715,1,1,1,1,3,3,33,2,1
7879,201600003493,1.0,1,3,1,21.0,0.0,0.0,0.0,1972.0,B02,2.0,33,0,0.0,2.0,8.0,1.0,7,23,1715,1,1,1,1,3,3,7,1,2
7880,201600003494,1.0,1,1,1,11.0,0.0,0.0,0.0,1994.0,A01,2.0,7,0,13.0,0.0,9.0,1.0,2,22,715,2,1,1,5,6,1,7,2,2
7881,201600003494,2.0,2,4,2,11.0,0.0,0.0,0.0,1998.0,A01,2.0,7,0,13.0,0.0,9.0,1.0,2,22,715,2,1,1,5,6,1,7,2,2
7882,201600003495,1.0,1,1,2,11.0,0.0,0.0,0.0,1990.0,A01,1.0,15,0,0.0,2.0,7.0,15.0,3,18,1345,1,1,1,1,3,2,33,3,1
7883,201600003495,1.0,1,3,1,21.0,0.0,0.0,0.0,1991.0,B02,2.0,33,0,0.0,2.0,1.0,1.0,3,18,1345,1,1,1,1,3,2,15,1,3
7884,201600003496,1.0,1,1,2,11.0,0.0,0.0,0.0,1983.0,A01,1.0,7,0,0.0,2.0,3.0,1.0,3,18,1815,1,1,3,1,1,4,1,2,1
7885,201600003496,1.0,1,3,1,22.0,0.0,0.0,0.0,1953.0,B02,2.0,1,0,0.0,2.0,8.0,19.0,3,18,1815,1,1,3,1,1,4,7,1,2
7886,201600003497,1.0,1,1,1,11.0,0.0,0.0,0.0,1964.0,B02,1.0,7,0,0.0,2.0,1.0,1.0,4,3,630,2,1,2,1,3,1,7,2,2
7887,201600003497,1.0,1,3,1,11.0,0.0,0.0,0.0,1993.0,A01,1.0,7,0,0.0,2.0,7.0,1.0,4,3,630,2,1,2,1,3,1,7,2,2
7888,201600003497,2.0,2,3,1,11.0,0.0,0.0,0.0,1995.0,A01,1.0,7,0,0.0,2.0,7.0,1.0,4,3,630,2,1,2,1,3,1,7,2,2
7889,201600003497,5.0,2,3,1,11.0,0.0,0.0,0.0,1992.0,A01,1.0,7,0,0.0,2.0,7.0,1.0,4,3,630,2,1,2,1,3,1,7,2,2
7890,201600003497,5.0,2,3,1,11.0,0.0,0.0,0.0,1997.0,A01,1.0,7,0,0.0,2.0,7.0,1.0,4,3,630,2,1,2,1,3,1,7,2,2
7891,201600003498,1.0,1,1,1,11.0,0.0,0.0,0.0,1950.0,B02,1.0,7,0,0.0,2.0,1.0,15.0,5,5,1630,1,1,1,1,1,3,1,2,1
7892,201600003498,1.0,1,3,1,21.0,0.0,0.0,0.0,1962.0,A01,2.0,1,0,0.0,2.0,8.0,1.0,5,5,1630,1,1,1,1,1,3,7,1,2
7893,201600003499,1.0,1,1,1,11.0,0.0,0.0,0.0,1963.0,C03,2.0,7,0,0.0,2.0,8.0,15.0,5,5,1415,1,1,1,1,5,3,34,2,1
7894,201600003499,1.0,1,3,1,21.0,0.0,0.0,0.0,1958.0,A01,2.0,34,0,0.0,2.0,1.0,17.0,5,5,1415,1,1,1,1,5,3,7,1,2
7895,201600003499,1.0,1,1,1,11.0,0.0,0.0,0.0,1976.0,B02,2.0,7,0,0.0,2.0,8.0,1.0,5,5,1415,1,1,1,1,5,3,34,2,1
7896,201600003500,1.0,1,3,2,11.0,0.0,0.0,0.0,1995.0,A01,0.0,7,0,2.0,0.0,8.0,1.0,6,3,1715,1,1,1,1,6,3,7,2,2
7897,201600003500,2.0,2,4,2,11.0,0.0,0.0,0.0,1998.0,A01,0.0,7,0,2.0,0.0,8.0,1.0,6,3,1715,1,1,1,1,6,3,7,2,2
7898,201600003501,1.0,1,1,1,11.0,0.0,0.0,0.0,1972.0,A01,1.0,7,0,0.0,2.0,1.0,19.0,7,14,1715,1,1,2,1,3,3,7,2,2
7899,201600003501,1.0,1,1,1,11.0,0.0,0.0,0.0,1939.0,B02,2.0,7,0,0.0,2.0,3.0,1.0,7,14,1715,1,1,2,1,3,3,7,2,2
7900,201600003501,2.0,2,3,2,11.0,0.0,0.0,0.0,1945.0,B02,2.0,7,0,0.0,2.0,3.0,1.0,7,14,1715,1,1,2,1,3,3,7,2,2
7901,201600003502,1.0,1,3,1,21.0,0.0,0.0,0.0,1983.0,B02,2.0,33,0,0.0,2.0,7.0,1.0,7,25,1330,1,1,2,1,3,2,7,1,2
7902,201600003502,1.0,1,1,1,11.0,0.0,0.0,0.0,1943.0,A01,2.0,7,0,0.0,2.0,1.0,19.0,7,25,1330,1,1,2,1,3,2,33,2,1
7903,201600003503,1.0,1,3,1,11.0,0.0,0.0,0.0,1988.0,A01,1.0,7,0,0.0,2.0,1.0,21.0,8,4,1045,1,1,1,1,5,1,99,2,0
7904,201600003503,1.0,1,1,1,11.0,0.0,0.0,0.0,1962.0,C03,1.0,14,0,0.0,2.0,6.0,15.0,8,4,1045,1,1,1,1,5,1,99,3,0
7905,201600003503,1.0,1,3,1,11.0,0.0,0.0,0.0,1941.0,B02,2.0,99,0,0.0,2.0,3.0,1.0,8,4,1045,1,1,1,1,5,1,14,0,3
7906,201600003504,2.0,2,3,2,11.0,0.0,0.0,0.0,1943.0,A01,2.0,7,0,13.0,0.0,9.0,1.0,9,22,1530,1,1,1,1,6,3,7,2,2
7907,201600003504,1.0,1,3,1,11.0,0.0,0.0,0.0,1937.0,A01,2.0,7,0,13.0,0.0,9.0,1.0,9,22,1530,1,1,1,1,6,3,7,2,2
7908,201600003504,3.0,2,3,2,11.0,0.0,0.0,0.0,1949.0,A01,2.0,7,0,13.0,0.0,9.0,1.0,9,22,1530,1,1,1,1,6,3,7,2,2
7909,201600003505,1.0,1,1,1,11.0,0.0,0.0,0.0,1959.0,A01,1.0,7,0,0.0,2.0,3.0,19.0,10,4,745,2,1,3,1,3,1,33,2,1
7910,201600003505,1.0,1,3,2,21.0,0.0,0.0,0.0,1989.0,B02,1.0,33,0,0.0,2.0,1.0,1.0,10,4,745,2,1,3,1,3,1,7,1,2
7911,201600003506,1.0,1,3,1,13.0,0.0,0.0,0.0,1997.0,A01,0.0,7,0,6.0,0.0,3.0,1.0,12,4,2000,5,2,1,1,7,4,7,2,2
7912,201600003507,1.0,1,3,1,21.0,0.0,0.0,0.0,1999.0,A01,1.0,30,0,0.0,2.0,1.0,1.0,1,14,715,3,1,1,2,3,1,7,1,2
7913,201600003507,1.0,1,1,2,11.0,0.0,0.0,0.0,1964.0,B02,2.0,7,0,0.0,2.0,3.0,9.0,1,14,715,3,1,1,2,3,1,30,2,1
7914,201600003508,1.0,1,2,1,1.0,0.0,0.0,0.0,1960.0,B02,2.0,1,0,0.0,0.0,4.0,2.0,2,10,1015,1,1,1,1,1,1,7,1,2
7915,201600003508,1.0,1,1,1,11.0,0.0,0.0,0.0,1975.0,A01,2.0,7,0,0.0,9.0,1.0,0.0,2,10,1015,1,1,1,1,1,1,1,2,1
7916,201600003509,1.0,1,3,1,11.0,0.0,0.0,0.0,1959.0,B02,2.0,7,0,0.0,2.0,1.0,1.0,6,2,700,1,1,1,2,1,1,7,2,2
7917,201600003509,1.0,1,3,2,11.0,0.0,0.0,0.0,1996.0,A01,1.0,7,0,0.0,2.0,1.0,13.0,6,2,700,1,1,1,2,1,1,7,2,2
7918,201600003510,1.0,1,4,1,11.0,0.0,0.0,0.0,1969.0,B02,1.0,7,0,0.0,0.0,1.0,1.0,7,9,445,4,1,1,1,1,0,7,2,2
7919,201600003510,1.0,1,2,1,12.0,0.0,0.0,0.0,1989.0,A01,2.0,7,0,0.0,0.0,1.0,5.0,7,9,445,4,1,1,1,1,0,7,2,2
7920,201600003511,1.0,1,3,2,22.0,0.0,0.0,0.0,1986.0,A01,1.0,1,0,0.0,0.0,1.0,1.0,5,4,2115,1,2,1,1,6,4,1,1,1
7921,201600003512,1.0,1,3,1,13.0,0.0,0.0,0.0,1995.0,A01,2.0,7,0,6.0,0.0,1.0,13.0,5,10,1945,1,1,1,1,6,4,7,2,2
7922,201600003513,1.0,1,3,1,13.0,0.0,0.0,0.0,1967.0,A01,1.0,7,0,2.0,0.0,3.0,1.0,8,8,2345,3,1,1,1,6,5,7,2,2
7923,201600003514,1.0,1,3,1,21.0,0.0,0.0,0.0,1997.0,A01,2.0,33,0,0.0,0.0,0.0,0.0,8,30,415,3,1,1,1,7,0,33,1,1
7924,201600003515,1.0,1,2,1,21.0,0.0,0.0,0.0,1961.0,A01,2.0,31,0,2.0,0.0,1.0,14.0,9,9,630,3,1,1,1,6,1,31,1,1
7925,201600003516,2.0,2,3,1,11.0,0.0,0.0,0.0,1958.0,B02,1.0,7,0,0.0,2.0,4.0,15.0,10,12,1115,1,1,3,1,5,1,7,2,2
7926,201600003516,1.0,1,1,2,11.0,0.0,0.0,0.0,1988.0,B02,1.0,7,0,0.0,2.0,4.0,15.0,10,12,1115,1,1,3,1,5,1,7,2,2