,Num_Acc,place,catu,grav,sexe,secu,locp,actp,etatp,an_nais,num_veh,senc,catv,occutc,obs,obsm,choc,manv,mois,jour,hrmn,lum,agg,int,atm,col,mom,catvopp,catv_gen,catvopp_gen
8086,201600003596,1.0,1,3,2,11.0,0.0,0.0,0.0,1984.0,B02,2.0,3,0,0.0,2.0,6.0,1.0,3,15,1730,1,1,1,7,2,3,10,0,2
8087,201600003596,1.0,1,1,1,11.0,0.0,0.0,0.0,1986.0,A01,2.0,10,0,0.0,2.0,2.0,1.0,3,15,1730,1,1,1,7,2,3,3,2,0
8088,201600003597,1.0,1,3,1,21.0,0.0,0.0,0.0,1972.0,A01,2.0,33,0,0.0,6.0,0.0,1.0,5,6,2015,2,1,1,1,6,4,33,1,1
8089,201600003598,1.0,1,3,2,11.0,0.0,0.0,0.0,1990.0,A01,1.0,7,0,0.0,2.0,1.0,1.0,6,23,745,1,1,1,1,3,1,7,2,2
8090,201600003598,1.0,1,1,1,11.0,0.0,0.0,0.0,1969.0,B02,2.0,7,0,0.0,0.0,3.0,15.0,6,23,745,1,1,1,1,3,1,7,2,2
8091,201600003598,2.0,2,1,2,11.0,0.0,0.0,0.0,1972.0,B02,2.0,7,0,0.0,0.0,3.0,15.0,6,23,745,1,1,1,1,3,1,7,2,2
8092,201600003599,1.0,1,1,1,11.0,0.0,0.0,0.0,1982.0,A01,2.0,10,0,0.0,2.0,3.0,5.0,6,25,1130,1,1,1,1,1,1,33,2,1
8093,201600003599,1.0,1,2,1,21.0,0.0,0.0,0.0,1980.0,B02,1.0,33,0,0.0,2.0,1.0,1.0,6,25,1130,1,1,1,1,1,1,10,1,2
8094,201600003600,1.0,1,1,1,11.0,0.0,0.0,0.0,1969.0,C03,2.0,7,0,0.0,2.0,4.0,2.0,7,4,1530,1,1,1,1,4,3,17,2,3
8095,201600003600,1.0,1,3,1,11.0,0.0,0.0,0.0,1966.0,A01,2.0,17,0,0.0,2.0,1.0,2.0,7,4,1530,1,1,1,1,4,3,7,3,2
8096,201600003600,1.0,1,1,1,11.0,0.0,0.0,0.0,1988.0,B02,2.0,17,0,0.0,2.0,4.0,2.0,7,4,1530,1,1,1,1,4,3,7,3,2
8097,201600003600,2.0,2,1,1,11.0,0.0,0.0,0.0,1976.0,B02,2.0,17,0,0.0,2.0,4.0,2.0,7,4,1530,1,1,1,1,4,3,7,3,2
8098,201600003600,1.0,1,1,2,11.0,0.0,0.0,0.0,1958.0,D04,2.0,7,0,0.0,2.0,4.0,2.0,7,4,1530,1,1,1,1,4,3,17,2,3
8099,201600003600,2.0,2,1,2,11.0,0.0,0.0,0.0,1954.0,D04,2.0,7,0,0.0,2.0,4.0,2.0,7,4,1530,1,1,1,1,4,3,17,2,3
8100,201600003601,1.0,1,3,1,12.0,0.0,0.0,0.0,1972.0,A01,2.0,7,0,15.0,0.0,2.0,1.0,7,31,1545,1,1,1,1,6,3,7,2,2
8101,201600003601,2.0,2,3,1,11.0,0.0,0.0,0.0,1947.0,A01,2.0,7,0,15.0,0.0,2.0,1.0,7,31,1545,1,1,1,1,6,3,7,2,2
8102,201600003602,1.0,1,3,1,21.0,0.0,0.0,0.0,1989.0,B02,0.0,33,0,0.0,2.0,1.0,1.0,9,9,1830,1,2,1,1,1,4,7,1,2
8103,201600003602,1.0,1,1,1,11.0,0.0,0.0,0.0,1946.0,A01,0.0,7,0,0.0,2.0,5.0,15.0,9,9,1830,1,2,1,1,1,4,33,2,1
8104,201600003603,2.0,2,1,2,11.0,0.0,0.0,0.0,1992.0,B02,1.0,7,0,0.0,2.0,1.0,1.0,2,3,1430,1,1,1,8,1,3,7,2,2
8105,201600003603,1.0,1,1,1,11.0,0.0,0.0,0.0,1987.0,B02,1.0,7,0,0.0,2.0,1.0,1.0,2,3,1430,1,1,1,8,1,3,7,2,2
8106,201600003603,1.0,1,3,1,13.0,0.0,0.0,0.0,1970.0,A01,2.0,7,0,0.0,2.0,0.0,1.0,2,3,1430,1,1,1,8,1,3,7,2,2
8107,201600003603,2.0,2,4,2,13.0,0.0,0.0,0.0,1968.0,A01,2.0,7,0,0.0,2.0,0.0,1.0,2,3,1430,1,1,1,8,1,3,7,2,2
8108,201600003604,1.0,1,3,1,21.0,0.0,0.0,0.0,2002.0,B02,1.0,2,0,0.0,2.0,7.0,1.0,9,6,1715,1,1,2,1,3,3,7,1,2
8109,201600003604,1.0,1,1,1,11.0,0.0,0.0,0.0,1993.0,A01,2.0,7,0,0.0,2.0,1.0,1.0,9,6,1715,1,1,2,1,3,3,2,2,1
8110,201600003605,1.0,1,4,1,21.0,0.0,0.0,0.0,2002.0,A01,2.0,30,0,3.0,0.0,1.0,1.0,2,27,1445,1,1,1,1,6,3,30,1,1
8111,201600003606,1.0,1,3,2,11.0,0.0,0.0,0.0,1949.0,A01,0.0,7,0,0.0,2.0,1.0,0.0,12,25,1753,3,1,1,1,1,3,7,2,2
8112,201600003606,1.0,1,3,2,11.0,0.0,0.0,0.0,1991.0,B01,0.0,7,0,0.0,2.0,1.0,0.0,12,25,1753,3,1,1,1,1,3,7,2,2
8113,201600003606,9.0,2,3,1,31.0,0.0,0.0,0.0,2015.0,B01,0.0,7,0,0.0,2.0,1.0,0.0,12,25,1753,3,1,1,1,1,3,7,2,2
8114,201600003607,1.0,1,3,1,11.0,0.0,0.0,0.0,1972.0,A01,2.0,7,0,2.0,0.0,1.0,1.0,5,14,600,2,1,1,8,6,1,7,2,2
8115,201600003607,2.0,2,2,2,11.0,0.0,0.0,0.0,1934.0,A01,2.0,7,0,2.0,0.0,1.0,1.0,5,14,600,2,1,1,8,6,1,7,2,2
8116,201600003608,1.0,1,1,1,11.0,0.0,0.0,0.0,1962.0,B02,1.0,17,0,0.0,2.0,3.0,1.0,5,23,915,1,2,1,8,1,1,7,3,2
8117,201600003608,1.0,1,1,1,11.0,0.0,0.0,0.0,1970.0,A01,2.0,7,0,0.0,2.0,1.0,1.0,5,23,915,1,2,1,8,1,1,17,2,3
8118,201600003608,2.0,2,3,2,11.0,0.0,0.0,0.0,1948.0,A01,2.0,7,0,0.0,2.0,1.0,1.0,5,23,915,1,2,1,8,1,1,17,2,3
8119,201600003609,1.0,1,1,1,11.0,0.0,0.0,0.0,1991.0,A01,1.0,7,0,0.0,0.0,1.0,13.0,1,18,1630,1,1,1,3,1,3,7,2,2
8120,201600003609,1.0,1,3,2,11.0,0.0,0.0,0.0,1963.0,B02,2.0,7,0,0.0,0.0,1.0,1.0,1,18,1630,1,1,1,3,1,3,7,2,2
8121,201600003610,2.0,2,3,1,21.0,0.0,0.0,0.0,2000.0,A01,2.0,30,0,0.0,0.0,7.0,1.0,3,23,1345,1,2,1,7,7,2,30,1,1
8122,201600003610,1.0,1,1,1,21.0,0.0,0.0,0.0,1994.0,A01,2.0,30,0,0.0,0.0,7.0,1.0,3,23,1345,1,2,1,7,7,2,30,1,1
8123,201600003611,1.0,1,3,1,11.0,0.0,0.0,0.0,1983.0,A01,1.0,7,0,0.0,2.0,2.0,1.0,3,30,1715,1,1,3,1,3,3,7,2,2
8124,201600003611,1.0,1,3,1,11.0,0.0,0.0,0.0,1930.0,B02,1.0,7,0,0.0,2.0,3.0,15.0,3,30,1715,1,1,3,1,3,3,7,2,2
8125,201600003612,1.0,1,2,1,21.0,0.0,0.0,0.0,1948.0,B02,2.0,1,0,0.0,2.0,3.0,1.0,4,16,1115,1,1,4,7,5,1,21,1,0
8126,201600003612,1.0,1,1,1,13.0,0.0,0.0,0.0,1985.0,A01,1.0,21,0,0.0,0.0,6.0,1.0,4,16,1115,1,1,4,7,5,1,1,0,1
8127,201600003612,1.0,1,3,1,21.0,0.0,0.0,0.0,1962.0,D04,2.0,1,0,0.0,9.0,1.0,2.0,4,16,1115,1,1,4,7,5,1,21,1,0
8128,201600003612,1.0,1,4,1,21.0,0.0,0.0,0.0,1954.0,C03,2.0,1,0,0.0,9.0,1.0,2.0,4,16,1115,1,1,4,7,5,1,21,1,0
8129,201600003612,1.0,1,4,1,21.0,0.0,0.0,0.0,1965.0,E05,2.0,1,0,0.0,9.0,1.0,2.0,4,16,1115,1,1,4,7,5,1,21,1,0
8130,201600003613,1.0,1,1,1,11.0,0.0,0.0,0.0,1991.0,A01,1.0,7,0,13.0,0.0,2.0,0.0,5,17,1930,1,1,1,1,6,4,7,2,2
8131,201600003613,2.0,2,1,1,11.0,0.0,0.0,0.0,1994.0,A01,1.0,7,0,13.0,0.0,2.0,0.0,5,17,1930,1,1,1,1,6,4,7,2,2
8132,201600003613,3.0,2,4,1,11.0,0.0,0.0,0.0,1993.0,A01,1.0,7,0,13.0,0.0,2.0,0.0,5,17,1930,1,1,1,1,6,4,7,2,2
8133,201600003613,4.0,2,1,1,11.0,0.0,0.0,0.0,1991.0,A01,1.0,7,0,13.0,0.0,2.0,0.0,5,17,1930,1,1,1,1,6,4,7,2,2
8134,201600003614,1.0,1,4,2,11.0,0.0,0.0,0.0,1987.0,B02,2.0,7,0,0.0,0.0,1.0,7.0,7,16,1045,1,2,6,1,3,1,7,2,2
8135,201600003614,2.0,2,4,2,11.0,0.0,0.0,0.0,1991.0,B02,2.0,7,0,0.0,0.0,1.0,7.0,7,16,1045,1,2,6,1,3,1,7,2,2
8136,201600003614,1.0,1,1,1,11.0,0.0,0.0,0.0,1958.0,A01,2.0,7,0,0.0,0.0,3.0,1.0,7,16,1045,1,2,6,1,3,1,7,2,2
8137,201600003615,1.0,1,1,1,1.0,0.0,0.0,0.0,1987.0,B02,0.0,39,1,0.0,2.0,1.0,1.0,8,17,1345,1,2,8,1,5,2,10,3,2
8138,201600003615,1.0,1,1,1,11.0,0.0,0.0,0.0,1965.0,C03,0.0,7,0,0.0,0.0,3.0,1.0,8,17,1345,1,2,8,1,5,2,10,2,2
8139,201600003615,1.0,1,3,1,1.0,0.0,0.0,0.0,1988.0,A01,0.0,10,0,0.0,4.0,2.0,1.0,8,17,1345,1,2,8,1,5,2,7,2,2
8140,201600003616,1.0,1,3,2,21.0,0.0,0.0,0.0,1953.0,B02,0.0,1,0,0.0,0.0,3.0,1.0,10,2,915,1,1,1,1,6,1,1,1,1
8141,201600003617,1.0,1,3,2,1.0,0.0,0.0,0.0,1978.0,B02,0.0,1,0,0.0,2.0,1.0,1.0,3,26,1800,1,2,1,1,1,4,7,1,2
8142,201600003617,1.0,1,4,1,11.0,0.0,0.0,0.0,1963.0,A01,0.0,7,0,0.0,9.0,1.0,13.0,3,26,1800,1,2,1,1,1,4,1,2,1
8143,201600003618,1.0,1,1,1,11.0,0.0,0.0,0.0,1965.0,A01,2.0,7,0,0.0,1.0,2.0,1.0,8,9,1030,1,2,1,1,6,1,7,2,2
8144,201600003618,0.0,3,2,1,0.0,2.0,3.0,1.0,1926.0,A01,2.0,7,0,0.0,1.0,2.0,1.0,8,9,1030,1,2,1,1,6,1,7,2,2
8145,201600003619,1.0,1,3,1,21.0,0.0,0.0,0.0,1990.0,A01,1.0,33,0,0.0,2.0,1.0,1.0,1,20,1845,3,2,1,1,5,4,7,1,2
8146,201600003619,1.0,1,1,2,11.0,0.0,0.0,0.0,1954.0,B02,2.0,7,0,0.0,9.0,2.0,1.0,1,20,1845,3,2,1,1,5,4,33,2,1
8147,201600003619,1.0,1,1,1,11.0,0.0,0.0,0.0,1969.0,D04,2.0,7,0,0.0,2.0,4.0,2.0,1,20,1845,3,2,1,1,5,4,33,2,1
8148,201600003619,1.0,1,1,2,11.0,0.0,0.0,0.0,1958.0,C03,2.0,7,0,0.0,2.0,7.0,2.0,1,20,1845,3,2,1,1,5,4,33,2,1
8149,201600003620,1.0,1,3,1,13.0,0.0,0.0,0.0,1983.0,A01,0.0,7,0,6.0,0.0,1.0,13.0,1,1,1815,3,1,1,1,7,4,7,2,2
8150,201600003621,1.0,1,2,1,11.0,0.0,0.0,0.0,1978.0,A01,2.0,7,0,0.0,0.0,0.0,13.0,1,9,1700,1,1,1,1,7,3,7,2,2
8151,201600003621,3.0,2,3,2,13.0,0.0,0.0,0.0,2011.0,A01,2.0,7,0,0.0,0.0,0.0,13.0,1,9,1700,1,1,1,1,7,3,7,2,2
8152,201600003621,4.0,2,3,1,13.0,0.0,0.0,0.0,2009.0,A01,2.0,7,0,0.0,0.0,0.0,13.0,1,9,1700,1,1,1,1,7,3,7,2,2
8153,201600003622,2.0,2,3,1,13.0,0.0,0.0,0.0,1999.0,A01,0.0,7,0,8.0,0.0,2.0,14.0,2,13,200,3,1,1,2,6,0,7,2,2
8154,201600003622,1.0,1,3,1,13.0,0.0,0.0,0.0,1979.0,A01,0.0,7,0,8.0,0.0,2.0,14.0,2,13,200,3,1,1,2,6,0,7,2,2
8155,201600003623,1.0,1,4,1,11.0,0.0,0.0,0.0,1975.0,B02,1.0,7,0,0.0,2.0,1.0,1.0,4,11,1030,1,1,1,1,1,1,7,2,2
8156,201600003623,1.0,1,3,1,11.0,0.0,0.0,0.0,1947.0,A01,2.0,7,0,0.0,2.0,1.0,13.0,4,11,1030,1,1,1,1,1,1,7,2,2
8157,201600003624,1.0,1,4,1,11.0,0.0,0.0,0.0,1993.0,A01,2.0,7,0,0.0,2.0,3.0,13.0,6,5,915,1,1,1,1,3,1,1,2,1
8158,201600003624,1.0,1,3,1,21.0,0.0,0.0,0.0,1975.0,B02,1.0,1,0,0.0,2.0,3.0,13.0,6,5,915,1,1,1,1,3,1,7,1,2
8159,201600003625,1.0,1,4,2,11.0,0.0,0.0,0.0,1996.0,A01,2.0,7,0,0.0,2.0,3.0,13.0,8,18,1130,1,1,1,1,1,1,7,2,2
8160,201600003625,1.0,1,3,1,11.0,0.0,0.0,0.0,1941.0,B02,1.0,7,0,0.0,2.0,3.0,1.0,8,18,1130,1,1,1,1,1,1,7,2,2
8161,201600003626,1.0,1,3,1,21.0,0.0,0.0,0.0,2000.0,A01,2.0,30,0,12.0,0.0,2.0,1.0,9,15,1330,1,2,1,1,6,2,30,1,1
8162,201600003627,1.0,1,4,2,11.0,0.0,0.0,0.0,1982.0,A01,2.0,3,0,0.0,2.0,6.0,1.0,9,28,1230,1,1,1,1,1,2,7,0,2
8163,201600003627,1.0,1,1,1,11.0,0.0,0.0,0.0,1972.0,B02,2.0,7,0,0.0,2.0,2.0,17.0,9,28,1230,1,1,1,1,1,2,3,2,0
8164,201600003628,1.0,1,4,1,11.0,0.0,0.0,0.0,1972.0,B02,2.0,7,0,0.0,2.0,1.0,1.0,10,3,1815,1,1,1,1,3,4,7,2,2
8165,201600003628,1.0,1,2,1,12.0,0.0,0.0,0.0,1968.0,A01,1.0,7,0,0.0,2.0,7.0,19.0,10,3,1815,1,1,1,1,3,4,7,2,2
8166,201600003629,1.0,1,1,1,11.0,0.0,0.0,0.0,1979.0,B02,2.0,7,0,0.0,0.0,0.0,2.0,1,8,1345,1,1,1,1,1,2,7,2,2
8167,201600003629,1.0,1,3,1,11.0,0.0,0.0,0.0,1978.0,A01,2.0,7,0,0.0,0.0,7.0,2.0,1,8,1345,1,1,1,1,1,2,7,2,2
8168,201600003630,0.0,3,3,1,0.0,2.0,3.0,1.0,1935.0,A01,0.0,10,0,0.0,1.0,1.0,15.0,2,11,900,1,1,1,1,6,1,10,2,2
8169,201600003630,1.0,1,1,1,13.0,0.0,0.0,0.0,1960.0,A01,0.0,10,0,0.0,1.0,1.0,15.0,2,11,900,1,1,1,1,6,1,10,2,2
8170,201600003631,1.0,1,3,2,21.0,0.0,0.0,0.0,1952.0,A01,0.0,1,0,0.0,2.0,1.0,1.0,3,30,1400,1,1,2,1,3,3,7,1,2
8171,201600003631,1.0,1,1,1,11.0,0.0,0.0,0.0,1977.0,B02,2.0,7,0,0.0,9.0,3.0,1.0,3,30,1400,1,1,2,1,3,3,1,2,1
8172,201600003632,1.0,1,2,2,11.0,0.0,0.0,0.0,1981.0,A01,2.0,7,0,2.0,0.0,7.0,0.0,4,25,2245,3,1,1,1,6,5,7,2,2
8173,201600003633,1.0,1,1,1,11.0,0.0,0.0,0.0,1970.0,A01,1.0,10,0,0.0,2.0,6.0,17.0,5,26,1645,1,1,1,1,2,3,33,2,1
8174,201600003633,2.0,2,1,1,11.0,0.0,0.0,0.0,1976.0,A01,1.0,10,0,0.0,2.0,6.0,17.0,5,26,1645,1,1,1,1,2,3,33,2,1
8175,201600003633,3.0,2,1,1,11.0,0.0,0.0,0.0,1990.0,A01,1.0,10,0,0.0,2.0,6.0,17.0,5,26,1645,1,1,1,1,2,3,33,2,1
8176,201600003633,1.0,1,4,1,21.0,0.0,0.0,0.0,1968.0,B02,1.0,33,0,0.0,2.0,1.0,17.0,5,26,1645,1,1,1,1,2,3,10,1,2
8177,201600003634,1.0,1,4,1,21.0,0.0,0.0,0.0,1998.0,B02,1.0,2,0,0.0,2.0,6.0,10.0,6,26,2345,3,1,1,1,3,5,7,1,2
8178,201600003634,2.0,2,2,1,22.0,0.0,0.0,0.0,1997.0,B02,1.0,2,0,0.0,2.0,6.0,10.0,6,26,2345,3,1,1,1,3,5,7,1,2
8179,201600003634,1.0,1,1,1,11.0,0.0,0.0,0.0,1987.0,A01,1.0,7,0,0.0,2.0,3.0,1.0,6,26,2345,3,1,1,1,3,5,2,2,1
8180,201600003634,2.0,2,1,2,11.0,0.0,0.0,0.0,1995.0,A01,1.0,7,0,0.0,2.0,3.0,1.0,6,26,2345,3,1,1,1,3,5,2,2,1
8181,201600003635,1.0,1,4,1,11.0,0.0,0.0,0.0,1971.0,B02,1.0,7,0,0.0,2.0,1.0,1.0,8,5,1915,1,1,2,1,3,4,7,2,2
8182,201600003635,2.0,2,1,2,11.0,0.0,0.0,0.0,2003.0,B02,1.0,7,0,0.0,2.0,1.0,1.0,8,5,1915,1,1,2,1,3,4,7,2,2
8183,201600003635,1.0,1,1,1,11.0,0.0,0.0,0.0,1977.0,A01,2.0,7,0,0.0,2.0,8.0,19.0,8,5,1915,1,1,2,1,3,4,7,2,2
8184,201600003635,2.0,2,1,2,11.0,0.0,0.0,0.0,1964.0,A01,2.0,7,0,0.0,2.0,8.0,19.0,8,5,1915,1,1,2,1,3,4,7,2,2
8185,201600003635,3.0,2,3,2,11.0,0.0,0.0,0.0,2004.0,A01,2.0,7,0,0.0,2.0,8.0,19.0,8,5,1915,1,1,2,1,3,4,7,2,2
8186,201600003635,4.0,2,4,1,11.0,0.0,0.0,0.0,2006.0,A01,2.0,7,0,0.0,2.0,8.0,19.0,8,5,1915,1,1,2,1,3,4,7,2,2
8187,201600003636,2.0,2,3,1,12.0,0.0,0.0,0.0,2000.0,A01,2.0,7,0,13.0,0.0,2.0,14.0,8,19,1845,1,1,1,1,6,4,7,2,2
8188,201600003636,1.0,1,2,1,12.0,0.0,0.0,0.0,1958.0,A01,2.0,7,0,13.0,0.0,2.0,14.0,8,19,1845,1,1,1,1,6,4,7,2,2
8189,201600003637,1.0,1,2,1,11.0,0.0,0.0,0.0,1991.0,A01,2.0,7,0,2.0,0.0,1.0,1.0,9,27,2345,3,1,1,1,6,5,7,2,2
8190,201600003638,1.0,1,1,1,11.0,0.0,0.0,0.0,1971.0,B02,1.0,7,0,0.0,2.0,1.0,1.0,1,18,1815,5,2,1,2,1,4,7,2,2
8191,201600003638,1.0,1,3,2,13.0,0.0,0.0,0.0,1954.0,A01,2.0,7,0,14.0,2.0,1.0,6.0,1,18,1815,5,2,1,2,1,4,7,2,2
8192,201600003639,1.0,1,1,2,11.0,0.0,0.0,0.0,1972.0,A01,0.0,7,0,0.0,2.0,5.0,16.0,1,14,915,1,2,6,1,3,1,1,2,1
8193,201600003639,1.0,1,4,1,1.0,0.0,0.0,0.0,1952.0,B02,0.0,1,0,0.0,2.0,8.0,1.0,1,14,915,1,2,6,1,3,1,7,1,2
8194,201600003640,1.0,1,4,1,13.0,0.0,0.0,0.0,1997.0,A01,2.0,7,0,0.0,2.0,0.0,13.0,6,29,1200,1,1,1,1,3,2,34,2,1
8195,201600003640,1.0,1,3,1,21.0,0.0,0.0,0.0,1971.0,B02,2.0,34,0,0.0,2.0,8.0,1.0,6,29,1200,1,1,1,1,3,2,7,1,2
8196,201600003641,1.0,1,3,1,21.0,0.0,0.0,0.0,1980.0,B02,0.0,1,0,0.0,0.0,0.0,0.0,7,27,845,1,1,6,1,3,1,7,1,2
8197,201600003641,1.0,1,1,1,11.0,0.0,0.0,0.0,1968.0,A01,0.0,7,0,0.0,0.0,3.0,9.0,7,27,845,1,1,6,1,3,1,1,2,1
8198,201600003642,1.0,1,3,1,11.0,0.0,0.0,0.0,1993.0,A01,2.0,7,0,2.0,0.0,1.0,1.0,8,21,700,1,2,1,1,6,1,7,2,2
8199,201600003643,1.0,1,1,1,11.0,0.0,0.0,0.0,1998.0,A01,1.0,7,0,0.0,1.0,1.0,1.0,9,14,1030,1,1,1,2,6,1,7,2,2
8200,201600003643,0.0,3,3,1,0.0,6.0,9.0,1.0,1949.0,A01,1.0,7,0,0.0,1.0,1.0,1.0,9,14,1030,1,1,1,2,6,1,7,2,2
8201,201600003644,1.0,1,4,1,11.0,0.0,0.0,0.0,1964.0,B02,0.0,7,0,0.0,2.0,1.0,1.0,10,7,2200,3,1,1,1,1,5,7,2,2
8202,201600003644,1.0,1,4,1,11.0,0.0,0.0,0.0,1975.0,A01,0.0,7,0,0.0,2.0,1.0,13.0,10,7,2200,3,1,1,1,1,5,7,2,2
8203,201600003645,0.0,3,3,1,92.0,2.0,3.0,1.0,2005.0,A01,0.0,10,0,0.0,1.0,3.0,1.0,10,10,1735,1,2,1,1,6,3,10,2,2
8204,201600003645,1.0,1,1,2,11.0,0.0,0.0,0.0,1969.0,A01,0.0,10,0,0.0,1.0,3.0,1.0,10,10,1735,1,2,1,1,6,3,10,2,2
8205,201600003646,1.0,1,4,1,11.0,0.0,0.0,0.0,1987.0,A01,0.0,7,0,6.0,0.0,9.0,5.0,12,3,1330,1,1,1,1,6,2,7,2,2
8206,201600003646,2.0,2,3,1,11.0,0.0,0.0,0.0,1983.0,A01,0.0,7,0,6.0,0.0,9.0,5.0,12,3,1330,1,1,1,1,6,2,7,2,2
8207,201600003647,1.0,1,3,1,21.0,0.0,0.0,0.0,1957.0,A01,0.0,33,0,11.0,0.0,1.0,2.0,1,30,1830,3,2,1,1,7,4,33,1,1
8208,201600003648,1.0,1,3,1,21.0,0.0,0.0,0.0,1966.0,A01,1.0,33,0,0.0,0.0,0.0,0.0,9,4,1930,2,1,1,1,7,4,33,1,1
8209,201600003649,1.0,1,3,2,11.0,0.0,0.0,0.0,1990.0,A01,0.0,7,0,0.0,2.0,3.0,5.0,11,10,1410,1,2,1,2,5,3,7,2,2
8210,201600003649,2.0,2,3,2,11.0,0.0,0.0,0.0,1988.0,A01,0.0,7,0,0.0,2.0,3.0,5.0,11,10,1410,1,2,1,2,5,3,7,2,2
8211,201600003649,1.0,1,4,1,11.0,0.0,0.0,0.0,1968.0,B02,0.0,7,0,0.0,2.0,1.0,1.0,11,10,1410,1,2,1,2,5,3,7,2,2
8212,201600003649,1.0,1,4,2,11.0,0.0,0.0,0.0,1997.0,C03,0.0,7,0,0.0,2.0,1.0,1.0,11,10,1410,1,2,1,2,5,3,7,2,2
8213,201600003649,1.0,1,1,1,11.0,0.0,0.0,0.0,1938.0,D04,0.0,7,0,0.0,2.0,0.0,19.0,11,10,1410,1,2,1,2,5,3,7,2,2
8214,201600003650,1.0,1,1,1,11.0,0.0,0.0,0.0,1981.0,A01,2.0,10,0,0.0,1.0,1.0,1.0,11,28,1855,5,2,2,1,6,4,10,2,2
8215,201600003650,2.0,2,1,2,11.0,0.0,0.0,0.0,1985.0,A01,2.0,10,0,0.0,1.0,1.0,1.0,11,28,1855,5,2,2,1,6,4,10,2,2
8216,201600003650,0.0,3,3,1,92.0,4.0,5.0,1.0,2001.0,A01,2.0,10,0,0.0,1.0,1.0,1.0,11,28,1855,5,2,2,1,6,4,10,2,2
8217,201600003651,0.0,3,3,1,0.0,2.0,3.0,1.0,1932.0,A01,1.0,7,0,0.0,1.0,6.0,1.0,1,11,1130,1,2,6,1,6,1,7,2,2
8218,201600003651,1.0,1,1,1,11.0,0.0,0.0,0.0,1942.0,A01,1.0,7,0,0.0,1.0,6.0,1.0,1,11,1130,1,2,6,1,6,1,7,2,2
8219,201600003652,1.0,1,1,2,11.0,0.0,0.0,0.0,1982.0,B02,1.0,7,0,0.0,2.0,3.0,6.0,3,22,1600,1,1,3,1,3,3,31,2,1
8220,201600003652,1.0,1,3,1,21.0,0.0,0.0,0.0,1992.0,A01,2.0,31,0,0.0,2.0,1.0,17.0,3,22,1600,1,1,3,1,3,3,7,1,2
8221,201600003653,1.0,1,3,1,21.0,0.0,0.0,0.0,1984.0,A01,1.0,36,0,1.0,0.0,7.0,1.0,5,21,1030,1,1,1,1,3,1,10,1,2
8222,201600003653,1.0,1,1,1,11.0,0.0,0.0,0.0,1986.0,B02,0.0,10,0,1.0,0.0,8.0,24.0,5,21,1030,1,1,1,1,3,1,36,2,1
8223,201600003654,1.0,1,1,1,13.0,0.0,0.0,0.0,1991.0,A01,1.0,10,0,0.0,2.0,1.0,1.0,7,22,1115,1,1,1,1,4,1,14,2,3
8224,201600003654,1.0,1,3,1,13.0,0.0,0.0,0.0,1967.0,B02,1.0,7,0,0.0,2.0,4.0,23.0,7,22,1115,1,1,1,1,4,1,10,2,2
8225,201600003654,2.0,2,3,1,13.0,0.0,0.0,0.0,1964.0,B02,1.0,7,0,0.0,2.0,4.0,23.0,7,22,1115,1,1,1,1,4,1,10,2,2
8226,201600003654,1.0,1,1,1,13.0,0.0,0.0,0.0,1980.0,C03,1.0,14,0,0.0,2.0,4.0,23.0,7,22,1115,1,1,1,1,4,1,10,3,2
8227,201600003655,1.0,1,1,1,11.0,0.0,0.0,0.0,1961.0,A01,0.0,7,0,0.0,2.0,2.0,1.0,7,27,900,1,2,6,1,2,1,1,2,1
8228,201600003655,1.0,1,4,2,21.0,0.0,0.0,0.0,1974.0,B02,0.0,1,0,0.0,0.0,4.0,16.0,7,27,900,1,2,6,1,2,1,7,1,2
8229,201600003656,1.0,1,3,1,21.0,0.0,0.0,0.0,1935.0,B02,2.0,1,0,0.0,0.0,4.0,1.0,7,20,1030,1,1,1,1,1,1,10,1,2
8230,201600003656,1.0,1,1,1,11.0,0.0,0.0,0.0,1965.0,A01,2.0,10,0,0.0,2.0,7.0,1.0,7,20,1030,1,1,1,1,1,1,1,2,1
8231,201600003657,1.0,1,3,1,21.0,0.0,0.0,0.0,1972.0,A01,1.0,33,0,0.0,2.0,8.0,3.0,9,30,1115,1,2,1,1,5,1,10,1,2
8232,201600003657,1.0,1,1,1,11.0,0.0,0.0,0.0,1984.0,B02,2.0,10,0,0.0,2.0,8.0,15.0,9,30,1115,1,2,1,1,5,1,33,2,1
8233,201600003657,1.0,1,1,1,11.0,0.0,0.0,0.0,1967.0,C03,1.0,17,0,0.0,2.0,8.0,1.0,9,30,1115,1,2,1,1,5,1,33,3,1
8234,201600003658,1.0,1,1,1,11.0,0.0,0.0,0.0,1994.0,A01,1.0,7,0,0.0,2.0,3.0,15.0,3,5,1915,2,2,1,2,3,4,2,2,1
8235,201600003658,1.0,1,4,1,21.0,0.0,0.0,0.0,1998.0,B02,2.0,2,0,0.0,2.0,8.0,1.0,3,5,1915,2,2,1,2,3,4,7,1,2
8236,201600003659,1.0,1,3,2,11.0,0.0,0.0,0.0,1966.0,B02,1.0,7,0,0.0,2.0,1.0,1.0,5,23,930,1,1,2,1,3,1,7,2,2
8237,201600003659,1.0,1,2,1,11.0,0.0,0.0,0.0,1928.0,A01,2.0,7,0,0.0,2.0,3.0,19.0,5,23,930,1,1,2,1,3,1,7,2,2
8238,201600003660,1.0,1,1,1,11.0,0.0,0.0,0.0,1933.0,A01,0.0,10,0,0.0,1.0,1.0,13.0,6,10,1045,1,1,1,1,6,1,10,2,2
8239,201600003660,0.0,3,3,1,0.0,6.0,2.0,1.0,1940.0,A01,0.0,10,0,0.0,1.0,1.0,13.0,6,10,1045,1,1,1,1,6,1,10,2,2