,Num_Acc,place,catu,grav,sexe,secu,locp,actp,etatp,an_nais,num_veh,senc,catv,occutc,obs,obsm,choc,manv,mois,jour,hrmn,lum,agg,int,atm,col,mom,catvopp,catv_gen,catvopp_gen
8394,201600003732,2.0,2,2,2,11.0,0.0,0.0,0.0,1974.0,A01,2.0,7,0,2.0,0.0,7.0,1.0,3,29,1900,1,1,1,1,6,4,7,2,2
8395,201600003733,1.0,1,3,1,13.0,0.0,0.0,0.0,1987.0,A01,1.0,7,0,2.0,0.0,1.0,1.0,4,9,545,3,1,1,8,6,0,7,2,2
8396,201600003734,1.0,1,3,1,11.0,0.0,0.0,0.0,1926.0,B02,2.0,7,0,8.0,2.0,1.0,1.0,6,5,1645,1,2,6,1,3,3,7,2,2
8397,201600003734,1.0,1,4,2,11.0,0.0,0.0,0.0,1997.0,A01,0.0,7,0,2.0,2.0,8.0,19.0,6,5,1645,1,2,6,1,3,3,7,2,2
8398,201600003735,5.0,2,3,1,13.0,0.0,0.0,0.0,1992.0,A01,2.0,7,0,13.0,0.0,3.0,13.0,6,6,1345,1,1,1,1,6,2,7,2,2
8399,201600003735,1.0,1,3,2,11.0,0.0,0.0,0.0,1964.0,A01,2.0,7,0,13.0,0.0,3.0,13.0,6,6,1345,1,1,1,1,6,2,7,2,2
8400,201600003735,2.0,2,3,1,11.0,0.0,0.0,0.0,1968.0,A01,2.0,7,0,13.0,0.0,3.0,13.0,6,6,1345,1,1,1,1,6,2,7,2,2
8401,201600003736,1.0,1,1,1,11.0,0.0,0.0,0.0,1987.0,C03,1.0,7,0,0.0,2.0,2.0,1.0,7,20,1315,1,1,3,1,5,2,7,2,2
8402,201600003736,2.0,2,3,2,11.0,0.0,0.0,0.0,1987.0,C03,1.0,7,0,0.0,2.0,2.0,1.0,7,20,1315,1,1,3,1,5,2,7,2,2
8403,201600003736,1.0,1,1,1,11.0,0.0,0.0,0.0,1970.0,A01,2.0,7,0,0.0,0.0,4.0,23.0,7,20,1315,1,1,3,1,5,2,7,2,2
8404,201600003736,1.0,1,1,1,11.0,0.0,0.0,0.0,1995.0,B02,2.0,7,0,14.0,0.0,1.0,1.0,7,20,1315,1,1,3,1,5,2,7,2,2
8405,201600003737,1.0,1,3,1,21.0,0.0,0.0,0.0,1998.0,B02,0.0,1,0,0.0,2.0,8.0,19.0,8,12,1815,1,1,3,7,1,4,7,1,2
8406,201600003737,1.0,1,1,2,11.0,0.0,0.0,0.0,1990.0,A01,1.0,7,0,0.0,0.0,1.0,1.0,8,12,1815,1,1,3,7,1,4,1,2,1
8407,201600003738,1.0,1,3,1,21.0,0.0,0.0,0.0,1969.0,A01,2.0,33,0,0.0,2.0,1.0,17.0,8,19,1015,1,1,1,1,2,1,7,1,2
8408,201600003738,1.0,1,1,1,11.0,0.0,0.0,0.0,1942.0,B02,2.0,7,0,0.0,2.0,6.0,15.0,8,19,1015,1,1,1,1,2,1,33,2,1
8409,201600003739,1.0,1,3,1,11.0,0.0,0.0,0.0,1997.0,A01,2.0,7,0,2.0,0.0,1.0,1.0,9,22,800,1,1,1,1,6,1,7,2,2
8410,201600003740,1.0,1,3,1,21.0,0.0,0.0,0.0,1972.0,A01,1.0,33,0,0.0,6.0,3.0,1.0,9,18,1100,1,1,1,1,6,1,33,1,1
8411,201600003741,1.0,1,3,1,22.0,0.0,0.0,0.0,2001.0,B02,1.0,1,0,0.0,2.0,0.0,1.0,8,6,1115,1,1,1,1,1,1,1,1,1
8412,201600003742,1.0,1,3,1,21.0,0.0,0.0,0.0,1981.0,B02,2.0,1,0,0.0,2.0,1.0,1.0,3,18,1645,1,1,2,1,3,3,7,1,2
8413,201600003742,1.0,1,1,1,11.0,0.0,0.0,0.0,1995.0,A01,2.0,7,0,0.0,0.0,2.0,19.0,3,18,1645,1,1,2,1,3,3,1,2,1
8414,201600003743,1.0,1,3,1,21.0,0.0,0.0,0.0,1972.0,A01,1.0,33,0,0.0,2.0,1.0,17.0,6,22,1900,1,1,2,1,3,4,7,1,2
8415,201600003743,1.0,1,4,2,11.0,0.0,0.0,0.0,1987.0,B02,1.0,7,0,0.0,2.0,8.0,15.0,6,22,1900,1,1,2,1,3,4,33,2,1
8416,201600003744,1.0,1,4,2,11.0,0.0,0.0,0.0,1956.0,B02,1.0,7,0,0.0,2.0,3.0,1.0,10,29,1250,1,2,3,7,4,2,7,2,2
8417,201600003744,1.0,1,4,2,11.0,0.0,0.0,0.0,1989.0,A01,2.0,7,0,0.0,2.0,1.0,15.0,10,29,1250,1,2,3,7,4,2,7,2,2
8418,201600003744,1.0,1,1,1,11.0,0.0,0.0,0.0,1986.0,C03,0.0,7,0,0.0,2.0,3.0,23.0,10,29,1250,1,2,3,7,4,2,7,2,2
8419,201600003745,1.0,1,3,1,21.0,0.0,0.0,0.0,1977.0,A01,0.0,33,0,3.0,0.0,1.0,2.0,11,10,1320,1,2,1,2,6,2,33,1,1
8420,201600003746,0.0,3,3,1,93.0,6.0,1.0,1.0,1961.0,A01,1.0,7,0,0.0,1.0,2.0,1.0,12,5,1820,3,1,1,1,6,4,7,2,2
8421,201600003746,1.0,1,1,1,11.0,0.0,0.0,0.0,1973.0,A01,1.0,7,0,0.0,1.0,2.0,1.0,12,5,1820,3,1,1,1,6,4,7,2,2
8422,201600003747,1.0,1,3,2,11.0,0.0,0.0,0.0,1967.0,A01,1.0,7,0,0.0,2.0,2.0,1.0,1,8,1830,3,1,2,1,3,4,7,2,2
8423,201600003747,1.0,1,1,1,11.0,0.0,0.0,0.0,1930.0,B02,1.0,7,0,0.0,2.0,8.0,19.0,1,8,1830,3,1,2,1,3,4,7,2,2
8424,201600003747,2.0,2,1,2,11.0,0.0,0.0,0.0,1931.0,B02,1.0,7,0,0.0,2.0,8.0,19.0,1,8,1830,3,1,2,1,3,4,7,2,2
8425,201600003748,1.0,1,4,1,11.0,0.0,0.0,0.0,1963.0,B02,2.0,7,0,0.0,2.0,3.0,1.0,5,30,1815,1,1,1,1,1,4,7,2,2
8426,201600003748,1.0,1,3,1,11.0,0.0,0.0,0.0,1977.0,A01,1.0,7,0,0.0,2.0,3.0,13.0,5,30,1815,1,1,1,1,1,4,7,2,2
8427,201600003749,1.0,1,4,1,11.0,0.0,0.0,0.0,1933.0,A01,2.0,7,0,8.0,0.0,1.0,14.0,7,24,1615,1,2,1,1,6,3,7,2,2
8428,201600003749,2.0,2,2,2,11.0,0.0,0.0,0.0,1933.0,A01,2.0,7,0,8.0,0.0,1.0,14.0,7,24,1615,1,2,1,1,6,3,7,2,2
8429,201600003750,1.0,1,3,1,13.0,0.0,0.0,0.0,1992.0,A01,2.0,7,0,13.0,0.0,1.0,1.0,8,27,745,1,1,1,1,6,1,7,2,2
8430,201600003750,2.0,2,3,1,11.0,0.0,0.0,0.0,1991.0,A01,2.0,7,0,13.0,0.0,1.0,1.0,8,27,745,1,1,1,1,6,1,7,2,2
8431,201600003750,5.0,2,3,1,12.0,0.0,0.0,0.0,1994.0,A01,2.0,7,0,13.0,0.0,1.0,1.0,8,27,745,1,1,1,1,6,1,7,2,2
8432,201600003751,1.0,1,3,1,22.0,0.0,0.0,0.0,1974.0,A01,1.0,32,0,0.0,0.0,8.0,13.0,9,29,2100,3,1,1,1,7,4,32,1,1
8433,201600003752,4.0,2,3,2,11.0,0.0,0.0,0.0,1966.0,C03,1.0,7,0,0.0,2.0,3.0,1.0,5,6,1000,1,1,1,1,5,1,99,2,0
8434,201600003752,3.0,2,3,2,11.0,0.0,0.0,0.0,1965.0,C03,1.0,7,0,0.0,2.0,3.0,1.0,5,6,1000,1,1,1,1,5,1,99,2,0
8435,201600003752,2.0,2,3,1,11.0,0.0,0.0,0.0,1966.0,C03,1.0,7,0,0.0,2.0,3.0,1.0,5,6,1000,1,1,1,1,5,1,99,2,0
8436,201600003752,1.0,1,3,1,11.0,0.0,0.0,0.0,1960.0,C03,1.0,7,0,0.0,2.0,3.0,1.0,5,6,1000,1,1,1,1,5,1,99,2,0
8437,201600003752,1.0,1,3,2,11.0,0.0,0.0,0.0,1994.0,A01,2.0,7,0,0.0,2.0,3.0,13.0,5,6,1000,1,1,1,1,5,1,99,2,0
8438,201600003752,2.0,2,4,2,11.0,0.0,0.0,0.0,1948.0,B02,1.0,99,0,0.0,2.0,3.0,1.0,5,6,1000,1,1,1,1,5,1,7,0,2
8439,201600003752,1.0,1,4,1,11.0,0.0,0.0,0.0,1947.0,B02,1.0,99,0,0.0,2.0,3.0,1.0,5,6,1000,1,1,1,1,5,1,7,0,2
8440,201600003753,1.0,1,1,1,11.0,0.0,0.0,0.0,1992.0,A01,1.0,7,0,0.0,0.0,9.0,1.0,5,21,445,3,1,1,1,7,0,7,2,2
8441,201600003753,2.0,2,3,1,11.0,0.0,0.0,0.0,1995.0,A01,1.0,7,0,0.0,0.0,9.0,1.0,5,21,445,3,1,1,1,7,0,7,2,2
8442,201600003753,3.0,2,3,1,11.0,0.0,0.0,0.0,1996.0,A01,1.0,7,0,0.0,0.0,9.0,1.0,5,21,445,3,1,1,1,7,0,7,2,2
8443,201600003754,1.0,1,4,2,11.0,0.0,0.0,0.0,1988.0,A01,1.0,7,0,0.0,0.0,2.0,0.0,6,2,830,2,1,1,2,7,1,7,2,2
8444,201600003754,2.0,2,3,2,11.0,0.0,0.0,0.0,1970.0,A01,1.0,7,0,0.0,0.0,2.0,0.0,6,2,830,2,1,1,2,7,1,7,2,2
8445,201600003754,3.0,2,4,1,11.0,0.0,0.0,0.0,1975.0,A01,1.0,7,0,0.0,0.0,2.0,0.0,6,2,830,2,1,1,2,7,1,7,2,2
8446,201600003754,4.0,2,3,1,11.0,0.0,0.0,0.0,1970.0,A01,1.0,7,0,0.0,0.0,2.0,0.0,6,2,830,2,1,1,2,7,1,7,2,2
8447,201600003755,1.0,1,4,2,11.0,0.0,0.0,0.0,1969.0,B02,2.0,7,0,0.0,2.0,3.0,1.0,8,13,730,1,1,1,1,1,1,7,2,2
8448,201600003755,2.0,2,4,1,11.0,0.0,0.0,0.0,1998.0,B02,2.0,7,0,0.0,2.0,3.0,1.0,8,13,730,1,1,1,1,1,1,7,2,2
8449,201600003755,4.0,2,4,1,11.0,0.0,0.0,0.0,1998.0,A01,1.0,7,0,2.0,2.0,3.0,5.0,8,13,730,1,1,1,1,1,1,7,2,2
8450,201600003755,2.0,2,3,2,11.0,0.0,0.0,0.0,1996.0,A01,1.0,7,0,2.0,2.0,3.0,5.0,8,13,730,1,1,1,1,1,1,7,2,2
8451,201600003755,1.0,1,3,1,11.0,0.0,0.0,0.0,1996.0,A01,1.0,7,0,2.0,2.0,3.0,5.0,8,13,730,1,1,1,1,1,1,7,2,2
8452,201600003755,3.0,2,3,1,11.0,0.0,0.0,0.0,1996.0,A01,1.0,7,0,2.0,2.0,3.0,5.0,8,13,730,1,1,1,1,1,1,7,2,2
8453,201600003756,1.0,1,4,2,21.0,0.0,0.0,0.0,1997.0,A01,0.0,30,0,0.0,0.0,8.0,1.0,10,13,1200,1,2,1,1,7,2,30,1,1
8454,201600003757,1.0,1,3,1,21.0,0.0,0.0,0.0,1986.0,A01,2.0,30,0,0.0,0.0,0.0,1.0,10,18,1030,1,1,1,8,7,1,30,1,1
8455,201600003758,1.0,1,2,2,21.0,0.0,0.0,0.0,1946.0,A01,0.0,1,0,0.0,0.0,0.0,1.0,10,28,1100,1,1,1,1,6,1,1,1,1
8456,201600003759,1.0,1,3,1,21.0,0.0,0.0,0.0,1958.0,B02,2.0,1,0,0.0,2.0,1.0,21.0,11,26,1600,1,1,1,1,1,3,7,1,2
8457,201600003759,1.0,1,1,1,13.0,0.0,0.0,0.0,1982.0,A01,1.0,7,0,0.0,2.0,1.0,1.0,11,26,1600,1,1,1,1,1,3,1,2,1
8458,201600003760,1.0,1,2,1,21.0,0.0,0.0,0.0,1974.0,A01,1.0,33,0,0.0,2.0,1.0,1.0,12,8,1715,2,1,1,1,3,3,7,1,2
8459,201600003760,1.0,1,1,2,11.0,0.0,0.0,0.0,1973.0,B02,2.0,7,0,0.0,2.0,7.0,15.0,12,8,1715,2,1,1,1,3,3,33,2,1
8460,201600003761,1.0,1,3,1,22.0,0.0,0.0,0.0,2000.0,A01,1.0,36,0,0.0,0.0,2.0,1.0,12,22,1830,5,2,1,2,7,4,36,1,1
8461,201600003762,1.0,1,3,1,21.0,0.0,0.0,0.0,1989.0,A01,2.0,31,0,0.0,2.0,2.0,1.0,1,21,1330,1,2,1,1,3,2,7,1,2
8462,201600003762,1.0,1,4,2,11.0,0.0,0.0,0.0,1980.0,B02,1.0,7,0,0.0,2.0,3.0,1.0,1,21,1330,1,2,1,1,3,2,31,2,1
8463,201600003763,1.0,1,3,1,11.0,0.0,0.0,0.0,1988.0,B02,1.0,10,0,0.0,2.0,1.0,1.0,3,19,2245,3,1,1,1,3,5,7,2,2
8464,201600003763,2.0,2,3,2,11.0,0.0,0.0,0.0,1992.0,B02,1.0,10,0,0.0,2.0,1.0,1.0,3,19,2245,3,1,1,1,3,5,7,2,2
8465,201600003763,1.0,1,2,1,11.0,0.0,0.0,0.0,1994.0,A01,2.0,7,0,4.0,2.0,7.0,13.0,3,19,2245,3,1,1,1,3,5,10,2,2
8466,201600003763,2.0,2,2,2,11.0,0.0,0.0,0.0,1996.0,A01,2.0,7,0,4.0,2.0,7.0,13.0,3,19,2245,3,1,1,1,3,5,10,2,2
8467,201600003764,1.0,1,2,1,11.0,0.0,0.0,0.0,1994.0,A01,2.0,7,0,2.0,0.0,0.0,1.0,4,21,1515,1,1,1,2,6,3,7,2,2
8468,201600003765,1.0,1,1,1,11.0,0.0,0.0,0.0,1957.0,C03,2.0,7,0,0.0,0.0,0.0,1.0,7,16,1700,1,2,1,1,5,3,33,2,1
8469,201600003765,1.0,1,1,1,11.0,0.0,0.0,0.0,1968.0,B02,2.0,7,0,0.0,2.0,6.0,13.0,7,16,1700,1,2,1,1,5,3,33,2,1
8470,201600003765,1.0,1,3,1,21.0,0.0,0.0,0.0,1948.0,A01,2.0,33,0,0.0,2.0,1.0,1.0,7,16,1700,1,2,1,1,5,3,7,1,2
8471,201600003766,1.0,1,1,2,11.0,0.0,0.0,0.0,1961.0,A01,2.0,10,0,0.0,2.0,0.0,1.0,11,2,1200,1,1,1,1,2,2,10,2,2
8472,201600003766,1.0,1,3,2,11.0,0.0,0.0,0.0,1948.0,B02,2.0,10,0,0.0,1.0,4.0,23.0,11,2,1200,1,1,1,1,2,2,10,2,2
8473,201600003766,0.0,3,3,1,0.0,4.0,3.0,1.0,1973.0,B02,2.0,10,0,0.0,1.0,4.0,23.0,11,2,1200,1,1,1,1,2,2,10,2,2
8474,201600003767,1.0,1,4,2,11.0,0.0,0.0,0.0,1992.0,A01,2.0,7,0,0.0,0.0,8.0,0.0,12,6,900,1,1,1,1,6,1,7,2,2
8475,201600003768,0.0,3,4,1,0.0,6.0,9.0,3.0,1986.0,B02,1.0,7,0,6.0,0.0,1.0,1.0,2,25,945,1,1,1,2,1,1,7,2,2
8476,201600003768,0.0,3,1,1,0.0,6.0,9.0,3.0,1986.0,B02,1.0,7,0,6.0,0.0,1.0,1.0,2,25,945,1,1,1,2,1,1,7,2,2
8478,201600003768,0.0,3,4,2,0.0,6.0,9.0,3.0,1985.0,B02,1.0,7,0,6.0,0.0,1.0,1.0,2,25,945,1,1,1,2,1,1,7,2,2
8479,201600003768,0.0,3,4,1,0.0,6.0,9.0,3.0,1988.0,B02,1.0,7,0,6.0,0.0,1.0,1.0,2,25,945,1,1,1,2,1,1,7,2,2
8480,201600003768,0.0,3,4,1,0.0,6.0,9.0,3.0,1954.0,B02,1.0,7,0,6.0,0.0,1.0,1.0,2,25,945,1,1,1,2,1,1,7,2,2
8481,201600003768,2.0,2,2,2,11.0,0.0,0.0,0.0,1968.0,B02,1.0,7,0,6.0,0.0,1.0,1.0,2,25,945,1,1,1,2,1,1,7,2,2
8482,201600003768,1.0,1,3,1,11.0,0.0,0.0,0.0,1965.0,B02,1.0,7,0,6.0,0.0,1.0,1.0,2,25,945,1,1,1,2,1,1,7,2,2
8483,201600003768,0.0,3,3,1,0.0,6.0,9.0,3.0,1968.0,B02,1.0,7,0,6.0,0.0,1.0,1.0,2,25,945,1,1,1,2,1,1,7,2,2
8484,201600003768,1.0,1,4,2,11.0,0.0,0.0,0.0,1993.0,A01,1.0,7,0,1.0,1.0,1.0,14.0,2,25,945,1,1,1,2,1,1,7,2,2
8485,201600003769,1.0,1,4,1,11.0,0.0,0.0,0.0,1982.0,A01,2.0,7,0,3.0,0.0,0.0,11.0,4,4,1900,1,2,1,1,6,4,7,2,2
8486,201600003770,1.0,1,1,1,11.0,0.0,0.0,0.0,1959.0,B02,1.0,7,0,0.0,2.0,4.0,2.0,7,18,1730,1,1,1,1,6,3,7,2,2
8487,201600003770,1.0,1,3,2,11.0,0.0,0.0,0.0,1939.0,A01,1.0,7,0,0.0,2.0,1.0,2.0,7,18,1730,1,1,1,1,6,3,7,2,2
8488,201600003771,1.0,1,2,2,11.0,0.0,0.0,0.0,1994.0,A01,2.0,7,0,13.0,0.0,1.0,1.0,6,19,745,1,1,1,1,6,1,7,2,2
8489,201600003772,1.0,1,3,1,21.0,0.0,0.0,0.0,1969.0,A01,1.0,30,0,0.0,0.0,0.0,1.0,8,3,15,3,1,1,1,7,0,30,1,1
8490,201600003773,1.0,1,3,1,11.0,0.0,0.0,0.0,1973.0,A01,2.0,7,0,13.0,0.0,1.0,1.0,9,16,1500,1,1,1,1,6,3,7,2,2
8491,201600003774,1.0,1,2,1,11.0,0.0,0.0,0.0,1982.0,A01,2.0,7,0,4.0,0.0,9.0,1.0,9,17,2345,3,1,1,2,7,5,7,2,2
8492,201600003775,1.0,1,2,1,1.0,0.0,0.0,0.0,1973.0,A01,0.0,21,0,0.0,0.0,9.0,0.0,11,19,1815,2,1,1,1,7,4,21,0,0
8493,201600003776,1.0,1,3,1,11.0,0.0,0.0,0.0,1981.0,A01,0.0,7,0,13.0,0.0,1.0,1.0,2,20,345,3,1,1,1,7,0,7,2,2
8494,201600003777,1.0,1,1,1,13.0,0.0,0.0,0.0,1957.0,A01,2.0,7,0,0.0,2.0,7.0,19.0,4,16,900,1,2,1,1,3,1,33,2,1
8495,201600003777,1.0,1,3,1,21.0,0.0,0.0,0.0,1985.0,B02,1.0,33,0,0.0,2.0,1.0,1.0,4,16,900,1,2,1,1,3,1,7,1,2
8496,201600003778,1.0,1,4,1,11.0,0.0,0.0,0.0,1987.0,A01,2.0,7,0,16.0,0.0,8.0,13.0,4,20,1930,2,1,1,1,7,4,7,2,2
8497,201600003778,2.0,2,3,1,11.0,0.0,0.0,0.0,2002.0,A01,2.0,7,0,16.0,0.0,8.0,13.0,4,20,1930,2,1,1,1,7,4,7,2,2
8498,201600003779,1.0,1,3,1,21.0,0.0,0.0,0.0,1970.0,B02,0.0,31,0,0.0,2.0,1.0,1.0,9,6,1215,1,2,1,1,1,2,7,1,2
8499,201600003779,1.0,1,1,1,13.0,0.0,0.0,0.0,1996.0,A01,0.0,7,0,0.0,2.0,2.0,15.0,9,6,1215,1,2,1,1,1,2,31,2,1
8500,201600003780,1.0,1,3,2,11.0,0.0,0.0,0.0,1930.0,A01,0.0,7,0,6.0,0.0,1.0,0.0,10,10,1745,1,2,7,1,6,3,7,2,2
8501,201600003781,1.0,1,1,1,11.0,0.0,0.0,0.0,1974.0,A01,2.0,10,0,0.0,1.0,2.0,14.0,12,15,830,1,1,1,1,6,1,10,2,2
8502,201600003781,0.0,3,4,2,0.0,6.0,2.0,3.0,1941.0,A01,2.0,10,0,0.0,1.0,2.0,14.0,12,15,830,1,1,1,1,6,1,10,2,2
8503,201600003781,0.0,3,3,2,0.0,6.0,2.0,3.0,1943.0,A01,2.0,10,0,0.0,1.0,2.0,14.0,12,15,830,1,1,1,1,6,1,10,2,2
8504,201600003781,0.0,3,4,2,0.0,6.0,2.0,3.0,1944.0,A01,2.0,10,0,0.0,1.0,2.0,14.0,12,15,830,1,1,1,1,6,1,10,2,2
8505,201600003781,0.0,3,3,2,0.0,6.0,2.0,3.0,1951.0,A01,2.0,10,0,0.0,1.0,2.0,14.0,12,15,830,1,1,1,1,6,1,10,2,2
8506,201600003782,1.0,1,3,2,11.0,0.0,0.0,0.0,1970.0,B02,2.0,7,0,0.0,2.0,2.0,1.0,1,6,1800,3,1,1,1,1,4,7,2,2
8507,201600003782,2.0,2,1,1,11.0,0.0,0.0,0.0,1980.0,B02,2.0,7,0,0.0,2.0,2.0,1.0,1,6,1800,3,1,1,1,1,4,7,2,2
8508,201600003782,1.0,1,1,1,11.0,0.0,0.0,0.0,1980.0,A01,1.0,7,0,0.0,2.0,2.0,13.0,1,6,1800,3,1,1,1,1,4,7,2,2
8509,201600003783,1.0,1,3,1,11.0,0.0,0.0,0.0,1991.0,A01,2.0,10,0,8.0,0.0,3.0,13.0,3,19,630,2,1,1,1,6,1,10,2,2
8510,201600003783,2.0,2,1,1,11.0,0.0,0.0,0.0,1981.0,A01,2.0,10,0,8.0,0.0,3.0,13.0,3,19,630,2,1,1,1,6,1,10,2,2
8511,201600003784,1.0,1,2,1,12.0,0.0,0.0,0.0,1959.0,A01,1.0,7,0,8.0,0.0,1.0,1.0,5,11,2300,3,2,1,1,6,5,7,2,2
8512,201600003785,1.0,1,3,1,21.0,0.0,0.0,0.0,1958.0,A01,0.0,1,0,0.0,0.0,2.0,1.0,8,3,1100,1,1,1,1,7,1,1,1,1
8513,201600003786,1.0,1,3,1,21.0,0.0,0.0,0.0,1997.0,A01,1.0,1,0,0.0,0.0,0.0,1.0,10,22,1030,1,1,1,6,7,1,1,1,1
8514,201600003787,1.0,1,3,1,11.0,0.0,0.0,0.0,1984.0,A01,1.0,7,0,0.0,2.0,8.0,1.0,11,10,1815,2,1,1,1,3,4,10,2,2
8515,201600003787,1.0,1,1,1,11.0,0.0,0.0,0.0,1974.0,B02,2.0,10,0,0.0,2.0,3.0,15.0,11,10,1815,2,1,1,1,3,4,7,2,2
8516,201600003788,1.0,1,1,1,11.0,0.0,0.0,0.0,1972.0,A01,1.0,7,0,0.0,2.0,1.0,2.0,12,31,1600,1,1,1,1,2,3,7,2,2
8517,201600003788,1.0,1,4,1,11.0,0.0,0.0,0.0,1995.0,B02,1.0,7,0,0.0,2.0,4.0,16.0,12,31,1600,1,1,1,1,2,3,7,2,2
8518,201600003788,2.0,2,4,1,11.0,0.0,0.0,0.0,1997.0,B02,1.0,7,0,0.0,2.0,4.0,16.0,12,31,1600,1,1,1,1,2,3,7,2,2
8519,201600003789,1.0,1,3,1,21.0,0.0,0.0,0.0,1995.0,A01,1.0,30,0,2.0,0.0,1.0,1.0,1,3,1,3,1,1,1,6,0,30,1,1
8520,201600003790,1.0,1,1,1,11.0,0.0,0.0,0.0,1994.0,A01,1.0,7,0,0.0,1.0,4.0,4.0,4,7,1200,1,1,1,1,6,2,7,2,2
8521,201600003790,0.0,3,4,2,0.0,1.0,3.0,1.0,1937.0,A01,1.0,7,0,0.0,1.0,4.0,4.0,4,7,1200,1,1,1,1,6,2,7,2,2
8522,201600003791,1.0,1,1,1,11.0,0.0,0.0,0.0,1996.0,B02,0.0,7,0,0.0,2.0,2.0,15.0,4,13,1115,1,2,3,1,3,1,33,2,1
8523,201600003791,1.0,1,3,1,21.0,0.0,0.0,0.0,1987.0,A01,0.0,33,0,0.0,2.0,1.0,1.0,4,13,1115,1,2,3,1,3,1,7,1,2
8524,201600003792,1.0,1,1,1,11.0,0.0,0.0,0.0,1970.0,A01,1.0,7,0,0.0,0.0,6.0,15.0,4,22,1945,1,1,3,1,3,4,33,2,1
8525,201600003792,1.0,1,3,1,21.0,0.0,0.0,0.0,1987.0,B02,1.0,33,0,0.0,0.0,1.0,1.0,4,22,1945,1,1,3,1,3,4,7,1,2
8526,201600003793,1.0,1,3,1,11.0,0.0,0.0,0.0,1995.0,A01,0.0,7,0,16.0,0.0,1.0,0.0,5,14,130,3,1,1,2,6,0,7,2,2
8527,201600003794,1.0,1,3,1,21.0,0.0,0.0,0.0,1980.0,A01,2.0,33,0,14.0,0.0,1.0,6.0,5,26,415,3,1,6,1,6,0,33,1,1
8528,201600003795,1.0,1,3,2,11.0,0.0,0.0,0.0,1974.0,A01,2.0,7,0,13.0,0.0,1.0,1.0,6,25,900,1,1,1,1,7,1,7,2,2
8529,201600003796,4.0,2,4,1,12.0,0.0,0.0,0.0,2001.0,A01,0.0,7,0,2.0,0.0,7.0,1.0,7,24,215,3,1,1,1,6,0,7,2,2
8530,201600003796,8.0,2,4,2,12.0,0.0,0.0,0.0,1999.0,A01,0.0,7,0,2.0,0.0,7.0,1.0,7,24,215,3,1,1,1,6,0,7,2,2
8531,201600003796,3.0,2,3,1,12.0,0.0,0.0,0.0,2001.0,A01,0.0,7,0,2.0,0.0,7.0,1.0,7,24,215,3,1,1,1,6,0,7,2,2
8532,201600003796,4.0,2,4,2,12.0,0.0,0.0,0.0,2000.0,A01,0.0,7,0,2.0,0.0,7.0,1.0,7,24,215,3,1,1,1,6,0,7,2,2
8533,201600003796,2.0,2,3,2,12.0,0.0,0.0,0.0,2001.0,A01,0.0,7,0,2.0,0.0,7.0,1.0,7,24,215,3,1,1,1,6,0,7,2,2
8534,201600003796,3.0,2,2,1,12.0,0.0,0.0,0.0,2001.0,A01,0.0,7,0,2.0,0.0,7.0,1.0,7,24,215,3,1,1,1,6,0,7,2,2
8535,201600003796,2.0,2,3,1,11.0,0.0,0.0,0.0,2000.0,A01,0.0,7,0,2.0,0.0,7.0,1.0,7,24,215,3,1,1,1,6,0,7,2,2
8536,201600003796,1.0,1,1,1,11.0,0.0,0.0,0.0,1998.0,A01,0.0,7,0,2.0,0.0,7.0,1.0,7,24,215,3,1,1,1,6,0,7,2,2
8537,201600003797,1.0,1,1,1,11.0,0.0,0.0,0.0,1983.0,A01,0.0,7,0,0.0,1.0,2.0,15.0,8,5,1030,1,1,1,1,6,1,7,2,2
8538,201600003797,0.0,3,3,2,0.0,2.0,3.0,1.0,1938.0,A01,0.0,7,0,0.0,1.0,2.0,15.0,8,5,1030,1,1,1,1,6,1,7,2,2
8539,201600003798,1.0,1,3,1,11.0,0.0,0.0,0.0,1997.0,A01,1.0,7,0,0.0,0.0,3.0,1.0,8,7,1015,1,1,1,1,7,1,7,2,2
8540,201600003799,1.0,1,4,2,11.0,0.0,0.0,0.0,1988.0,A01,2.0,7,0,0.0,2.0,1.0,1.0,8,6,1045,1,1,1,1,1,1,7,2,2
8541,201600003799,1.0,1,4,1,11.0,0.0,0.0,0.0,1996.0,B02,1.0,7,0,0.0,2.0,1.0,13.0,8,6,1045,1,1,1,1,1,1,7,2,2
8542,201600003800,1.0,1,1,1,11.0,0.0,0.0,0.0,1991.0,A01,2.0,10,0,0.0,2.0,1.0,17.0,8,29,700,2,1,1,1,1,1,33,2,1
8543,201600003800,1.0,1,2,1,21.0,0.0,0.0,0.0,1991.0,B02,1.0,33,0,0.0,2.0,1.0,1.0,8,29,700,2,1,1,1,1,1,10,1,2
8544,201600003801,1.0,1,3,1,11.0,0.0,0.0,0.0,1993.0,A01,1.0,7,0,0.0,0.0,0.0,1.0,12,12,30,5,1,6,1,7,0,7,2,2
8545,201600003802,1.0,1,3,1,11.0,0.0,0.0,0.0,1995.0,A01,1.0,7,0,6.0,0.0,1.0,1.0,1,25,515,5,2,1,1,6,0,7,2,2
8546,201600003803,1.0,1,1,1,11.0,0.0,0.0,0.0,1971.0,A01,2.0,10,0,0.0,2.0,2.0,1.0,3,3,830,1,1,1,3,3,1,30,2,1
8547,201600003803,1.0,1,3,2,21.0,0.0,0.0,0.0,1989.0,B02,0.0,30,0,0.0,2.0,1.0,16.0,3,3,830,1,1,1,3,3,1,10,1,2
8548,201600003804,1.0,1,1,1,13.0,0.0,0.0,0.0,1967.0,A01,0.0,10,0,0.0,2.0,1.0,1.0,4,14,1300,1,1,3,1,3,2,32,2,1