,Num_Acc,place,catu,grav,sexe,secu,locp,actp,etatp,an_nais,num_veh,senc,catv,occutc,obs,obsm,choc,manv,mois,jour,hrmn,lum,agg,int,atm,col,mom,catvopp,catv_gen,catvopp_gen
8549,201600003804,1.0,1,4,2,21.0,0.0,0.0,0.0,2000.0,B02,0.0,32,0,0.0,2.0,6.0,16.0,4,14,1300,1,1,3,1,3,2,10,1,2
8550,201600003805,1.0,1,3,1,21.0,0.0,0.0,0.0,1999.0,B02,2.0,2,0,0.0,2.0,1.0,1.0,6,20,1745,1,2,1,1,2,3,7,1,2
8551,201600003805,1.0,1,1,2,11.0,0.0,0.0,0.0,1965.0,A01,1.0,7,0,0.0,2.0,4.0,23.0,6,20,1745,1,2,1,1,2,3,2,2,1
8552,201600003806,1.0,1,1,2,11.0,0.0,0.0,0.0,1992.0,B02,1.0,7,0,0.0,0.0,4.0,0.0,10,1,1400,1,2,1,1,2,3,10,2,2
8553,201600003806,2.0,2,1,1,11.0,0.0,0.0,0.0,1988.0,B02,1.0,7,0,0.0,0.0,4.0,0.0,10,1,1400,1,2,1,1,2,3,10,2,2
8554,201600003806,3.0,2,4,1,11.0,0.0,0.0,0.0,1968.0,B02,1.0,7,0,0.0,0.0,4.0,0.0,10,1,1400,1,2,1,1,2,3,10,2,2
8555,201600003806,1.0,1,1,1,11.0,0.0,0.0,0.0,1956.0,A01,1.0,10,0,0.0,0.0,1.0,1.0,10,1,1400,1,2,1,1,2,3,7,2,2
8556,201600003807,1.0,1,2,1,12.0,0.0,0.0,0.0,1942.0,A01,1.0,10,0,0.0,0.0,1.0,14.0,10,20,1830,1,1,1,2,7,4,10,2,2
8557,201600003808,8.0,2,3,1,11.0,0.0,0.0,0.0,2003.0,B02,1.0,7,0,0.0,2.0,1.0,1.0,1,1,1115,1,1,1,1,3,1,7,2,2
8558,201600003808,5.0,2,3,1,11.0,0.0,0.0,0.0,1998.0,B02,1.0,7,0,0.0,2.0,1.0,1.0,1,1,1115,1,1,1,1,3,1,7,2,2
8560,201600003808,2.0,2,3,1,11.0,0.0,0.0,0.0,1998.0,B02,1.0,7,0,0.0,2.0,1.0,1.0,1,1,1115,1,1,1,1,3,1,7,2,2
8561,201600003808,5.0,2,3,1,11.0,0.0,0.0,0.0,2000.0,B02,1.0,7,0,0.0,2.0,1.0,1.0,1,1,1115,1,1,1,1,3,1,7,2,2
8562,201600003808,1.0,1,3,1,11.0,0.0,0.0,0.0,1996.0,B02,1.0,7,0,0.0,2.0,1.0,1.0,1,1,1115,1,1,1,1,3,1,7,2,2
8563,201600003808,4.0,2,2,1,12.0,0.0,0.0,0.0,1994.0,A01,2.0,7,0,3.0,2.0,1.0,17.0,1,1,1115,1,1,1,1,3,1,7,2,2
8564,201600003808,1.0,1,3,1,11.0,0.0,0.0,0.0,1997.0,A01,2.0,7,0,3.0,2.0,1.0,17.0,1,1,1115,1,1,1,1,3,1,7,2,2
8565,201600003808,3.0,2,2,1,12.0,0.0,0.0,0.0,1995.0,A01,2.0,7,0,3.0,2.0,1.0,17.0,1,1,1115,1,1,1,1,3,1,7,2,2
8566,201600003808,2.0,2,3,1,11.0,0.0,0.0,0.0,1998.0,A01,2.0,7,0,3.0,2.0,1.0,17.0,1,1,1115,1,1,1,1,3,1,7,2,2
8567,201600003809,1.0,1,3,1,21.0,0.0,0.0,0.0,1979.0,A01,1.0,33,0,6.0,0.0,1.0,16.0,4,28,2030,1,1,1,1,6,4,33,1,1
8568,201600003809,2.0,2,4,1,21.0,0.0,0.0,0.0,1980.0,A01,1.0,33,0,6.0,0.0,1.0,16.0,4,28,2030,1,1,1,1,6,4,33,1,1
8569,201600003810,1.0,1,3,1,11.0,0.0,0.0,0.0,1986.0,A01,1.0,7,0,0.0,2.0,1.0,13.0,5,9,1515,1,1,1,1,1,3,7,2,2
8570,201600003810,1.0,1,3,2,11.0,0.0,0.0,0.0,1976.0,B02,2.0,7,0,0.0,2.0,1.0,1.0,5,9,1515,1,1,1,1,1,3,7,2,2
8571,201600003810,2.0,2,4,2,11.0,0.0,0.0,0.0,1951.0,B02,2.0,7,0,0.0,2.0,1.0,1.0,5,9,1515,1,1,1,1,1,3,7,2,2
8572,201600003811,1.0,1,3,1,21.0,0.0,0.0,0.0,1987.0,B02,1.0,33,0,0.0,2.0,1.0,1.0,10,3,2045,5,1,1,1,1,4,7,1,2
8573,201600003811,1.0,1,1,1,13.0,0.0,0.0,0.0,1994.0,A01,1.0,7,0,0.0,2.0,8.0,10.0,10,3,2045,5,1,1,1,1,4,33,2,1
8574,201600003812,1.0,1,1,1,11.0,0.0,0.0,0.0,1975.0,A01,1.0,7,0,0.0,2.0,1.0,2.0,9,30,1715,1,1,1,7,2,3,2,2,1
8575,201600003812,1.0,1,4,1,21.0,0.0,0.0,0.0,1999.0,B02,1.0,2,0,0.0,0.0,4.0,15.0,9,30,1715,1,1,1,7,2,3,7,1,2
8576,201600003813,1.0,1,3,1,21.0,0.0,0.0,0.0,1960.0,A01,2.0,33,0,0.0,2.0,1.0,1.0,11,1,1500,1,1,3,1,3,3,7,1,2
8577,201600003813,1.0,1,4,1,11.0,0.0,0.0,0.0,1994.0,B02,1.0,7,0,0.0,2.0,3.0,19.0,11,1,1500,1,1,3,1,3,3,33,2,1
8578,201600003814,1.0,1,1,2,11.0,0.0,0.0,0.0,1965.0,A01,2.0,7,0,0.0,2.0,2.0,15.0,3,2,1008,1,2,3,1,3,1,1,2,1
8579,201600003814,1.0,1,3,1,92.0,0.0,0.0,0.0,1935.0,B01,1.0,1,0,0.0,2.0,1.0,1.0,3,2,1008,1,2,3,1,3,1,7,1,2
8580,201600003815,0.0,3,3,1,0.0,1.0,2.0,1.0,2002.0,A01,1.0,7,0,0.0,1.0,7.0,1.0,6,7,745,1,2,1,1,6,1,7,2,2
8581,201600003815,1.0,1,1,2,11.0,0.0,0.0,0.0,1974.0,A01,1.0,7,0,0.0,1.0,7.0,1.0,6,7,745,1,2,1,1,6,1,7,2,2
8582,201600003816,1.0,1,3,1,21.0,0.0,0.0,0.0,1981.0,A01,1.0,33,0,0.0,0.0,0.0,1.0,6,28,2303,3,1,1,1,7,5,33,1,1
8583,201600003817,1.0,1,4,1,21.0,0.0,0.0,0.0,1975.0,B01,1.0,2,0,0.0,2.0,3.0,1.0,9,29,1250,1,1,1,1,3,2,7,1,2
8584,201600003817,1.0,1,1,1,11.0,0.0,0.0,0.0,1971.0,A01,1.0,7,0,0.0,2.0,7.0,17.0,9,29,1250,1,1,1,1,3,2,2,2,1
8585,201600003818,1.0,1,1,1,13.0,0.0,0.0,0.0,1966.0,A01,1.0,10,0,0.0,1.0,4.0,4.0,9,2,1138,1,2,7,1,6,1,10,2,2
8586,201600003818,0.0,3,3,1,0.0,0.0,3.0,1.0,1932.0,A01,1.0,10,0,0.0,1.0,4.0,4.0,9,2,1138,1,2,7,1,6,1,10,2,2
8587,201600003819,1.0,1,1,1,11.0,0.0,0.0,0.0,1982.0,B02,2.0,15,0,0.0,2.0,2.0,1.0,1,9,1421,1,1,1,1,1,3,7,3,2
8588,201600003819,1.0,1,3,2,11.0,0.0,0.0,0.0,1948.0,A01,2.0,7,0,0.0,2.0,1.0,19.0,1,9,1421,1,1,1,1,1,3,15,2,3
8589,201600003820,1.0,1,4,1,11.0,0.0,0.0,0.0,1963.0,B02,1.0,15,0,0.0,2.0,3.0,1.0,7,14,1525,1,1,1,1,3,3,7,3,2
8590,201600003820,1.0,1,3,2,12.0,0.0,0.0,0.0,1963.0,A01,2.0,7,0,0.0,2.0,3.0,13.0,7,14,1525,1,1,1,1,3,3,15,2,3
8591,201600003821,1.0,1,3,1,11.0,0.0,0.0,0.0,1931.0,B02,2.0,7,0,0.0,2.0,8.0,1.0,1,12,1025,1,1,2,3,3,1,7,2,2
8592,201600003821,2.0,2,1,2,11.0,0.0,0.0,0.0,1951.0,B02,2.0,7,0,0.0,2.0,8.0,1.0,1,12,1025,1,1,2,3,3,1,7,2,2
8593,201600003821,1.0,1,1,1,11.0,0.0,0.0,0.0,1950.0,A01,2.0,7,0,0.0,2.0,1.0,17.0,1,12,1025,1,1,2,3,3,1,7,2,2
8594,201600003822,1.0,1,1,2,11.0,0.0,0.0,0.0,1973.0,A01,1.0,7,0,0.0,2.0,1.0,1.0,6,14,920,1,1,3,2,3,1,7,2,2
8595,201600003822,1.0,1,3,2,11.0,0.0,0.0,0.0,1938.0,B02,0.0,7,0,0.0,2.0,3.0,19.0,6,14,920,1,1,3,2,3,1,7,2,2
8596,201600003823,1.0,1,1,2,11.0,0.0,0.0,0.0,1958.0,B02,0.0,7,0,0.0,2.0,3.0,19.0,7,14,1345,1,1,2,8,3,2,33,2,1
8597,201600003823,1.0,1,3,1,21.0,0.0,0.0,0.0,1994.0,A01,1.0,33,0,0.0,2.0,1.0,1.0,7,14,1345,1,1,2,8,3,2,7,1,2
8598,201600003824,5.0,2,4,1,11.0,0.0,0.0,0.0,1996.0,A01,0.0,7,0,2.0,0.0,1.0,13.0,8,16,30,3,1,1,1,6,0,7,2,2
8599,201600003824,2.0,2,4,2,11.0,0.0,0.0,0.0,1998.0,A01,0.0,7,0,2.0,0.0,1.0,13.0,8,16,30,3,1,1,1,6,0,7,2,2
8600,201600003824,1.0,1,3,1,11.0,0.0,0.0,0.0,1994.0,A01,0.0,7,0,2.0,0.0,1.0,13.0,8,16,30,3,1,1,1,6,0,7,2,2
8601,201600003825,1.0,1,3,1,21.0,0.0,0.0,0.0,1992.0,B02,2.0,1,0,0.0,2.0,8.0,1.0,8,24,1900,1,1,2,7,5,4,7,1,2
8602,201600003825,1.0,1,1,2,11.0,0.0,0.0,0.0,1996.0,A01,1.0,7,0,0.0,2.0,2.0,15.0,8,24,1900,1,1,2,7,5,4,1,2,1
8603,201600003825,1.0,1,3,1,21.0,0.0,0.0,0.0,1963.0,C03,2.0,1,0,0.0,2.0,8.0,1.0,8,24,1900,1,1,2,7,5,4,7,1,2
8604,201600003826,1.0,1,1,2,11.0,0.0,0.0,0.0,1985.0,A01,2.0,7,0,9.0,0.0,1.0,1.0,10,27,2140,3,1,1,1,7,4,7,2,2
8605,201600003826,2.0,2,3,1,11.0,0.0,0.0,0.0,1985.0,A01,2.0,7,0,9.0,0.0,1.0,1.0,10,27,2140,3,1,1,1,7,4,7,2,2
8606,201600003827,1.0,1,3,1,21.0,0.0,0.0,0.0,1943.0,A01,2.0,1,0,0.0,6.0,1.0,1.0,10,30,845,1,1,1,1,6,1,1,1,1
8607,201600003828,1.0,1,2,1,11.0,0.0,0.0,0.0,1997.0,A01,2.0,7,0,2.0,0.0,8.0,1.0,11,5,130,3,1,1,2,6,0,7,2,2
8608,201600003829,1.0,1,1,1,11.0,0.0,0.0,0.0,1971.0,A01,0.0,10,0,16.0,0.0,7.0,21.0,2,9,810,2,1,1,2,7,1,10,2,2
8609,201600003829,2.0,2,4,1,11.0,0.0,0.0,0.0,1968.0,A01,0.0,10,0,16.0,0.0,7.0,21.0,2,9,810,2,1,1,2,7,1,10,2,2
8610,201600003830,1.0,1,3,1,21.0,0.0,0.0,0.0,1955.0,B02,2.0,33,0,0.0,2.0,8.0,1.0,3,26,1525,1,1,2,1,3,3,7,1,2
8611,201600003830,2.0,2,3,2,21.0,0.0,0.0,0.0,1957.0,B02,2.0,33,0,0.0,2.0,8.0,1.0,3,26,1525,1,1,2,1,3,3,7,1,2
8612,201600003830,1.0,1,1,1,11.0,0.0,0.0,0.0,1927.0,A01,2.0,7,0,0.0,2.0,1.0,19.0,3,26,1525,1,1,2,1,3,3,33,2,1
8613,201600003831,1.0,1,3,2,11.0,0.0,0.0,0.0,1935.0,A01,1.0,7,0,0.0,0.0,2.0,4.0,5,17,1100,1,2,1,1,7,1,7,2,2
8614,201600003832,1.0,1,3,1,11.0,0.0,0.0,0.0,1993.0,A01,2.0,7,0,2.0,0.0,3.0,14.0,7,23,510,3,1,1,1,6,0,7,2,2
8615,201600003833,1.0,1,1,1,11.0,0.0,0.0,0.0,1985.0,B02,1.0,7,0,0.0,2.0,5.0,15.0,8,4,1100,1,1,1,1,5,1,10,2,2
8616,201600003833,2.0,2,4,2,11.0,0.0,0.0,0.0,1990.0,B02,1.0,7,0,0.0,2.0,5.0,15.0,8,4,1100,1,1,1,1,5,1,10,2,2
8617,201600003833,3.0,2,3,1,31.0,0.0,0.0,0.0,2015.0,B02,1.0,7,0,0.0,2.0,5.0,15.0,8,4,1100,1,1,1,1,5,1,10,2,2
8618,201600003833,1.0,1,1,1,11.0,0.0,0.0,0.0,1971.0,A01,1.0,10,0,0.0,2.0,3.0,1.0,8,4,1100,1,1,1,1,5,1,7,2,2
8619,201600003833,1.0,1,1,1,11.0,0.0,0.0,0.0,1962.0,D04,2.0,7,0,0.0,2.0,8.0,1.0,8,4,1100,1,1,1,1,5,1,10,2,2
8620,201600003833,2.0,2,1,2,11.0,0.0,0.0,0.0,1964.0,D04,2.0,7,0,0.0,2.0,8.0,1.0,8,4,1100,1,1,1,1,5,1,10,2,2
8621,201600003833,1.0,1,1,1,11.0,0.0,0.0,0.0,1948.0,C03,2.0,7,0,0.0,2.0,8.0,1.0,8,4,1100,1,1,1,1,5,1,10,2,2
8622,201600003833,2.0,2,1,2,11.0,0.0,0.0,0.0,1947.0,C03,2.0,7,0,0.0,2.0,8.0,1.0,8,4,1100,1,1,1,1,5,1,10,2,2
8623,201600003833,3.0,2,4,2,11.0,0.0,0.0,0.0,1973.0,C03,2.0,7,0,0.0,2.0,8.0,1.0,8,4,1100,1,1,1,1,5,1,10,2,2
8624,201600003834,1.0,1,4,1,11.0,0.0,0.0,0.0,1982.0,B02,2.0,21,0,0.0,2.0,3.0,1.0,9,9,1425,1,1,1,1,1,3,10,0,2
8625,201600003834,1.0,1,3,1,11.0,0.0,0.0,0.0,1995.0,A01,1.0,10,0,0.0,2.0,1.0,1.0,9,9,1425,1,1,1,1,1,3,21,2,0
8626,201600003835,3.0,2,4,1,11.0,0.0,0.0,0.0,1951.0,B02,2.0,7,0,0.0,2.0,4.0,15.0,2,1,1830,2,1,1,2,2,4,7,2,2
8627,201600003835,2.0,2,3,1,31.0,0.0,0.0,0.0,2015.0,B02,2.0,7,0,0.0,2.0,4.0,15.0,2,1,1830,2,1,1,2,2,4,7,2,2
8628,201600003835,4.0,2,4,2,11.0,0.0,0.0,0.0,1959.0,B02,2.0,7,0,0.0,2.0,4.0,15.0,2,1,1830,2,1,1,2,2,4,7,2,2
8629,201600003835,1.0,1,4,2,11.0,0.0,0.0,0.0,1981.0,B02,2.0,7,0,0.0,2.0,4.0,15.0,2,1,1830,2,1,1,2,2,4,7,2,2
8630,201600003835,1.0,1,4,1,11.0,0.0,0.0,0.0,1946.0,A01,2.0,7,0,0.0,2.0,1.0,1.0,2,1,1830,2,1,1,2,2,4,7,2,2
8631,201600003836,1.0,1,3,2,11.0,0.0,0.0,0.0,1990.0,A01,1.0,7,0,0.0,0.0,3.0,13.0,3,15,1500,1,1,1,1,5,3,7,2,2
8632,201600003836,1.0,1,3,1,11.0,0.0,0.0,0.0,1958.0,B02,2.0,7,0,0.0,0.0,3.0,1.0,3,15,1500,1,1,1,1,5,3,7,2,2
8633,201600003836,1.0,1,1,1,11.0,0.0,0.0,0.0,1986.0,D04,1.0,7,0,0.0,0.0,2.0,21.0,3,15,1500,1,1,1,1,5,3,7,2,2
8634,201600003836,1.0,1,1,1,11.0,0.0,0.0,0.0,1945.0,C03,2.0,7,0,0.0,0.0,1.0,21.0,3,15,1500,1,1,1,1,5,3,7,2,2
8635,201600003836,2.0,2,3,1,11.0,0.0,0.0,0.0,1988.0,C03,2.0,7,0,0.0,0.0,1.0,21.0,3,15,1500,1,1,1,1,5,3,7,2,2
8636,201600003837,1.0,1,3,1,12.0,0.0,0.0,0.0,1933.0,A01,2.0,7,0,6.0,0.0,3.0,13.0,3,27,120,5,2,1,8,6,0,7,2,2
8637,201600003838,1.0,1,1,1,11.0,0.0,0.0,0.0,1952.0,B02,2.0,10,0,0.0,2.0,1.0,1.0,5,22,1650,1,1,1,3,1,3,7,2,2
8638,201600003838,2.0,2,4,2,11.0,0.0,0.0,0.0,1952.0,B02,2.0,10,0,0.0,2.0,1.0,1.0,5,22,1650,1,1,1,3,1,3,7,2,2
8639,201600003838,1.0,1,3,1,11.0,0.0,0.0,0.0,1997.0,A01,1.0,7,0,0.0,2.0,1.0,13.0,5,22,1650,1,1,1,3,1,3,10,2,2
8640,201600003839,1.0,1,3,1,1.0,0.0,0.0,0.0,1972.0,A01,0.0,1,0,0.0,5.0,1.0,1.0,5,26,1636,1,1,1,1,6,3,1,1,1
8641,201600003840,1.0,1,1,2,11.0,0.0,0.0,0.0,1994.0,B02,0.0,7,0,0.0,2.0,1.0,1.0,6,21,2255,3,1,1,1,1,5,33,2,1
8642,201600003840,2.0,2,1,1,11.0,0.0,0.0,0.0,1994.0,B02,0.0,7,0,0.0,2.0,1.0,1.0,6,21,2255,3,1,1,1,1,5,33,2,1
8643,201600003840,1.0,1,3,1,21.0,0.0,0.0,0.0,1969.0,A01,0.0,33,0,0.0,2.0,1.0,5.0,6,21,2255,3,1,1,1,1,5,7,1,2
8644,201600003840,2.0,2,1,2,21.0,0.0,0.0,0.0,1972.0,A01,0.0,33,0,0.0,2.0,1.0,5.0,6,21,2255,3,1,1,1,1,5,7,1,2
8645,201600003841,1.0,1,1,1,11.0,0.0,0.0,0.0,1945.0,C03,1.0,7,0,0.0,2.0,1.0,1.0,8,3,1145,1,1,1,1,5,1,7,2,2
8646,201600003841,1.0,1,1,1,11.0,0.0,0.0,0.0,1966.0,B02,2.0,7,0,0.0,2.0,5.0,15.0,8,3,1145,1,1,1,1,5,1,7,2,2
8647,201600003841,2.0,2,1,2,11.0,0.0,0.0,0.0,1964.0,B02,2.0,7,0,0.0,2.0,5.0,15.0,8,3,1145,1,1,1,1,5,1,7,2,2
8648,201600003841,1.0,1,3,1,11.0,0.0,0.0,0.0,1941.0,A01,2.0,7,0,0.0,2.0,3.0,1.0,8,3,1145,1,1,1,1,5,1,7,2,2
8649,201600003842,1.0,1,4,1,11.0,0.0,0.0,0.0,1957.0,B02,1.0,7,0,0.0,2.0,8.0,1.0,8,6,1815,1,1,1,1,5,4,7,2,2
8650,201600003842,1.0,1,1,1,11.0,0.0,0.0,0.0,1991.0,A01,2.0,7,0,0.0,2.0,8.0,1.0,8,6,1815,1,1,1,1,5,4,7,2,2
8651,201600003842,1.0,1,1,1,11.0,0.0,0.0,0.0,1963.0,C03,1.0,7,0,0.0,2.0,2.0,1.0,8,6,1815,1,1,1,1,5,4,7,2,2
8652,201600003842,2.0,2,4,2,11.0,0.0,0.0,0.0,1965.0,C03,1.0,7,0,0.0,2.0,2.0,1.0,8,6,1815,1,1,1,1,5,4,7,2,2
8653,201600003843,1.0,1,1,1,11.0,0.0,0.0,0.0,1950.0,A01,1.0,7,0,0.0,9.0,7.0,17.0,8,13,1045,1,1,1,1,3,1,1,2,1
8654,201600003843,3.0,2,1,1,11.0,0.0,0.0,0.0,2006.0,A01,1.0,7,0,0.0,9.0,7.0,17.0,8,13,1045,1,1,1,1,3,1,1,2,1
8655,201600003843,4.0,2,1,2,11.0,0.0,0.0,0.0,1973.0,A01,1.0,7,0,0.0,9.0,7.0,17.0,8,13,1045,1,1,1,1,3,1,1,2,1
8656,201600003843,1.0,1,3,1,21.0,0.0,0.0,0.0,1936.0,B02,1.0,1,0,0.0,2.0,8.0,1.0,8,13,1045,1,1,1,1,3,1,7,1,2
8657,201600003844,1.0,1,2,1,11.0,0.0,0.0,0.0,1989.0,A01,2.0,10,0,13.0,6.0,3.0,21.0,10,24,2030,3,1,1,8,6,4,10,2,2
8658,201600003844,2.0,2,3,2,11.0,0.0,0.0,0.0,1990.0,A01,2.0,10,0,13.0,6.0,3.0,21.0,10,24,2030,3,1,1,8,6,4,10,2,2
8659,201600003845,2.0,2,1,2,11.0,0.0,0.0,0.0,2001.0,B02,1.0,7,0,0.0,2.0,1.0,1.0,1,8,1630,1,1,1,8,3,3,7,2,2
8660,201600003845,1.0,1,1,2,11.0,0.0,0.0,0.0,1971.0,B02,1.0,7,0,0.0,2.0,1.0,1.0,1,8,1630,1,1,1,8,3,3,7,2,2
8661,201600003845,4.0,2,3,1,11.0,0.0,0.0,0.0,1979.0,A01,2.0,7,0,0.0,2.0,7.0,15.0,1,8,1630,1,1,1,8,3,3,7,2,2
8662,201600003845,2.0,2,4,1,11.0,0.0,0.0,0.0,1976.0,A01,2.0,7,0,0.0,2.0,7.0,15.0,1,8,1630,1,1,1,8,3,3,7,2,2
8663,201600003845,1.0,1,4,1,11.0,0.0,0.0,0.0,1981.0,A01,2.0,7,0,0.0,2.0,7.0,15.0,1,8,1630,1,1,1,8,3,3,7,2,2
8664,201600003845,3.0,2,3,2,11.0,0.0,0.0,0.0,1975.0,A01,2.0,7,0,0.0,2.0,7.0,15.0,1,8,1630,1,1,1,8,3,3,7,2,2
8665,201600003846,1.0,1,3,2,11.0,0.0,0.0,0.0,1977.0,A01,2.0,7,0,0.0,2.0,1.0,13.0,3,18,1000,1,1,1,1,5,1,7,2,2
8666,201600003846,1.0,1,3,1,11.0,0.0,0.0,0.0,1937.0,B02,1.0,7,0,0.0,2.0,1.0,1.0,3,18,1000,1,1,1,1,5,1,7,2,2
8667,201600003846,1.0,1,1,1,11.0,0.0,0.0,0.0,1954.0,C03,1.0,7,0,0.0,2.0,1.0,1.0,3,18,1000,1,1,1,1,5,1,7,2,2
8668,201600003846,2.0,2,1,2,11.0,0.0,0.0,0.0,1999.0,C03,1.0,7,0,0.0,2.0,1.0,1.0,3,18,1000,1,1,1,1,5,1,7,2,2
8669,201600003846,4.0,2,1,1,11.0,0.0,0.0,0.0,2004.0,C03,1.0,7,0,0.0,2.0,1.0,1.0,3,18,1000,1,1,1,1,5,1,7,2,2
8670,201600003847,1.0,1,2,1,11.0,0.0,0.0,0.0,1954.0,A01,2.0,7,0,2.0,0.0,1.0,13.0,4,18,1205,1,1,1,1,6,2,7,2,2
8671,201600003847,2.0,2,2,2,11.0,0.0,0.0,0.0,1950.0,A01,2.0,7,0,2.0,0.0,1.0,13.0,4,18,1205,1,1,1,1,6,2,7,2,2
8672,201600003848,1.0,1,4,1,21.0,0.0,0.0,0.0,1959.0,A01,1.0,33,0,0.0,2.0,1.0,1.0,8,17,1500,1,1,1,1,2,3,33,1,1
8673,201600003848,1.0,1,3,1,21.0,0.0,0.0,0.0,1968.0,B02,1.0,33,0,0.0,0.0,5.0,1.0,8,17,1500,1,1,1,1,2,3,33,1,1
8674,201600003849,1.0,1,3,1,13.0,0.0,0.0,0.0,1986.0,A01,1.0,7,0,2.0,0.0,8.0,1.0,1,10,400,3,1,1,3,6,0,7,2,2
8675,201600003850,1.0,1,3,1,11.0,0.0,0.0,0.0,1933.0,A01,2.0,7,0,13.0,0.0,2.0,1.0,1,14,935,1,1,1,2,6,1,7,2,2
8676,201600003850,2.0,2,3,1,11.0,0.0,0.0,0.0,1939.0,A01,2.0,7,0,13.0,0.0,2.0,1.0,1,14,935,1,1,1,2,6,1,7,2,2
8677,201600003851,1.0,1,3,1,21.0,0.0,0.0,0.0,1989.0,B02,2.0,2,0,0.0,0.0,4.0,2.0,8,10,715,2,1,1,7,2,1,7,1,2
8678,201600003851,1.0,1,1,1,11.0,0.0,0.0,0.0,1965.0,A01,2.0,7,0,0.0,2.0,2.0,1.0,8,10,715,2,1,1,7,2,1,2,2,1
8679,201600003852,1.0,1,4,2,11.0,0.0,0.0,0.0,1955.0,B02,1.0,7,0,0.0,2.0,3.0,1.0,8,31,830,1,1,1,1,1,1,7,2,2
8680,201600003852,1.0,1,3,1,11.0,0.0,0.0,0.0,1981.0,A01,2.0,7,0,0.0,2.0,3.0,13.0,8,31,830,1,1,1,1,1,1,7,2,2
8681,201600003853,1.0,1,2,2,11.0,0.0,0.0,0.0,1998.0,A01,2.0,7,0,0.0,2.0,1.0,1.0,12,30,600,3,1,1,9,1,1,10,2,2
8682,201600003853,1.0,1,4,1,13.0,0.0,0.0,0.0,1973.0,B02,1.0,10,0,0.0,2.0,1.0,1.0,12,30,600,3,1,1,9,1,1,7,2,2
8683,201600003854,2.0,2,3,1,11.0,0.0,0.0,0.0,1978.0,A01,2.0,7,0,0.0,2.0,7.0,1.0,7,30,1010,1,1,1,2,1,1,7,2,2
8684,201600003854,1.0,1,3,1,11.0,0.0,0.0,0.0,1974.0,A01,2.0,7,0,0.0,2.0,7.0,1.0,7,30,1010,1,1,1,2,1,1,7,2,2
8685,201600003854,5.0,2,3,1,11.0,0.0,0.0,0.0,2002.0,B02,1.0,7,0,0.0,2.0,1.0,1.0,7,30,1010,1,1,1,2,1,1,7,2,2
8686,201600003854,1.0,1,3,1,11.0,0.0,0.0,0.0,1955.0,B02,1.0,7,0,0.0,2.0,1.0,1.0,7,30,1010,1,1,1,2,1,1,7,2,2
8687,201600003854,2.0,2,3,2,11.0,0.0,0.0,0.0,1957.0,B02,1.0,7,0,0.0,2.0,1.0,1.0,7,30,1010,1,1,1,2,1,1,7,2,2
8688,201600003855,1.0,1,4,1,11.0,0.0,0.0,0.0,1960.0,A01,2.0,7,0,0.0,2.0,7.0,19.0,8,18,1845,1,1,2,1,3,4,7,2,2
8689,201600003855,2.0,2,2,2,11.0,0.0,0.0,0.0,1934.0,A01,2.0,7,0,0.0,2.0,7.0,19.0,8,18,1845,1,1,2,1,3,4,7,2,2
8690,201600003855,3.0,2,3,2,11.0,0.0,0.0,0.0,2000.0,A01,2.0,7,0,0.0,2.0,7.0,19.0,8,18,1845,1,1,2,1,3,4,7,2,2
8691,201600003855,4.0,2,4,2,11.0,0.0,0.0,0.0,1997.0,A01,2.0,7,0,0.0,2.0,7.0,19.0,8,18,1845,1,1,2,1,3,4,7,2,2
8692,201600003855,1.0,1,1,1,11.0,0.0,0.0,0.0,1980.0,B02,2.0,7,0,0.0,2.0,1.0,1.0,8,18,1845,1,1,2,1,3,4,7,2,2
8693,201600003855,5.0,2,1,2,11.0,0.0,0.0,0.0,2013.0,B02,2.0,7,0,0.0,2.0,1.0,1.0,8,18,1845,1,1,2,1,3,4,7,2,2
8694,201600003856,2.0,2,3,1,11.0,0.0,0.0,0.0,1983.0,A01,1.0,7,0,2.0,0.0,7.0,1.0,11,26,1405,1,1,1,1,6,3,7,2,2
8695,201600003856,1.0,1,4,1,11.0,0.0,0.0,0.0,1976.0,A01,1.0,7,0,2.0,0.0,7.0,1.0,11,26,1405,1,1,1,1,6,3,7,2,2
8696,201600003857,1.0,1,3,1,11.0,0.0,0.0,0.0,1940.0,A01,1.0,7,0,16.0,0.0,9.0,1.0,5,21,1755,1,1,1,1,7,3,7,2,2
8697,201600003857,2.0,2,3,2,11.0,0.0,0.0,0.0,1945.0,A01,1.0,7,0,16.0,0.0,9.0,1.0,5,21,1755,1,1,1,1,7,3,7,2,2
8698,201600003858,1.0,1,3,1,23.0,0.0,0.0,0.0,2001.0,A01,2.0,2,0,0.0,0.0,0.0,1.0,11,26,1545,1,1,1,1,6,3,2,1,1
8699,201600003859,1.0,1,2,2,11.0,0.0,0.0,0.0,1996.0,A01,2.0,7,0,14.0,0.0,1.0,13.0,1,7,1935,3,1,1,2,7,4,7,2,2
8700,201600003860,4.0,2,1,2,11.0,0.0,0.0,0.0,2005.0,B02,1.0,7,0,0.0,2.0,2.0,1.0,3,8,1815,2,1,1,8,3,4,21,2,0
8701,201600003860,2.0,2,4,2,11.0,0.0,0.0,0.0,1937.0,B02,1.0,7,0,0.0,2.0,2.0,1.0,3,8,1815,2,1,1,8,3,4,21,2,0
8702,201600003860,1.0,1,1,2,11.0,0.0,0.0,0.0,1967.0,B02,1.0,7,0,0.0,2.0,2.0,1.0,3,8,1815,2,1,1,8,3,4,21,2,0
8703,201600003860,2.0,2,1,1,11.0,0.0,0.0,0.0,1936.0,B02,1.0,7,0,0.0,2.0,2.0,1.0,3,8,1815,2,1,1,8,3,4,21,2,0