,Num_Acc,place,catu,grav,sexe,secu,locp,actp,etatp,an_nais,num_veh,senc,catv,occutc,obs,obsm,choc,manv,mois,jour,hrmn,lum,agg,int,atm,col,mom,catvopp,catv_gen,catvopp_gen
8860,201600003938,1.0,1,3,1,13.0,0.0,0.0,0.0,1964.0,A01,2.0,7,0,16.0,0.0,1.0,1.0,12,22,1945,3,1,1,2,6,4,7,2,2
8861,201600003939,1.0,1,4,1,21.0,0.0,0.0,0.0,1993.0,B02,2.0,31,0,0.0,2.0,7.0,1.0,4,10,1130,1,1,1,1,6,1,31,1,1
8862,201600003940,1.0,1,3,1,21.0,0.0,0.0,0.0,1970.0,A01,1.0,34,0,0.0,2.0,1.0,13.0,4,15,745,1,1,1,1,1,1,7,1,2
8863,201600003940,1.0,1,4,2,11.0,0.0,0.0,0.0,1961.0,B02,2.0,7,0,0.0,2.0,1.0,1.0,4,15,745,1,1,1,1,1,1,34,2,1
8864,201600003941,1.0,1,2,1,11.0,0.0,0.0,0.0,1960.0,A01,2.0,7,0,2.0,0.0,1.0,13.0,6,18,1400,1,1,1,1,6,3,7,2,2
8865,201600003942,1.0,1,3,2,11.0,0.0,0.0,0.0,1995.0,B02,1.0,7,0,7.0,2.0,1.0,17.0,7,29,2015,1,1,2,1,1,4,7,2,2
8866,201600003942,1.0,1,3,2,11.0,0.0,0.0,0.0,1971.0,A01,1.0,7,0,0.0,2.0,3.0,19.0,7,29,2015,1,1,2,1,1,4,7,2,2
8867,201600003942,2.0,2,3,2,11.0,0.0,0.0,0.0,2004.0,A01,1.0,7,0,0.0,2.0,3.0,19.0,7,29,2015,1,1,2,1,1,4,7,2,2
8868,201600003943,1.0,1,1,1,11.0,0.0,0.0,0.0,1993.0,A01,2.0,7,0,0.0,2.0,1.0,13.0,10,22,1500,1,1,1,1,1,3,7,2,2
8869,201600003943,1.0,1,3,2,11.0,0.0,0.0,0.0,1994.0,B02,1.0,7,0,0.0,2.0,1.0,1.0,10,22,1500,1,1,1,1,1,3,7,2,2
8870,201600003944,1.0,1,2,1,12.0,0.0,0.0,0.0,1964.0,A01,2.0,7,0,13.0,0.0,9.0,13.0,5,8,2200,3,1,1,1,6,5,7,2,2
8871,201600003945,1.0,1,3,2,11.0,0.0,0.0,0.0,1987.0,A01,2.0,7,0,0.0,2.0,7.0,13.0,7,12,1715,1,1,1,2,1,3,7,2,2
8872,201600003945,1.0,1,2,1,11.0,0.0,0.0,0.0,1950.0,B02,1.0,7,0,0.0,2.0,1.0,1.0,7,12,1715,1,1,1,2,1,3,7,2,2
8873,201600003945,2.0,2,3,1,11.0,0.0,0.0,0.0,1951.0,B02,1.0,7,0,0.0,2.0,1.0,1.0,7,12,1715,1,1,1,2,1,3,7,2,2
8874,201600003946,2.0,2,1,2,11.0,0.0,0.0,0.0,1984.0,A02,0.0,7,0,0.0,2.0,8.0,19.0,7,28,2030,1,1,2,1,3,4,10,2,2
8875,201600003946,1.0,1,3,2,11.0,0.0,0.0,0.0,1986.0,A02,0.0,7,0,0.0,2.0,8.0,19.0,7,28,2030,1,1,2,1,3,4,10,2,2
8876,201600003946,1.0,1,1,1,11.0,0.0,0.0,0.0,1985.0,B01,2.0,10,0,0.0,2.0,1.0,1.0,7,28,2030,1,1,2,1,3,4,7,2,2
8877,201600003947,1.0,1,1,1,11.0,0.0,0.0,0.0,1995.0,A01,1.0,7,0,8.0,0.0,1.0,14.0,8,10,1930,1,1,1,1,6,4,7,2,2
8878,201600003947,2.0,2,3,1,11.0,0.0,0.0,0.0,1997.0,A01,1.0,7,0,8.0,0.0,1.0,14.0,8,10,1930,1,1,1,1,6,4,7,2,2
8879,201600003948,1.0,1,1,2,13.0,0.0,0.0,0.0,1996.0,A01,1.0,7,0,2.0,0.0,1.0,13.0,9,19,15,3,1,1,1,6,0,7,2,2
8880,201600003948,2.0,2,3,2,13.0,0.0,0.0,0.0,1997.0,A01,1.0,7,0,2.0,0.0,1.0,13.0,9,19,15,3,1,1,1,6,0,7,2,2
8881,201600003949,1.0,1,3,2,11.0,0.0,0.0,0.0,1958.0,A01,2.0,7,0,13.0,0.0,1.0,21.0,11,7,600,3,1,1,1,6,1,7,2,2
8882,201600003950,1.0,1,2,1,11.0,0.0,0.0,0.0,1972.0,A01,1.0,7,0,2.0,0.0,1.0,13.0,11,29,1215,1,1,1,1,6,2,7,2,2
8883,201600003951,1.0,1,3,2,11.0,0.0,0.0,0.0,1994.0,A01,2.0,7,0,2.0,0.0,7.0,14.0,12,16,1430,1,1,1,1,6,3,7,2,2
8884,201600003952,1.0,1,3,1,21.0,0.0,0.0,0.0,1955.0,A01,2.0,34,0,12.0,0.0,1.0,14.0,4,17,2230,5,2,1,1,6,5,34,1,1
8885,201600003953,1.0,1,3,1,11.0,0.0,0.0,0.0,1974.0,A01,2.0,99,0,0.0,2.0,1.0,19.0,7,23,1815,1,2,3,1,3,4,7,0,2
8886,201600003953,2.0,2,3,2,12.0,0.0,0.0,0.0,1972.0,A01,2.0,99,0,0.0,2.0,1.0,19.0,7,23,1815,1,2,3,1,3,4,7,0,2
8887,201600003953,1.0,1,1,2,11.0,0.0,0.0,0.0,1972.0,B02,1.0,7,0,0.0,2.0,8.0,1.0,7,23,1815,1,2,3,1,3,4,99,2,0
8888,201600003954,1.0,1,3,1,21.0,0.0,0.0,0.0,1983.0,A01,2.0,33,0,13.0,0.0,1.0,13.0,7,27,630,2,1,1,1,6,1,33,1,1
8889,201600003954,2.0,2,2,1,21.0,0.0,0.0,0.0,1983.0,A01,2.0,33,0,13.0,0.0,1.0,13.0,7,27,630,2,1,1,1,6,1,33,1,1
8890,201600003955,1.0,1,3,1,11.0,0.0,0.0,0.0,1997.0,A01,1.0,7,0,16.0,0.0,0.0,14.0,7,30,730,1,1,1,1,7,1,7,2,2
8891,201600003956,2.0,2,1,1,11.0,0.0,0.0,0.0,1983.0,A01,1.0,7,0,13.0,0.0,3.0,14.0,10,8,145,3,1,1,1,6,0,7,2,2
8892,201600003956,1.0,1,2,1,11.0,0.0,0.0,0.0,1985.0,A01,1.0,7,0,13.0,0.0,3.0,14.0,10,8,145,3,1,1,1,6,0,7,2,2
8893,201600003957,1.0,1,1,1,11.0,0.0,0.0,0.0,1983.0,A01,2.0,7,0,1.0,1.0,7.0,21.0,11,6,1500,1,1,1,7,6,3,7,2,2
8894,201600003957,0.0,3,3,1,0.0,1.0,9.0,1.0,1954.0,A01,2.0,7,0,1.0,1.0,7.0,21.0,11,6,1500,1,1,1,7,6,3,7,2,2
8895,201600003958,1.0,1,3,1,13.0,0.0,0.0,0.0,1977.0,A01,2.0,15,0,0.0,0.0,7.0,14.0,11,28,1030,1,1,1,1,7,1,15,3,3
8896,201600003959,1.0,1,3,1,13.0,0.0,0.0,0.0,1931.0,A01,2.0,7,0,10.0,0.0,1.0,13.0,12,5,830,1,1,1,1,6,1,7,2,2
8897,201600003960,1.0,1,2,1,13.0,0.0,0.0,0.0,1977.0,A01,2.0,7,0,0.0,2.0,2.0,21.0,12,17,1645,1,1,1,1,5,3,10,2,2
8898,201600003960,1.0,1,1,1,13.0,0.0,0.0,0.0,1972.0,B02,2.0,10,0,0.0,2.0,6.0,23.0,12,17,1645,1,1,1,1,5,3,7,2,2
8899,201600003960,3.0,2,1,2,13.0,0.0,0.0,0.0,2000.0,D04,2.0,7,0,0.0,0.0,0.0,15.0,12,17,1645,1,1,1,1,5,3,10,2,2
8900,201600003960,2.0,2,1,2,13.0,0.0,0.0,0.0,1994.0,D04,2.0,7,0,0.0,0.0,0.0,15.0,12,17,1645,1,1,1,1,5,3,10,2,2
8901,201600003960,1.0,1,1,2,13.0,0.0,0.0,0.0,1991.0,D04,2.0,7,0,0.0,0.0,0.0,15.0,12,17,1645,1,1,1,1,5,3,10,2,2
8902,201600003960,2.0,2,3,2,13.0,0.0,0.0,0.0,1965.0,C03,1.0,7,0,0.0,2.0,1.0,1.0,12,17,1645,1,1,1,1,5,3,10,2,2
8903,201600003960,1.0,1,4,1,13.0,0.0,0.0,0.0,1967.0,C03,1.0,7,0,0.0,2.0,1.0,1.0,12,17,1645,1,1,1,1,5,3,10,2,2
8904,201600003961,1.0,1,4,1,11.0,0.0,0.0,0.0,1972.0,B02,1.0,7,0,0.0,2.0,3.0,1.0,2,16,1615,1,1,2,1,3,3,7,2,2
8905,201600003961,1.0,1,3,1,11.0,0.0,0.0,0.0,1940.0,A01,1.0,7,0,0.0,2.0,3.0,19.0,2,16,1615,1,1,2,1,3,3,7,2,2
8906,201600003962,1.0,1,3,1,1.0,0.0,0.0,0.0,1960.0,B02,2.0,21,0,0.0,2.0,6.0,15.0,4,15,1130,1,1,3,1,3,1,7,0,2
8907,201600003962,1.0,1,4,2,11.0,0.0,0.0,0.0,1991.0,A01,2.0,7,0,0.0,2.0,1.0,17.0,4,15,1130,1,1,3,1,3,1,21,2,0
8908,201600003963,1.0,1,1,2,11.0,0.0,0.0,0.0,1949.0,A01,2.0,7,0,0.0,2.0,3.0,9.0,5,4,800,1,1,3,1,2,1,7,2,2
8909,201600003963,1.0,1,3,1,11.0,0.0,0.0,0.0,1970.0,B02,2.0,7,0,0.0,2.0,3.0,1.0,5,4,800,1,1,3,1,2,1,7,2,2
8910,201600003964,1.0,1,4,1,21.0,0.0,0.0,0.0,1996.0,A01,2.0,30,0,0.0,0.0,0.0,13.0,5,22,1645,1,1,1,6,6,3,30,1,1
8911,201600003965,1.0,1,3,1,21.0,0.0,0.0,0.0,1965.0,A01,2.0,33,0,0.0,5.0,1.0,1.0,7,15,500,3,1,1,1,6,0,33,1,1
8912,201600003966,1.0,1,4,2,11.0,0.0,0.0,0.0,1928.0,B02,1.0,7,0,0.0,2.0,3.0,1.0,9,27,1715,1,1,1,1,1,3,7,2,2
8913,201600003966,1.0,1,3,1,11.0,0.0,0.0,0.0,1945.0,A01,2.0,7,0,0.0,2.0,3.0,13.0,9,27,1715,1,1,1,1,1,3,7,2,2
8914,201600003967,1.0,1,3,2,11.0,0.0,0.0,0.0,1991.0,A01,0.0,7,0,13.0,0.0,7.0,21.0,10,6,2230,3,1,1,1,6,5,7,2,2
8915,201600003968,1.0,1,4,1,11.0,0.0,0.0,0.0,1963.0,A01,1.0,17,0,2.0,0.0,3.0,13.0,10,11,1115,1,1,1,1,6,1,17,3,3
8916,201600003969,1.0,1,3,1,21.0,0.0,0.0,0.0,1999.0,A01,1.0,1,0,0.0,2.0,4.0,1.0,10,17,730,3,1,1,1,2,1,7,1,2
8917,201600003969,1.0,1,1,2,42.0,0.0,0.0,0.0,1964.0,B02,1.0,7,0,0.0,2.0,5.0,2.0,10,17,730,3,1,1,1,2,1,1,2,1
8918,201600003970,1.0,1,1,2,11.0,0.0,0.0,0.0,1951.0,B02,1.0,7,0,0.0,9.0,2.0,1.0,10,24,1030,1,1,4,1,3,1,1,2,1
8919,201600003970,1.0,1,3,1,1.0,0.0,0.0,0.0,1926.0,A01,0.0,1,0,0.0,2.0,1.0,9.0,10,24,1030,1,1,4,1,3,1,7,1,2
8920,201600003971,2.0,2,1,2,11.0,0.0,0.0,0.0,1978.0,B02,2.0,10,0,0.0,2.0,8.0,1.0,12,3,1615,1,1,1,7,1,3,2,2,1
8921,201600003971,3.0,2,1,2,31.0,0.0,0.0,0.0,2013.0,B02,2.0,10,0,0.0,2.0,8.0,1.0,12,3,1615,1,1,1,7,1,3,2,2,1
8922,201600003971,1.0,1,1,2,11.0,0.0,0.0,0.0,1970.0,B02,2.0,10,0,0.0,2.0,8.0,1.0,12,3,1615,1,1,1,7,1,3,2,2,1
8923,201600003971,1.0,1,3,1,22.0,0.0,0.0,0.0,1958.0,A01,1.0,2,0,0.0,2.0,3.0,13.0,12,3,1615,1,1,1,7,1,3,10,1,2
8924,201600003972,1.0,1,1,2,11.0,0.0,0.0,0.0,1975.0,A01,1.0,7,0,0.0,2.0,3.0,15.0,12,16,1230,1,1,1,1,3,2,33,2,1
8925,201600003972,1.0,1,3,1,21.0,0.0,0.0,0.0,1994.0,B02,1.0,33,0,0.0,2.0,2.0,17.0,12,16,1230,1,1,1,1,3,2,7,1,2
8926,201600003973,1.0,1,3,1,11.0,0.0,0.0,0.0,1964.0,A01,1.0,17,0,16.0,0.0,8.0,13.0,1,19,1145,1,1,1,1,7,1,17,3,3
8927,201600003974,1.0,1,4,1,11.0,0.0,0.0,0.0,1997.0,A01,1.0,7,0,13.0,0.0,1.0,14.0,2,15,1700,1,1,1,1,6,3,7,2,2
8928,201600003975,1.0,1,3,1,11.0,0.0,0.0,0.0,1990.0,A01,2.0,7,0,2.0,0.0,1.0,14.0,2,19,800,2,1,1,5,6,1,7,2,2
8929,201600003976,1.0,1,1,2,11.0,0.0,0.0,0.0,1973.0,B02,0.0,7,0,0.0,2.0,1.0,1.0,4,15,1800,1,1,1,1,1,4,2,2,1
8930,201600003976,1.0,1,3,1,21.0,0.0,0.0,0.0,1999.0,A01,0.0,2,0,0.0,2.0,1.0,13.0,4,15,1800,1,1,1,1,1,4,7,1,2
8931,201600003977,1.0,1,1,2,13.0,0.0,0.0,0.0,1939.0,B02,0.0,7,0,0.0,2.0,6.0,24.0,5,30,1700,1,2,1,1,2,3,30,2,1
8932,201600003977,1.0,1,3,1,21.0,0.0,0.0,0.0,2001.0,A01,2.0,30,0,1.0,0.0,1.0,14.0,5,30,1700,1,2,1,1,2,3,7,1,2
8933,201600003978,1.0,1,1,1,11.0,0.0,0.0,0.0,1949.0,B02,1.0,7,0,0.0,2.0,1.0,1.0,7,2,1130,1,1,3,1,3,1,2,2,1
8934,201600003978,1.0,1,3,1,21.0,0.0,0.0,0.0,1998.0,A01,2.0,2,0,0.0,2.0,8.0,9.0,7,2,1130,1,1,3,1,3,1,7,1,2
8935,201600003979,1.0,1,3,2,11.0,0.0,0.0,0.0,1960.0,A01,2.0,7,0,0.0,2.0,1.0,13.0,7,25,1815,1,1,1,1,1,4,7,2,2
8936,201600003979,1.0,1,1,1,11.0,0.0,0.0,0.0,1979.0,B02,1.0,7,0,0.0,2.0,1.0,1.0,7,25,1815,1,1,1,1,1,4,7,2,2
8937,201600003980,1.0,1,1,1,11.0,0.0,0.0,0.0,1977.0,A01,2.0,15,0,0.0,2.0,5.0,17.0,8,22,1415,1,1,1,1,3,3,1,3,1
8938,201600003980,2.0,2,1,1,11.0,0.0,0.0,0.0,1963.0,A01,2.0,15,0,0.0,2.0,5.0,17.0,8,22,1415,1,1,1,1,3,3,1,3,1
8939,201600003980,1.0,1,3,1,21.0,0.0,0.0,0.0,1989.0,B02,2.0,1,0,0.0,2.0,3.0,1.0,8,22,1415,1,1,1,1,3,3,15,1,3
8940,201600003981,1.0,1,1,1,11.0,0.0,0.0,0.0,1958.0,A01,0.0,7,0,0.0,2.0,1.0,13.0,8,25,1900,1,2,1,1,1,4,7,2,2
8941,201600003981,1.0,1,3,1,11.0,0.0,0.0,0.0,1975.0,B02,0.0,7,0,0.0,2.0,1.0,1.0,8,25,1900,1,2,1,1,1,4,7,2,2
8942,201600003982,1.0,1,3,1,11.0,0.0,0.0,0.0,1964.0,A01,1.0,7,0,16.0,0.0,9.0,13.0,9,4,30,3,1,1,1,7,0,7,2,2
8943,201600003983,1.0,1,3,1,21.0,0.0,0.0,0.0,1962.0,B02,2.0,33,0,0.0,2.0,1.0,1.0,9,21,1615,1,1,2,1,3,3,7,1,2
8944,201600003983,1.0,1,1,2,11.0,0.0,0.0,0.0,1979.0,A01,0.0,7,0,0.0,2.0,7.0,19.0,9,21,1615,1,1,2,1,3,3,33,2,1
8945,201600003984,1.0,1,4,1,11.0,0.0,0.0,0.0,1996.0,B02,1.0,7,0,0.0,2.0,1.0,1.0,11,3,1745,3,1,2,1,3,3,7,2,2
8946,201600003984,1.0,1,1,1,11.0,0.0,0.0,0.0,1952.0,A01,0.0,7,0,0.0,2.0,3.0,19.0,11,3,1745,3,1,2,1,3,3,7,2,2
8947,201600003985,1.0,1,1,2,13.0,0.0,0.0,0.0,1988.0,A01,0.0,7,0,0.0,1.0,6.0,4.0,12,24,1030,1,2,7,1,6,1,7,2,2
8948,201600003985,0.0,3,3,1,0.0,2.0,3.0,1.0,1935.0,A01,0.0,7,0,0.0,1.0,6.0,4.0,12,24,1030,1,2,7,1,6,1,7,2,2
8949,201600003986,1.0,1,2,2,11.0,0.0,0.0,0.0,1957.0,A01,1.0,7,0,2.0,0.0,2.0,14.0,12,25,115,3,1,1,2,6,0,7,2,2
8950,201600003987,1.0,1,3,1,11.0,0.0,0.0,0.0,1981.0,A01,1.0,7,0,2.0,0.0,1.0,14.0,1,28,345,3,1,1,5,6,0,7,2,2
8951,201600003988,1.0,1,3,1,21.0,0.0,0.0,0.0,1963.0,A01,2.0,33,0,16.0,0.0,0.0,14.0,4,2,1800,1,1,1,1,7,4,33,1,1
8952,201600003989,1.0,1,3,1,11.0,0.0,0.0,0.0,1952.0,B01,2.0,7,0,0.0,2.0,1.0,1.0,4,21,1715,1,1,2,2,3,3,7,2,2
8953,201600003989,1.0,1,3,1,11.0,0.0,0.0,0.0,1996.0,A02,2.0,7,0,0.0,2.0,8.0,19.0,4,21,1715,1,1,2,2,3,3,7,2,2
8954,201600003990,2.0,2,1,2,11.0,0.0,0.0,0.0,1990.0,A01,1.0,7,0,2.0,0.0,5.0,14.0,5,31,1800,1,2,1,1,6,4,7,2,2
8955,201600003990,3.0,2,4,2,11.0,0.0,0.0,0.0,2011.0,A01,1.0,7,0,2.0,0.0,5.0,14.0,5,31,1800,1,2,1,1,6,4,7,2,2
8956,201600003990,1.0,1,1,1,11.0,0.0,0.0,0.0,1992.0,A01,1.0,7,0,2.0,0.0,5.0,14.0,5,31,1800,1,2,1,1,6,4,7,2,2
8957,201600003991,1.0,1,1,1,11.0,0.0,0.0,0.0,1968.0,A01,1.0,7,0,0.0,2.0,1.0,19.0,6,16,1845,1,1,2,1,3,4,7,2,2
8958,201600003991,1.0,1,3,2,11.0,0.0,0.0,0.0,1991.0,B02,2.0,7,0,0.0,2.0,8.0,1.0,6,16,1845,1,1,2,1,3,4,7,2,2
8959,201600003992,1.0,1,1,2,11.0,0.0,0.0,0.0,1992.0,B02,1.0,7,0,0.0,2.0,2.0,1.0,7,30,2115,2,1,2,1,3,4,1,2,1
8960,201600003992,2.0,2,1,1,0.0,0.0,0.0,0.0,1988.0,B02,1.0,7,0,0.0,2.0,2.0,1.0,7,30,2115,2,1,2,1,3,4,1,2,1
8961,201600003992,1.0,1,3,1,1.0,0.0,0.0,0.0,1999.0,A01,0.0,1,0,0.0,2.0,1.0,19.0,7,30,2115,2,1,2,1,3,4,7,1,2
8962,201600003993,1.0,1,4,1,11.0,0.0,0.0,0.0,1943.0,B02,1.0,10,0,0.0,2.0,3.0,1.0,8,5,1200,1,1,2,1,3,2,7,2,2
8963,201600003993,2.0,2,3,2,11.0,0.0,0.0,0.0,1944.0,B02,1.0,10,0,0.0,2.0,3.0,1.0,8,5,1200,1,1,2,1,3,2,7,2,2
8964,201600003993,1.0,1,1,1,11.0,0.0,0.0,0.0,1984.0,A01,2.0,7,0,0.0,2.0,2.0,19.0,8,5,1200,1,1,2,1,3,2,10,2,2
8965,201600003993,2.0,2,1,1,11.0,0.0,0.0,0.0,2003.0,A01,2.0,7,0,0.0,2.0,2.0,19.0,8,5,1200,1,1,2,1,3,2,10,2,2
8966,201600003993,5.0,2,1,1,11.0,0.0,0.0,0.0,2003.0,A01,2.0,7,0,0.0,2.0,2.0,19.0,8,5,1200,1,1,2,1,3,2,10,2,2
8967,201600003994,1.0,1,3,1,11.0,0.0,0.0,0.0,1957.0,A01,1.0,7,0,2.0,0.0,1.0,13.0,8,17,1745,1,1,1,1,6,3,7,2,2
8968,201600003994,2.0,2,1,2,11.0,0.0,0.0,0.0,1958.0,A01,1.0,7,0,2.0,0.0,1.0,13.0,8,17,1745,1,1,1,1,6,3,7,2,2
8969,201600003995,1.0,1,3,1,12.0,0.0,0.0,0.0,1940.0,B02,2.0,7,0,0.0,2.0,3.0,1.0,8,25,1115,1,1,1,1,1,1,7,2,2
8970,201600003995,2.0,2,2,2,11.0,0.0,0.0,0.0,1939.0,B02,2.0,7,0,0.0,2.0,3.0,1.0,8,25,1115,1,1,1,1,1,1,7,2,2
8971,201600003995,1.0,1,1,1,11.0,0.0,0.0,0.0,1996.0,A01,1.0,7,0,0.0,2.0,3.0,13.0,8,25,1115,1,1,1,1,1,1,7,2,2
8972,201600003996,1.0,1,3,1,11.0,0.0,0.0,0.0,1932.0,A01,1.0,7,0,13.0,0.0,8.0,13.0,8,28,1500,1,1,1,1,6,3,7,2,2
8973,201600003997,1.0,1,3,1,11.0,0.0,0.0,0.0,1955.0,B02,2.0,7,0,6.0,2.0,4.0,1.0,10,15,1100,1,2,1,1,2,1,7,2,2
8974,201600003997,1.0,1,1,1,11.0,0.0,0.0,0.0,1966.0,A01,2.0,7,0,0.0,2.0,1.0,2.0,10,15,1100,1,2,1,1,2,1,7,2,2
8975,201600003998,1.0,1,3,1,21.0,0.0,0.0,0.0,1997.0,A01,2.0,2,0,7.0,0.0,1.0,13.0,10,31,1945,3,1,1,1,6,4,2,1,1
8976,201600003999,1.0,1,3,1,12.0,0.0,0.0,0.0,1973.0,B01,1.0,10,0,0.0,2.0,3.0,1.0,9,15,1715,1,1,2,1,3,3,10,2,2
8977,201600003999,1.0,1,1,1,11.0,0.0,0.0,0.0,1980.0,A02,1.0,10,0,0.0,2.0,1.0,19.0,9,15,1715,1,1,2,1,3,3,10,2,2
8978,201600004000,1.0,1,3,2,11.0,0.0,0.0,0.0,1973.0,A01,2.0,7,0,10.0,0.0,1.0,14.0,9,20,1715,1,1,1,1,6,3,7,2,2
8979,201600004001,1.0,1,3,1,21.0,0.0,0.0,0.0,1967.0,A01,1.0,33,0,13.0,0.0,1.0,17.0,10,2,1145,1,1,1,1,6,1,33,1,1
8980,201600004001,2.0,2,3,2,21.0,0.0,0.0,0.0,1960.0,A01,1.0,33,0,13.0,0.0,1.0,17.0,10,2,1145,1,1,1,1,6,1,33,1,1
8981,201600004002,1.0,1,3,1,21.0,0.0,0.0,0.0,1960.0,A01,1.0,33,0,16.0,0.0,3.0,1.0,10,2,1015,1,1,1,1,7,1,33,1,1
8982,201600004003,1.0,1,3,1,11.0,0.0,0.0,0.0,1933.0,B01,2.0,7,0,0.0,2.0,3.0,1.0,10,9,1830,1,1,2,1,3,4,7,2,2
8983,201600004003,1.0,1,4,2,11.0,0.0,0.0,0.0,1961.0,A02,1.0,7,0,0.0,2.0,2.0,9.0,10,9,1830,1,1,2,1,3,4,7,2,2
8984,201600004004,1.0,1,3,2,11.0,0.0,0.0,0.0,1974.0,B02,1.0,7,0,0.0,2.0,1.0,1.0,11,23,1815,3,1,1,3,1,4,7,2,2
8985,201600004004,1.0,1,3,1,11.0,0.0,0.0,0.0,1976.0,A01,2.0,7,0,0.0,2.0,2.0,13.0,11,23,1815,3,1,1,3,1,4,7,2,2
8986,201600004005,1.0,1,1,1,11.0,0.0,0.0,0.0,1962.0,B02,1.0,7,0,0.0,2.0,1.0,1.0,2,27,930,1,1,2,3,3,1,7,2,2
8987,201600004005,1.0,1,3,1,12.0,0.0,0.0,0.0,1940.0,A01,1.0,7,0,0.0,2.0,8.0,19.0,2,27,930,1,1,2,3,3,1,7,2,2
8988,201600004006,0.0,3,3,1,0.0,3.0,3.0,1.0,1940.0,A01,2.0,7,0,0.0,1.0,3.0,1.0,4,6,1715,1,2,1,1,6,3,7,2,2
8989,201600004006,1.0,1,1,2,11.0,0.0,0.0,0.0,1969.0,A01,2.0,7,0,0.0,1.0,3.0,1.0,4,6,1715,1,2,1,1,6,3,7,2,2
8990,201600004007,1.0,1,1,1,11.0,0.0,0.0,0.0,1960.0,A01,1.0,38,37,0.0,2.0,3.0,17.0,5,7,1515,1,1,1,1,3,3,7,3,2
8991,201600004007,1.0,1,1,1,11.0,0.0,0.0,0.0,1972.0,B02,1.0,7,0,13.0,2.0,5.0,17.0,5,7,1515,1,1,1,1,3,3,38,2,3
8992,201600004007,2.0,2,3,2,11.0,0.0,0.0,0.0,1971.0,B02,1.0,7,0,13.0,2.0,5.0,17.0,5,7,1515,1,1,1,1,3,3,38,2,3
8993,201600004008,1.0,1,1,1,11.0,0.0,0.0,0.0,1971.0,A01,1.0,7,0,0.0,2.0,8.0,9.0,5,22,2200,3,1,4,2,3,5,7,2,2
8994,201600004008,1.0,1,4,2,11.0,0.0,0.0,0.0,1993.0,B02,2.0,7,0,0.0,2.0,3.0,1.0,5,22,2200,3,1,4,2,3,5,7,2,2
8995,201600004009,1.0,1,3,2,11.0,0.0,0.0,0.0,1989.0,A01,1.0,7,0,0.0,0.0,0.0,13.0,6,18,200,4,1,1,2,7,0,7,2,2
8996,201600004010,1.0,1,3,1,12.0,0.0,0.0,0.0,1948.0,A01,2.0,7,0,16.0,0.0,9.0,14.0,8,27,1830,1,1,1,1,7,4,7,2,2
8997,201600004011,1.0,1,3,1,22.0,0.0,0.0,0.0,1990.0,A01,1.0,31,0,2.0,0.0,1.0,14.0,10,10,2045,3,1,1,1,6,4,31,1,1
8998,201600004012,1.0,1,1,1,1.0,0.0,0.0,0.0,1969.0,B01,0.0,21,0,0.0,2.0,3.0,1.0,10,23,1200,1,1,1,1,1,2,31,0,1
8999,201600004012,1.0,1,3,1,21.0,0.0,0.0,0.0,1985.0,A02,0.0,31,0,0.0,2.0,3.0,13.0,10,23,1200,1,1,1,1,1,2,21,1,0
9000,201600004013,5.0,2,2,2,11.0,0.0,0.0,0.0,1932.0,B02,2.0,7,0,0.0,2.0,2.0,1.0,11,20,1730,2,1,1,2,1,3,7,2,2
9001,201600004013,2.0,2,2,1,11.0,0.0,0.0,0.0,1927.0,B02,2.0,7,0,0.0,2.0,2.0,1.0,11,20,1730,2,1,1,2,1,3,7,2,2
9002,201600004013,1.0,1,3,1,11.0,0.0,0.0,0.0,1950.0,B02,2.0,7,0,0.0,2.0,2.0,1.0,11,20,1730,2,1,1,2,1,3,7,2,2
9003,201600004013,5.0,2,3,1,11.0,0.0,0.0,0.0,2013.0,A01,1.0,7,0,0.0,2.0,2.0,13.0,11,20,1730,2,1,1,2,1,3,7,2,2
9004,201600004013,5.0,2,3,2,11.0,0.0,0.0,0.0,2010.0,A01,1.0,7,0,0.0,2.0,2.0,13.0,11,20,1730,2,1,1,2,1,3,7,2,2
9005,201600004013,2.0,2,3,2,11.0,0.0,0.0,0.0,1971.0,A01,1.0,7,0,0.0,2.0,2.0,13.0,11,20,1730,2,1,1,2,1,3,7,2,2
9006,201600004013,1.0,1,3,1,11.0,0.0,0.0,0.0,1972.0,A01,1.0,7,0,0.0,2.0,2.0,13.0,11,20,1730,2,1,1,2,1,3,7,2,2
9007,201600004014,1.0,1,1,1,11.0,0.0,0.0,0.0,1945.0,B02,2.0,10,0,0.0,2.0,1.0,1.0,11,29,1630,1,1,1,1,3,3,30,2,1
9008,201600004014,1.0,1,3,1,21.0,0.0,0.0,0.0,1993.0,A01,2.0,30,0,0.0,2.0,7.0,16.0,11,29,1630,1,1,1,1,3,3,10,1,2
9009,201600004015,1.0,1,1,2,11.0,0.0,0.0,0.0,1957.0,B02,1.0,7,0,0.0,2.0,1.0,1.0,12,22,1230,1,1,1,2,1,2,7,2,2
9010,201600004015,2.0,2,1,2,11.0,0.0,0.0,0.0,1966.0,B02,1.0,7,0,0.0,2.0,1.0,1.0,12,22,1230,1,1,1,2,1,2,7,2,2
9011,201600004015,1.0,1,3,2,11.0,0.0,0.0,0.0,1952.0,A01,2.0,7,0,0.0,2.0,1.0,13.0,12,22,1230,1,1,1,2,1,2,7,2,2
9012,201600004016,1.0,1,3,1,11.0,0.0,0.0,0.0,1943.0,A01,1.0,7,0,0.0,0.0,1.0,0.0,2,23,1400,1,1,1,2,6,3,7,2,2