,Num_Acc,place,catu,grav,sexe,secu,locp,actp,etatp,an_nais,num_veh,senc,catv,occutc,obs,obsm,choc,manv,mois,jour,hrmn,lum,agg,int,atm,col,mom,catvopp,catv_gen,catvopp_gen
9166,201600004081,1.0,1,1,1,13.0,0.0,0.0,0.0,1946.0,A01,1.0,7,0,0.0,1.0,2.0,1.0,12,13,1345,1,2,1,1,6,2,7,2,2
9167,201600004081,0.0,3,3,2,0.0,0.0,0.0,1.0,1949.0,A01,1.0,7,0,0.0,1.0,2.0,1.0,12,13,1345,1,2,1,1,6,2,7,2,2
9168,201600004082,1.0,1,1,1,11.0,0.0,0.0,0.0,1974.0,B02,1.0,7,0,0.0,2.0,1.0,1.0,12,22,1445,1,1,1,2,3,3,7,2,2
9169,201600004082,1.0,1,3,1,13.0,0.0,0.0,0.0,1982.0,A01,2.0,7,0,0.0,2.0,7.0,13.0,12,22,1445,1,1,1,2,3,3,7,2,2
9170,201600004082,2.0,2,2,2,11.0,0.0,0.0,0.0,1982.0,A01,2.0,7,0,0.0,2.0,7.0,13.0,12,22,1445,1,1,1,2,3,3,7,2,2
9171,201600004082,3.0,2,3,2,13.0,0.0,0.0,0.0,2002.0,A01,2.0,7,0,0.0,2.0,7.0,13.0,12,22,1445,1,1,1,2,3,3,7,2,2
9172,201600004082,4.0,2,3,2,13.0,0.0,0.0,0.0,2003.0,A01,2.0,7,0,0.0,2.0,7.0,13.0,12,22,1445,1,1,1,2,3,3,7,2,2
9173,201600004083,1.0,1,3,1,11.0,0.0,0.0,0.0,1973.0,A01,1.0,7,0,0.0,2.0,1.0,17.0,1,4,2045,3,1,1,2,5,4,15,2,3
9174,201600004083,1.0,1,3,2,11.0,0.0,0.0,0.0,1978.0,B02,2.0,7,0,0.0,2.0,1.0,1.0,1,4,2045,3,1,1,2,5,4,15,2,3
9175,201600004083,3.0,2,3,2,31.0,0.0,0.0,0.0,2014.0,B02,2.0,7,0,0.0,2.0,1.0,1.0,1,4,2045,3,1,1,2,5,4,15,2,3
9176,201600004083,1.0,1,1,1,11.0,0.0,0.0,0.0,1962.0,C03,1.0,15,0,0.0,2.0,8.0,1.0,1,4,2045,3,1,1,2,5,4,7,3,2
9177,201600004084,1.0,1,3,2,11.0,0.0,0.0,0.0,1966.0,A01,1.0,7,0,13.0,0.0,3.0,13.0,1,24,2330,3,1,1,1,6,5,7,2,2
9178,201600004085,1.0,1,4,1,21.0,0.0,0.0,0.0,1953.0,B02,1.0,33,0,0.0,2.0,4.0,1.0,6,15,945,1,1,1,8,5,1,7,1,2
9179,201600004085,1.0,1,1,1,21.0,0.0,0.0,0.0,1958.0,C03,1.0,33,0,0.0,2.0,4.0,1.0,6,15,945,1,1,1,8,5,1,7,1,2
9180,201600004085,1.0,1,1,2,11.0,0.0,0.0,0.0,1956.0,A01,1.0,7,0,0.0,2.0,2.0,1.0,6,15,945,1,1,1,8,5,1,33,2,1
9181,201600004086,1.0,1,2,2,11.0,0.0,0.0,0.0,1945.0,A01,2.0,7,0,2.0,0.0,1.0,1.0,6,22,1315,1,1,1,1,6,2,7,2,2
9182,201600004087,0.0,3,3,2,0.0,1.0,0.0,1.0,1948.0,A01,0.0,30,0,0.0,1.0,1.0,1.0,10,27,1730,1,2,1,1,6,3,30,1,1
9183,201600004087,1.0,1,1,1,21.0,0.0,0.0,0.0,2000.0,A01,0.0,30,0,0.0,1.0,1.0,1.0,10,27,1730,1,2,1,1,6,3,30,1,1
9184,201600004088,1.0,1,3,1,21.0,0.0,0.0,0.0,1961.0,A01,1.0,33,0,0.0,6.0,1.0,1.0,2,6,1830,2,1,1,1,6,4,33,1,1
9185,201600004089,1.0,1,3,2,11.0,0.0,0.0,0.0,1974.0,A01,1.0,7,0,13.0,0.0,2.0,1.0,3,22,2030,3,1,1,1,7,4,7,2,2
9186,201600004089,2.0,2,3,2,11.0,0.0,0.0,0.0,2002.0,A01,1.0,7,0,13.0,0.0,2.0,1.0,3,22,2030,3,1,1,1,7,4,7,2,2
9187,201600004090,1.0,1,2,1,21.0,0.0,0.0,0.0,1998.0,B02,1.0,30,0,0.0,2.0,1.0,16.0,6,15,1345,1,1,1,1,1,2,7,1,2
9188,201600004090,1.0,1,1,1,11.0,0.0,0.0,0.0,1948.0,A01,1.0,7,0,0.0,2.0,3.0,17.0,6,15,1345,1,1,1,1,1,2,30,2,1
9189,201600004091,1.0,1,3,1,21.0,0.0,0.0,0.0,1998.0,B02,1.0,2,0,0.0,2.0,1.0,15.0,7,14,1800,1,2,3,1,3,4,33,1,1
9190,201600004091,1.0,1,1,1,21.0,0.0,0.0,0.0,1957.0,A01,1.0,33,0,0.0,2.0,1.0,17.0,7,14,1800,1,2,3,1,3,4,2,1,1
9191,201600004092,1.0,1,3,2,11.0,0.0,0.0,0.0,1950.0,A01,2.0,7,0,0.0,2.0,1.0,13.0,8,14,1500,1,1,1,1,1,3,7,2,2
9192,201600004092,1.0,1,1,2,11.0,0.0,0.0,0.0,1970.0,B02,1.0,7,0,0.0,2.0,3.0,1.0,8,14,1500,1,1,1,1,1,3,7,2,2
9193,201600004092,2.0,2,1,1,11.0,0.0,0.0,0.0,1970.0,B02,1.0,7,0,0.0,2.0,3.0,1.0,8,14,1500,1,1,1,1,1,3,7,2,2
9194,201600004092,3.0,2,1,1,31.0,0.0,0.0,0.0,2006.0,B02,1.0,7,0,0.0,2.0,3.0,1.0,8,14,1500,1,1,1,1,1,3,7,2,2
9195,201600004092,4.0,2,1,2,11.0,0.0,0.0,0.0,2001.0,B02,1.0,7,0,0.0,2.0,3.0,1.0,8,14,1500,1,1,1,1,1,3,7,2,2
9196,201600004093,1.0,1,3,1,11.0,0.0,0.0,0.0,1925.0,A01,0.0,7,0,6.0,0.0,1.0,1.0,9,22,1145,1,2,1,1,6,1,7,2,2
9197,201600004093,4.0,2,4,2,11.0,0.0,0.0,0.0,1923.0,A01,0.0,7,0,6.0,0.0,1.0,1.0,9,22,1145,1,2,1,1,6,1,7,2,2
9198,201600004094,1.0,1,3,1,21.0,0.0,0.0,0.0,1973.0,B02,1.0,33,0,0.0,2.0,1.0,1.0,11,12,1715,2,1,1,1,1,3,7,1,2
9199,201600004094,1.0,1,1,2,13.0,0.0,0.0,0.0,1969.0,A01,2.0,7,0,0.0,2.0,8.0,20.0,11,12,1715,2,1,1,1,1,3,33,2,1
9200,201600004095,1.0,1,3,2,11.0,0.0,0.0,0.0,1932.0,A01,1.0,7,0,0.0,4.0,3.0,1.0,12,22,1445,1,1,1,2,3,3,39,2,3
9201,201600004095,1.0,1,1,1,1.0,0.0,0.0,0.0,1982.0,B02,0.0,39,0,0.0,2.0,2.0,1.0,12,22,1445,1,1,1,2,3,3,7,3,2
9202,201600004096,1.0,1,3,1,11.0,0.0,0.0,0.0,1975.0,B02,2.0,7,0,0.0,2.0,3.0,1.0,12,31,1615,1,1,1,1,1,3,7,2,2
9203,201600004096,2.0,2,1,2,13.0,0.0,0.0,0.0,1963.0,B02,2.0,7,0,0.0,2.0,3.0,1.0,12,31,1615,1,1,1,1,1,3,7,2,2
9204,201600004096,1.0,1,2,1,13.0,0.0,0.0,0.0,1926.0,A01,1.0,7,0,0.0,2.0,1.0,13.0,12,31,1615,1,1,1,1,1,3,7,2,2
9205,201600004096,2.0,2,2,2,13.0,0.0,0.0,0.0,1932.0,A01,1.0,7,0,0.0,2.0,1.0,13.0,12,31,1615,1,1,1,1,1,3,7,2,2
9206,201600004097,1.0,1,3,1,12.0,0.0,0.0,0.0,1994.0,A01,1.0,7,0,13.0,0.0,2.0,0.0,8,29,2115,3,1,1,1,7,4,7,2,2
9207,201600004098,1.0,1,3,1,11.0,0.0,0.0,0.0,1933.0,A01,2.0,7,0,0.0,2.0,1.0,15.0,6,6,815,1,2,3,1,1,1,7,2,2
9208,201600004098,2.0,2,4,1,11.0,0.0,0.0,0.0,1951.0,A01,2.0,7,0,0.0,2.0,1.0,15.0,6,6,815,1,2,3,1,1,1,7,2,2
9209,201600004098,1.0,1,4,1,11.0,0.0,0.0,0.0,1938.0,B02,1.0,7,0,0.0,2.0,3.0,1.0,6,6,815,1,2,3,1,1,1,7,2,2
9210,201600004099,1.0,1,3,2,11.0,0.0,0.0,0.0,1989.0,A01,1.0,7,0,8.0,0.0,9.0,1.0,6,18,615,2,1,1,2,6,1,7,2,2
9211,201600004099,2.0,2,2,1,11.0,0.0,0.0,0.0,1990.0,A01,1.0,7,0,8.0,0.0,9.0,1.0,6,18,615,2,1,1,2,6,1,7,2,2
9212,201600004099,5.0,2,2,2,12.0,0.0,0.0,0.0,1994.0,A01,1.0,7,0,8.0,0.0,9.0,1.0,6,18,615,2,1,1,2,6,1,7,2,2
9213,201600004100,1.0,1,2,1,12.0,0.0,0.0,0.0,1978.0,A01,1.0,7,0,16.0,0.0,0.0,1.0,7,13,2015,1,1,1,1,6,4,7,2,2
9214,201600004101,0.0,3,3,1,0.0,1.0,0.0,1.0,1955.0,A01,2.0,7,0,0.0,1.0,1.0,1.0,7,19,1400,1,1,1,1,6,3,7,2,2
9215,201600004101,1.0,1,1,2,11.0,0.0,0.0,0.0,1934.0,A01,2.0,7,0,0.0,1.0,1.0,1.0,7,19,1400,1,1,1,1,6,3,7,2,2
9216,201600004102,1.0,1,1,1,11.0,0.0,0.0,0.0,1993.0,B01,1.0,7,0,0.0,9.0,2.0,1.0,9,22,1715,1,1,2,1,1,3,1,2,1
9217,201600004102,1.0,1,3,1,21.0,0.0,0.0,0.0,1938.0,A01,1.0,1,0,0.0,2.0,0.0,19.0,9,22,1715,1,1,2,1,1,3,7,1,2
9218,201600004103,1.0,1,1,1,11.0,0.0,0.0,0.0,1956.0,A01,1.0,21,0,0.0,9.0,6.0,1.0,9,28,1715,1,1,1,1,1,3,1,0,1
9219,201600004103,1.0,1,3,1,21.0,0.0,0.0,0.0,1957.0,B02,2.0,1,0,0.0,9.0,1.0,1.0,9,28,1715,1,1,1,1,1,3,21,1,0
9220,201600004104,1.0,1,3,1,11.0,0.0,0.0,0.0,1988.0,A01,2.0,7,0,15.0,0.0,1.0,1.0,11,17,445,3,1,1,1,6,0,7,2,2
9221,201600004105,1.0,1,2,1,13.0,0.0,0.0,0.0,1988.0,A01,2.0,10,0,2.0,0.0,1.0,13.0,4,1,2215,3,1,1,1,6,5,10,2,2
9222,201600004106,1.0,1,4,1,11.0,0.0,0.0,0.0,1988.0,A01,2.0,7,0,6.0,0.0,1.0,19.0,4,24,2230,5,2,6,1,6,5,7,2,2
9223,201600004107,1.0,1,3,1,21.0,0.0,0.0,0.0,1962.0,A01,1.0,1,0,0.0,0.0,1.0,1.0,8,31,1845,1,1,1,1,7,4,1,1,1
9224,201600004108,1.0,1,3,1,12.0,0.0,0.0,0.0,1967.0,A01,2.0,7,0,13.0,0.0,1.0,1.0,9,5,2015,2,1,1,1,6,4,7,2,2
9225,201600004109,1.0,1,3,1,11.0,0.0,0.0,0.0,1932.0,A01,2.0,7,0,13.0,0.0,1.0,1.0,10,13,800,2,2,1,1,6,1,7,2,2
9226,201600004110,1.0,1,3,1,11.0,0.0,0.0,0.0,1983.0,A01,1.0,7,0,6.0,0.0,1.0,1.0,1,6,1815,3,1,1,8,6,4,7,2,2
9227,201600004110,3.0,2,2,2,11.0,0.0,0.0,0.0,2014.0,A01,1.0,7,0,6.0,0.0,1.0,1.0,1,6,1815,3,1,1,8,6,4,7,2,2
9228,201600004111,1.0,1,2,1,12.0,0.0,0.0,0.0,1946.0,A01,0.0,7,0,6.0,0.0,1.0,1.0,8,10,1130,1,2,1,1,6,1,7,2,2
9229,201600004112,1.0,1,1,2,11.0,0.0,0.0,0.0,1931.0,A01,2.0,7,0,0.0,2.0,2.0,1.0,6,6,1615,1,2,1,1,2,3,1,2,1
9230,201600004112,1.0,1,4,1,21.0,0.0,0.0,0.0,1930.0,B02,2.0,1,0,0.0,2.0,4.0,1.0,6,6,1615,1,2,1,1,2,3,7,1,2
9231,201600004113,1.0,1,1,1,11.0,0.0,0.0,0.0,1987.0,A01,1.0,7,0,0.0,2.0,1.0,1.0,9,4,1130,1,1,2,1,3,1,7,2,2
9232,201600004113,1.0,1,1,1,11.0,0.0,0.0,0.0,1954.0,B02,2.0,7,0,0.0,2.0,5.0,1.0,9,4,1130,1,1,2,1,3,1,7,2,2
9233,201600004113,3.0,2,3,2,11.0,0.0,0.0,0.0,1963.0,B02,2.0,7,0,0.0,2.0,5.0,1.0,9,4,1130,1,1,2,1,3,1,7,2,2
9234,201600004113,4.0,2,3,1,11.0,0.0,0.0,0.0,1960.0,B02,2.0,7,0,0.0,2.0,5.0,1.0,9,4,1130,1,1,2,1,3,1,7,2,2
9235,201600004114,1.0,1,3,1,21.0,0.0,0.0,0.0,1948.0,A01,1.0,33,0,0.0,2.0,1.0,2.0,3,14,1830,2,1,1,1,3,4,21,1,0
9236,201600004114,1.0,1,1,1,11.0,0.0,0.0,0.0,1976.0,B02,1.0,21,0,0.0,2.0,3.0,15.0,3,14,1830,2,1,1,1,3,4,33,0,1
9237,201600004115,1.0,1,4,1,21.0,0.0,0.0,0.0,1966.0,B02,1.0,1,0,0.0,2.0,1.0,1.0,3,26,845,1,1,1,1,1,1,7,1,2
9238,201600004115,1.0,1,1,1,11.0,0.0,0.0,0.0,1976.0,A01,1.0,7,0,0.0,9.0,2.0,19.0,3,26,845,1,1,1,1,1,1,1,2,1
9239,201600004116,1.0,1,1,2,11.0,0.0,0.0,0.0,1986.0,A01,2.0,7,0,4.0,0.0,3.0,1.0,4,23,415,3,1,1,1,6,0,7,2,2
9240,201600004116,2.0,2,3,1,11.0,0.0,0.0,0.0,1992.0,A01,2.0,7,0,4.0,0.0,3.0,1.0,4,23,415,3,1,1,1,6,0,7,2,2
9241,201600004116,3.0,2,2,1,12.0,0.0,0.0,0.0,1964.0,A01,2.0,7,0,4.0,0.0,3.0,1.0,4,23,415,3,1,1,1,6,0,7,2,2
9242,201600004117,1.0,1,1,1,11.0,0.0,0.0,0.0,1958.0,A01,2.0,7,0,0.0,1.0,2.0,1.0,12,8,745,2,2,1,1,6,1,7,2,2
9243,201600004117,0.0,3,3,1,0.0,1.0,3.0,1.0,2003.0,A01,2.0,7,0,0.0,1.0,2.0,1.0,12,8,745,2,2,1,1,6,1,7,2,2
9244,201600004118,1.0,1,4,1,21.0,0.0,0.0,0.0,1963.0,B02,1.0,1,0,0.0,2.0,8.0,19.0,12,6,1300,1,1,1,1,1,2,7,1,2
9245,201600004118,1.0,1,1,2,11.0,0.0,0.0,0.0,1994.0,A01,2.0,7,0,0.0,0.0,7.0,19.0,12,6,1300,1,1,1,1,1,2,1,2,1
9246,201600004119,1.0,1,1,1,11.0,0.0,0.0,0.0,1979.0,A01,1.0,10,0,0.0,1.0,4.0,4.0,8,5,1530,1,2,1,1,6,3,10,2,2
9247,201600004119,0.0,3,4,2,0.0,2.0,3.0,1.0,1938.0,A01,1.0,10,0,0.0,1.0,4.0,4.0,8,5,1530,1,2,1,1,6,3,10,2,2
9248,201600004120,1.0,1,2,2,21.0,0.0,0.0,0.0,1958.0,A01,2.0,1,0,13.0,0.0,1.0,13.0,7,31,1300,1,1,1,5,7,2,1,1,1
9249,201600004121,1.0,1,3,1,11.0,0.0,0.0,0.0,1996.0,A01,1.0,7,0,6.0,0.0,1.0,13.0,12,27,445,5,2,1,1,6,0,7,2,2
9250,201600004121,2.0,2,1,1,11.0,0.0,0.0,0.0,1997.0,A01,1.0,7,0,6.0,0.0,1.0,13.0,12,27,445,5,2,1,1,6,0,7,2,2
9251,201600004122,1.0,1,1,2,13.0,0.0,0.0,0.0,1986.0,A01,0.0,7,0,0.0,1.0,1.0,2.0,12,31,355,5,2,1,1,6,0,7,2,2
9252,201600004122,0.0,3,4,1,0.0,2.0,1.0,1.0,1995.0,A01,0.0,7,0,0.0,1.0,1.0,2.0,12,31,355,5,2,1,1,6,0,7,2,2
9253,201600004123,1.0,1,1,1,11.0,0.0,0.0,0.0,1989.0,A01,1.0,7,0,0.0,2.0,1.0,19.0,3,9,1545,1,1,2,3,3,3,7,2,2
9254,201600004123,1.0,1,1,1,11.0,0.0,0.0,0.0,1936.0,B02,2.0,7,0,0.0,2.0,7.0,1.0,3,9,1545,1,1,2,3,3,3,7,2,2
9255,201600004123,2.0,2,4,2,11.0,0.0,0.0,0.0,1938.0,B02,2.0,7,0,0.0,2.0,7.0,1.0,3,9,1545,1,1,2,3,3,3,7,2,2
9256,201600004124,1.0,1,3,1,21.0,0.0,0.0,0.0,1995.0,A01,1.0,33,0,6.0,0.0,2.0,1.0,6,20,1630,1,1,1,1,6,3,33,1,1
9257,201600004125,1.0,1,1,1,11.0,0.0,0.0,0.0,1963.0,A01,2.0,10,0,0.0,2.0,3.0,13.0,6,23,1030,1,2,1,1,1,1,31,2,1
9258,201600004125,1.0,1,3,1,21.0,0.0,0.0,0.0,1950.0,B02,1.0,31,0,0.0,2.0,1.0,1.0,6,23,1030,1,2,1,1,1,1,10,1,2
9259,201600004126,1.0,1,1,1,11.0,0.0,0.0,0.0,1982.0,A01,1.0,10,0,0.0,2.0,1.0,17.0,6,23,1700,1,1,1,1,5,3,21,2,0
9260,201600004126,5.0,2,1,2,11.0,0.0,0.0,0.0,1983.0,A01,1.0,10,0,0.0,2.0,1.0,17.0,6,23,1700,1,1,1,1,5,3,21,2,0
9261,201600004126,1.0,1,1,1,11.0,0.0,0.0,0.0,1989.0,C03,1.0,7,0,0.0,0.0,0.0,1.0,6,23,1700,1,1,1,1,5,3,10,2,2
9262,201600004126,1.0,1,3,1,0.0,0.0,0.0,0.0,1942.0,B02,1.0,21,0,0.0,2.0,8.0,15.0,6,23,1700,1,1,1,1,5,3,10,0,2
9263,201600004127,3.0,2,1,1,11.0,0.0,0.0,0.0,1946.0,A01,1.0,7,0,10.0,0.0,2.0,13.0,7,11,1450,1,1,1,1,7,3,7,2,2
9264,201600004127,1.0,1,2,1,11.0,0.0,0.0,0.0,1940.0,A01,1.0,7,0,10.0,0.0,2.0,13.0,7,11,1450,1,1,1,1,7,3,7,2,2
9265,201600004128,1.0,1,3,1,21.0,0.0,0.0,0.0,1953.0,B02,2.0,33,0,0.0,2.0,1.0,1.0,7,25,915,1,2,2,1,3,1,7,1,2
9266,201600004128,1.0,1,1,1,11.0,0.0,0.0,0.0,1932.0,A01,0.0,7,0,0.0,2.0,7.0,19.0,7,25,915,1,2,2,1,3,1,33,2,1
9267,201600004129,1.0,1,3,1,12.0,0.0,0.0,0.0,1980.0,A01,0.0,15,0,16.0,0.0,2.0,21.0,11,2,730,1,1,1,1,6,1,15,3,3
9268,201600004130,1.0,1,3,1,22.0,0.0,0.0,0.0,1963.0,A01,1.0,1,0,0.0,2.0,1.0,15.0,12,14,1430,1,2,1,1,3,3,7,1,2
9269,201600004130,1.0,1,1,1,13.0,0.0,0.0,0.0,1948.0,B02,1.0,7,0,0.0,2.0,2.0,1.0,12,14,1430,1,2,1,1,3,3,1,2,1
9270,201600004130,2.0,2,1,2,13.0,0.0,0.0,0.0,1983.0,B02,1.0,7,0,0.0,2.0,2.0,1.0,12,14,1430,1,2,1,1,3,3,1,2,1
9271,201600004130,6.0,2,1,1,13.0,0.0,0.0,0.0,1951.0,B02,1.0,7,0,0.0,2.0,2.0,1.0,12,14,1430,1,2,1,1,3,3,1,2,1
9272,201600004131,1.0,1,1,2,11.0,0.0,0.0,0.0,1995.0,A01,2.0,7,0,6.0,0.0,7.0,1.0,1,22,2030,5,2,1,3,6,4,7,2,2
9273,201600004131,2.0,2,3,2,11.0,0.0,0.0,0.0,1995.0,A01,2.0,7,0,6.0,0.0,7.0,1.0,1,22,2030,5,2,1,3,6,4,7,2,2
9274,201600004132,1.0,1,1,2,11.0,0.0,0.0,0.0,1986.0,A01,1.0,7,0,0.0,1.0,2.0,1.0,2,18,2000,5,2,1,2,6,4,7,2,2
9275,201600004132,0.0,3,2,1,0.0,1.0,3.0,1.0,1979.0,A01,1.0,7,0,0.0,1.0,2.0,1.0,2,18,2000,5,2,1,2,6,4,7,2,2
9276,201600004133,1.0,1,1,2,11.0,0.0,0.0,0.0,1995.0,A01,1.0,7,0,0.0,1.0,2.0,14.0,3,7,1445,1,2,1,2,6,3,7,2,2
9277,201600004133,0.0,3,3,2,0.0,8.0,1.0,1.0,1942.0,A01,1.0,7,0,0.0,1.0,2.0,14.0,3,7,1445,1,2,1,2,6,3,7,2,2
9278,201600004134,1.0,1,1,2,11.0,0.0,0.0,0.0,1991.0,A01,1.0,7,0,0.0,2.0,1.0,15.0,3,29,1900,1,2,1,1,1,4,33,2,1
9279,201600004134,1.0,1,3,2,21.0,0.0,0.0,0.0,1987.0,B02,2.0,33,0,0.0,2.0,1.0,1.0,3,29,1900,1,2,1,1,1,4,7,1,2
9280,201600004135,1.0,1,1,2,11.0,0.0,0.0,0.0,1971.0,B02,2.0,7,0,0.0,2.0,3.0,15.0,5,19,1615,1,2,3,1,3,3,2,2,1
9281,201600004135,1.0,1,3,1,21.0,0.0,0.0,0.0,1984.0,A01,2.0,2,0,1.0,2.0,2.0,17.0,5,19,1615,1,2,3,1,3,3,7,1,2
9282,201600004136,1.0,1,3,1,11.0,0.0,0.0,0.0,1994.0,A01,1.0,7,0,0.0,2.0,3.0,13.0,7,25,815,1,1,1,1,1,1,7,2,2
9283,201600004136,1.0,1,2,2,11.0,0.0,0.0,0.0,1967.0,B02,2.0,7,0,0.0,2.0,1.0,1.0,7,25,815,1,1,1,1,1,1,7,2,2
9284,201600004137,1.0,1,3,1,21.0,0.0,0.0,0.0,1948.0,B02,2.0,1,0,0.0,2.0,5.0,1.0,7,30,1415,1,2,6,1,3,3,7,1,2
9285,201600004137,1.0,1,1,2,11.0,0.0,0.0,0.0,1965.0,A01,2.0,7,0,0.0,2.0,3.0,9.0,7,30,1415,1,2,6,1,3,3,1,2,1
9286,201600004138,1.0,1,1,1,11.0,0.0,0.0,0.0,1994.0,A01,2.0,7,0,0.0,1.0,2.0,1.0,12,7,2030,3,1,1,1,6,4,7,2,2
9287,201600004138,0.0,3,3,1,0.0,1.0,1.0,1.0,1979.0,A01,2.0,7,0,0.0,1.0,2.0,1.0,12,7,2030,3,1,1,1,6,4,7,2,2
9288,201600004139,1.0,1,3,1,21.0,0.0,0.0,0.0,1934.0,A01,2.0,1,0,0.0,0.0,0.0,1.0,12,13,1445,1,1,1,7,1,3,1,1,1
9289,201600004139,1.0,1,4,1,21.0,0.0,0.0,0.0,1949.0,B02,2.0,1,0,0.0,0.0,0.0,0.0,12,13,1445,1,1,1,7,1,3,1,1,1
9290,201600004140,1.0,1,3,1,21.0,0.0,0.0,0.0,2000.0,A01,1.0,2,0,6.0,0.0,7.0,1.0,6,22,1515,1,1,1,1,6,3,2,1,1
9291,201600004141,1.0,1,3,1,21.0,0.0,0.0,0.0,1988.0,A01,1.0,1,0,10.0,0.0,1.0,17.0,6,28,1115,1,2,3,1,7,1,1,1,1
9292,201600004142,1.0,1,1,1,13.0,0.0,0.0,0.0,1955.0,A01,2.0,14,0,0.0,1.0,0.0,1.0,10,7,1700,1,2,1,1,6,3,14,3,3
9293,201600004142,0.0,3,3,2,0.0,6.0,1.0,1.0,1940.0,A01,2.0,14,0,0.0,1.0,0.0,1.0,10,7,1700,1,2,1,1,6,3,14,3,3
9294,201600004143,1.0,1,2,1,11.0,0.0,0.0,0.0,1964.0,A01,2.0,14,0,14.0,0.0,3.0,2.0,3,14,730,1,1,1,1,7,1,14,3,3
9295,201600004144,2.0,2,4,1,21.0,0.0,0.0,0.0,2000.0,B02,2.0,30,0,0.0,2.0,3.0,1.0,4,19,1700,1,2,1,1,5,3,14,1,3
9296,201600004144,1.0,1,3,1,21.0,0.0,0.0,0.0,2001.0,B02,2.0,30,0,0.0,2.0,3.0,1.0,4,19,1700,1,2,1,1,5,3,14,1,3
9297,201600004144,1.0,1,1,1,11.0,0.0,0.0,0.0,1989.0,A01,1.0,14,0,0.0,0.0,3.0,1.0,4,19,1700,1,2,1,1,5,3,30,3,1
9298,201600004144,1.0,1,4,2,21.0,0.0,0.0,0.0,2000.0,C03,2.0,30,0,0.0,2.0,1.0,2.0,4,19,1700,1,2,1,1,5,3,14,1,3
9299,201600004145,1.0,1,3,2,11.0,0.0,0.0,0.0,1976.0,A01,1.0,7,0,0.0,2.0,1.0,13.0,4,1,1530,1,1,1,1,1,3,38,2,3
9300,201600004145,1.0,1,1,1,11.0,0.0,0.0,0.0,1956.0,B02,2.0,38,45,0.0,2.0,1.0,2.0,4,1,1530,1,1,1,1,1,3,7,3,2
9301,201600004146,1.0,1,3,1,11.0,0.0,0.0,0.0,1976.0,A01,2.0,15,0,0.0,0.0,1.0,2.0,6,15,1100,1,1,1,1,6,1,15,3,3
9302,201600004147,1.0,1,2,1,11.0,0.0,0.0,0.0,1978.0,A01,1.0,7,0,0.0,2.0,3.0,13.0,9,9,1030,1,1,1,1,1,1,15,2,3
9303,201600004147,1.0,1,1,1,11.0,0.0,0.0,0.0,1956.0,B02,2.0,15,0,0.0,2.0,3.0,1.0,9,9,1030,1,1,1,1,1,1,7,3,2
9304,201600004148,1.0,1,4,1,13.0,0.0,0.0,0.0,1943.0,C03,2.0,7,0,0.0,0.0,4.0,23.0,11,9,1225,1,1,9,1,5,2,15,2,3
9305,201600004148,1.0,1,1,1,13.0,0.0,0.0,0.0,1988.0,B02,1.0,15,0,0.0,2.0,2.0,17.0,11,9,1225,1,1,9,1,5,2,7,3,2
9306,201600004148,1.0,1,4,1,13.0,0.0,0.0,0.0,1978.0,A01,1.0,7,0,0.0,0.0,4.0,15.0,11,9,1225,1,1,9,1,5,2,15,2,3
9307,201600004148,1.0,1,1,1,13.0,0.0,0.0,0.0,1989.0,D04,2.0,7,0,14.0,0.0,1.0,2.0,11,9,1225,1,1,9,1,5,2,15,2,3
9308,201600004149,1.0,1,1,1,11.0,0.0,0.0,0.0,1967.0,A01,2.0,14,0,0.0,1.0,2.0,2.0,11,29,240,3,1,1,1,6,0,14,3,3
9309,201600004149,0.0,3,3,1,92.0,1.0,1.0,1.0,1997.0,A01,2.0,14,0,0.0,1.0,2.0,2.0,11,29,240,3,1,1,1,6,0,14,3,3
9310,201600004150,1.0,1,3,2,11.0,0.0,0.0,0.0,1974.0,A01,1.0,7,0,0.0,2.0,3.0,13.0,12,12,1000,1,1,1,7,3,1,14,2,3
9311,201600004150,1.0,1,1,1,11.0,0.0,0.0,0.0,1987.0,B01,2.0,14,0,0.0,2.0,8.0,1.0,12,12,1000,1,1,1,7,3,1,7,3,2
9312,201600004151,2.0,2,3,2,11.0,0.0,0.0,0.0,1959.0,A01,2.0,10,0,2.0,0.0,1.0,13.0,2,19,1045,1,1,1,1,6,1,10,2,2
9313,201600004151,1.0,1,4,1,11.0,0.0,0.0,0.0,1960.0,A01,2.0,10,0,2.0,0.0,1.0,13.0,2,19,1045,1,1,1,1,6,1,10,2,2
9319,201600004153,1.0,1,3,1,11.0,0.0,0.0,0.0,1966.0,A01,2.0,7,0,0.0,2.0,3.0,3.0,9,25,2015,3,1,1,8,3,4,7,2,2
9320,201600004153,1.0,1,4,1,11.0,0.0,0.0,0.0,1940.0,B02,1.0,7,0,0.0,2.0,3.0,1.0,9,25,2015,3,1,1,8,3,4,7,2,2
9321,201600004153,2.0,2,4,2,11.0,0.0,0.0,0.0,1943.0,B02,1.0,7,0,0.0,2.0,3.0,1.0,9,25,2015,3,1,1,8,3,4,7,2,2
9322,201600004154,1.0,1,1,1,11.0,0.0,0.0,0.0,1957.0,B02,2.0,7,0,0.0,2.0,3.0,1.0,5,23,1445,1,1,1,1,1,3,7,2,2
9323,201600004154,1.0,1,2,1,11.0,0.0,0.0,0.0,1964.0,A01,1.0,7,0,0.0,2.0,3.0,5.0,5,23,1445,1,1,1,1,1,3,7,2,2
9324,201600004155,1.0,1,2,1,11.0,0.0,0.0,0.0,1998.0,A01,1.0,7,0,2.0,0.0,8.0,1.0,2,5,2115,3,1,1,1,6,4,7,2,2