,Num_Acc,place,catu,grav,sexe,secu,locp,actp,etatp,an_nais,num_veh,senc,catv,occutc,obs,obsm,choc,manv,mois,jour,hrmn,lum,agg,int,atm,col,mom,catvopp,catv_gen,catvopp_gen
9325,201600004156,1.0,1,2,1,11.0,0.0,0.0,0.0,1924.0,A01,2.0,7,0,0.0,2.0,1.0,1.0,9,21,815,1,1,1,1,1,1,7,2,2
9326,201600004156,1.0,1,3,2,11.0,0.0,0.0,0.0,1973.0,B02,1.0,7,0,0.0,2.0,1.0,1.0,9,21,815,1,1,1,1,1,1,7,2,2
9327,201600004157,2.0,2,4,1,11.0,0.0,0.0,0.0,1998.0,A01,0.0,7,0,13.0,0.0,2.0,15.0,1,18,1315,1,1,6,1,6,2,7,2,2
9328,201600004157,5.0,2,3,1,11.0,0.0,0.0,0.0,1999.0,A01,0.0,7,0,13.0,0.0,2.0,15.0,1,18,1315,1,1,6,1,6,2,7,2,2
9329,201600004157,1.0,1,1,1,11.0,0.0,0.0,0.0,1997.0,A01,0.0,7,0,13.0,0.0,2.0,15.0,1,18,1315,1,1,6,1,6,2,7,2,2
9331,201600004159,1.0,1,3,1,11.0,0.0,0.0,0.0,1973.0,A01,2.0,7,0,0.0,2.0,1.0,14.0,3,8,1845,1,1,1,1,1,4,7,2,2
9332,201600004159,1.0,1,2,2,11.0,0.0,0.0,0.0,1942.0,B02,1.0,7,0,0.0,2.0,1.0,1.0,3,8,1845,1,1,1,1,1,4,7,2,2
9333,201600004160,1.0,1,3,1,21.0,0.0,0.0,0.0,1952.0,A01,1.0,1,0,0.0,2.0,3.0,1.0,3,26,1030,1,1,1,1,3,1,21,1,0
9334,201600004160,1.0,1,1,1,91.0,0.0,0.0,0.0,1948.0,B02,2.0,21,0,0.0,2.0,8.0,1.0,3,26,1030,1,1,1,1,3,1,1,0,1
9335,201600004161,1.0,1,4,1,11.0,0.0,0.0,0.0,1982.0,A01,1.0,7,0,8.0,0.0,5.0,19.0,1,31,1,4,1,1,6,6,0,7,2,2
9336,201600004162,1.0,1,3,2,11.0,0.0,0.0,0.0,1967.0,B02,2.0,7,0,0.0,0.0,2.0,17.0,7,15,800,1,2,1,1,3,1,7,2,2
9337,201600004162,1.0,1,4,1,11.0,0.0,0.0,0.0,1946.0,A01,2.0,7,0,0.0,0.0,8.0,15.0,7,15,800,1,2,1,1,3,1,7,2,2
9338,201600004163,1.0,1,2,1,11.0,0.0,0.0,0.0,1930.0,B02,0.0,7,0,0.0,0.0,1.0,1.0,11,3,1130,1,1,1,1,1,1,7,2,2
9339,201600004163,1.0,1,3,1,13.0,0.0,0.0,0.0,1998.0,A01,0.0,7,0,0.0,0.0,1.0,1.0,11,3,1130,1,1,1,1,1,1,7,2,2
9340,201600004163,2.0,2,3,1,13.0,0.0,0.0,0.0,2001.0,A01,0.0,7,0,0.0,0.0,1.0,1.0,11,3,1130,1,1,1,1,1,1,7,2,2
9341,201600004163,9.0,2,3,1,13.0,0.0,0.0,0.0,1999.0,A01,0.0,7,0,0.0,0.0,1.0,1.0,11,3,1130,1,1,1,1,1,1,7,2,2
9342,201600004164,1.0,1,3,1,21.0,0.0,0.0,0.0,1964.0,A01,1.0,31,0,0.0,2.0,1.0,13.0,4,10,1645,1,1,1,1,1,3,7,1,2
9343,201600004164,1.0,1,1,1,11.0,0.0,0.0,0.0,1949.0,B02,2.0,7,0,0.0,2.0,1.0,1.0,4,10,1645,1,1,1,1,1,3,31,2,1
9344,201600004165,0.0,3,3,2,0.0,4.0,3.0,1.0,1935.0,A01,1.0,7,0,0.0,1.0,3.0,1.0,1,3,1830,5,2,6,2,6,4,7,2,2
9345,201600004165,1.0,1,1,1,13.0,0.0,0.0,0.0,1990.0,A01,1.0,7,0,0.0,1.0,3.0,1.0,1,3,1830,5,2,6,2,6,4,7,2,2
9347,201600004167,1.0,1,3,2,11.0,0.0,0.0,0.0,1960.0,B02,1.0,7,0,0.0,2.0,8.0,15.0,2,26,1015,1,1,2,1,4,1,10,2,2
9348,201600004167,1.0,1,3,2,11.0,0.0,0.0,0.0,1947.0,A01,1.0,7,0,0.0,2.0,2.0,1.0,2,26,1015,1,1,2,1,4,1,10,2,2
9349,201600004167,4.0,2,3,2,31.0,0.0,0.0,0.0,2010.0,A01,1.0,7,0,0.0,2.0,2.0,1.0,2,26,1015,1,1,2,1,4,1,10,2,2
9350,201600004167,1.0,1,1,1,11.0,0.0,0.0,0.0,1963.0,C03,1.0,10,0,0.0,2.0,3.0,23.0,2,26,1015,1,1,2,1,4,1,7,2,2
9355,201600004170,1.0,1,3,1,1.0,0.0,0.0,0.0,1935.0,A01,2.0,1,0,0.0,0.0,0.0,1.0,3,24,1730,1,2,6,1,7,3,1,1,1
9356,201600004171,1.0,1,3,1,21.0,0.0,0.0,0.0,1967.0,A01,1.0,33,0,7.0,2.0,1.0,2.0,4,13,1130,1,1,1,3,3,1,14,1,3
9357,201600004171,1.0,1,1,1,11.0,0.0,0.0,0.0,1978.0,B02,1.0,14,0,0.0,2.0,3.0,2.0,4,13,1130,1,1,1,3,3,1,33,3,1
9358,201600004172,1.0,1,4,1,12.0,0.0,0.0,0.0,1987.0,A01,1.0,10,0,0.0,9.0,1.0,13.0,5,12,1900,2,1,1,1,6,4,10,2,2
9359,201600004172,2.0,2,3,1,12.0,0.0,0.0,0.0,1987.0,A01,1.0,10,0,0.0,9.0,1.0,13.0,5,12,1900,2,1,1,1,6,4,10,2,2
9362,201600004174,1.0,1,1,1,13.0,0.0,0.0,0.0,1985.0,A01,2.0,10,0,0.0,1.0,2.0,14.0,8,13,15,5,2,1,1,6,0,10,2,2
9363,201600004174,0.0,3,3,1,0.0,5.0,1.0,2.0,1999.0,A01,2.0,10,0,0.0,1.0,2.0,14.0,8,13,15,5,2,1,1,6,0,10,2,2
9364,201600004175,1.0,1,3,1,11.0,0.0,0.0,0.0,1981.0,A01,2.0,7,0,6.0,0.0,7.0,13.0,9,26,2115,5,2,1,1,6,4,7,2,2
9365,201600004175,3.0,2,2,1,32.0,0.0,0.0,0.0,2011.0,A01,2.0,7,0,6.0,0.0,7.0,13.0,9,26,2115,5,2,1,1,6,4,7,2,2
9366,201600004176,1.0,1,3,2,11.0,0.0,0.0,0.0,1948.0,A01,2.0,7,0,8.0,0.0,2.0,1.0,1,4,1100,1,1,1,8,6,1,7,2,2
9367,201600004177,1.0,1,4,2,11.0,0.0,0.0,0.0,1964.0,B02,1.0,7,0,0.0,2.0,6.0,1.0,3,4,1600,1,1,1,1,3,3,7,2,2
9368,201600004177,1.0,1,1,1,11.0,0.0,0.0,0.0,1966.0,A01,2.0,7,0,8.0,0.0,1.0,1.0,3,4,1600,1,1,1,1,3,3,7,2,2
9369,201600004177,2.0,2,1,1,11.0,0.0,0.0,0.0,1969.0,A01,2.0,7,0,8.0,0.0,1.0,1.0,3,4,1600,1,1,1,1,3,3,7,2,2
9370,201600004178,1.0,1,3,2,11.0,0.0,0.0,0.0,1966.0,A01,1.0,7,0,0.0,2.0,3.0,13.0,1,13,1630,1,1,1,1,3,3,7,2,2
9371,201600004178,1.0,1,1,1,11.0,0.0,0.0,0.0,1954.0,B02,2.0,7,0,0.0,2.0,3.0,1.0,1,13,1630,1,1,1,1,3,3,7,2,2
9372,201600004179,1.0,1,1,1,11.0,0.0,0.0,0.0,1955.0,A01,1.0,7,0,0.0,2.0,7.0,19.0,9,15,845,1,1,2,1,3,1,7,2,2
9373,201600004179,2.0,2,2,2,11.0,0.0,0.0,0.0,1931.0,A01,1.0,7,0,0.0,2.0,7.0,19.0,9,15,845,1,1,2,1,3,1,7,2,2
9374,201600004179,1.0,1,3,2,11.0,0.0,0.0,0.0,1957.0,B02,1.0,7,0,0.0,2.0,1.0,1.0,9,15,845,1,1,2,1,3,1,7,2,2
9375,201600004180,3.0,2,1,1,11.0,0.0,0.0,0.0,2002.0,D04,2.0,7,0,0.0,2.0,3.0,2.0,1,13,1430,1,1,1,1,4,3,7,2,2
9376,201600004180,2.0,2,1,2,11.0,0.0,0.0,0.0,1950.0,D04,2.0,7,0,0.0,2.0,3.0,2.0,1,13,1430,1,1,1,1,4,3,7,2,2
9377,201600004180,1.0,1,1,1,11.0,0.0,0.0,0.0,1948.0,D04,2.0,7,0,0.0,2.0,3.0,2.0,1,13,1430,1,1,1,1,4,3,7,2,2
9378,201600004180,2.0,2,1,2,11.0,0.0,0.0,0.0,2000.0,B02,2.0,7,0,0.0,2.0,3.0,2.0,1,13,1430,1,1,1,1,4,3,7,2,2
9379,201600004180,1.0,1,3,2,11.0,0.0,0.0,0.0,1984.0,B02,2.0,7,0,0.0,2.0,3.0,2.0,1,13,1430,1,1,1,1,4,3,7,2,2
9380,201600004180,1.0,1,3,1,11.0,0.0,0.0,0.0,1940.0,C03,1.0,7,0,0.0,2.0,1.0,1.0,1,13,1430,1,1,1,1,4,3,7,2,2
9381,201600004180,2.0,2,4,2,11.0,0.0,0.0,0.0,1963.0,C03,1.0,7,0,0.0,2.0,1.0,1.0,1,13,1430,1,1,1,1,4,3,7,2,2
9382,201600004180,1.0,1,1,2,11.0,0.0,0.0,0.0,1977.0,A01,2.0,7,0,0.0,0.0,6.0,15.0,1,13,1430,1,1,1,1,4,3,7,2,2
9383,201600004180,4.0,2,1,2,31.0,0.0,0.0,0.0,2007.0,A01,2.0,7,0,0.0,0.0,6.0,15.0,1,13,1430,1,1,1,1,4,3,7,2,2
9384,201600004181,1.0,1,4,1,11.0,0.0,0.0,0.0,1986.0,A01,0.0,10,0,0.0,1.0,2.0,9.0,1,28,1400,1,2,1,1,6,3,10,2,2
9385,201600004181,0.0,3,3,2,0.0,4.0,3.0,1.0,1935.0,A01,0.0,10,0,0.0,1.0,2.0,9.0,1,28,1400,1,2,1,1,6,3,10,2,2
9386,201600004182,1.0,1,1,1,11.0,0.0,0.0,0.0,1997.0,B02,1.0,7,0,0.0,2.0,4.0,2.0,10,23,600,3,1,1,1,2,1,7,2,2
9387,201600004182,2.0,2,1,2,11.0,0.0,0.0,0.0,1997.0,B02,1.0,7,0,0.0,2.0,4.0,2.0,10,23,600,3,1,1,1,2,1,7,2,2
9388,201600004182,7.0,2,3,1,12.0,0.0,0.0,0.0,1997.0,B02,1.0,7,0,0.0,2.0,4.0,2.0,10,23,600,3,1,1,1,2,1,7,2,2
9389,201600004182,1.0,1,1,1,11.0,0.0,0.0,0.0,1986.0,A01,1.0,7,0,0.0,2.0,1.0,2.0,10,23,600,3,1,1,1,2,1,7,2,2
9390,201600004183,1.0,1,3,1,11.0,0.0,0.0,0.0,1938.0,A01,2.0,7,0,13.0,0.0,3.0,1.0,10,30,1200,1,1,1,1,6,2,7,2,2
9391,201600004184,1.0,1,1,1,11.0,0.0,0.0,0.0,1986.0,A01,2.0,7,0,0.0,2.0,3.0,1.0,3,8,1715,1,1,1,1,1,3,7,2,2
9392,201600004184,1.0,1,4,1,11.0,0.0,0.0,0.0,1948.0,B02,1.0,7,0,0.0,2.0,3.0,1.0,3,8,1715,1,1,1,1,1,3,7,2,2
9393,201600004184,2.0,2,4,1,11.0,0.0,0.0,0.0,1939.0,B02,1.0,7,0,0.0,2.0,3.0,1.0,3,8,1715,1,1,1,1,1,3,7,2,2
9394,201600004184,3.0,2,4,2,11.0,0.0,0.0,0.0,1943.0,B02,1.0,7,0,0.0,2.0,3.0,1.0,3,8,1715,1,1,1,1,1,3,7,2,2
9395,201600004185,9.0,2,4,1,12.0,0.0,0.0,0.0,1997.0,A01,2.0,7,0,15.0,0.0,1.0,1.0,11,20,615,3,1,1,1,6,1,7,2,2
9396,201600004185,2.0,2,4,1,13.0,0.0,0.0,0.0,1999.0,A01,2.0,7,0,15.0,0.0,1.0,1.0,11,20,615,3,1,1,1,6,1,7,2,2
9397,201600004185,1.0,1,4,1,13.0,0.0,0.0,0.0,1998.0,A01,2.0,7,0,15.0,0.0,1.0,1.0,11,20,615,3,1,1,1,6,1,7,2,2
9398,201600004186,1.0,1,1,1,11.0,0.0,0.0,0.0,1942.0,A01,1.0,7,0,0.0,2.0,4.0,1.0,12,13,800,1,1,1,5,5,1,7,2,2
9399,201600004186,1.0,1,3,2,11.0,0.0,0.0,0.0,1985.0,C01,1.0,7,0,0.0,2.0,1.0,1.0,12,13,800,1,1,1,5,5,1,7,2,2
9400,201600004186,1.0,1,4,2,11.0,0.0,0.0,0.0,1996.0,B01,1.0,7,0,0.0,2.0,4.0,1.0,12,13,800,1,1,1,5,5,1,7,2,2
9401,201600004187,1.0,1,4,2,11.0,0.0,0.0,0.0,1990.0,A01,1.0,7,0,0.0,0.0,3.0,1.0,12,11,1150,1,1,1,5,7,1,7,2,2
9402,201600004188,1.0,1,1,1,11.0,0.0,0.0,0.0,1968.0,A01,2.0,7,0,8.0,0.0,3.0,13.0,12,18,1620,1,1,1,7,6,3,7,2,2
9403,201600004188,2.0,2,3,2,11.0,0.0,0.0,0.0,1965.0,A01,2.0,7,0,8.0,0.0,3.0,13.0,12,18,1620,1,1,1,7,6,3,7,2,2
9404,201600004189,1.0,1,3,1,41.0,0.0,0.0,0.0,1959.0,B02,2.0,1,0,0.0,2.0,7.0,2.0,4,17,1015,1,1,6,8,1,1,7,1,2
9405,201600004189,1.0,1,1,1,11.0,0.0,0.0,0.0,1947.0,A01,2.0,7,0,0.0,9.0,3.0,9.0,4,17,1015,1,1,6,8,1,1,1,2,1
9406,201600004190,1.0,1,1,1,11.0,0.0,0.0,0.0,1991.0,C01,1.0,7,0,0.0,2.0,2.0,21.0,12,24,2015,3,1,9,2,5,4,7,2,2
9407,201600004190,1.0,1,1,1,11.0,0.0,0.0,0.0,1963.0,A01,1.0,7,0,3.0,2.0,1.0,21.0,12,24,2015,3,1,9,2,5,4,7,2,2
9408,201600004190,2.0,2,3,2,11.0,0.0,0.0,0.0,1937.0,A01,1.0,7,0,3.0,2.0,1.0,21.0,12,24,2015,3,1,9,2,5,4,7,2,2
9409,201600004190,0.0,3,1,1,41.0,6.0,2.0,2.0,1965.0,B01,1.0,7,0,0.0,1.0,4.0,24.0,12,24,2015,3,1,9,2,5,4,7,2,2
9410,201600004190,9.0,2,3,2,11.0,0.0,0.0,0.0,2001.0,B01,1.0,7,0,0.0,1.0,4.0,24.0,12,24,2015,3,1,9,2,5,4,7,2,2
9411,201600004190,7.0,2,4,2,11.0,0.0,0.0,0.0,2011.0,B01,1.0,7,0,0.0,1.0,4.0,24.0,12,24,2015,3,1,9,2,5,4,7,2,2
9412,201600004190,1.0,1,3,2,13.0,0.0,0.0,0.0,1980.0,B01,1.0,7,0,0.0,1.0,4.0,24.0,12,24,2015,3,1,9,2,5,4,7,2,2
9413,201600004190,8.0,2,3,2,11.0,0.0,0.0,0.0,1985.0,B01,1.0,7,0,0.0,1.0,4.0,24.0,12,24,2015,3,1,9,2,5,4,7,2,2
9414,201600004190,1.0,1,1,1,11.0,0.0,0.0,0.0,1985.0,D01,1.0,7,0,3.0,0.0,3.0,13.0,12,24,2015,3,1,9,2,5,4,7,2,2
9416,201600004192,1.0,1,2,1,21.0,0.0,0.0,0.0,1962.0,A01,2.0,33,0,0.0,2.0,7.0,17.0,8,30,715,1,1,1,1,3,1,7,1,2
9417,201600004192,1.0,1,1,1,11.0,0.0,0.0,0.0,1974.0,B02,2.0,7,0,0.0,2.0,8.0,1.0,8,30,715,1,1,1,1,3,1,33,2,1
9418,201600004193,1.0,1,1,1,11.0,0.0,0.0,0.0,1991.0,B02,2.0,7,0,0.0,2.0,2.0,15.0,1,9,2200,5,2,1,1,1,5,31,2,1
9419,201600004193,1.0,1,3,1,21.0,0.0,0.0,0.0,1989.0,A01,1.0,31,0,0.0,2.0,1.0,1.0,1,9,2200,5,2,1,1,1,5,7,1,2
9420,201600004194,1.0,1,1,1,11.0,0.0,0.0,0.0,1967.0,A01,0.0,7,0,0.0,1.0,1.0,15.0,2,11,1845,5,2,1,2,6,4,7,2,2
9421,201600004194,0.0,3,3,2,0.0,3.0,3.0,1.0,1960.0,A01,0.0,7,0,0.0,1.0,1.0,15.0,2,11,1845,5,2,1,2,6,4,7,2,2
9422,201600004195,1.0,1,1,1,11.0,0.0,0.0,0.0,1988.0,C03,0.0,7,0,0.0,0.0,6.0,24.0,5,18,900,1,2,1,1,5,1,33,2,1
9423,201600004195,1.0,1,3,1,21.0,0.0,0.0,0.0,1992.0,B02,2.0,33,0,1.0,2.0,1.0,1.0,5,18,900,1,2,1,1,5,1,7,1,2
9424,201600004195,1.0,1,1,1,11.0,0.0,0.0,0.0,1960.0,A01,1.0,7,0,1.0,2.0,5.0,15.0,5,18,900,1,2,1,1,5,1,33,2,1
9425,201600004196,1.0,1,3,1,21.0,0.0,0.0,0.0,1998.0,A01,1.0,30,0,0.0,2.0,1.0,3.0,5,23,1800,1,2,1,1,6,4,30,1,1
9426,201600004197,2.0,2,2,1,13.0,0.0,0.0,0.0,1995.0,A01,0.0,7,0,8.0,0.0,8.0,0.0,6,11,1,5,2,1,2,6,0,7,2,2
9427,201600004197,1.0,1,3,1,11.0,0.0,0.0,0.0,1995.0,A01,0.0,7,0,8.0,0.0,8.0,0.0,6,11,1,5,2,1,2,6,0,7,2,2
9428,201600004198,1.0,1,3,1,21.0,0.0,0.0,0.0,1992.0,B02,0.0,2,0,0.0,2.0,1.0,1.0,6,30,830,1,2,1,1,3,1,7,1,2
9429,201600004198,1.0,1,1,2,11.0,0.0,0.0,0.0,1943.0,A01,0.0,7,0,0.0,2.0,8.0,9.0,6,30,830,1,2,1,1,3,1,2,2,1
9430,201600004199,1.0,1,4,1,11.0,0.0,0.0,0.0,1994.0,A01,0.0,7,0,12.0,0.0,0.0,1.0,7,11,530,2,2,6,1,7,0,7,2,2
9431,201600004199,2.0,2,3,1,11.0,0.0,0.0,0.0,1995.0,A01,0.0,7,0,12.0,0.0,0.0,1.0,7,11,530,2,2,6,1,7,0,7,2,2
9432,201600004199,5.0,2,4,1,11.0,0.0,0.0,0.0,1996.0,A01,0.0,7,0,12.0,0.0,0.0,1.0,7,11,530,2,2,6,1,7,0,7,2,2
9433,201600004200,1.0,1,1,1,11.0,0.0,0.0,0.0,1953.0,A01,0.0,7,0,1.0,1.0,7.0,20.0,8,12,1215,1,2,1,1,6,2,7,2,2
9434,201600004200,0.0,3,4,1,0.0,5.0,2.0,2.0,2004.0,A01,0.0,7,0,1.0,1.0,7.0,20.0,8,12,1215,1,2,1,1,6,2,7,2,2
9435,201600004201,1.0,1,3,1,11.0,0.0,0.0,0.0,1997.0,A01,0.0,7,0,8.0,0.0,3.0,1.0,10,30,200,3,2,1,1,6,0,7,2,2
9436,201600004201,2.0,2,3,1,12.0,0.0,0.0,0.0,1998.0,A01,0.0,7,0,8.0,0.0,3.0,1.0,10,30,200,3,2,1,1,6,0,7,2,2
9437,201600004201,3.0,2,3,1,11.0,0.0,0.0,0.0,1998.0,A01,0.0,7,0,8.0,0.0,3.0,1.0,10,30,200,3,2,1,1,6,0,7,2,2
9438,201600004201,4.0,2,3,1,11.0,0.0,0.0,0.0,1998.0,A01,0.0,7,0,8.0,0.0,3.0,1.0,10,30,200,3,2,1,1,6,0,7,2,2
9439,201600004202,1.0,1,1,1,21.0,0.0,0.0,0.0,1991.0,A01,1.0,33,0,0.0,1.0,2.0,1.0,11,4,1730,2,2,1,1,6,3,33,1,1
9440,201600004202,0.0,3,4,2,92.0,3.0,5.0,1.0,1953.0,A01,1.0,33,0,0.0,1.0,2.0,1.0,11,4,1730,2,2,1,1,6,3,33,1,1
9441,201600004203,2.0,2,1,1,11.0,0.0,0.0,0.0,1994.0,A01,1.0,7,0,12.0,2.0,1.0,0.0,11,18,1621,1,2,1,2,1,3,7,2,2
9442,201600004203,1.0,1,1,1,11.0,0.0,0.0,0.0,1994.0,A01,1.0,7,0,12.0,2.0,1.0,0.0,11,18,1621,1,2,1,2,1,3,7,2,2
9443,201600004203,1.0,1,4,1,11.0,0.0,0.0,0.0,1943.0,B02,2.0,7,0,0.0,2.0,1.0,0.0,11,18,1621,1,2,1,2,1,3,7,2,2
9444,201600004204,1.0,1,3,1,11.0,0.0,0.0,0.0,1994.0,A01,0.0,7,0,6.0,0.0,1.0,0.0,12,5,2245,5,2,1,9,6,5,7,2,2
9445,201600004205,1.0,1,3,1,21.0,0.0,0.0,0.0,1994.0,A01,2.0,2,0,15.0,0.0,1.0,21.0,1,1,2106,5,2,2,1,6,4,2,1,1
9446,201600004206,1.0,1,1,1,21.0,0.0,0.0,0.0,2000.0,A01,1.0,2,0,0.0,1.0,1.0,1.0,1,11,810,2,2,1,2,6,1,2,1,1
9447,201600004206,0.0,3,3,1,0.0,1.0,3.0,1.0,1935.0,A01,1.0,2,0,0.0,1.0,1.0,1.0,1,11,810,2,2,1,2,6,1,2,1,1
9448,201600004207,1.0,1,1,2,11.0,0.0,0.0,0.0,1992.0,A01,1.0,7,0,0.0,1.0,7.0,1.0,2,16,1800,1,2,1,1,6,4,7,2,2
9449,201600004207,2.0,2,1,1,11.0,0.0,0.0,0.0,1994.0,A01,1.0,7,0,0.0,1.0,7.0,1.0,2,16,1800,1,2,1,1,6,4,7,2,2
9450,201600004207,0.0,3,3,1,0.0,1.0,5.0,3.0,2003.0,A01,1.0,7,0,0.0,1.0,7.0,1.0,2,16,1800,1,2,1,1,6,4,7,2,2
9454,201600004209,1.0,1,1,1,11.0,0.0,0.0,0.0,1985.0,A01,1.0,7,0,0.0,1.0,3.0,15.0,3,22,931,1,2,9,1,6,1,7,2,2
9455,201600004209,0.0,3,3,1,0.0,3.0,1.0,1.0,1960.0,A01,1.0,7,0,0.0,1.0,3.0,15.0,3,22,931,1,2,9,1,6,1,7,2,2
9456,201600004210,1.0,1,4,1,11.0,0.0,0.0,0.0,1983.0,B01,2.0,7,0,0.0,2.0,1.0,1.0,10,4,450,3,1,3,1,3,0,7,2,2
9457,201600004211,1.0,1,1,1,11.0,0.0,0.0,0.0,1988.0,B01,1.0,10,0,0.0,2.0,1.0,1.0,3,31,945,1,2,3,3,3,1,10,2,2
9458,201600004211,1.0,1,4,1,11.0,0.0,0.0,0.0,1997.0,A01,1.0,10,0,0.0,2.0,7.0,1.0,3,31,945,1,2,3,3,3,1,10,2,2
9459,201600004212,1.0,1,1,1,11.0,0.0,0.0,0.0,1992.0,B01,1.0,7,0,0.0,2.0,1.0,1.0,5,4,1750,1,2,2,1,3,3,2,2,1
9460,201600004212,1.0,1,4,1,21.0,0.0,0.0,0.0,2001.0,A01,1.0,2,0,0.0,2.0,7.0,19.0,5,4,1750,1,2,2,1,3,3,7,1,2
9461,201600004212,2.0,2,4,1,21.0,0.0,0.0,0.0,2003.0,A01,1.0,2,0,0.0,2.0,7.0,19.0,5,4,1750,1,2,2,1,3,3,7,1,2
9462,201600004213,1.0,1,1,1,11.0,0.0,0.0,0.0,1955.0,B01,1.0,7,0,0.0,2.0,8.0,1.0,5,17,1724,1,2,2,1,3,3,10,2,2
9463,201600004213,2.0,2,4,2,11.0,0.0,0.0,0.0,1958.0,B01,1.0,7,0,0.0,2.0,8.0,1.0,5,17,1724,1,2,2,1,3,3,10,2,2
9464,201600004213,1.0,1,1,1,11.0,0.0,0.0,0.0,1954.0,A01,1.0,10,0,0.0,2.0,1.0,19.0,5,17,1724,1,2,2,1,3,3,7,2,2
9465,201600004214,1.0,1,1,1,11.0,0.0,0.0,0.0,1995.0,A01,1.0,7,0,0.0,1.0,1.0,1.0,6,18,1410,1,2,6,1,6,3,7,2,2
9466,201600004214,3.0,2,1,1,11.0,0.0,0.0,0.0,1985.0,A01,1.0,7,0,0.0,1.0,1.0,1.0,6,18,1410,1,2,6,1,6,3,7,2,2
9467,201600004214,0.0,3,4,2,0.0,3.0,3.0,1.0,1954.0,A01,1.0,7,0,0.0,1.0,1.0,1.0,6,18,1410,1,2,6,1,6,3,7,2,2
9479,201600004216,1.0,1,1,1,11.0,0.0,0.0,0.0,1951.0,A01,2.0,7,0,0.0,1.0,8.0,1.0,7,31,1006,1,2,1,1,6,1,7,2,2
9480,201600004216,0.0,3,3,2,0.0,3.0,3.0,1.0,1927.0,A01,2.0,7,0,0.0,1.0,8.0,1.0,7,31,1006,1,2,1,1,6,1,7,2,2
9481,201600004217,1.0,1,2,1,21.0,0.0,0.0,0.0,1982.0,A01,1.0,33,0,12.0,2.0,1.0,17.0,6,23,1900,1,2,2,1,3,4,10,1,2
9482,201600004217,1.0,1,4,2,11.0,0.0,0.0,0.0,1946.0,B01,1.0,10,0,12.0,2.0,8.0,15.0,6,23,1900,1,2,2,1,3,4,33,2,1
9486,201600004219,1.0,1,4,2,11.0,0.0,0.0,0.0,1982.0,B01,1.0,7,0,0.0,2.0,8.0,1.0,9,21,1800,1,2,3,1,3,4,7,2,2
9487,201600004219,1.0,1,1,1,11.0,0.0,0.0,0.0,1980.0,A01,1.0,7,0,0.0,2.0,1.0,19.0,9,21,1800,1,2,3,1,3,4,7,2,2
9488,201600004220,1.0,1,4,1,21.0,0.0,0.0,0.0,2001.0,B01,1.0,2,0,0.0,2.0,1.0,9.0,9,30,1250,1,2,6,1,3,2,7,1,2
9489,201600004220,1.0,1,1,2,11.0,0.0,0.0,0.0,1992.0,A01,1.0,7,0,0.0,2.0,7.0,1.0,9,30,1250,1,2,6,1,3,2,2,2,1
9490,201600004221,2.0,2,4,1,11.0,0.0,0.0,0.0,1998.0,A01,1.0,7,0,2.0,0.0,9.0,16.0,10,5,2315,5,2,4,1,7,5,7,2,2
9491,201600004221,1.0,1,1,1,11.0,0.0,0.0,0.0,1998.0,A01,1.0,7,0,2.0,0.0,9.0,16.0,10,5,2315,5,2,4,1,7,5,7,2,2
9492,201600004222,1.0,1,1,1,11.0,0.0,0.0,0.0,1993.0,B01,1.0,7,0,12.0,2.0,1.0,1.0,10,15,1730,1,1,2,1,3,3,7,2,2
9493,201600004222,2.0,2,4,1,11.0,0.0,0.0,0.0,1990.0,B01,1.0,7,0,12.0,2.0,1.0,1.0,10,15,1730,1,1,2,1,3,3,7,2,2
9494,201600004222,2.0,2,4,1,11.0,0.0,0.0,0.0,1997.0,B01,1.0,7,0,12.0,2.0,1.0,1.0,10,15,1730,1,1,2,1,3,3,7,2,2
9495,201600004222,1.0,1,1,1,11.0,0.0,0.0,0.0,1966.0,A01,2.0,7,0,0.0,2.0,3.0,19.0,10,15,1730,1,1,2,1,3,3,7,2,2
9496,201600004223,1.0,1,1,1,11.0,0.0,0.0,0.0,1954.0,B01,1.0,7,0,0.0,0.0,6.0,1.0,10,26,1815,1,2,1,1,2,4,7,2,2
9497,201600004223,1.0,1,4,1,11.0,0.0,0.0,0.0,1990.0,A01,1.0,7,0,2.0,2.0,1.0,1.0,10,26,1815,1,2,1,1,2,4,7,2,2
9498,201600004224,1.0,1,3,1,21.0,0.0,0.0,0.0,1992.0,A01,2.0,33,0,0.0,2.0,1.0,2.0,10,22,920,1,1,1,5,2,1,7,1,2
9499,201600004224,1.0,1,1,1,11.0,0.0,0.0,0.0,1992.0,B01,2.0,7,0,0.0,2.0,4.0,2.0,10,22,920,1,1,1,5,2,1,33,2,1
9500,201600004225,1.0,1,1,1,11.0,0.0,0.0,0.0,1991.0,A01,1.0,10,0,0.0,2.0,1.0,1.0,11,3,820,1,2,1,1,3,1,15,2,3
9501,201600004225,2.0,2,4,1,11.0,0.0,0.0,0.0,1990.0,A01,1.0,10,0,0.0,2.0,1.0,1.0,11,3,820,1,2,1,1,3,1,15,2,3
9502,201600004225,4.0,2,4,1,11.0,0.0,0.0,0.0,1959.0,A01,1.0,10,0,0.0,2.0,1.0,1.0,11,3,820,1,2,1,1,3,1,15,2,3
9503,201600004225,1.0,1,1,1,11.0,0.0,0.0,0.0,1967.0,B01,1.0,15,0,0.0,2.0,5.0,24.0,11,3,820,1,2,1,1,3,1,10,3,2
9504,201600004226,1.0,1,1,2,11.0,0.0,0.0,0.0,1929.0,A01,2.0,7,0,0.0,1.0,2.0,1.0,11,28,1725,2,2,1,1,6,3,7,2,2