,Num_Acc,place,catu,grav,sexe,secu,locp,actp,etatp,an_nais,num_veh,senc,catv,occutc,obs,obsm,choc,manv,mois,jour,hrmn,lum,agg,int,atm,col,mom,catvopp,catv_gen,catvopp_gen
9659,201600004305,1.0,1,4,1,11.0,0.0,0.0,0.0,1941.0,A01,1.0,7,0,0.0,2.0,3.0,1.0,7,16,1430,1,1,1,1,3,3,2,2,1
9660,201600004305,1.0,1,3,1,21.0,0.0,0.0,0.0,2000.0,B02,2.0,2,0,0.0,2.0,1.0,0.0,7,16,1430,1,1,1,1,3,3,7,1,2
9661,201600004306,1.0,1,1,1,11.0,0.0,0.0,0.0,1962.0,A01,0.0,7,0,0.0,2.0,1.0,9.0,7,25,730,1,2,6,1,2,1,1,2,1
9662,201600004306,1.0,1,3,1,41.0,0.0,0.0,0.0,1979.0,B02,0.0,1,0,0.0,2.0,4.0,16.0,7,25,730,1,2,6,1,2,1,7,1,2
9663,201600004307,1.0,1,2,1,21.0,0.0,0.0,0.0,1971.0,A01,0.0,36,0,2.0,0.0,1.0,1.0,8,2,1730,1,2,1,1,6,3,36,1,1
9664,201600004308,1.0,1,3,2,11.0,0.0,0.0,0.0,1932.0,A01,1.0,7,0,0.0,0.0,0.0,0.0,8,14,1300,1,1,1,1,6,2,7,2,2
9665,201600004309,1.0,1,2,1,12.0,0.0,0.0,0.0,1997.0,A01,1.0,7,0,0.0,0.0,1.0,1.0,8,16,1645,1,2,1,1,7,3,7,2,2
9666,201600004310,1.0,1,1,1,11.0,0.0,0.0,0.0,1927.0,A01,2.0,7,0,0.0,9.0,2.0,2.0,8,25,1045,1,1,1,1,2,1,1,2,1
9667,201600004310,1.0,1,3,1,91.0,0.0,0.0,0.0,1963.0,B02,2.0,1,0,0.0,2.0,4.0,2.0,8,25,1045,1,1,1,1,2,1,7,1,2
9668,201600004311,1.0,1,3,2,11.0,0.0,0.0,0.0,1987.0,A01,2.0,7,0,13.0,0.0,9.0,1.0,9,2,230,3,1,1,1,6,0,7,2,2
9669,201600004311,2.0,2,3,1,11.0,0.0,0.0,0.0,1983.0,A01,2.0,7,0,13.0,0.0,9.0,1.0,9,2,230,3,1,1,1,6,0,7,2,2
9670,201600004312,1.0,1,3,1,11.0,0.0,0.0,0.0,1997.0,A01,0.0,7,0,13.0,0.0,0.0,13.0,9,4,115,3,1,1,1,6,0,7,2,2
9671,201600004312,2.0,2,3,2,11.0,0.0,0.0,0.0,1998.0,A01,0.0,7,0,13.0,0.0,0.0,13.0,9,4,115,3,1,1,1,6,0,7,2,2
9672,201600004313,4.0,2,2,1,13.0,0.0,0.0,0.0,1978.0,A01,1.0,7,0,0.0,0.0,1.0,1.0,9,23,300,3,1,1,1,6,0,7,2,2
9673,201600004313,3.0,2,3,2,13.0,0.0,0.0,0.0,1990.0,A01,1.0,7,0,0.0,0.0,1.0,1.0,9,23,300,3,1,1,1,6,0,7,2,2
9674,201600004313,1.0,1,3,1,11.0,0.0,0.0,0.0,1979.0,A01,1.0,7,0,0.0,0.0,1.0,1.0,9,23,300,3,1,1,1,6,0,7,2,2
9675,201600004313,2.0,2,3,1,11.0,0.0,0.0,0.0,1994.0,A01,1.0,7,0,0.0,0.0,1.0,1.0,9,23,300,3,1,1,1,6,0,7,2,2
9676,201600004314,1.0,1,1,2,11.0,0.0,0.0,0.0,1988.0,A01,1.0,10,0,0.0,0.0,0.0,15.0,11,2,715,2,1,1,5,3,1,33,2,1
9677,201600004314,1.0,1,3,1,21.0,0.0,0.0,0.0,1973.0,B02,1.0,33,0,0.0,2.0,1.0,17.0,11,2,715,2,1,1,5,3,1,10,1,2
9678,201600004315,1.0,1,1,1,11.0,0.0,0.0,0.0,1937.0,A01,1.0,7,0,0.0,0.0,3.0,1.0,11,14,1345,1,2,6,1,3,2,30,2,1
9679,201600004315,1.0,1,3,1,21.0,0.0,0.0,0.0,2001.0,B02,1.0,30,0,0.0,0.0,7.0,0.0,11,14,1345,1,2,6,1,3,2,7,1,2
9680,201600004316,1.0,1,1,1,11.0,0.0,0.0,0.0,1950.0,A01,2.0,7,0,0.0,2.0,8.0,15.0,12,3,1415,1,2,1,1,3,3,33,2,1
9681,201600004316,1.0,1,3,1,21.0,0.0,0.0,0.0,1992.0,B02,1.0,33,0,0.0,2.0,7.0,17.0,12,3,1415,1,2,1,1,3,3,7,1,2
9682,201600004317,1.0,1,3,2,11.0,0.0,0.0,0.0,1941.0,A01,1.0,10,0,13.0,0.0,1.0,1.0,3,10,1015,1,1,1,1,6,1,10,2,2
9683,201600004318,1.0,1,2,1,21.0,0.0,0.0,0.0,1991.0,A01,1.0,33,0,0.0,2.0,1.0,17.0,3,14,1830,1,1,1,1,3,4,7,1,2
9684,201600004318,1.0,1,1,2,11.0,0.0,0.0,0.0,1956.0,B02,1.0,7,0,13.0,2.0,6.0,15.0,3,14,1830,1,1,1,1,3,4,33,2,1
9685,201600004319,1.0,1,3,1,11.0,0.0,0.0,0.0,1974.0,A01,2.0,7,0,0.0,0.0,0.0,0.0,3,26,745,1,1,1,1,7,1,7,2,2
9686,201600004320,1.0,1,3,2,11.0,0.0,0.0,0.0,1989.0,A01,1.0,7,0,0.0,2.0,2.0,17.0,3,26,900,1,1,1,1,7,1,7,2,2
9687,201600004321,1.0,1,1,1,11.0,0.0,0.0,0.0,1971.0,A01,2.0,7,0,0.0,2.0,3.0,1.0,4,9,1830,1,2,1,2,3,4,34,2,1
9688,201600004321,1.0,1,3,1,21.0,0.0,0.0,0.0,1999.0,B02,1.0,34,0,0.0,2.0,1.0,0.0,4,9,1830,1,2,1,2,3,4,7,1,2
9689,201600004322,1.0,1,1,1,11.0,0.0,0.0,0.0,1964.0,B02,2.0,7,0,0.0,2.0,8.0,1.0,4,24,1515,1,1,1,1,3,3,7,2,2
9690,201600004322,1.0,1,2,1,11.0,0.0,0.0,0.0,1948.0,A01,1.0,7,0,2.0,2.0,3.0,13.0,4,24,1515,1,1,1,1,3,3,7,2,2
9691,201600004323,1.0,1,3,1,11.0,0.0,0.0,0.0,1958.0,A01,1.0,7,0,10.0,0.0,1.0,14.0,8,16,2000,1,1,1,1,6,4,7,2,2
9692,201600004324,1.0,1,3,1,11.0,0.0,0.0,0.0,1988.0,A01,1.0,7,0,2.0,2.0,1.0,1.0,10,9,2000,1,1,1,1,6,4,7,2,2
9693,201600004324,3.0,2,3,2,31.0,0.0,0.0,0.0,2013.0,A01,1.0,7,0,2.0,2.0,1.0,1.0,10,9,2000,1,1,1,1,6,4,7,2,2
9694,201600004324,4.0,2,3,2,11.0,0.0,0.0,0.0,1993.0,A01,1.0,7,0,2.0,2.0,1.0,1.0,10,9,2000,1,1,1,1,6,4,7,2,2
9695,201600004325,1.0,1,1,1,11.0,0.0,0.0,0.0,1993.0,A01,2.0,7,0,0.0,2.0,8.0,19.0,10,18,915,1,1,1,5,3,1,33,2,1
9696,201600004325,1.0,1,3,1,21.0,0.0,0.0,0.0,1992.0,B02,1.0,33,0,0.0,2.0,1.0,1.0,10,18,915,1,1,1,5,3,1,7,1,2
9697,201600004326,1.0,1,4,2,11.0,0.0,0.0,0.0,1982.0,A01,2.0,7,0,13.0,0.0,3.0,1.0,10,23,830,2,1,1,1,7,1,7,2,2
9698,201600004326,3.0,2,3,2,11.0,0.0,0.0,0.0,1977.0,A01,2.0,7,0,13.0,0.0,3.0,1.0,10,23,830,2,1,1,1,7,1,7,2,2
9699,201600004327,1.0,1,2,1,11.0,0.0,0.0,0.0,1967.0,A01,2.0,7,0,13.0,0.0,1.0,1.0,12,14,800,2,1,1,5,7,1,7,2,2
9700,201600004327,2.0,2,3,1,13.0,0.0,0.0,0.0,1954.0,A01,2.0,7,0,13.0,0.0,1.0,1.0,12,14,800,2,1,1,5,7,1,7,2,2
9701,201600004328,1.0,1,4,1,11.0,0.0,0.0,0.0,1998.0,A01,1.0,7,0,0.0,2.0,2.0,15.0,12,27,1615,1,1,1,1,1,3,33,2,1
9702,201600004328,1.0,1,3,1,21.0,0.0,0.0,0.0,1988.0,B02,2.0,33,0,0.0,2.0,1.0,1.0,12,27,1615,1,1,1,1,1,3,7,1,2
9703,201600004329,1.0,1,2,1,11.0,0.0,0.0,0.0,1949.0,A01,1.0,10,0,6.0,0.0,1.0,1.0,2,6,2130,3,1,1,1,6,4,10,2,2
9704,201600004330,1.0,1,3,1,91.0,0.0,0.0,0.0,1975.0,A01,0.0,21,0,0.0,0.0,1.0,1.0,6,7,1330,1,1,1,1,7,2,21,0,0
9705,201600004331,1.0,1,3,1,12.0,0.0,0.0,0.0,1963.0,A01,2.0,7,0,0.0,0.0,9.0,1.0,7,6,30,3,1,1,1,7,0,7,2,2
9706,201600004331,2.0,2,3,2,11.0,0.0,0.0,0.0,1956.0,A01,2.0,7,0,0.0,0.0,9.0,1.0,7,6,30,3,1,1,1,7,0,7,2,2
9707,201600004332,1.0,1,2,1,11.0,0.0,0.0,0.0,1950.0,A01,1.0,7,0,0.0,0.0,3.0,19.0,7,23,900,1,1,1,1,6,1,7,2,2
9708,201600004333,1.0,1,2,1,11.0,0.0,0.0,0.0,1930.0,A01,0.0,7,0,12.0,0.0,3.0,1.0,8,7,1015,1,2,1,1,6,1,7,2,2
9709,201600004334,1.0,1,2,1,13.0,0.0,0.0,0.0,1968.0,A01,0.0,7,0,8.0,0.0,1.0,6.0,10,24,2215,5,2,1,2,6,5,7,2,2
9710,201600004335,1.0,1,3,1,11.0,0.0,0.0,0.0,1965.0,A01,2.0,10,0,0.0,2.0,1.0,23.0,10,27,1945,3,1,1,1,1,4,10,2,2
9711,201600004335,1.0,1,4,1,13.0,0.0,0.0,0.0,1988.0,B02,1.0,10,0,0.0,6.0,7.0,0.0,10,27,1945,3,1,1,1,1,4,10,2,2
9712,201600004336,1.0,1,3,1,21.0,0.0,0.0,0.0,1980.0,A01,0.0,33,0,0.0,1.0,1.0,1.0,3,15,1830,1,1,1,1,6,4,33,1,1
9713,201600004336,0.0,4,3,2,0.0,1.0,0.0,2.0,2008.0,A01,0.0,33,0,0.0,1.0,1.0,1.0,3,15,1830,1,1,1,1,6,4,33,1,1
9714,201600004337,1.0,1,1,1,11.0,0.0,0.0,0.0,1950.0,A01,0.0,7,0,0.0,1.0,2.0,1.0,4,25,1630,1,2,1,1,6,3,7,2,2
9715,201600004337,0.0,3,3,1,0.0,1.0,3.0,2.0,1998.0,A01,0.0,7,0,0.0,1.0,2.0,1.0,4,25,1630,1,2,1,1,6,3,7,2,2
9716,201600004338,8.0,2,1,1,13.0,0.0,0.0,0.0,1993.0,A01,1.0,10,0,0.0,2.0,8.0,15.0,8,18,1630,1,1,1,1,3,3,33,2,1
9717,201600004338,2.0,2,1,1,13.0,0.0,0.0,0.0,1978.0,A01,1.0,10,0,0.0,2.0,8.0,15.0,8,18,1630,1,1,1,1,3,3,33,2,1
9718,201600004338,1.0,1,1,1,13.0,0.0,0.0,0.0,1993.0,A01,1.0,10,0,0.0,2.0,8.0,15.0,8,18,1630,1,1,1,1,3,3,33,2,1
9719,201600004338,1.0,1,3,1,21.0,0.0,0.0,0.0,1972.0,B02,1.0,33,0,0.0,2.0,2.0,17.0,8,18,1630,1,1,1,1,3,3,10,1,2
9720,201600004339,1.0,1,1,2,13.0,0.0,0.0,0.0,1992.0,A01,0.0,7,0,0.0,1.0,4.0,2.0,11,10,825,1,2,1,2,6,1,7,2,2
9721,201600004339,0.0,3,4,2,92.0,3.0,3.0,1.0,2004.0,A01,0.0,7,0,0.0,1.0,4.0,2.0,11,10,825,1,2,1,2,6,1,7,2,2
9722,201600004339,1.0,1,1,2,11.0,0.0,0.0,0.0,1940.0,B02,0.0,7,0,0.0,0.0,1.0,2.0,11,10,825,1,2,1,2,6,1,7,2,2
9723,201600004340,1.0,1,4,1,11.0,0.0,0.0,0.0,1981.0,C03,1.0,7,0,0.0,2.0,1.0,2.0,11,13,1925,3,1,1,2,4,4,7,2,2
9724,201600004340,1.0,1,1,1,11.0,0.0,0.0,0.0,1993.0,B02,1.0,7,0,0.0,2.0,1.0,2.0,11,13,1925,3,1,1,2,4,4,7,2,2
9725,201600004340,7.0,2,4,2,11.0,0.0,0.0,0.0,2010.0,F06,1.0,7,0,0.0,2.0,4.0,2.0,11,13,1925,3,1,1,2,4,4,7,2,2
9726,201600004340,2.0,2,4,1,11.0,0.0,0.0,0.0,1982.0,F06,1.0,7,0,0.0,2.0,4.0,2.0,11,13,1925,3,1,1,2,4,4,7,2,2
9727,201600004340,1.0,1,4,2,11.0,0.0,0.0,0.0,1983.0,F06,1.0,7,0,0.0,2.0,4.0,2.0,11,13,1925,3,1,1,2,4,4,7,2,2
9728,201600004340,1.0,1,1,2,11.0,0.0,0.0,0.0,1956.0,A01,1.0,7,0,0.0,0.0,4.0,2.0,11,13,1925,3,1,1,2,4,4,7,2,2
9729,201600004340,1.0,1,1,2,11.0,0.0,0.0,0.0,1993.0,E05,1.0,7,0,0.0,2.0,1.0,2.0,11,13,1925,3,1,1,2,4,4,7,2,2
9730,201600004340,1.0,1,1,1,11.0,0.0,0.0,0.0,1988.0,D04,1.0,7,0,0.0,2.0,4.0,2.0,11,13,1925,3,1,1,2,4,4,7,2,2
9731,201600004341,1.0,1,1,1,13.0,0.0,0.0,0.0,1986.0,C03,1.0,7,0,0.0,2.0,4.0,2.0,11,18,1600,1,1,1,2,4,3,7,2,2
9732,201600004341,1.0,1,4,2,13.0,0.0,0.0,0.0,1964.0,B02,1.0,7,0,0.0,2.0,4.0,2.0,11,18,1600,1,1,1,2,4,3,7,2,2
9733,201600004341,1.0,1,1,1,13.0,0.0,0.0,0.0,1952.0,D04,1.0,7,0,0.0,2.0,4.0,23.0,11,18,1600,1,1,1,2,4,3,7,2,2
9734,201600004341,1.0,1,4,2,13.0,0.0,0.0,0.0,1970.0,A01,1.0,7,0,0.0,2.0,1.0,2.0,11,18,1600,1,1,1,2,4,3,7,2,2
9735,201600004342,1.0,1,1,2,11.0,0.0,0.0,0.0,1986.0,B01,0.0,7,0,0.0,2.0,7.0,15.0,12,8,850,1,2,1,1,3,1,7,2,2
9736,201600004342,1.0,1,4,2,11.0,0.0,0.0,0.0,1986.0,A01,0.0,7,0,0.0,2.0,1.0,1.0,12,8,850,1,2,1,1,3,1,7,2,2
9737,201600004343,1.0,1,3,1,11.0,0.0,0.0,0.0,1997.0,A01,0.0,7,0,13.0,0.0,1.0,1.0,12,14,1045,1,1,1,5,7,1,7,2,2
9738,201600004344,1.0,1,4,1,11.0,0.0,0.0,0.0,1978.0,B01,2.0,7,0,0.0,2.0,1.0,1.0,12,20,1840,5,2,1,1,1,4,7,2,2
9739,201600004344,1.0,1,3,1,12.0,0.0,0.0,0.0,1975.0,A01,1.0,7,0,0.0,2.0,1.0,5.0,12,20,1840,5,2,1,1,1,4,7,2,2
9740,201600004345,1.0,1,1,2,13.0,0.0,0.0,0.0,1960.0,B01,0.0,7,0,0.0,1.0,1.0,1.0,12,23,755,4,2,1,1,3,1,7,2,2
9741,201600004345,1.0,1,1,1,13.0,0.0,0.0,0.0,1970.0,A01,0.0,7,0,0.0,1.0,2.0,1.0,12,23,755,4,2,1,1,3,1,7,2,2
9742,201600004345,0.0,3,3,2,93.0,3.0,3.0,1.0,1982.0,A01,0.0,7,0,0.0,1.0,2.0,1.0,12,23,755,4,2,1,1,3,1,7,2,2
9743,201600004346,1.0,1,1,2,11.0,0.0,0.0,0.0,1958.0,C01,0.0,7,0,0.0,0.0,4.0,2.0,12,28,1215,1,1,1,1,4,2,7,2,2
9744,201600004346,1.0,1,4,1,13.0,0.0,0.0,0.0,1955.0,B01,0.0,7,0,0.0,0.0,4.0,2.0,12,28,1215,1,1,1,1,4,2,7,2,2
9745,201600004346,1.0,1,1,1,11.0,0.0,0.0,0.0,1980.0,A01,1.0,7,0,0.0,0.0,1.0,2.0,12,28,1215,1,1,1,1,4,2,7,2,2
9746,201600004347,1.0,1,1,1,11.0,0.0,0.0,0.0,1992.0,A01,2.0,10,0,0.0,1.0,2.0,1.0,1,12,715,5,2,1,1,6,1,10,2,2
9747,201600004347,0.0,3,3,1,0.0,6.0,4.0,1.0,1956.0,A01,2.0,10,0,0.0,1.0,2.0,1.0,1,12,715,5,2,1,1,6,1,10,2,2
9748,201600004348,1.0,1,1,1,11.0,0.0,0.0,0.0,1948.0,A01,0.0,10,0,0.0,1.0,3.0,1.0,1,22,1900,5,2,1,2,6,4,10,2,2
9749,201600004348,0.0,3,4,2,0.0,4.0,3.0,1.0,1984.0,A01,0.0,10,0,0.0,1.0,3.0,1.0,1,22,1900,5,2,1,2,6,4,10,2,2
9750,201600004349,1.0,1,1,1,11.0,0.0,0.0,0.0,1981.0,A01,1.0,7,0,0.0,1.0,3.0,1.0,2,3,1915,5,1,1,1,6,4,7,2,2
9751,201600004349,0.0,3,4,1,0.0,3.0,3.0,3.0,1984.0,A01,1.0,7,0,0.0,1.0,3.0,1.0,2,3,1915,5,1,1,1,6,4,7,2,2
9752,201600004349,0.0,3,3,2,0.0,3.0,3.0,3.0,1987.0,A01,1.0,7,0,0.0,1.0,3.0,1.0,2,3,1915,5,1,1,1,6,4,7,2,2
9753,201600004350,1.0,1,1,2,11.0,0.0,0.0,0.0,1942.0,A01,1.0,7,0,0.0,1.0,6.0,1.0,2,10,1815,2,2,1,2,6,4,7,2,2
9754,201600004350,0.0,3,3,1,0.0,4.0,3.0,1.0,2000.0,A01,1.0,7,0,0.0,1.0,6.0,1.0,2,10,1815,2,2,1,2,6,4,7,2,2
9755,201600004351,1.0,1,3,1,21.0,0.0,0.0,0.0,1935.0,A01,1.0,33,0,6.0,0.0,1.0,17.0,2,26,1615,1,1,1,1,6,3,33,1,1
9756,201600004352,1.0,1,3,1,21.0,0.0,0.0,0.0,1967.0,A01,1.0,33,0,0.0,2.0,2.0,1.0,3,3,2300,5,2,1,2,1,5,7,1,2
9757,201600004352,1.0,1,4,2,11.0,0.0,0.0,0.0,1991.0,B02,2.0,7,0,0.0,2.0,2.0,15.0,3,3,2300,5,2,1,2,1,5,33,2,1
9758,201600004353,1.0,1,4,2,11.0,0.0,0.0,0.0,1992.0,B02,0.0,7,0,0.0,2.0,5.0,2.0,3,10,700,1,2,1,1,2,1,31,2,1
9759,201600004353,1.0,1,3,1,21.0,0.0,0.0,0.0,1985.0,A01,0.0,31,0,0.0,2.0,3.0,2.0,3,10,700,1,2,1,1,2,1,7,1,2
9760,201600004354,1.0,1,3,1,21.0,0.0,0.0,0.0,1965.0,A01,0.0,33,0,13.0,0.0,1.0,1.0,3,11,1715,1,1,1,1,6,3,33,1,1
9761,201600004355,1.0,1,1,2,11.0,0.0,0.0,0.0,1997.0,A01,0.0,7,0,0.0,1.0,3.0,1.0,3,22,1645,1,2,1,1,6,3,7,2,2
9762,201600004355,0.0,3,4,2,0.0,4.0,3.0,2.0,2006.0,A01,0.0,7,0,0.0,1.0,3.0,1.0,3,22,1645,1,2,1,1,6,3,7,2,2
9763,201600004356,1.0,1,1,1,11.0,0.0,0.0,0.0,1981.0,A01,0.0,7,0,0.0,1.0,7.0,1.0,4,29,1600,1,2,1,1,6,3,7,2,2
9764,201600004356,0.0,3,3,1,0.0,2.0,3.0,1.0,2004.0,A01,0.0,7,0,0.0,1.0,7.0,1.0,4,29,1600,1,2,1,1,6,3,7,2,2
9765,201600004357,1.0,1,3,2,23.0,0.0,0.0,0.0,1984.0,A01,2.0,32,0,0.0,0.0,7.0,1.0,5,19,1315,1,1,6,2,3,2,10,1,2
9766,201600004357,1.0,1,1,1,13.0,0.0,0.0,0.0,1994.0,B02,2.0,10,0,0.0,0.0,8.0,9.0,5,19,1315,1,1,6,2,3,2,32,2,1
9767,201600004358,1.0,1,1,1,21.0,0.0,0.0,0.0,1994.0,B02,0.0,33,0,0.0,2.0,1.0,1.0,5,27,1815,1,1,1,1,3,4,7,1,2
9768,201600004358,2.0,2,3,2,21.0,0.0,0.0,0.0,1994.0,B02,0.0,33,0,0.0,2.0,1.0,1.0,5,27,1815,1,1,1,1,3,4,7,1,2
9769,201600004358,1.0,1,1,1,11.0,0.0,0.0,0.0,1986.0,A01,0.0,7,0,0.0,2.0,8.0,15.0,5,27,1815,1,1,1,1,3,4,33,2,1
9770,201600004359,1.0,1,1,1,13.0,0.0,0.0,0.0,1935.0,B02,0.0,10,0,0.0,0.0,4.0,23.0,7,1,1200,1,1,1,1,2,2,1,2,1
9771,201600004359,1.0,1,3,1,23.0,0.0,0.0,0.0,1967.0,A01,0.0,1,0,14.0,0.0,1.0,2.0,7,1,1200,1,1,1,1,2,2,10,1,2
9772,201600004360,1.0,1,1,1,11.0,0.0,0.0,0.0,1971.0,A01,0.0,7,0,0.0,2.0,2.0,10.0,7,18,900,1,2,1,1,3,1,33,2,1
9773,201600004360,1.0,1,4,2,21.0,0.0,0.0,0.0,1991.0,B02,0.0,33,0,0.0,2.0,1.0,1.0,7,18,900,1,2,1,1,3,1,7,1,2
9774,201600004361,1.0,1,1,1,13.0,0.0,0.0,0.0,1989.0,A01,0.0,10,0,0.0,1.0,1.0,16.0,7,29,2000,1,2,1,1,6,4,10,2,2
9775,201600004361,0.0,3,4,2,0.0,4.0,3.0,2.0,2008.0,A01,0.0,10,0,0.0,1.0,1.0,16.0,7,29,2000,1,2,1,1,6,4,10,2,2
9776,201600004362,1.0,1,4,1,11.0,0.0,0.0,0.0,1969.0,B02,2.0,7,0,0.0,2.0,1.0,1.0,8,20,1545,1,1,1,8,3,3,7,2,2
9777,201600004362,1.0,1,2,1,11.0,0.0,0.0,0.0,1997.0,A01,1.0,7,0,0.0,2.0,7.0,13.0,8,20,1545,1,1,1,8,3,3,7,2,2
9778,201600004362,2.0,2,2,1,11.0,0.0,0.0,0.0,2000.0,A01,1.0,7,0,0.0,2.0,7.0,13.0,8,20,1545,1,1,1,8,3,3,7,2,2
9779,201600004363,1.0,1,4,1,11.0,0.0,0.0,0.0,1972.0,A01,1.0,7,0,0.0,2.0,2.0,13.0,9,10,1900,1,1,1,1,1,4,7,2,2
9780,201600004363,4.0,2,3,1,12.0,0.0,0.0,0.0,2005.0,A01,1.0,7,0,0.0,2.0,2.0,13.0,9,10,1900,1,1,1,1,1,4,7,2,2
9781,201600004363,1.0,1,1,1,11.0,0.0,0.0,0.0,1976.0,B02,2.0,7,0,0.0,2.0,3.0,1.0,9,10,1900,1,1,1,1,1,4,7,2,2
9782,201600004364,1.0,1,3,2,11.0,0.0,0.0,0.0,1969.0,B02,1.0,7,0,0.0,2.0,4.0,1.0,1,22,1515,1,2,1,1,2,3,7,2,2
9783,201600004364,1.0,1,1,1,11.0,0.0,0.0,0.0,1990.0,A01,1.0,7,0,0.0,2.0,1.0,1.0,1,22,1515,1,2,1,1,2,3,7,2,2
9784,201600004365,1.0,1,3,1,11.0,0.0,0.0,0.0,1996.0,A01,1.0,7,0,8.0,0.0,1.0,1.0,3,5,1930,5,1,1,1,6,4,7,2,2
9785,201600004366,1.0,1,4,1,11.0,0.0,0.0,0.0,1995.0,B02,0.0,7,0,0.0,2.0,3.0,1.0,3,11,1530,1,1,1,1,1,3,7,2,2
9786,201600004366,1.0,1,1,2,11.0,0.0,0.0,0.0,1975.0,A01,0.0,7,0,0.0,2.0,3.0,1.0,3,11,1530,1,1,1,1,1,3,7,2,2
9787,201600004367,1.0,1,1,1,11.0,0.0,0.0,0.0,1979.0,A01,0.0,7,0,0.0,9.0,7.0,2.0,4,22,1515,1,2,1,1,1,3,1,2,1
9788,201600004367,1.0,1,3,1,1.0,0.0,0.0,0.0,1934.0,B02,1.0,1,0,0.0,2.0,8.0,2.0,4,22,1515,1,2,1,1,1,3,7,1,2
9789,201600004368,1.0,1,3,2,11.0,0.0,0.0,0.0,1972.0,B02,2.0,10,0,0.0,2.0,1.0,13.0,5,9,1645,1,2,1,2,1,3,10,2,2
9790,201600004368,1.0,1,3,1,11.0,0.0,0.0,0.0,1974.0,A01,1.0,10,0,0.0,2.0,1.0,1.0,5,9,1645,1,2,1,2,1,3,10,2,2
9791,201600004369,1.0,1,1,1,13.0,0.0,0.0,0.0,1979.0,A01,0.0,10,0,0.0,0.0,7.0,15.0,5,17,1715,1,2,1,1,3,3,33,2,1
9792,201600004369,1.0,1,3,1,1.0,0.0,0.0,0.0,1964.0,B02,1.0,33,0,0.0,2.0,1.0,1.0,5,17,1715,1,2,1,1,3,3,10,1,2
9793,201600004370,1.0,1,3,1,11.0,0.0,0.0,0.0,1978.0,A01,1.0,10,0,11.0,0.0,9.0,1.0,6,2,515,2,1,6,1,6,0,10,2,2
9794,201600004371,1.0,1,3,1,11.0,0.0,0.0,0.0,1951.0,A01,1.0,7,0,0.0,2.0,3.0,5.0,6,28,1630,1,1,1,1,1,3,7,2,2
9795,201600004371,1.0,1,3,2,11.0,0.0,0.0,0.0,1996.0,B02,2.0,7,0,0.0,2.0,3.0,5.0,6,28,1630,1,1,1,1,1,3,7,2,2
9796,201600004372,1.0,1,1,1,11.0,0.0,0.0,0.0,1980.0,B02,1.0,7,0,0.0,2.0,1.0,0.0,7,5,1415,1,1,1,1,1,3,33,2,1
9797,201600004372,1.0,1,1,1,21.0,0.0,0.0,0.0,1972.0,A01,1.0,33,0,0.0,2.0,8.0,0.0,7,5,1415,1,1,1,1,1,3,7,1,2
9798,201600004372,2.0,2,2,1,21.0,0.0,0.0,0.0,2001.0,A01,1.0,33,0,0.0,2.0,8.0,0.0,7,5,1415,1,1,1,1,1,3,7,1,2
9799,201600004373,1.0,1,4,2,11.0,0.0,0.0,0.0,1987.0,B02,0.0,7,0,0.0,2.0,1.0,1.0,7,31,745,1,1,1,1,1,1,7,2,2
9800,201600004373,1.0,1,4,1,11.0,0.0,0.0,0.0,1969.0,A01,0.0,7,0,0.0,2.0,1.0,5.0,7,31,745,1,1,1,1,1,1,7,2,2
9801,201600004374,1.0,1,1,2,11.0,0.0,0.0,0.0,1979.0,B02,1.0,7,0,0.0,2.0,4.0,23.0,10,4,820,1,2,1,1,4,1,13,2,3
9802,201600004374,2.0,2,4,1,11.0,0.0,0.0,0.0,2006.0,B02,1.0,7,0,0.0,2.0,4.0,23.0,10,4,820,1,2,1,1,4,1,13,2,3
9803,201600004374,1.0,1,4,2,11.0,0.0,0.0,0.0,1979.0,C03,1.0,7,0,0.0,0.0,4.0,23.0,10,4,820,1,2,1,1,4,1,13,2,3
9804,201600004374,1.0,1,1,1,11.0,0.0,0.0,0.0,1963.0,A01,1.0,13,0,0.0,2.0,1.0,2.0,10,4,820,1,2,1,1,4,1,7,3,2
9805,201600004375,1.0,1,1,1,13.0,0.0,0.0,0.0,1989.0,A01,2.0,7,0,0.0,2.0,1.0,2.0,10,14,745,2,2,1,3,2,1,7,2,2
9806,201600004375,1.0,1,4,2,11.0,0.0,0.0,0.0,1952.0,B02,2.0,7,0,0.0,0.0,4.0,2.0,10,14,745,2,2,1,3,2,1,7,2,2
9807,201600004376,1.0,1,1,1,11.0,0.0,0.0,0.0,1967.0,A01,0.0,7,0,1.0,2.0,8.0,22.0,11,4,1630,1,2,1,1,6,3,2,2,1
9808,201600004376,1.0,1,4,2,23.0,0.0,0.0,0.0,1960.0,B02,0.0,2,0,1.0,2.0,1.0,2.0,11,4,1630,1,2,1,1,6,3,7,1,2
9809,201600004377,1.0,1,1,2,11.0,0.0,0.0,0.0,1990.0,A01,1.0,7,0,0.0,2.0,1.0,13.0,11,10,530,5,2,1,2,5,0,7,2,2
9810,201600004377,1.0,1,1,1,11.0,0.0,0.0,0.0,1963.0,B02,2.0,7,0,0.0,2.0,8.0,1.0,11,10,530,5,2,1,2,5,0,7,2,2
9811,201600004377,1.0,1,3,2,11.0,0.0,0.0,0.0,1974.0,C03,2.0,7,0,0.0,2.0,1.0,1.0,11,10,530,5,2,1,2,5,0,7,2,2
9812,201600004378,1.0,1,1,1,11.0,0.0,0.0,0.0,1969.0,A01,0.0,7,0,0.0,2.0,1.0,1.0,11,3,1835,3,1,1,1,1,4,7,2,2