,Num_Acc,place,catu,grav,sexe,secu,locp,actp,etatp,an_nais,num_veh,senc,catv,occutc,obs,obsm,choc,manv,mois,jour,hrmn,lum,agg,int,atm,col,mom,catvopp,catv_gen,catvopp_gen
9967,201600004450,1.0,1,1,1,11.0,0.0,0.0,0.0,1991.0,A01,1.0,7,0,0.0,2.0,3.0,13.0,9,23,2045,3,1,1,1,1,4,7,2,2
9968,201600004450,5.0,2,3,1,11.0,0.0,0.0,0.0,1991.0,A01,1.0,7,0,0.0,2.0,3.0,13.0,9,23,2045,3,1,1,1,1,4,7,2,2
9969,201600004451,1.0,1,3,1,21.0,0.0,0.0,0.0,1966.0,B02,1.0,33,0,1.0,0.0,1.0,0.0,9,23,2230,3,1,1,1,3,5,7,1,2
9970,201600004451,1.0,1,1,2,11.0,0.0,0.0,0.0,1991.0,A01,1.0,7,0,0.0,0.0,8.0,23.0,9,23,2230,3,1,1,1,3,5,33,2,1
9971,201600004452,1.0,1,3,1,21.0,0.0,0.0,0.0,1952.0,A01,2.0,31,0,14.0,0.0,1.0,18.0,9,30,1045,1,1,1,1,6,1,31,1,1
9972,201600004453,1.0,1,1,2,11.0,0.0,0.0,0.0,1981.0,A01,1.0,7,0,0.0,2.0,3.0,9.0,10,5,1850,2,1,4,1,1,4,30,2,1
9973,201600004453,1.0,1,3,1,21.0,0.0,0.0,0.0,1968.0,B02,0.0,30,0,0.0,2.0,7.0,1.0,10,5,1850,2,1,4,1,1,4,7,1,2
9974,201600004454,1.0,1,1,2,11.0,0.0,0.0,0.0,1974.0,A01,0.0,7,0,0.0,2.0,2.0,15.0,10,28,1120,1,1,1,1,1,1,7,2,2
9975,201600004454,1.0,1,4,1,11.0,0.0,0.0,0.0,1981.0,B02,0.0,7,0,0.0,2.0,2.0,1.0,10,28,1120,1,1,1,1,1,1,7,2,2
9976,201600004455,1.0,1,3,1,13.0,0.0,0.0,0.0,1971.0,A01,0.0,7,0,3.0,0.0,1.0,1.0,5,23,2045,3,2,1,1,7,4,7,2,2
9977,201600004456,1.0,1,1,1,11.0,0.0,0.0,0.0,1970.0,A01,0.0,7,0,0.0,2.0,3.0,1.0,12,1,850,1,1,2,7,3,1,7,2,2
9978,201600004456,2.0,2,3,2,11.0,0.0,0.0,0.0,1976.0,A01,0.0,7,0,0.0,2.0,3.0,1.0,12,1,850,1,1,2,7,3,1,7,2,2
9979,201600004456,1.0,1,1,2,11.0,0.0,0.0,0.0,1957.0,B01,0.0,7,0,0.0,2.0,1.0,1.0,12,1,850,1,1,2,7,3,1,7,2,2
9980,201600004457,1.0,1,3,1,21.0,0.0,0.0,0.0,1984.0,A01,1.0,33,0,0.0,0.0,1.0,1.0,2,20,1630,1,1,1,8,7,3,33,1,1
9981,201600004458,1.0,1,4,2,11.0,0.0,0.0,0.0,1956.0,A01,1.0,7,0,3.0,0.0,1.0,5.0,3,25,1100,1,1,1,2,6,1,7,2,2
9982,201600004459,1.0,1,1,1,11.0,0.0,0.0,0.0,1975.0,B02,1.0,7,0,0.0,2.0,3.0,1.0,7,26,1715,1,2,2,1,3,3,2,2,1
9983,201600004459,1.0,1,3,1,21.0,0.0,0.0,0.0,2000.0,A01,0.0,2,0,0.0,2.0,1.0,19.0,7,26,1715,1,2,2,1,3,3,7,1,2
9984,201600004459,2.0,2,4,1,21.0,0.0,0.0,0.0,2000.0,A01,0.0,2,0,0.0,2.0,1.0,19.0,7,26,1715,1,2,2,1,3,3,7,1,2
9985,201600004460,1.0,1,1,1,11.0,0.0,0.0,0.0,1974.0,B02,2.0,7,0,0.0,2.0,8.0,15.0,8,12,1215,1,2,1,1,3,2,33,2,1
9986,201600004460,1.0,1,3,1,21.0,0.0,0.0,0.0,1993.0,A01,2.0,33,0,0.0,2.0,1.0,17.0,8,12,1215,1,2,1,1,3,2,7,1,2
9987,201600004461,1.0,1,1,2,11.0,0.0,0.0,0.0,1984.0,B02,2.0,7,0,0.0,0.0,8.0,1.0,9,2,1045,1,1,2,1,3,1,33,2,1
9988,201600004461,1.0,1,3,1,21.0,0.0,0.0,0.0,1965.0,A01,1.0,33,0,0.0,0.0,7.0,1.0,9,2,1045,1,1,2,1,3,1,7,1,2
9989,201600004461,2.0,2,4,2,21.0,0.0,0.0,0.0,1962.0,A01,1.0,33,0,0.0,0.0,7.0,1.0,9,2,1045,1,1,2,1,3,1,7,1,2
9990,201600004462,1.0,1,4,1,22.0,0.0,0.0,0.0,1999.0,A01,1.0,30,0,8.0,0.0,7.0,1.0,9,30,2115,5,1,1,1,6,4,30,1,1
9991,201600004462,2.0,2,3,1,21.0,0.0,0.0,0.0,1999.0,A01,1.0,30,0,8.0,0.0,7.0,1.0,9,30,2115,5,1,1,1,6,4,30,1,1
9992,201600004463,1.0,1,1,1,11.0,0.0,0.0,0.0,1997.0,A01,0.0,10,0,0.0,2.0,1.0,1.0,9,15,1500,1,2,6,1,3,3,1,2,1
9993,201600004463,1.0,1,3,1,22.0,0.0,0.0,0.0,1971.0,B02,0.0,1,0,0.0,2.0,8.0,1.0,9,15,1500,1,2,6,1,3,3,10,1,2
9994,201600004464,0.0,3,3,1,92.0,1.0,1.0,2.0,1995.0,A01,0.0,7,0,0.0,1.0,3.0,15.0,10,18,1230,1,2,1,1,6,2,7,2,2
9995,201600004464,0.0,3,4,1,92.0,1.0,1.0,2.0,1997.0,A01,0.0,7,0,0.0,1.0,3.0,15.0,10,18,1230,1,2,1,1,6,2,7,2,2
9996,201600004465,1.0,1,4,2,11.0,0.0,0.0,0.0,1986.0,B01,2.0,7,0,0.0,0.0,4.0,1.0,12,23,1805,3,2,1,2,5,4,7,2,2
9997,201600004465,1.0,1,1,1,11.0,0.0,0.0,0.0,1979.0,D01,2.0,7,0,0.0,0.0,4.0,1.0,12,23,1805,3,2,1,2,5,4,7,2,2
9998,201600004465,1.0,1,1,1,11.0,0.0,0.0,0.0,1967.0,A01,2.0,7,0,0.0,2.0,1.0,1.0,12,23,1805,3,2,1,2,5,4,7,2,2
9999,201600004465,1.0,1,1,1,11.0,0.0,0.0,0.0,1965.0,C01,2.0,7,0,0.0,2.0,4.0,1.0,12,23,1805,3,2,1,2,5,4,7,2,2
10000,201600004466,1.0,1,4,1,21.0,0.0,0.0,0.0,1987.0,A01,0.0,33,0,0.0,0.0,1.0,1.0,9,24,1600,1,1,1,1,7,3,33,1,1
10001,201600004467,1.0,1,3,1,12.0,0.0,0.0,0.0,1980.0,A01,2.0,7,0,2.0,0.0,1.0,0.0,1,8,830,2,1,1,2,6,1,7,2,2
10002,201600004468,0.0,3,3,2,93.0,3.0,3.0,0.0,1960.0,A01,0.0,7,0,0.0,1.0,3.0,1.0,11,14,830,1,2,1,1,6,1,7,2,2
10003,201600004468,1.0,1,1,1,93.0,0.0,0.0,0.0,1952.0,A01,0.0,7,0,0.0,1.0,3.0,1.0,11,14,830,1,2,1,1,6,1,7,2,2
10004,201600004469,1.0,1,1,1,11.0,0.0,0.0,0.0,1958.0,A01,0.0,7,0,0.0,2.0,1.0,1.0,3,18,1930,5,2,1,1,2,4,7,2,2
10005,201600004469,1.0,1,4,2,11.0,0.0,0.0,0.0,1973.0,B02,0.0,7,0,0.0,2.0,4.0,15.0,3,18,1930,5,2,1,1,2,4,7,2,2
10006,201600004470,1.0,1,3,2,1.0,0.0,0.0,0.0,1986.0,B02,0.0,1,0,0.0,2.0,7.0,1.0,6,3,1845,1,2,1,8,3,4,14,1,3
10007,201600004470,1.0,1,1,1,11.0,0.0,0.0,0.0,1989.0,A01,0.0,14,0,0.0,9.0,7.0,15.0,6,3,1845,1,2,1,8,3,4,1,3,1
10008,201600004471,1.0,1,3,1,21.0,0.0,0.0,0.0,1944.0,B02,1.0,1,0,0.0,2.0,1.0,1.0,8,17,915,1,1,1,7,1,1,7,1,2
10009,201600004471,1.0,1,1,2,11.0,0.0,0.0,0.0,1956.0,A01,2.0,7,0,0.0,2.0,5.0,15.0,8,17,915,1,1,1,7,1,1,1,2,1
10010,201600004472,1.0,1,4,2,11.0,0.0,0.0,0.0,1997.0,B02,0.0,7,0,0.0,2.0,6.0,15.0,9,14,2115,3,1,1,1,3,4,7,2,2
10011,201600004473,1.0,1,1,2,11.0,0.0,0.0,0.0,1981.0,B02,0.0,7,0,0.0,2.0,3.0,19.0,9,26,1845,1,1,2,1,3,4,7,2,2
10012,201600004473,1.0,1,4,2,11.0,0.0,0.0,0.0,1971.0,A01,2.0,7,0,0.0,2.0,7.0,1.0,9,26,1845,1,1,2,1,3,4,7,2,2
10013,201600004473,2.0,2,4,2,11.0,0.0,0.0,0.0,1962.0,A01,2.0,7,0,0.0,2.0,7.0,1.0,9,26,1845,1,1,2,1,3,4,7,2,2
10014,201600004474,1.0,1,4,1,11.0,0.0,0.0,0.0,1956.0,B02,0.0,7,0,0.0,2.0,4.0,2.0,9,28,1645,1,1,1,1,2,3,7,2,2
10015,201600004474,3.0,2,4,2,11.0,0.0,0.0,0.0,1955.0,B02,0.0,7,0,0.0,2.0,4.0,2.0,9,28,1645,1,1,1,1,2,3,7,2,2
10016,201600004474,1.0,1,1,2,13.0,0.0,0.0,0.0,1989.0,A01,0.0,7,0,0.0,2.0,1.0,2.0,9,28,1645,1,1,1,1,2,3,7,2,2
10017,201600004475,1.0,1,1,1,13.0,0.0,0.0,0.0,1966.0,B02,0.0,7,0,0.0,2.0,8.0,15.0,10,6,1730,1,1,1,1,3,3,2,2,1
10018,201600004475,1.0,1,3,1,21.0,0.0,0.0,0.0,1969.0,A01,1.0,2,0,0.0,2.0,1.0,2.0,10,6,1730,1,1,1,1,3,3,7,1,2
10019,201600004476,1.0,1,4,1,13.0,0.0,0.0,0.0,1955.0,A01,1.0,7,0,0.0,2.0,3.0,1.0,10,13,1215,1,1,2,2,3,2,7,2,2
10020,201600004476,1.0,1,1,1,13.0,0.0,0.0,0.0,1975.0,B02,2.0,7,0,0.0,2.0,1.0,1.0,10,13,1215,1,1,2,2,3,2,7,2,2
10021,201600004477,1.0,1,4,2,13.0,0.0,0.0,0.0,1988.0,A01,0.0,7,0,0.0,2.0,1.0,1.0,11,18,1915,5,2,1,2,3,4,7,2,2
10022,201600004477,1.0,1,4,2,13.0,0.0,0.0,0.0,1996.0,B02,1.0,7,0,0.0,2.0,8.0,19.0,11,18,1915,5,2,1,2,3,4,7,2,2
10023,201600004478,1.0,1,1,2,11.0,0.0,0.0,0.0,1939.0,A01,1.0,7,0,0.0,1.0,3.0,15.0,11,25,1029,1,2,3,1,6,1,7,2,2
10024,201600004478,0.0,3,3,2,91.0,4.0,3.0,1.0,1939.0,A01,1.0,7,0,0.0,1.0,3.0,15.0,11,25,1029,1,2,3,1,6,1,7,2,2
10025,201600004479,1.0,1,1,2,11.0,0.0,0.0,0.0,1987.0,A01,2.0,7,0,0.0,2.0,2.0,15.0,11,25,1555,1,2,1,1,1,3,33,2,1
10026,201600004479,1.0,1,3,1,21.0,0.0,0.0,0.0,1969.0,B01,1.0,33,0,0.0,2.0,1.0,1.0,11,25,1555,1,2,1,1,1,3,7,1,2
10027,201600004480,1.0,1,1,1,13.0,0.0,0.0,0.0,1982.0,B01,0.0,17,0,0.0,2.0,3.0,19.0,12,12,650,3,1,9,5,3,1,7,3,2
10028,201600004480,1.0,1,4,1,13.0,0.0,0.0,0.0,1975.0,A01,0.0,7,0,0.0,2.0,1.0,1.0,12,12,650,3,1,9,5,3,1,17,2,3
10029,201600004481,1.0,1,4,2,13.0,0.0,0.0,0.0,1971.0,B01,1.0,7,0,0.0,2.0,1.0,1.0,12,14,1140,1,1,1,5,1,1,7,2,2
10030,201600004481,2.0,2,4,1,11.0,0.0,0.0,0.0,2003.0,B01,1.0,7,0,0.0,2.0,1.0,1.0,12,14,1140,1,1,1,5,1,1,7,2,2
10031,201600004481,9.0,2,4,1,11.0,0.0,0.0,0.0,2003.0,B01,1.0,7,0,0.0,2.0,1.0,1.0,12,14,1140,1,1,1,5,1,1,7,2,2
10032,201600004481,1.0,1,4,1,13.0,0.0,0.0,0.0,1975.0,A01,2.0,7,0,0.0,2.0,1.0,1.0,12,14,1140,1,1,1,5,1,1,7,2,2
10033,201600004482,1.0,1,3,1,21.0,0.0,0.0,0.0,1999.0,D01,0.0,2,0,0.0,9.0,1.0,1.0,12,16,750,2,1,1,1,5,1,14,1,3
10034,201600004482,1.0,1,1,1,11.0,0.0,0.0,0.0,1961.0,B01,0.0,7,0,0.0,9.0,2.0,1.0,12,16,750,2,1,1,1,5,1,2,2,1
10035,201600004482,1.0,1,1,1,11.0,0.0,0.0,0.0,1964.0,A01,0.0,14,0,0.0,2.0,0.0,1.0,12,16,750,2,1,1,1,5,1,2,3,1
10036,201600004482,1.0,1,1,1,11.0,0.0,0.0,0.0,1965.0,C01,0.0,14,0,0.0,9.0,2.0,1.0,12,16,750,2,1,1,1,5,1,2,3,1
10037,201600004483,1.0,1,1,1,13.0,0.0,0.0,0.0,1955.0,A01,1.0,7,0,0.0,0.0,7.0,19.0,12,21,830,1,1,1,8,3,1,31,2,1
10038,201600004483,1.0,1,3,1,21.0,0.0,0.0,0.0,1958.0,B01,1.0,31,0,0.0,2.0,1.0,1.0,12,21,830,1,1,1,8,3,1,7,1,2
10039,201600004484,1.0,1,1,1,11.0,0.0,0.0,0.0,1991.0,B02,0.0,10,0,0.0,2.0,3.0,1.0,1,25,1300,1,1,2,1,1,2,31,2,1
10040,201600004484,1.0,1,2,1,21.0,0.0,0.0,0.0,2000.0,A01,0.0,31,0,0.0,2.0,2.0,1.0,1,25,1300,1,1,2,1,1,2,10,1,2
10041,201600004484,2.0,2,3,1,21.0,0.0,0.0,0.0,1997.0,A01,0.0,31,0,0.0,2.0,2.0,1.0,1,25,1300,1,1,2,1,1,2,10,1,2
10042,201600004485,1.0,1,1,1,11.0,0.0,0.0,0.0,1947.0,B02,2.0,7,0,0.0,2.0,1.0,1.0,2,7,1745,1,1,1,8,3,3,7,2,2
10043,201600004485,2.0,2,4,2,11.0,0.0,0.0,0.0,1950.0,B02,2.0,7,0,0.0,2.0,1.0,1.0,2,7,1745,1,1,1,8,3,3,7,2,2
10044,201600004485,1.0,1,1,1,11.0,0.0,0.0,0.0,1995.0,A01,1.0,7,0,0.0,2.0,7.0,13.0,2,7,1745,1,1,1,8,3,3,7,2,2
10045,201600004486,1.0,1,2,1,12.0,0.0,0.0,0.0,1955.0,A01,1.0,7,0,2.0,0.0,9.0,14.0,5,28,1945,1,1,1,2,6,4,7,2,2
10046,201600004487,1.0,1,3,1,11.0,0.0,0.0,0.0,1996.0,B02,2.0,7,0,0.0,2.0,1.0,1.0,5,31,1345,1,1,2,2,3,2,7,2,2
10047,201600004487,1.0,1,4,2,11.0,0.0,0.0,0.0,1956.0,A01,1.0,7,0,0.0,2.0,3.0,15.0,5,31,1345,1,1,2,2,3,2,7,2,2
10048,201600004488,1.0,1,4,1,11.0,0.0,0.0,0.0,1975.0,B02,2.0,7,0,0.0,2.0,4.0,1.0,8,21,1530,1,1,1,1,2,3,7,2,2
10049,201600004488,1.0,1,1,1,11.0,0.0,0.0,0.0,1956.0,A01,2.0,7,0,0.0,2.0,1.0,2.0,8,21,1530,1,1,1,1,2,3,7,2,2
10050,201600004489,1.0,1,3,2,11.0,0.0,0.0,0.0,1937.0,A01,0.0,7,0,6.0,0.0,1.0,1.0,8,26,1645,1,2,1,1,6,3,7,2,2
10051,201600004490,1.0,1,1,1,11.0,0.0,0.0,0.0,1985.0,A01,1.0,7,0,0.0,2.0,2.0,1.0,11,11,1210,1,1,1,1,3,2,7,2,2
10052,201600004490,2.0,2,1,1,11.0,0.0,0.0,0.0,1972.0,A01,1.0,7,0,0.0,2.0,2.0,1.0,11,11,1210,1,1,1,1,3,2,7,2,2
10053,201600004490,1.0,1,4,2,11.0,0.0,0.0,0.0,1951.0,B02,2.0,7,0,0.0,2.0,3.0,1.0,11,11,1210,1,1,1,1,3,2,7,2,2
10054,201600004491,1.0,1,3,1,21.0,0.0,0.0,0.0,1993.0,A01,0.0,33,0,0.0,0.0,0.0,15.0,2,26,1715,1,1,1,1,6,3,33,1,1
10055,201600004492,1.0,1,1,1,11.0,0.0,0.0,0.0,1975.0,A01,2.0,14,0,0.0,1.0,3.0,1.0,3,22,930,1,2,1,1,7,1,14,3,3
10056,201600004492,0.0,3,2,1,0.0,2.0,3.0,1.0,1931.0,A01,2.0,14,0,0.0,1.0,3.0,1.0,3,22,930,1,2,1,1,7,1,14,3,3
10057,201600004493,1.0,1,4,1,21.0,0.0,0.0,0.0,2000.0,A01,1.0,2,0,0.0,2.0,1.0,1.0,3,27,1900,1,2,3,1,3,4,7,1,2
10058,201600004493,1.0,1,1,1,11.0,0.0,0.0,0.0,1969.0,B02,0.0,7,0,0.0,2.0,8.0,15.0,3,27,1900,1,2,3,1,3,4,2,2,1
10059,201600004494,1.0,1,1,1,11.0,0.0,0.0,0.0,1994.0,B02,1.0,7,0,0.0,2.0,2.0,15.0,5,10,1800,1,2,1,1,1,4,7,2,2
10060,201600004494,1.0,1,4,1,11.0,0.0,0.0,0.0,1984.0,A01,2.0,7,0,0.0,2.0,3.0,21.0,5,10,1800,1,2,1,1,1,4,7,2,2
10061,201600004495,1.0,1,4,2,11.0,0.0,0.0,0.0,1984.0,B02,0.0,7,0,0.0,2.0,1.0,1.0,7,14,1930,1,1,1,1,1,4,7,2,2
10062,201600004495,1.0,1,4,1,11.0,0.0,0.0,0.0,1921.0,A01,0.0,7,0,0.0,2.0,7.0,15.0,7,14,1930,1,1,1,1,1,4,7,2,2
10063,201600004495,2.0,2,3,1,11.0,0.0,0.0,0.0,1930.0,A01,0.0,7,0,0.0,2.0,7.0,15.0,7,14,1930,1,1,1,1,1,4,7,2,2
10064,201600004495,3.0,2,3,2,11.0,0.0,0.0,0.0,1931.0,A01,0.0,7,0,0.0,2.0,7.0,15.0,7,14,1930,1,1,1,1,1,4,7,2,2
10065,201600004495,4.0,2,4,2,11.0,0.0,0.0,0.0,1927.0,A01,0.0,7,0,0.0,2.0,7.0,15.0,7,14,1930,1,1,1,1,1,4,7,2,2
10066,201600004496,0.0,3,3,1,92.0,2.0,3.0,1.0,1948.0,A01,0.0,7,0,0.0,1.0,0.0,1.0,10,6,1010,1,2,1,1,6,1,7,2,2
10067,201600004496,1.0,1,1,1,13.0,0.0,0.0,0.0,1946.0,A01,0.0,7,0,0.0,1.0,0.0,1.0,10,6,1010,1,2,1,1,6,1,7,2,2
10068,201600004497,1.0,1,1,1,11.0,0.0,0.0,0.0,1992.0,A01,0.0,7,0,0.0,0.0,0.0,1.0,11,1,1835,3,1,9,1,7,4,7,2,2
10069,201600004497,2.0,2,4,2,11.0,0.0,0.0,0.0,1995.0,A01,0.0,7,0,0.0,0.0,0.0,1.0,11,1,1835,3,1,9,1,7,4,7,2,2
10070,201600004498,1.0,1,3,2,11.0,0.0,0.0,0.0,1984.0,B01,0.0,7,0,0.0,0.0,3.0,1.0,12,29,1155,1,2,1,5,1,1,7,2,2
10071,201600004498,9.0,2,4,1,11.0,0.0,0.0,0.0,2010.0,B01,0.0,7,0,0.0,0.0,3.0,1.0,12,29,1155,1,2,1,5,1,1,7,2,2
10072,201600004498,1.0,1,3,2,11.0,0.0,0.0,0.0,1978.0,A01,0.0,7,0,6.0,0.0,3.0,1.0,12,29,1155,1,2,1,5,1,1,7,2,2
10073,201600004499,4.0,2,1,1,11.0,0.0,0.0,0.0,1997.0,A01,2.0,7,0,0.0,0.0,3.0,1.0,3,5,1230,1,1,1,2,6,2,7,2,2
10074,201600004499,1.0,1,1,1,11.0,0.0,0.0,0.0,1997.0,A01,2.0,7,0,0.0,0.0,3.0,1.0,3,5,1230,1,1,1,2,6,2,7,2,2
10075,201600004499,2.0,2,3,2,11.0,0.0,0.0,0.0,1997.0,A01,2.0,7,0,0.0,0.0,3.0,1.0,3,5,1230,1,1,1,2,6,2,7,2,2
10076,201600004500,1.0,1,3,1,11.0,0.0,0.0,0.0,1954.0,A01,1.0,7,0,15.0,0.0,1.0,1.0,5,15,1730,1,2,1,1,6,3,7,2,2
10077,201600004500,2.0,2,1,1,11.0,0.0,0.0,0.0,1966.0,A01,1.0,7,0,15.0,0.0,1.0,1.0,5,15,1730,1,2,1,1,6,3,7,2,2
10078,201600004500,3.0,2,3,2,11.0,0.0,0.0,0.0,1956.0,A01,1.0,7,0,15.0,0.0,1.0,1.0,5,15,1730,1,2,1,1,6,3,7,2,2
10079,201600004501,1.0,1,3,1,13.0,0.0,0.0,0.0,1980.0,A01,0.0,3,0,13.0,0.0,2.0,14.0,9,13,1500,1,1,1,1,7,3,3,0,0
10080,201600004501,2.0,2,3,1,13.0,0.0,0.0,0.0,1939.0,A01,0.0,3,0,13.0,0.0,2.0,14.0,9,13,1500,1,1,1,1,7,3,3,0,0
10081,201600004502,1.0,1,1,1,13.0,0.0,0.0,0.0,1984.0,B02,0.0,10,0,0.0,2.0,3.0,9.0,9,26,630,2,1,3,8,3,1,33,2,1
10082,201600004502,1.0,1,3,1,21.0,0.0,0.0,0.0,1959.0,A01,1.0,33,0,0.0,2.0,7.0,1.0,9,26,630,2,1,3,8,3,1,10,1,2
10083,201600004503,3.0,2,1,1,11.0,0.0,0.0,0.0,1986.0,B02,2.0,7,0,0.0,2.0,1.0,0.0,10,23,1115,1,1,1,1,1,1,33,2,1
10084,201600004503,2.0,2,1,1,31.0,0.0,0.0,0.0,2016.0,B02,2.0,7,0,0.0,2.0,1.0,0.0,10,23,1115,1,1,1,1,1,1,33,2,1
10085,201600004503,1.0,1,1,2,11.0,0.0,0.0,0.0,1987.0,B02,2.0,7,0,0.0,2.0,1.0,0.0,10,23,1115,1,1,1,1,1,1,33,2,1
10086,201600004503,1.0,1,3,1,21.0,0.0,0.0,0.0,1991.0,A01,1.0,33,0,0.0,2.0,1.0,0.0,10,23,1115,1,1,1,1,1,1,7,1,2
10087,201600004504,1.0,1,3,1,11.0,0.0,0.0,0.0,1952.0,B02,0.0,7,0,0.0,2.0,1.0,1.0,3,30,1415,3,1,1,1,1,3,7,2,2
10088,201600004504,2.0,2,3,2,11.0,0.0,0.0,0.0,1958.0,B02,0.0,7,0,0.0,2.0,1.0,1.0,3,30,1415,3,1,1,1,1,3,7,2,2
10089,201600004504,1.0,1,4,1,11.0,0.0,0.0,0.0,1992.0,A01,0.0,7,0,0.0,2.0,1.0,13.0,3,30,1415,3,1,1,1,1,3,7,2,2
10090,201600004505,1.0,1,4,1,21.0,0.0,0.0,0.0,2000.0,A01,1.0,31,0,0.0,2.0,1.0,13.0,5,30,1515,1,2,1,1,1,3,7,1,2
10091,201600004505,1.0,1,1,1,11.0,0.0,0.0,0.0,1945.0,B02,2.0,7,0,0.0,2.0,1.0,1.0,5,30,1515,1,2,1,1,1,3,31,2,1
10092,201600004505,2.0,2,1,2,11.0,0.0,0.0,0.0,1950.0,B02,2.0,7,0,0.0,2.0,1.0,1.0,5,30,1515,1,2,1,1,1,3,31,2,1
10093,201600004506,1.0,1,3,2,11.0,0.0,0.0,0.0,1939.0,B02,0.0,7,0,0.0,2.0,3.0,16.0,5,26,1045,1,1,3,1,3,1,7,2,2
10094,201600004506,1.0,1,1,2,11.0,0.0,0.0,0.0,1987.0,A01,1.0,7,0,0.0,2.0,2.0,1.0,5,26,1045,1,1,3,1,3,1,7,2,2
10095,201600004507,1.0,1,1,1,11.0,0.0,0.0,0.0,1995.0,A01,1.0,7,0,0.0,2.0,3.0,13.0,6,11,830,1,2,1,2,1,1,7,2,2
10096,201600004507,2.0,2,1,1,11.0,0.0,0.0,0.0,1992.0,A01,1.0,7,0,0.0,2.0,3.0,13.0,6,11,830,1,2,1,2,1,1,7,2,2
10097,201600004507,2.0,2,1,1,11.0,0.0,0.0,0.0,1995.0,A01,1.0,7,0,0.0,2.0,3.0,13.0,6,11,830,1,2,1,2,1,1,7,2,2
10098,201600004507,1.0,1,3,2,11.0,0.0,0.0,0.0,1980.0,B02,2.0,7,0,0.0,2.0,3.0,1.0,6,11,830,1,2,1,2,1,1,7,2,2
10099,201600004507,2.0,2,1,2,11.0,0.0,0.0,0.0,2007.0,B02,2.0,7,0,0.0,2.0,3.0,1.0,6,11,830,1,2,1,2,1,1,7,2,2
10100,201600004508,1.0,1,2,1,21.0,0.0,0.0,0.0,1965.0,A01,1.0,33,0,16.0,0.0,9.0,1.0,1,30,1730,1,1,1,2,6,3,33,1,1
10101,201600004509,1.0,1,3,1,11.0,0.0,0.0,0.0,1985.0,A01,1.0,7,0,2.0,0.0,5.0,1.0,2,19,15,3,1,1,1,6,0,7,2,2
10102,201600004509,2.0,2,3,2,11.0,0.0,0.0,0.0,1993.0,A01,1.0,7,0,2.0,0.0,5.0,1.0,2,19,15,3,1,1,1,6,0,7,2,2
10103,201600004509,5.0,2,3,2,11.0,0.0,0.0,0.0,1989.0,A01,1.0,7,0,2.0,0.0,5.0,1.0,2,19,15,3,1,1,1,6,0,7,2,2
10104,201600004510,1.0,1,3,2,11.0,0.0,0.0,0.0,1949.0,A01,1.0,7,0,0.0,2.0,2.0,13.0,5,21,1615,1,1,1,1,1,3,7,2,2
10105,201600004510,1.0,1,1,1,11.0,0.0,0.0,0.0,1985.0,B02,2.0,7,0,0.0,2.0,1.0,1.0,5,21,1615,1,1,1,1,1,3,7,2,2
10106,201600004510,2.0,2,3,2,11.0,0.0,0.0,0.0,1985.0,B02,2.0,7,0,0.0,2.0,1.0,1.0,5,21,1615,1,1,1,1,1,3,7,2,2
10107,201600004510,3.0,2,4,2,11.0,0.0,0.0,0.0,2012.0,B02,2.0,7,0,0.0,2.0,1.0,1.0,5,21,1615,1,1,1,1,1,3,7,2,2
10108,201600004510,4.0,2,4,2,11.0,0.0,0.0,0.0,2014.0,B02,2.0,7,0,0.0,2.0,1.0,1.0,5,21,1615,1,1,1,1,1,3,7,2,2
10109,201600004511,1.0,1,3,1,11.0,0.0,0.0,0.0,1974.0,B01,2.0,7,0,0.0,2.0,3.0,23.0,5,26,745,1,1,1,1,1,1,7,2,2
10110,201600004511,1.0,1,1,1,11.0,0.0,0.0,0.0,1995.0,A02,1.0,7,0,0.0,2.0,3.0,1.0,5,26,745,1,1,1,1,1,1,7,2,2
10111,201600004512,1.0,1,3,1,21.0,0.0,0.0,0.0,1969.0,A01,2.0,33,0,0.0,0.0,0.0,1.0,7,15,1345,1,1,1,1,7,2,33,1,1
10112,201600004513,1.0,1,1,1,11.0,0.0,0.0,0.0,1953.0,D04,2.0,7,0,0.0,2.0,7.0,1.0,8,2,1845,1,1,1,1,5,4,10,2,2
10113,201600004513,1.0,1,3,2,11.0,0.0,0.0,0.0,1978.0,B02,2.0,7,0,0.0,2.0,1.0,1.0,8,2,1845,1,1,1,1,5,4,10,2,2
10114,201600004513,1.0,1,1,1,11.0,0.0,0.0,0.0,1995.0,C03,2.0,10,0,0.0,2.0,6.0,1.0,8,2,1845,1,1,1,1,5,4,7,2,2
10115,201600004513,2.0,2,3,2,11.0,0.0,0.0,0.0,1946.0,A01,1.0,7,0,0.0,2.0,1.0,13.0,8,2,1845,1,1,1,1,5,4,10,2,2
10116,201600004513,1.0,1,3,1,11.0,0.0,0.0,0.0,1942.0,A01,1.0,7,0,0.0,2.0,1.0,13.0,8,2,1845,1,1,1,1,5,4,10,2,2
10117,201600004513,3.0,2,4,1,11.0,0.0,0.0,0.0,2010.0,A01,1.0,7,0,0.0,2.0,1.0,13.0,8,2,1845,1,1,1,1,5,4,10,2,2
10118,201600004514,1.0,1,3,1,11.0,0.0,0.0,0.0,1992.0,A01,2.0,7,0,0.0,2.0,1.0,13.0,8,10,1245,1,1,1,1,5,2,10,2,2
10119,201600004514,2.0,2,3,2,11.0,0.0,0.0,0.0,1991.0,A01,2.0,7,0,0.0,2.0,1.0,13.0,8,10,1245,1,1,1,1,5,2,10,2,2