,Num_Acc,place,catu,grav,sexe,secu,locp,actp,etatp,an_nais,num_veh,senc,catv,occutc,obs,obsm,choc,manv,mois,jour,hrmn,lum,agg,int,atm,col,mom,catvopp,catv_gen,catvopp_gen
10883,201600004860,1.0,1,4,2,11.0,0.0,0.0,0.0,1997.0,A01,2.0,14,0,0.0,2.0,1.0,13.0,1,9,1145,1,1,1,1,1,1,7,3,2
10884,201600004860,1.0,1,3,2,11.0,0.0,0.0,0.0,1984.0,B02,1.0,7,0,0.0,2.0,1.0,1.0,1,9,1145,1,1,1,1,1,1,14,2,3
10885,201600004861,1.0,1,2,2,12.0,0.0,0.0,0.0,1952.0,A01,0.0,7,0,13.0,0.0,3.0,1.0,1,17,1200,1,1,4,1,6,2,7,2,2
10886,201600004862,1.0,1,1,2,11.0,0.0,0.0,0.0,1967.0,A01,0.0,7,0,0.0,1.0,3.0,1.0,4,19,1615,1,2,1,1,6,3,7,2,2
10887,201600004862,0.0,3,2,1,0.0,2.0,3.0,1.0,1932.0,A01,0.0,7,0,0.0,1.0,3.0,1.0,4,19,1615,1,2,1,1,6,3,7,2,2
10888,201600004863,1.0,1,4,2,11.0,0.0,0.0,0.0,1962.0,A01,0.0,7,0,0.0,2.0,3.0,1.0,9,25,730,1,2,1,1,1,1,7,2,2
10889,201600004863,1.0,1,1,1,11.0,0.0,0.0,0.0,1995.0,B02,0.0,7,0,0.0,2.0,3.0,1.0,9,25,730,1,2,1,1,1,1,7,2,2
10890,201600004864,1.0,1,4,1,11.0,0.0,0.0,0.0,1961.0,A01,0.0,7,0,0.0,2.0,3.0,1.0,11,19,1545,1,2,6,1,3,3,33,2,1
10891,201600004864,1.0,1,3,2,21.0,0.0,0.0,0.0,1964.0,B02,0.0,33,0,0.0,2.0,2.0,1.0,11,19,1545,1,2,6,1,3,3,7,1,2
10892,201600004865,1.0,1,1,2,11.0,0.0,0.0,0.0,1959.0,A01,0.0,7,0,0.0,2.0,3.0,20.0,11,30,1245,1,2,1,1,3,2,30,2,1
10893,201600004865,1.0,1,4,1,21.0,0.0,0.0,0.0,1998.0,B02,0.0,30,0,0.0,2.0,2.0,1.0,11,30,1245,1,2,1,1,3,2,7,1,2
10894,201600004866,1.0,1,1,1,11.0,0.0,0.0,0.0,1979.0,A01,0.0,7,0,0.0,2.0,1.0,1.0,12,2,1600,1,2,1,1,2,3,7,2,2
10895,201600004866,2.0,2,4,2,11.0,0.0,0.0,0.0,1994.0,A01,0.0,7,0,0.0,2.0,1.0,1.0,12,2,1600,1,2,1,1,2,3,7,2,2
10896,201600004866,1.0,1,1,2,11.0,0.0,0.0,0.0,1940.0,B02,0.0,7,0,0.0,2.0,4.0,1.0,12,2,1600,1,2,1,1,2,3,7,2,2
10897,201600004867,1.0,1,3,2,11.0,0.0,0.0,0.0,1998.0,A01,0.0,7,0,6.0,2.0,2.0,1.0,12,12,830,1,1,1,1,6,1,7,2,2
10898,201600004868,1.0,1,1,2,11.0,0.0,0.0,0.0,1992.0,A01,0.0,7,0,0.0,1.0,3.0,1.0,10,21,1700,1,2,1,1,6,3,7,2,2
10899,201600004868,0.0,3,3,1,0.0,3.0,5.0,1.0,1965.0,A01,0.0,7,0,0.0,1.0,3.0,1.0,10,21,1700,1,2,1,1,6,3,7,2,2
10900,201600004869,1.0,1,4,1,11.0,0.0,0.0,0.0,1943.0,C03,0.0,7,0,0.0,2.0,3.0,13.0,12,21,1545,1,1,1,1,5,3,10,2,2
10901,201600004869,2.0,2,4,2,11.0,0.0,0.0,0.0,1945.0,C03,0.0,7,0,0.0,2.0,3.0,13.0,12,21,1545,1,1,1,1,5,3,10,2,2
10902,201600004869,1.0,1,1,1,11.0,0.0,0.0,0.0,1988.0,A01,0.0,10,0,0.0,0.0,6.0,21.0,12,21,1545,1,1,1,1,5,3,7,2,2
10903,201600004869,1.0,1,4,1,11.0,0.0,0.0,0.0,1968.0,B02,0.0,7,0,0.0,2.0,8.0,1.0,12,21,1545,1,1,1,1,5,3,10,2,2
10904,201600004870,1.0,1,1,2,11.0,0.0,0.0,0.0,1986.0,A01,0.0,7,0,15.0,0.0,2.0,1.0,3,26,1600,1,2,6,1,2,3,33,2,1
10905,201600004870,2.0,2,1,1,11.0,0.0,0.0,0.0,1985.0,A01,0.0,7,0,15.0,0.0,2.0,1.0,3,26,1600,1,2,6,1,2,3,33,2,1
10906,201600004870,1.0,1,4,1,21.0,0.0,0.0,0.0,1968.0,B02,0.0,33,0,0.0,0.0,4.0,23.0,3,26,1600,1,2,6,1,2,3,7,1,2
10907,201600004870,2.0,2,1,2,21.0,0.0,0.0,0.0,2003.0,B02,0.0,33,0,0.0,0.0,4.0,23.0,3,26,1600,1,2,6,1,2,3,7,1,2
10908,201600004871,1.0,1,1,1,11.0,0.0,0.0,0.0,1990.0,A01,1.0,7,0,6.0,0.0,2.0,1.0,4,24,600,2,2,1,8,6,1,7,2,2
10909,201600004871,2.0,2,1,1,11.0,0.0,0.0,0.0,1989.0,A01,1.0,7,0,6.0,0.0,2.0,1.0,4,24,600,2,2,1,8,6,1,7,2,2
10910,201600004871,3.0,2,1,1,11.0,0.0,0.0,0.0,1990.0,A01,1.0,7,0,6.0,0.0,2.0,1.0,4,24,600,2,2,1,8,6,1,7,2,2
10911,201600004871,4.0,2,3,1,11.0,0.0,0.0,0.0,1989.0,A01,1.0,7,0,6.0,0.0,2.0,1.0,4,24,600,2,2,1,8,6,1,7,2,2
10912,201600004872,1.0,1,3,1,11.0,0.0,0.0,0.0,1988.0,A01,2.0,7,0,1.0,0.0,1.0,13.0,5,1,2215,3,1,1,2,6,5,7,2,2
10913,201600004873,1.0,1,4,1,21.0,0.0,0.0,0.0,2001.0,B02,2.0,2,0,0.0,0.0,1.0,11.0,7,10,1500,1,1,1,1,1,3,7,1,2
10914,201600004873,1.0,1,4,2,11.0,0.0,0.0,0.0,1983.0,A01,1.0,7,0,0.0,2.0,3.0,1.0,7,10,1500,1,1,1,1,1,3,2,2,1
10915,201600004874,1.0,1,3,2,11.0,0.0,0.0,0.0,1968.0,A01,1.0,7,0,2.0,0.0,1.0,1.0,7,15,2145,2,1,1,1,6,4,7,2,2
10916,201600004875,1.0,1,1,1,11.0,0.0,0.0,0.0,1953.0,A01,0.0,7,0,0.0,1.0,2.0,15.0,7,27,1615,1,2,9,1,6,3,7,2,2
10917,201600004875,2.0,2,1,2,11.0,0.0,0.0,0.0,2000.0,A01,0.0,7,0,0.0,1.0,2.0,15.0,7,27,1615,1,2,9,1,6,3,7,2,2
10918,201600004875,0.0,3,4,2,0.0,1.0,2.0,1.0,1951.0,A01,0.0,7,0,0.0,1.0,2.0,15.0,7,27,1615,1,2,9,1,6,3,7,2,2
10919,201600004876,1.0,1,1,2,11.0,0.0,0.0,0.0,1987.0,A01,1.0,7,0,0.0,0.0,3.0,15.0,10,14,1430,1,2,1,1,3,3,33,2,1
10920,201600004876,1.0,1,3,1,21.0,0.0,0.0,0.0,1975.0,B02,1.0,33,0,0.0,0.0,1.0,1.0,10,14,1430,1,2,1,1,3,3,7,1,2
10921,201600004877,1.0,1,3,1,21.0,0.0,0.0,0.0,1983.0,A01,1.0,33,0,6.0,0.0,2.0,17.0,11,16,1645,1,1,1,1,7,3,33,1,1
10922,201600004878,1.0,1,3,2,11.0,0.0,0.0,0.0,1992.0,A01,1.0,7,0,2.0,0.0,7.0,1.0,11,22,1430,1,1,1,8,7,3,7,2,2
10923,201600004878,2.0,2,2,1,11.0,0.0,0.0,0.0,1988.0,A01,1.0,7,0,2.0,0.0,7.0,1.0,11,22,1430,1,1,1,8,7,3,7,2,2
10924,201600004879,1.0,1,1,2,11.0,0.0,0.0,0.0,1946.0,A01,1.0,7,0,0.0,1.0,2.0,1.0,12,7,1745,5,2,1,1,6,3,7,2,2
10925,201600004879,0.0,3,3,2,0.0,6.0,5.0,3.0,1995.0,A01,1.0,7,0,0.0,1.0,2.0,1.0,12,7,1745,5,2,1,1,6,3,7,2,2
10926,201600004880,1.0,1,3,2,11.0,0.0,0.0,0.0,1966.0,B02,0.0,7,0,0.0,2.0,1.0,1.0,1,16,1245,1,2,1,2,3,2,7,2,2
10927,201600004880,1.0,1,4,2,11.0,0.0,0.0,0.0,1989.0,A01,0.0,7,0,0.0,2.0,2.0,9.0,1,16,1245,1,2,1,2,3,2,7,2,2
10928,201600004881,2.0,2,3,2,11.0,0.0,0.0,0.0,1932.0,B02,0.0,7,0,0.0,2.0,3.0,9.0,1,24,1730,2,2,6,1,3,3,7,2,2
10929,201600004881,1.0,1,3,1,11.0,0.0,0.0,0.0,1928.0,B02,0.0,7,0,0.0,2.0,3.0,9.0,1,24,1730,2,2,6,1,3,3,7,2,2
10930,201600004881,1.0,1,1,1,11.0,0.0,0.0,0.0,1981.0,A01,0.0,7,0,0.0,2.0,2.0,15.0,1,24,1730,2,2,6,1,3,3,7,2,2
10931,201600004882,1.0,1,1,1,11.0,0.0,0.0,0.0,1996.0,A01,0.0,7,0,0.0,2.0,2.0,19.0,2,21,2100,5,2,1,1,3,4,7,2,2
10932,201600004882,1.0,1,4,1,11.0,0.0,0.0,0.0,1993.0,B02,0.0,7,0,9.0,0.0,3.0,21.0,2,21,2100,5,2,1,1,3,4,7,2,2
10933,201600004882,2.0,2,3,2,11.0,0.0,0.0,0.0,1991.0,B02,0.0,7,0,9.0,0.0,3.0,21.0,2,21,2100,5,2,1,1,3,4,7,2,2
10934,201600004883,1.0,1,1,1,11.0,0.0,0.0,0.0,1956.0,B02,0.0,99,0,0.0,0.0,4.0,0.0,3,25,1915,5,2,1,1,4,4,7,0,2
10935,201600004883,1.0,1,1,2,11.0,0.0,0.0,0.0,1968.0,A01,0.0,7,0,0.0,0.0,4.0,0.0,3,25,1915,5,2,1,1,4,4,99,2,0
10936,201600004883,1.0,1,1,1,11.0,0.0,0.0,0.0,1984.0,D04,0.0,7,0,0.0,0.0,2.0,0.0,3,25,1915,5,2,1,1,4,4,99,2,0
10937,201600004883,1.0,1,3,1,11.0,0.0,0.0,0.0,1962.0,C03,0.0,7,0,0.0,0.0,4.0,0.0,3,25,1915,5,2,1,1,4,4,99,2,0
10938,201600004884,1.0,1,1,2,11.0,0.0,0.0,0.0,1995.0,A01,0.0,7,0,0.0,2.0,3.0,1.0,4,20,1915,2,2,2,1,3,4,2,2,1
10939,201600004884,1.0,1,4,1,21.0,0.0,0.0,0.0,1999.0,B02,0.0,2,0,0.0,2.0,1.0,1.0,4,20,1915,2,2,2,1,3,4,7,1,2
10940,201600004884,2.0,2,1,1,21.0,0.0,0.0,0.0,2002.0,B02,0.0,2,0,0.0,2.0,1.0,1.0,4,20,1915,2,2,2,1,3,4,7,1,2
10941,201600004885,1.0,1,3,1,11.0,0.0,0.0,0.0,1988.0,A01,1.0,10,0,0.0,2.0,1.0,5.0,5,18,445,4,2,1,1,1,0,10,2,2
10942,201600004885,1.0,1,3,1,11.0,0.0,0.0,0.0,1942.0,B02,2.0,10,0,0.0,2.0,1.0,1.0,5,18,445,4,2,1,1,1,0,10,2,2
10943,201600004886,1.0,1,1,1,11.0,0.0,0.0,0.0,1964.0,B02,2.0,14,0,0.0,2.0,6.0,1.0,7,16,630,1,2,6,1,3,1,7,3,2
10944,201600004886,1.0,1,3,2,11.0,0.0,0.0,0.0,1981.0,A01,2.0,7,0,0.0,2.0,1.0,1.0,7,16,630,1,2,6,1,3,1,14,2,3
10945,201600004887,2.0,2,3,1,21.0,0.0,0.0,0.0,1955.0,A01,1.0,33,0,13.0,0.0,7.0,1.0,8,1,1115,1,1,9,1,7,1,33,1,1
10946,201600004887,1.0,1,3,1,21.0,0.0,0.0,0.0,1959.0,A01,1.0,33,0,13.0,0.0,7.0,1.0,8,1,1115,1,1,9,1,7,1,33,1,1
10947,201600004888,1.0,1,4,2,11.0,0.0,0.0,0.0,1980.0,B02,2.0,7,0,0.0,0.0,4.0,0.0,8,4,1045,1,2,1,1,2,1,7,2,2
10948,201600004888,1.0,1,1,2,11.0,0.0,0.0,0.0,1951.0,A01,2.0,7,0,0.0,2.0,1.0,2.0,8,4,1045,1,2,1,1,2,1,7,2,2
10949,201600004889,1.0,1,1,1,12.0,0.0,0.0,0.0,1938.0,A01,0.0,7,0,0.0,1.0,4.0,20.0,8,10,1430,1,2,9,1,6,3,7,2,2
10950,201600004889,0.0,3,3,2,0.0,8.0,3.0,1.0,1928.0,A01,0.0,7,0,0.0,1.0,4.0,20.0,8,10,1430,1,2,9,1,6,3,7,2,2
10951,201600004890,1.0,1,1,1,11.0,0.0,0.0,0.0,1957.0,A01,0.0,7,0,0.0,1.0,2.0,1.0,8,16,1600,1,1,1,1,6,3,7,2,2
10952,201600004890,0.0,3,3,2,0.0,2.0,3.0,1.0,1945.0,A01,0.0,7,0,0.0,1.0,2.0,1.0,8,16,1600,1,1,1,1,6,3,7,2,2
10953,201600004891,1.0,1,3,1,21.0,0.0,0.0,0.0,1966.0,B02,1.0,1,0,0.0,2.0,1.0,5.0,9,25,1545,1,2,1,1,1,3,7,1,2
10954,201600004891,1.0,1,1,1,11.0,0.0,0.0,0.0,1972.0,A01,2.0,7,0,0.0,9.0,2.0,1.0,9,25,1545,1,2,1,1,1,3,1,2,1
10955,201600004892,1.0,1,4,1,11.0,0.0,0.0,0.0,1971.0,A01,1.0,10,0,0.0,2.0,1.0,1.0,9,30,1430,1,2,1,1,3,3,7,2,2
10956,201600004892,1.0,1,4,1,11.0,0.0,0.0,0.0,1998.0,B02,2.0,7,0,0.0,2.0,8.0,1.0,9,30,1430,1,2,1,1,3,3,10,2,2
10957,201600004893,1.0,1,1,2,1.0,0.0,0.0,0.0,1967.0,A01,1.0,3,0,0.0,9.0,2.0,14.0,11,23,1400,1,1,1,1,1,3,1,0,1
10958,201600004893,1.0,1,4,2,21.0,0.0,0.0,0.0,1947.0,B02,1.0,1,0,0.0,0.0,4.0,1.0,11,23,1400,1,1,1,1,1,3,3,1,0
10959,201600004894,1.0,1,1,2,13.0,0.0,0.0,0.0,1998.0,A01,0.0,7,0,0.0,1.0,1.0,0.0,12,9,1545,1,2,9,1,7,3,7,2,2
10960,201600004894,0.0,3,3,1,0.0,4.0,3.0,1.0,1963.0,A01,0.0,7,0,0.0,1.0,1.0,0.0,12,9,1545,1,2,9,1,7,3,7,2,2
10961,201600004895,1.0,1,3,1,11.0,0.0,0.0,0.0,1991.0,A01,0.0,7,0,6.0,0.0,8.0,1.0,1,1,445,3,1,1,2,6,0,7,2,2
10962,201600004896,2.0,2,3,1,13.0,0.0,0.0,0.0,1985.0,A01,1.0,7,0,2.0,0.0,9.0,1.0,2,13,445,3,1,1,9,7,0,7,2,2
10963,201600004896,1.0,1,3,2,13.0,0.0,0.0,0.0,1985.0,A01,1.0,7,0,2.0,0.0,9.0,1.0,2,13,445,3,1,1,9,7,0,7,2,2
10964,201600004897,1.0,1,3,1,1.0,0.0,0.0,0.0,2000.0,A01,1.0,30,0,0.0,0.0,0.0,1.0,3,28,1015,1,1,1,2,7,1,30,1,1
10965,201600004898,1.0,1,3,1,11.0,0.0,0.0,0.0,1993.0,A01,0.0,7,0,2.0,0.0,6.0,17.0,4,13,2115,5,1,1,8,6,4,7,2,2
10966,201600004899,1.0,1,3,1,11.0,0.0,0.0,0.0,1991.0,B02,2.0,7,0,0.0,0.0,1.0,1.0,6,18,1530,1,1,6,1,1,3,7,2,2
10967,201600004899,2.0,2,3,2,11.0,0.0,0.0,0.0,1992.0,B02,2.0,7,0,0.0,0.0,1.0,1.0,6,18,1530,1,1,6,1,1,3,7,2,2
10968,201600004899,1.0,1,3,1,11.0,0.0,0.0,0.0,1962.0,A01,1.0,7,0,0.0,0.0,1.0,13.0,6,18,1530,1,1,6,1,1,3,7,2,2
10969,201600004900,1.0,1,1,2,11.0,0.0,0.0,0.0,1983.0,B02,0.0,10,0,0.0,0.0,6.0,1.0,1,10,1215,1,2,1,1,3,2,7,2,2
10970,201600004900,1.0,1,4,1,11.0,0.0,0.0,0.0,1970.0,A01,0.0,7,0,0.0,2.0,2.0,1.0,1,10,1215,1,2,1,1,3,2,10,2,2
10971,201600004901,1.0,1,3,1,22.0,0.0,0.0,0.0,1998.0,A01,0.0,1,0,0.0,2.0,7.0,15.0,3,30,700,2,2,1,1,1,1,33,1,1
10972,201600004901,1.0,1,3,1,21.0,0.0,0.0,0.0,1968.0,B02,0.0,33,0,0.0,9.0,1.0,1.0,3,30,700,2,2,1,1,1,1,1,1,1
10973,201600004902,1.0,1,3,2,21.0,0.0,0.0,0.0,1990.0,A01,1.0,33,0,16.0,0.0,8.0,0.0,5,7,1345,1,1,1,1,7,2,33,1,1
10974,201600004903,1.0,1,1,1,11.0,0.0,0.0,0.0,1947.0,B02,0.0,7,0,0.0,2.0,1.0,15.0,5,30,1100,1,2,1,1,3,1,7,2,2
10975,201600004903,2.0,2,3,2,11.0,0.0,0.0,0.0,1939.0,B02,0.0,7,0,0.0,2.0,1.0,15.0,5,30,1100,1,2,1,1,3,1,7,2,2
10976,201600004903,1.0,1,1,1,11.0,0.0,0.0,0.0,1964.0,A01,0.0,7,0,0.0,2.0,8.0,1.0,5,30,1100,1,2,1,1,3,1,7,2,2
10977,201600004904,1.0,1,3,1,21.0,0.0,0.0,0.0,1993.0,A01,1.0,33,0,0.0,0.0,0.0,1.0,6,25,1415,1,1,1,1,7,3,33,1,1
10978,201600004905,1.0,1,1,2,11.0,0.0,0.0,0.0,1953.0,B02,2.0,7,0,0.0,2.0,3.0,2.0,7,3,1530,1,1,1,1,1,3,33,2,1
10979,201600004905,1.0,1,3,1,21.0,0.0,0.0,0.0,1960.0,A01,1.0,33,0,0.0,2.0,1.0,2.0,7,3,1530,1,1,1,1,1,3,7,1,2
10980,201600004906,1.0,1,1,1,21.0,0.0,0.0,0.0,1969.0,A01,0.0,33,0,0.0,2.0,8.0,13.0,7,23,1545,1,1,1,1,3,3,14,1,3
10981,201600004906,2.0,2,3,2,21.0,0.0,0.0,0.0,1966.0,A01,0.0,33,0,0.0,2.0,8.0,13.0,7,23,1545,1,1,1,1,3,3,14,1,3
10982,201600004906,1.0,1,1,1,11.0,0.0,0.0,0.0,1976.0,B02,0.0,14,0,0.0,2.0,6.0,1.0,7,23,1545,1,1,1,1,3,3,33,3,1
10983,201600004907,1.0,1,4,1,11.0,0.0,0.0,0.0,1971.0,A01,0.0,7,0,0.0,2.0,1.0,1.0,11,8,1215,1,2,3,1,3,2,7,2,2
10984,201600004907,1.0,1,1,1,11.0,0.0,0.0,0.0,1995.0,B02,0.0,7,0,0.0,2.0,2.0,2.0,11,8,1215,1,2,3,1,3,2,7,2,2
10985,201600004908,1.0,1,1,1,11.0,0.0,0.0,0.0,1996.0,A01,1.0,7,0,0.0,2.0,1.0,1.0,2,24,2130,5,2,1,1,3,4,7,2,2
10986,201600004908,1.0,1,1,2,11.0,0.0,0.0,0.0,1994.0,B02,1.0,7,0,0.0,2.0,7.0,16.0,2,24,2130,5,2,1,1,3,4,7,2,2
10987,201600004908,2.0,2,4,1,11.0,0.0,0.0,0.0,1992.0,B02,1.0,7,0,0.0,2.0,7.0,16.0,2,24,2130,5,2,1,1,3,4,7,2,2
10988,201600004908,3.0,2,1,2,11.0,0.0,0.0,0.0,1994.0,B02,1.0,7,0,0.0,2.0,7.0,16.0,2,24,2130,5,2,1,1,3,4,7,2,2
10989,201600004908,4.0,2,1,1,11.0,0.0,0.0,0.0,1992.0,B02,1.0,7,0,0.0,2.0,7.0,16.0,2,24,2130,5,2,1,1,3,4,7,2,2
10990,201600004909,1.0,1,1,1,11.0,0.0,0.0,0.0,1974.0,A01,2.0,10,0,0.0,0.0,4.0,0.0,4,19,1715,1,2,9,1,2,3,1,2,1
10991,201600004909,1.0,1,4,1,21.0,0.0,0.0,0.0,1954.0,B02,2.0,1,0,0.0,0.0,1.0,0.0,4,19,1715,1,2,9,1,2,3,10,1,2
10992,201600004910,1.0,1,4,1,11.0,0.0,0.0,0.0,1994.0,B02,0.0,7,0,0.0,2.0,8.0,15.0,4,29,1330,1,2,1,1,1,2,33,2,1
10993,201600004910,1.0,1,2,1,21.0,0.0,0.0,0.0,1972.0,A01,1.0,33,0,0.0,2.0,1.0,17.0,4,29,1330,1,2,1,1,1,2,7,1,2
10994,201600004911,1.0,1,1,1,11.0,0.0,0.0,0.0,1994.0,B02,1.0,7,0,0.0,2.0,8.0,19.0,6,1,1745,1,2,1,1,3,3,33,2,1
10995,201600004911,1.0,1,2,1,21.0,0.0,0.0,0.0,1969.0,A01,2.0,33,0,0.0,2.0,3.0,0.0,6,1,1745,1,2,1,1,3,3,7,1,2
10996,201600004912,1.0,1,3,1,21.0,0.0,0.0,0.0,1995.0,B02,2.0,33,0,0.0,2.0,1.0,1.0,6,27,1745,1,1,1,1,1,3,7,1,2
10997,201600004912,1.0,1,1,1,11.0,0.0,0.0,0.0,1971.0,A01,1.0,7,0,0.0,2.0,3.0,15.0,6,27,1745,1,1,1,1,1,3,33,2,1
10998,201600004912,3.0,2,1,2,11.0,0.0,0.0,0.0,2011.0,A01,1.0,7,0,0.0,2.0,3.0,15.0,6,27,1745,1,1,1,1,1,3,33,2,1
10999,201600004913,1.0,1,3,1,21.0,0.0,0.0,0.0,1990.0,A01,0.0,2,0,9.0,0.0,1.0,21.0,7,5,1915,1,2,1,1,6,4,2,1,1
11000,201600004914,1.0,1,1,1,21.0,0.0,0.0,0.0,1992.0,A01,2.0,33,0,0.0,0.0,0.0,0.0,9,4,1545,1,1,1,1,1,3,33,1,1
11001,201600004914,1.0,1,3,2,21.0,0.0,0.0,0.0,1993.0,B02,2.0,33,0,0.0,0.0,0.0,0.0,9,4,1545,1,1,1,1,1,3,33,1,1
11002,201600004915,1.0,1,3,2,11.0,0.0,0.0,0.0,1992.0,A01,1.0,7,0,5.0,0.0,2.0,1.0,11,27,145,3,1,1,9,7,0,7,2,2
11003,201600004915,2.0,2,3,1,11.0,0.0,0.0,0.0,1990.0,A01,1.0,7,0,5.0,0.0,2.0,1.0,11,27,145,3,1,1,9,7,0,7,2,2
11004,201600004916,1.0,1,3,2,21.0,0.0,0.0,0.0,1966.0,A01,2.0,2,0,0.0,0.0,7.0,1.0,12,14,930,1,2,1,9,7,1,2,1,1
11005,201600004917,1.0,1,1,2,11.0,0.0,0.0,0.0,1952.0,B02,2.0,7,0,0.0,2.0,3.0,15.0,12,15,1800,5,2,1,1,1,4,30,2,1
11006,201600004917,1.0,1,3,1,21.0,0.0,0.0,0.0,2000.0,A01,1.0,30,0,0.0,2.0,1.0,17.0,12,15,1800,5,2,1,1,1,4,7,1,2
11007,201600004918,1.0,1,3,2,11.0,0.0,0.0,0.0,1997.0,A01,0.0,7,0,13.0,0.0,2.0,1.0,12,29,1930,3,1,1,1,6,4,7,2,2
11008,201600004919,2.0,2,3,1,11.0,0.0,0.0,0.0,1933.0,A01,1.0,7,0,0.0,2.0,1.0,15.0,12,31,1345,1,1,2,1,1,2,7,2,2
11009,201600004919,1.0,1,3,1,11.0,0.0,0.0,0.0,1933.0,A01,1.0,7,0,0.0,2.0,1.0,15.0,12,31,1345,1,1,2,1,1,2,7,2,2
11010,201600004919,1.0,1,3,2,11.0,0.0,0.0,0.0,1988.0,B02,2.0,7,0,0.0,2.0,1.0,1.0,12,31,1345,1,1,2,1,1,2,7,2,2
11011,201600004920,1.0,1,1,1,11.0,0.0,0.0,0.0,1924.0,A01,0.0,7,0,0.0,2.0,5.0,15.0,1,22,1215,1,2,1,1,3,2,1,2,1
11012,201600004920,1.0,1,3,2,21.0,0.0,0.0,0.0,1958.0,B02,0.0,1,0,0.0,2.0,1.0,1.0,1,22,1215,1,2,1,1,3,2,7,1,2
11013,201600004921,1.0,1,3,1,21.0,0.0,0.0,0.0,1965.0,A01,1.0,32,0,0.0,0.0,0.0,16.0,5,4,2130,3,1,6,1,7,4,32,1,1
11014,201600004922,1.0,1,4,1,21.0,0.0,0.0,0.0,1996.0,A01,1.0,30,0,11.0,0.0,1.0,1.0,4,27,1330,1,2,1,1,6,2,30,1,1
11015,201600004923,1.0,1,1,2,13.0,0.0,0.0,0.0,1977.0,A01,0.0,3,0,0.0,1.0,1.0,1.0,5,19,1545,1,2,1,2,6,3,3,0,0
11016,201600004923,0.0,3,3,2,0.0,4.0,1.0,1.0,1935.0,A01,0.0,3,0,0.0,1.0,1.0,1.0,5,19,1545,1,2,1,2,6,3,3,0,0
11017,201600004924,1.0,1,4,1,21.0,0.0,0.0,0.0,1998.0,A01,0.0,33,0,0.0,0.0,7.0,1.0,6,11,830,1,2,1,1,3,1,7,1,2
11018,201600004924,1.0,1,1,1,11.0,0.0,0.0,0.0,1968.0,B02,0.0,7,0,0.0,0.0,3.0,9.0,6,11,830,1,2,1,1,3,1,33,2,1
11019,201600004925,1.0,1,4,1,11.0,0.0,0.0,0.0,1995.0,A01,0.0,10,0,3.0,6.0,0.0,21.0,8,27,315,3,2,1,1,6,0,10,2,2
11020,201600004926,1.0,1,1,1,11.0,0.0,0.0,0.0,1962.0,A01,2.0,7,0,0.0,2.0,3.0,15.0,10,25,1645,1,2,1,1,1,3,33,2,1
11021,201600004926,1.0,1,3,1,21.0,0.0,0.0,0.0,1960.0,B02,1.0,33,0,0.0,2.0,8.0,1.0,10,25,1645,1,2,1,1,1,3,7,1,2
11022,201600004927,1.0,1,1,1,11.0,0.0,0.0,0.0,1980.0,A01,0.0,7,0,0.0,2.0,8.0,13.0,11,8,815,2,2,1,5,3,1,1,2,1
11023,201600004927,1.0,1,3,2,22.0,0.0,0.0,0.0,1938.0,B02,0.0,1,0,0.0,2.0,8.0,1.0,11,8,815,2,2,1,5,3,1,7,1,2
11024,201600004928,1.0,1,3,1,21.0,0.0,0.0,0.0,1966.0,B02,1.0,31,0,0.0,2.0,7.0,21.0,11,29,1730,3,2,1,1,1,3,7,1,2
11025,201600004928,1.0,1,1,2,11.0,0.0,0.0,0.0,1958.0,A01,1.0,7,0,0.0,2.0,1.0,9.0,11,29,1730,3,2,1,1,1,3,31,2,1
11026,201600004929,1.0,1,4,1,1.0,0.0,0.0,0.0,1979.0,A01,0.0,36,0,13.0,0.0,2.0,2.0,5,23,2045,3,1,1,3,7,4,36,1,1
11027,201600004930,1.0,1,3,1,21.0,0.0,0.0,0.0,1987.0,A01,1.0,33,0,3.0,0.0,0.0,1.0,6,10,1345,1,1,1,1,6,2,33,1,1
11028,201600004931,1.0,1,3,1,11.0,0.0,0.0,0.0,1996.0,A01,2.0,7,0,2.0,0.0,1.0,1.0,7,3,700,1,1,1,1,6,1,7,2,2
11029,201600004932,1.0,1,3,1,21.0,0.0,0.0,0.0,1995.0,A01,1.0,33,0,0.0,0.0,0.0,1.0,7,9,2030,2,1,1,1,7,4,33,1,1
11030,201600004933,1.0,1,3,1,11.0,0.0,0.0,0.0,1997.0,A01,0.0,7,0,1.0,0.0,1.0,1.0,7,14,345,1,1,1,1,6,0,7,2,2
11031,201600004934,1.0,1,2,1,21.0,0.0,0.0,0.0,1992.0,A01,1.0,33,0,0.0,2.0,8.0,19.0,8,8,1945,1,1,1,1,1,4,7,1,2
11032,201600004934,1.0,1,4,2,11.0,0.0,0.0,0.0,1999.0,B02,2.0,7,0,0.0,2.0,3.0,1.0,8,8,1945,1,1,1,1,1,4,33,2,1
11033,201600004934,2.0,2,4,2,11.0,0.0,0.0,0.0,1971.0,B02,2.0,7,0,0.0,2.0,3.0,1.0,8,8,1945,1,1,1,1,1,4,33,2,1
11034,201600004934,3.0,2,4,1,11.0,0.0,0.0,0.0,2004.0,B02,2.0,7,0,0.0,2.0,3.0,1.0,8,8,1945,1,1,1,1,1,4,33,2,1