,Num_Acc,place,catu,grav,sexe,secu,locp,actp,etatp,an_nais,num_veh,senc,catv,occutc,obs,obsm,choc,manv,mois,jour,hrmn,lum,agg,int,atm,col,mom,catvopp,catv_gen,catvopp_gen
11035,201600004935,1.0,1,4,1,21.0,0.0,0.0,0.0,1987.0,A01,1.0,33,0,10.0,0.0,0.0,1.0,10,16,1530,1,1,1,1,6,3,33,1,1
11036,201600004936,1.0,1,4,1,11.0,0.0,0.0,0.0,1966.0,B02,0.0,14,0,0.0,2.0,4.0,2.0,12,29,1200,1,1,1,7,5,2,14,3,3
11037,201600004936,1.0,1,4,2,11.0,0.0,0.0,0.0,1969.0,A01,0.0,14,0,1.0,0.0,1.0,1.0,12,29,1200,1,1,1,7,5,2,14,3,3
11038,201600004936,1.0,1,1,1,11.0,0.0,0.0,0.0,1959.0,C03,0.0,14,0,0.0,2.0,4.0,24.0,12,29,1200,1,1,1,7,5,2,14,3,3
11039,201600004937,1.0,1,1,1,11.0,0.0,0.0,0.0,1921.0,A01,2.0,7,0,0.0,1.0,3.0,2.0,1,25,1018,1,2,3,1,6,1,7,2,2
11040,201600004937,0.0,3,3,1,0.0,3.0,3.0,2.0,1995.0,A01,2.0,7,0,0.0,1.0,3.0,2.0,1,25,1018,1,2,3,1,6,1,7,2,2
11041,201600004938,1.0,1,1,1,93.0,0.0,0.0,0.0,1986.0,A01,0.0,7,0,0.0,1.0,4.0,4.0,12,30,1610,1,2,7,5,6,3,7,2,2
11042,201600004938,0.0,3,4,1,0.0,0.0,0.0,2.0,1929.0,A01,0.0,7,0,0.0,1.0,4.0,4.0,12,30,1610,1,2,7,5,6,3,7,2,2
11043,201600004938,0.0,3,4,2,0.0,0.0,0.0,2.0,1931.0,A01,0.0,7,0,0.0,1.0,4.0,4.0,12,30,1610,1,2,7,5,6,3,7,2,2
11047,201600004940,1.0,1,1,1,11.0,0.0,0.0,0.0,1995.0,C01,2.0,7,0,0.0,2.0,2.0,21.0,1,30,805,1,1,1,2,5,1,7,2,2
11048,201600004940,1.0,1,3,1,11.0,0.0,0.0,0.0,1949.0,B01,2.0,7,0,0.0,2.0,1.0,21.0,1,30,805,1,1,1,2,5,1,7,2,2
11049,201600004940,2.0,2,3,2,11.0,0.0,0.0,0.0,1948.0,B01,2.0,7,0,0.0,2.0,1.0,21.0,1,30,805,1,1,1,2,5,1,7,2,2
11050,201600004940,1.0,1,3,1,11.0,0.0,0.0,0.0,1964.0,A01,1.0,7,0,0.0,2.0,1.0,13.0,1,30,805,1,1,1,2,5,1,7,2,2
11051,201600004941,1.0,1,1,1,11.0,0.0,0.0,0.0,1953.0,A01,1.0,7,0,0.0,1.0,3.0,16.0,1,27,1200,1,2,3,1,6,2,7,2,2
11052,201600004941,0.0,3,3,1,0.0,3.0,3.0,1.0,1929.0,A01,1.0,7,0,0.0,1.0,3.0,16.0,1,27,1200,1,2,3,1,6,2,7,2,2
11053,201600004942,1.0,1,1,1,13.0,0.0,0.0,0.0,1984.0,A01,0.0,7,0,0.0,1.0,1.0,1.0,2,16,1230,1,2,1,1,6,2,7,2,2
11054,201600004942,0.0,3,2,2,0.0,3.0,3.0,1.0,1925.0,A01,0.0,7,0,0.0,1.0,1.0,1.0,2,16,1230,1,2,1,1,6,2,7,2,2
11055,201600004943,1.0,1,4,1,21.0,0.0,0.0,0.0,1958.0,A01,2.0,31,0,0.0,2.0,7.0,17.0,6,6,1800,1,2,9,1,3,4,7,1,2
11056,201600004943,1.0,1,1,2,11.0,0.0,0.0,0.0,1980.0,B01,2.0,7,0,0.0,2.0,8.0,15.0,6,6,1800,1,2,9,1,3,4,31,2,1
11057,201600004944,0.0,3,3,1,0.0,1.0,5.0,1.0,2009.0,A01,1.0,7,0,0.0,1.0,2.0,1.0,6,29,1840,1,2,1,1,6,4,7,2,2
11058,201600004944,1.0,1,1,1,11.0,0.0,0.0,0.0,1931.0,A01,1.0,7,0,0.0,1.0,2.0,1.0,6,29,1840,1,2,1,1,6,4,7,2,2
11059,201600004945,1.0,1,3,1,21.0,0.0,0.0,0.0,2001.0,A01,1.0,30,0,12.0,0.0,5.0,1.0,7,10,1925,1,1,1,1,7,4,30,1,1
11060,201600004946,1.0,1,1,2,11.0,0.0,0.0,0.0,1974.0,A01,1.0,7,0,0.0,2.0,1.0,19.0,7,11,2045,1,2,2,1,1,4,2,2,1
11061,201600004946,1.0,1,3,1,21.0,0.0,0.0,0.0,1993.0,B01,1.0,2,0,0.0,2.0,8.0,1.0,7,11,2045,1,2,2,1,1,4,7,1,2
11062,201600004947,1.0,1,3,2,11.0,0.0,0.0,0.0,1964.0,A01,2.0,7,0,1.0,0.0,2.0,14.0,8,20,1745,1,2,1,1,6,3,7,2,2
11063,201600004948,1.0,1,4,1,21.0,0.0,0.0,0.0,1996.0,A01,1.0,30,0,0.0,2.0,1.0,13.0,10,29,925,1,2,3,1,1,1,10,1,2
11064,201600004948,1.0,1,1,1,11.0,0.0,0.0,0.0,1973.0,B01,0.0,10,0,0.0,2.0,7.0,1.0,10,29,925,1,2,3,1,1,1,30,2,1
11065,201600004949,1.0,1,1,1,11.0,0.0,0.0,0.0,1926.0,A01,0.0,7,0,0.0,1.0,2.0,1.0,11,5,1459,1,2,7,7,6,3,7,2,2
11066,201600004949,0.0,3,4,2,0.0,3.0,3.0,2.0,1974.0,A01,0.0,7,0,0.0,1.0,2.0,1.0,11,5,1459,1,2,7,7,6,3,7,2,2
11067,201600004950,1.0,1,1,2,13.0,0.0,0.0,0.0,1987.0,A01,1.0,7,0,0.0,9.0,1.0,15.0,11,10,820,1,2,3,2,3,1,1,2,1
11068,201600004950,1.0,1,4,2,93.0,0.0,0.0,0.0,1941.0,B01,2.0,1,0,0.0,2.0,7.0,1.0,11,10,820,1,2,3,2,3,1,7,1,2
11069,201600004951,1.0,1,4,1,21.0,0.0,0.0,0.0,1980.0,A01,1.0,33,0,0.0,0.0,4.0,1.0,3,12,1700,1,2,4,1,7,3,33,1,1
11070,201600004951,2.0,2,4,2,21.0,0.0,0.0,0.0,1966.0,A01,1.0,33,0,0.0,0.0,4.0,1.0,3,12,1700,1,2,4,1,7,3,33,1,1
11071,201600004952,1.0,1,1,1,11.0,0.0,0.0,0.0,1958.0,B02,1.0,7,0,0.0,2.0,8.0,1.0,4,30,1800,1,2,6,2,3,4,7,2,2
11072,201600004952,2.0,2,1,1,11.0,0.0,0.0,0.0,1999.0,B02,1.0,7,0,0.0,2.0,8.0,1.0,4,30,1800,1,2,6,2,3,4,7,2,2
11073,201600004952,1.0,1,3,1,11.0,0.0,0.0,0.0,1948.0,A01,2.0,7,0,0.0,2.0,1.0,13.0,4,30,1800,1,2,6,2,3,4,7,2,2
11074,201600004952,2.0,2,1,1,11.0,0.0,0.0,0.0,1948.0,A01,2.0,7,0,0.0,2.0,1.0,13.0,4,30,1800,1,2,6,2,3,4,7,2,2
11075,201600004953,1.0,1,3,2,11.0,0.0,0.0,0.0,1993.0,B02,2.0,7,0,0.0,2.0,3.0,2.0,6,11,1430,1,2,1,1,6,3,7,2,2
11076,201600004953,0.0,3,3,2,0.0,1.0,3.0,1.0,2000.0,A01,2.0,7,0,0.0,1.0,5.0,2.0,6,11,1430,1,2,1,1,6,3,7,2,2
11077,201600004953,1.0,1,1,1,11.0,0.0,0.0,0.0,1982.0,A01,2.0,7,0,0.0,1.0,5.0,2.0,6,11,1430,1,2,1,1,6,3,7,2,2
11078,201600004954,1.0,1,1,1,21.0,0.0,0.0,0.0,1981.0,A01,1.0,33,0,0.0,1.0,3.0,3.0,6,14,915,1,1,1,2,6,1,33,1,1
11079,201600004954,0.0,3,3,1,0.0,3.0,3.0,1.0,2002.0,A01,1.0,33,0,0.0,1.0,3.0,3.0,6,14,915,1,1,1,2,6,1,33,1,1
11080,201600004955,5.0,2,4,2,11.0,0.0,0.0,0.0,1996.0,B02,2.0,7,0,0.0,2.0,1.0,13.0,7,3,1700,1,1,1,1,1,3,7,2,2
11081,201600004955,4.0,2,3,2,11.0,0.0,0.0,0.0,1997.0,B02,2.0,7,0,0.0,2.0,1.0,13.0,7,3,1700,1,1,1,1,1,3,7,2,2
11082,201600004955,2.0,2,4,1,11.0,0.0,0.0,0.0,1989.0,B02,2.0,7,0,0.0,2.0,1.0,13.0,7,3,1700,1,1,1,1,1,3,7,2,2
11083,201600004955,1.0,1,1,1,11.0,0.0,0.0,0.0,1996.0,B02,2.0,7,0,0.0,2.0,1.0,13.0,7,3,1700,1,1,1,1,1,3,7,2,2
11084,201600004955,5.0,2,1,2,11.0,0.0,0.0,0.0,1978.0,A01,1.0,7,0,0.0,2.0,2.0,1.0,7,3,1700,1,1,1,1,1,3,7,2,2
11085,201600004955,3.0,2,3,2,11.0,0.0,0.0,0.0,1998.0,A01,1.0,7,0,0.0,2.0,2.0,1.0,7,3,1700,1,1,1,1,1,3,7,2,2
11086,201600004955,2.0,2,4,2,11.0,0.0,0.0,0.0,1971.0,A01,1.0,7,0,0.0,2.0,2.0,1.0,7,3,1700,1,1,1,1,1,3,7,2,2
11087,201600004955,1.0,1,1,1,11.0,0.0,0.0,0.0,1971.0,A01,1.0,7,0,0.0,2.0,2.0,1.0,7,3,1700,1,1,1,1,1,3,7,2,2
11088,201600004955,4.0,2,1,2,11.0,0.0,0.0,0.0,2003.0,A01,1.0,7,0,0.0,2.0,2.0,1.0,7,3,1700,1,1,1,1,1,3,7,2,2
11089,201600004956,1.0,1,3,1,11.0,0.0,0.0,0.0,1991.0,A01,2.0,7,0,15.0,0.0,8.0,1.0,7,9,315,4,2,1,1,6,0,7,2,2
11090,201600004956,2.0,2,3,1,11.0,0.0,0.0,0.0,1971.0,A01,2.0,7,0,15.0,0.0,8.0,1.0,7,9,315,4,2,1,1,6,0,7,2,2
11091,201600004957,1.0,1,1,1,11.0,0.0,0.0,0.0,1989.0,B02,2.0,7,0,0.0,2.0,8.0,1.0,7,28,715,1,2,6,1,3,1,33,2,1
11092,201600004957,1.0,1,3,1,21.0,0.0,0.0,0.0,1967.0,A01,2.0,33,0,0.0,2.0,1.0,16.0,7,28,715,1,2,6,1,3,1,7,1,2
11093,201600004958,1.0,1,4,1,11.0,0.0,0.0,0.0,1991.0,A01,1.0,7,0,0.0,2.0,3.0,1.0,2,18,2145,3,1,1,1,1,4,7,2,2
11094,201600004958,1.0,1,4,1,11.0,0.0,0.0,0.0,1973.0,B02,2.0,7,0,0.0,2.0,3.0,13.0,2,18,2145,3,1,1,1,1,4,7,2,2
11095,201600004959,1.0,1,3,1,21.0,0.0,0.0,0.0,1996.0,A01,2.0,33,0,0.0,0.0,8.0,1.0,5,6,1600,1,1,1,1,6,3,33,1,1
11096,201600004960,1.0,1,3,2,21.0,0.0,0.0,0.0,1983.0,A01,1.0,33,0,3.0,0.0,8.0,1.0,5,6,1945,1,1,1,1,6,4,33,1,1
11097,201600004961,1.0,1,4,1,21.0,0.0,0.0,0.0,1993.0,A01,1.0,33,0,0.0,2.0,0.0,1.0,7,11,1945,1,1,1,1,1,4,7,1,2
11098,201600004961,1.0,1,1,2,13.0,0.0,0.0,0.0,1962.0,B02,2.0,7,0,0.0,0.0,0.0,17.0,7,11,1945,1,1,1,1,1,4,33,2,1
11099,201600004962,1.0,1,3,2,11.0,0.0,0.0,0.0,1937.0,A01,1.0,7,0,13.0,0.0,2.0,1.0,9,30,1815,1,1,1,1,7,4,7,2,2
11100,201600004963,1.0,1,1,1,11.0,0.0,0.0,0.0,1963.0,A01,1.0,7,0,0.0,2.0,1.0,1.0,11,11,945,1,2,3,1,1,1,30,2,1
11101,201600004963,1.0,1,3,1,21.0,0.0,0.0,0.0,1973.0,B02,2.0,30,0,0.0,2.0,1.0,15.0,11,11,945,1,2,3,1,1,1,7,1,2
11102,201600004964,1.0,1,4,1,11.0,0.0,0.0,0.0,1970.0,A01,2.0,7,0,0.0,2.0,3.0,15.0,12,10,1900,5,2,3,1,1,4,7,2,2
11103,201600004964,1.0,1,4,1,11.0,0.0,0.0,0.0,1989.0,B02,1.0,7,0,0.0,2.0,3.0,1.0,12,10,1900,5,2,3,1,1,4,7,2,2
11104,201600004965,1.0,1,3,1,11.0,0.0,0.0,0.0,1996.0,A01,1.0,7,0,13.0,0.0,1.0,1.0,7,31,945,1,1,1,1,6,1,7,2,2
11105,201600004966,1.0,1,3,1,12.0,0.0,0.0,0.0,1962.0,A01,0.0,7,0,3.0,0.0,3.0,0.0,9,9,2330,3,1,1,1,6,5,7,2,2
11106,201600004967,1.0,1,2,1,11.0,0.0,0.0,0.0,1944.0,A01,0.0,7,0,16.0,0.0,0.0,19.0,9,11,1245,1,2,1,1,7,2,7,2,2
11107,201600004968,1.0,1,1,1,11.0,0.0,0.0,0.0,1969.0,A01,1.0,7,0,0.0,1.0,1.0,1.0,2,13,1115,1,2,1,1,6,1,7,2,2
11108,201600004968,0.0,3,4,2,0.0,2.0,3.0,1.0,1945.0,A01,1.0,7,0,0.0,1.0,1.0,1.0,2,13,1115,1,2,1,1,6,1,7,2,2
11109,201600004969,1.0,1,1,1,11.0,0.0,0.0,0.0,1974.0,C03,2.0,7,0,0.0,2.0,3.0,0.0,5,19,1545,1,1,1,2,5,3,7,2,2
11110,201600004969,1.0,1,3,2,11.0,0.0,0.0,0.0,1994.0,A01,1.0,7,0,0.0,2.0,8.0,17.0,5,19,1545,1,1,1,2,5,3,7,2,2
11111,201600004969,1.0,1,1,1,11.0,0.0,0.0,0.0,1945.0,B02,2.0,7,0,0.0,2.0,3.0,1.0,5,19,1545,1,1,1,2,5,3,7,2,2
11112,201600004970,1.0,1,1,1,13.0,0.0,0.0,0.0,1982.0,A01,1.0,7,0,0.0,2.0,2.0,2.0,7,1,1745,1,1,1,1,2,3,1,2,1
11113,201600004970,2.0,2,1,1,13.0,0.0,0.0,0.0,1970.0,A01,1.0,7,0,0.0,2.0,2.0,2.0,7,1,1745,1,1,1,1,2,3,1,2,1
11114,201600004970,5.0,2,1,1,13.0,0.0,0.0,0.0,1978.0,A01,1.0,7,0,0.0,2.0,2.0,2.0,7,1,1745,1,1,1,1,2,3,1,2,1
11115,201600004970,1.0,1,2,1,21.0,0.0,0.0,0.0,1959.0,B02,1.0,1,0,0.0,2.0,4.0,2.0,7,1,1745,1,1,1,1,2,3,7,1,2
11116,201600004971,1.0,1,1,1,11.0,0.0,0.0,0.0,1971.0,B02,1.0,10,0,0.0,2.0,1.0,1.0,7,12,1515,1,1,1,1,1,3,7,2,2
11117,201600004971,1.0,1,3,2,11.0,0.0,0.0,0.0,1956.0,A01,2.0,7,0,0.0,2.0,2.0,1.0,7,12,1515,1,1,1,1,1,3,10,2,2
11118,201600004972,1.0,1,4,1,13.0,0.0,0.0,0.0,1969.0,A01,2.0,7,0,0.0,2.0,4.0,2.0,8,2,1730,1,1,1,1,5,3,99,2,0
11119,201600004972,1.0,1,4,1,11.0,0.0,0.0,0.0,1943.0,B02,2.0,7,0,0.0,2.0,4.0,2.0,8,2,1730,1,1,1,1,5,3,99,2,0
11120,201600004972,1.0,1,1,1,13.0,0.0,0.0,0.0,1981.0,C03,2.0,99,0,0.0,2.0,1.0,17.0,8,2,1730,1,1,1,1,5,3,7,0,2
11121,201600004973,1.0,1,3,1,21.0,0.0,0.0,0.0,1993.0,A01,2.0,1,0,10.0,0.0,1.0,1.0,8,23,1930,2,1,1,1,6,4,1,1,1
11122,201600004974,4.0,2,3,2,11.0,0.0,0.0,0.0,1934.0,A01,0.0,7,0,2.0,0.0,1.0,1.0,9,5,1445,1,2,1,1,6,3,7,2,2
11123,201600004974,1.0,1,1,1,11.0,0.0,0.0,0.0,1939.0,A01,0.0,7,0,2.0,0.0,1.0,1.0,9,5,1445,1,2,1,1,6,3,7,2,2
11124,201600004974,2.0,2,3,1,11.0,0.0,0.0,0.0,1936.0,A01,0.0,7,0,2.0,0.0,1.0,1.0,9,5,1445,1,2,1,1,6,3,7,2,2
11125,201600004974,3.0,2,2,2,11.0,0.0,0.0,0.0,1936.0,A01,0.0,7,0,2.0,0.0,1.0,1.0,9,5,1445,1,2,1,1,6,3,7,2,2
11126,201600004975,1.0,1,4,2,11.0,0.0,0.0,0.0,1985.0,C03,1.0,7,0,0.0,2.0,1.0,2.0,9,28,1930,3,1,1,1,5,4,10,2,2
11127,201600004975,1.0,1,2,2,11.0,0.0,0.0,0.0,1996.0,A01,2.0,7,0,0.0,2.0,3.0,5.0,9,28,1930,3,1,1,1,5,4,10,2,2
11128,201600004975,1.0,1,4,1,11.0,0.0,0.0,0.0,1978.0,B02,1.0,10,0,0.0,2.0,3.0,1.0,9,28,1930,3,1,1,1,5,4,7,2,2
11129,201600004976,1.0,1,1,2,11.0,0.0,0.0,0.0,1928.0,A01,1.0,7,0,0.0,1.0,3.0,1.0,9,30,1615,1,2,9,1,6,3,7,2,2
11130,201600004976,0.0,3,3,2,0.0,4.0,9.0,1.0,1926.0,A01,1.0,7,0,0.0,1.0,3.0,1.0,9,30,1615,1,2,9,1,6,3,7,2,2
11131,201600004977,1.0,1,4,1,11.0,0.0,0.0,0.0,1968.0,B02,1.0,7,0,0.0,2.0,6.0,15.0,10,28,1915,5,2,2,1,3,4,33,2,1
11132,201600004977,1.0,1,2,1,21.0,0.0,0.0,0.0,1988.0,A01,2.0,33,0,0.0,2.0,1.0,1.0,10,28,1915,5,2,2,1,3,4,7,1,2
11133,201600004978,1.0,1,1,1,11.0,0.0,0.0,0.0,1995.0,B02,2.0,13,0,0.0,2.0,1.0,1.0,11,11,1800,3,1,1,3,5,4,7,3,2
11134,201600004978,1.0,1,3,1,11.0,0.0,0.0,0.0,1978.0,A01,1.0,7,0,0.0,2.0,2.0,5.0,11,11,1800,3,1,1,3,5,4,13,2,3
11135,201600004978,1.0,1,1,1,11.0,0.0,0.0,0.0,1991.0,C03,2.0,7,0,0.0,2.0,1.0,1.0,11,11,1800,3,1,1,3,5,4,13,2,3
11136,201600004979,1.0,1,4,1,11.0,0.0,0.0,0.0,1934.0,A01,2.0,7,0,0.0,2.0,6.0,15.0,11,27,1200,1,1,1,1,2,2,7,2,2
11137,201600004979,1.0,1,4,2,11.0,0.0,0.0,0.0,1966.0,B02,2.0,7,0,0.0,2.0,1.0,1.0,11,27,1200,1,1,1,1,2,2,7,2,2
11138,201600004980,1.0,1,1,1,13.0,0.0,0.0,0.0,1975.0,A01,1.0,7,0,0.0,1.0,1.0,1.0,12,9,1530,1,2,1,1,6,3,7,2,2
11139,201600004980,0.0,3,3,2,0.0,2.0,3.0,1.0,2006.0,A01,1.0,7,0,0.0,1.0,1.0,1.0,12,9,1530,1,2,1,1,6,3,7,2,2
11140,201600004981,1.0,1,3,1,21.0,0.0,0.0,0.0,1962.0,A01,2.0,33,0,0.0,0.0,0.0,1.0,1,3,1000,1,1,1,8,7,1,33,1,1
11141,201600004982,1.0,1,3,1,21.0,0.0,0.0,0.0,1972.0,A01,1.0,30,0,0.0,2.0,1.0,1.0,1,12,2015,3,1,1,1,1,4,7,1,2
11142,201600004982,1.0,1,1,2,11.0,0.0,0.0,0.0,1962.0,B02,2.0,7,0,0.0,2.0,2.0,1.0,1,12,2015,3,1,1,1,1,4,30,2,1
11143,201600004983,1.0,1,1,2,11.0,0.0,0.0,0.0,1976.0,A01,2.0,7,0,0.0,2.0,2.0,1.0,1,25,745,2,1,3,1,3,1,7,2,2
11144,201600004983,1.0,1,3,2,11.0,0.0,0.0,0.0,1983.0,B02,1.0,7,0,0.0,2.0,3.0,19.0,1,25,745,2,1,3,1,3,1,7,2,2
11145,201600004984,1.0,1,3,2,11.0,0.0,0.0,0.0,1994.0,A01,1.0,7,0,0.0,2.0,1.0,13.0,3,5,2200,3,1,1,1,1,5,10,2,2
11146,201600004984,2.0,2,3,1,11.0,0.0,0.0,0.0,1994.0,A01,1.0,7,0,0.0,2.0,1.0,13.0,3,5,2200,3,1,1,1,1,5,10,2,2
11147,201600004984,1.0,1,3,1,11.0,0.0,0.0,0.0,1979.0,B02,2.0,10,0,0.0,2.0,1.0,1.0,3,5,2200,3,1,1,1,1,5,7,2,2
11148,201600004985,1.0,1,3,1,13.0,0.0,0.0,0.0,1977.0,A01,1.0,7,0,6.0,0.0,1.0,1.0,3,13,2315,3,2,6,1,6,5,7,2,2
11149,201600004986,1.0,1,3,1,21.0,0.0,0.0,0.0,2001.0,A01,0.0,30,0,16.0,0.0,8.0,13.0,3,13,1700,1,1,1,1,7,3,30,1,1
11150,201600004987,1.0,1,2,1,21.0,0.0,0.0,0.0,1998.0,A01,1.0,30,0,0.0,2.0,1.0,13.0,3,30,1900,1,1,1,1,1,4,7,1,2
11151,201600004987,1.0,1,3,2,11.0,0.0,0.0,0.0,1981.0,B02,2.0,7,0,0.0,2.0,1.0,1.0,3,30,1900,1,1,1,1,1,4,30,2,1
11152,201600004988,1.0,1,3,2,11.0,0.0,0.0,0.0,1998.0,A01,2.0,7,0,0.0,2.0,3.0,13.0,8,16,1745,1,1,1,1,1,3,7,2,2
11153,201600004988,2.0,2,3,1,11.0,0.0,0.0,0.0,1998.0,A01,2.0,7,0,0.0,2.0,3.0,13.0,8,16,1745,1,1,1,1,1,3,7,2,2
11154,201600004988,1.0,1,1,1,11.0,0.0,0.0,0.0,1988.0,B02,1.0,7,0,0.0,2.0,1.0,1.0,8,16,1745,1,1,1,1,1,3,7,2,2
11155,201600004989,1.0,1,4,1,11.0,0.0,0.0,0.0,1989.0,B02,0.0,7,0,0.0,2.0,3.0,1.0,8,30,745,1,1,2,1,3,1,7,2,2
11156,201600004989,1.0,1,4,1,11.0,0.0,0.0,0.0,1982.0,A01,0.0,7,0,0.0,2.0,1.0,0.0,8,30,745,1,1,2,1,3,1,7,2,2
11157,201600004990,0.0,3,2,2,0.0,4.0,0.0,1.0,1923.0,A01,0.0,10,0,0.0,1.0,2.0,1.0,8,30,915,1,2,1,7,6,1,10,2,2
11158,201600004990,1.0,1,1,1,13.0,0.0,0.0,0.0,1987.0,A01,0.0,10,0,0.0,1.0,2.0,1.0,8,30,915,1,2,1,7,6,1,10,2,2
11159,201600004991,1.0,1,3,1,21.0,0.0,0.0,0.0,1992.0,A01,1.0,33,0,15.0,0.0,1.0,1.0,9,11,1445,1,2,1,1,6,3,33,1,1
11160,201600004992,1.0,1,1,2,11.0,0.0,0.0,0.0,1963.0,A01,2.0,7,0,0.0,2.0,6.0,17.0,9,26,715,1,1,1,1,2,1,31,2,1
11161,201600004992,1.0,1,3,1,21.0,0.0,0.0,0.0,1967.0,B02,2.0,31,0,0.0,2.0,7.0,17.0,9,26,715,1,1,1,1,2,1,7,1,2
11162,201600004993,1.0,1,2,1,13.0,0.0,0.0,0.0,1930.0,A01,1.0,7,0,13.0,0.0,7.0,14.0,10,6,1030,1,1,1,1,7,1,7,2,2
11163,201600004994,1.0,1,2,1,21.0,0.0,0.0,0.0,1979.0,A01,1.0,33,0,12.0,2.0,1.0,13.0,10,10,1910,1,2,6,1,3,4,10,1,2
11164,201600004994,1.0,1,1,1,11.0,0.0,0.0,0.0,1989.0,B02,2.0,10,0,0.0,0.0,6.0,1.0,10,10,1910,1,2,6,1,3,4,33,2,1
11165,201600004995,1.0,1,1,1,11.0,0.0,0.0,0.0,1955.0,A01,1.0,7,0,0.0,2.0,6.0,1.0,10,19,1630,1,1,1,1,5,3,33,2,1
11166,201600004995,1.0,1,3,1,21.0,0.0,0.0,0.0,1993.0,B02,1.0,33,0,0.0,2.0,1.0,2.0,10,19,1630,1,1,1,1,5,3,7,1,2
11167,201600004995,1.0,1,1,1,11.0,0.0,0.0,0.0,1957.0,C03,2.0,7,0,0.0,2.0,3.0,5.0,10,19,1630,1,1,1,1,5,3,33,2,1
11168,201600004996,1.0,1,4,1,11.0,0.0,0.0,0.0,1998.0,A01,2.0,7,0,0.0,2.0,3.0,13.0,11,19,630,3,1,1,1,1,1,7,2,2
11169,201600004996,1.0,1,3,1,11.0,0.0,0.0,0.0,1963.0,B02,1.0,7,0,0.0,2.0,3.0,1.0,11,19,630,3,1,1,1,1,1,7,2,2
11170,201600004997,1.0,1,3,1,21.0,0.0,0.0,0.0,1999.0,A01,2.0,2,0,0.0,0.0,6.0,15.0,11,23,1815,5,2,6,1,7,4,2,1,1
11171,201600004998,5.0,2,1,1,11.0,0.0,0.0,0.0,2012.0,B02,0.0,7,0,0.0,2.0,8.0,1.0,11,16,1615,1,1,1,1,3,3,7,2,2
11172,201600004998,2.0,2,4,2,11.0,0.0,0.0,0.0,1982.0,B02,0.0,7,0,0.0,2.0,8.0,1.0,11,16,1615,1,1,1,1,3,3,7,2,2
11173,201600004998,5.0,2,1,2,11.0,0.0,0.0,0.0,2009.0,B02,0.0,7,0,0.0,2.0,8.0,1.0,11,16,1615,1,1,1,1,3,3,7,2,2
11174,201600004998,1.0,1,1,2,11.0,0.0,0.0,0.0,1978.0,B02,0.0,7,0,0.0,2.0,8.0,1.0,11,16,1615,1,1,1,1,3,3,7,2,2
11175,201600004998,1.0,1,1,1,11.0,0.0,0.0,0.0,1940.0,A01,0.0,7,0,0.0,2.0,1.0,19.0,11,16,1615,1,1,1,1,3,3,7,2,2
11176,201600004999,1.0,1,4,2,11.0,0.0,0.0,0.0,1998.0,A01,1.0,7,0,0.0,2.0,3.0,13.0,5,4,1530,1,1,1,1,5,3,7,2,2
11177,201600004999,2.0,2,1,1,11.0,0.0,0.0,0.0,1960.0,A01,1.0,7,0,0.0,2.0,3.0,13.0,5,4,1530,1,1,1,1,5,3,7,2,2
11178,201600004999,1.0,1,1,2,11.0,0.0,0.0,0.0,1981.0,B02,2.0,7,0,0.0,2.0,8.0,1.0,5,4,1530,1,1,1,1,5,3,7,2,2
11179,201600004999,1.0,1,4,2,11.0,0.0,0.0,0.0,1967.0,C03,2.0,7,0,0.0,2.0,3.0,1.0,5,4,1530,1,1,1,1,5,3,7,2,2
11180,201600004999,2.0,2,3,2,11.0,0.0,0.0,0.0,2007.0,C03,2.0,7,0,0.0,2.0,3.0,1.0,5,4,1530,1,1,1,1,5,3,7,2,2
11181,201600005000,2.0,2,1,1,12.0,0.0,0.0,0.0,1998.0,A01,1.0,7,0,6.0,0.0,1.0,14.0,5,13,245,5,2,1,2,6,0,7,2,2
11182,201600005000,1.0,1,3,1,11.0,0.0,0.0,0.0,1995.0,A01,1.0,7,0,6.0,0.0,1.0,14.0,5,13,245,5,2,1,2,6,0,7,2,2
11183,201600005001,1.0,1,3,1,11.0,0.0,0.0,0.0,1977.0,B02,1.0,7,0,0.0,2.0,1.0,1.0,6,14,1015,1,1,2,1,3,1,7,2,2
11184,201600005001,1.0,1,2,1,11.0,0.0,0.0,0.0,1941.0,A01,1.0,7,0,0.0,0.0,8.0,19.0,6,14,1015,1,1,2,1,3,1,7,2,2
11185,201600005001,2.0,2,4,2,11.0,0.0,0.0,0.0,1972.0,A01,1.0,7,0,0.0,0.0,8.0,19.0,6,14,1015,1,1,2,1,3,1,7,2,2
11186,201600005002,1.0,1,4,1,21.0,0.0,0.0,0.0,1978.0,A01,2.0,33,0,0.0,2.0,7.0,1.0,9,23,1815,1,2,2,1,3,4,7,1,2
11187,201600005002,1.0,1,1,1,11.0,0.0,0.0,0.0,1960.0,B02,2.0,7,0,0.0,2.0,3.0,19.0,9,23,1815,1,2,2,1,3,4,33,2,1
11188,201600005003,3.0,2,1,1,31.0,0.0,0.0,0.0,2016.0,B02,1.0,7,0,0.0,2.0,3.0,1.0,9,28,1715,1,1,1,1,1,3,7,2,2
11189,201600005003,4.0,2,1,1,31.0,0.0,0.0,0.0,2014.0,B02,1.0,7,0,0.0,2.0,3.0,1.0,9,28,1715,1,1,1,1,1,3,7,2,2