,Num_Acc,place,catu,grav,sexe,secu,locp,actp,etatp,an_nais,num_veh,senc,catv,occutc,obs,obsm,choc,manv,mois,jour,hrmn,lum,agg,int,atm,col,mom,catvopp,catv_gen,catvopp_gen
11190,201600005003,1.0,1,1,2,11.0,0.0,0.0,0.0,1995.0,B02,1.0,7,0,0.0,2.0,3.0,1.0,9,28,1715,1,1,1,1,1,3,7,2,2
11191,201600005003,2.0,2,1,1,11.0,0.0,0.0,0.0,1993.0,B02,1.0,7,0,0.0,2.0,3.0,1.0,9,28,1715,1,1,1,1,1,3,7,2,2
11192,201600005003,2.0,2,3,1,13.0,0.0,0.0,0.0,1980.0,A01,2.0,7,0,0.0,2.0,2.0,1.0,9,28,1715,1,1,1,1,1,3,7,2,2
11193,201600005003,1.0,1,1,2,13.0,0.0,0.0,0.0,1966.0,A01,2.0,7,0,0.0,2.0,2.0,1.0,9,28,1715,1,1,1,1,1,3,7,2,2
11194,201600005004,1.0,1,1,1,11.0,0.0,0.0,0.0,1997.0,A01,0.0,7,0,6.0,0.0,1.0,1.0,3,22,1030,1,2,1,1,6,1,7,2,2
11195,201600005004,2.0,2,4,2,11.0,0.0,0.0,0.0,2001.0,A01,0.0,7,0,6.0,0.0,1.0,1.0,3,22,1030,1,2,1,1,6,1,7,2,2
11196,201600005004,3.0,2,1,1,12.0,0.0,0.0,0.0,1996.0,A01,0.0,7,0,6.0,0.0,1.0,1.0,3,22,1030,1,2,1,1,6,1,7,2,2
11197,201600005004,4.0,2,4,2,12.0,0.0,0.0,0.0,2000.0,A01,0.0,7,0,6.0,0.0,1.0,1.0,3,22,1030,1,2,1,1,6,1,7,2,2
11198,201600005004,5.0,2,4,1,12.0,0.0,0.0,0.0,1998.0,A01,0.0,7,0,6.0,0.0,1.0,1.0,3,22,1030,1,2,1,1,6,1,7,2,2
11199,201600005005,1.0,1,2,1,11.0,0.0,0.0,0.0,1938.0,A01,2.0,7,0,2.0,0.0,3.0,13.0,3,29,830,1,1,1,1,6,1,7,2,2
11200,201600005006,1.0,1,3,2,11.0,0.0,0.0,0.0,1976.0,A01,2.0,7,0,0.0,2.0,1.0,13.0,5,25,1630,1,1,1,1,1,3,7,2,2
11201,201600005006,1.0,1,3,1,11.0,0.0,0.0,0.0,1943.0,B02,1.0,7,0,0.0,2.0,1.0,1.0,5,25,1630,1,1,1,1,1,3,7,2,2
11202,201600005006,2.0,2,4,2,11.0,0.0,0.0,0.0,1948.0,B02,1.0,7,0,0.0,2.0,1.0,1.0,5,25,1630,1,1,1,1,1,3,7,2,2
11203,201600005007,1.0,1,3,1,12.0,0.0,0.0,0.0,1986.0,A01,2.0,7,0,0.0,2.0,1.0,13.0,6,3,1000,1,1,1,1,1,1,10,2,2
11204,201600005007,1.0,1,3,1,13.0,0.0,0.0,0.0,1984.0,B02,1.0,10,0,0.0,2.0,1.0,1.0,6,3,1000,1,1,1,1,1,1,7,2,2
11205,201600005008,5.0,2,3,1,11.0,0.0,0.0,0.0,1998.0,A01,1.0,7,0,8.0,0.0,7.0,0.0,8,8,1045,1,1,1,1,6,1,7,2,2
11206,201600005008,4.0,2,3,1,11.0,0.0,0.0,0.0,1997.0,A01,1.0,7,0,8.0,0.0,7.0,0.0,8,8,1045,1,1,1,1,6,1,7,2,2
11207,201600005008,2.0,2,2,1,11.0,0.0,0.0,0.0,1998.0,A01,1.0,7,0,8.0,0.0,7.0,0.0,8,8,1045,1,1,1,1,6,1,7,2,2
11208,201600005008,3.0,2,4,1,11.0,0.0,0.0,0.0,1998.0,A01,1.0,7,0,8.0,0.0,7.0,0.0,8,8,1045,1,1,1,1,6,1,7,2,2
11209,201600005008,1.0,1,4,1,11.0,0.0,0.0,0.0,1997.0,A01,1.0,7,0,8.0,0.0,7.0,0.0,8,8,1045,1,1,1,1,6,1,7,2,2
11210,201600005009,1.0,1,1,1,21.0,0.0,0.0,0.0,1961.0,A01,2.0,33,0,0.0,2.0,4.0,2.0,9,6,1730,1,1,1,1,2,3,33,1,1
11211,201600005009,1.0,1,3,1,21.0,0.0,0.0,0.0,1983.0,B02,2.0,33,0,0.0,2.0,1.0,2.0,9,6,1730,1,1,1,1,2,3,33,1,1
11212,201600005010,1.0,1,4,1,11.0,0.0,0.0,0.0,1993.0,A01,1.0,7,0,6.0,0.0,2.0,15.0,9,22,2030,5,2,1,1,6,4,7,2,2
11213,201600005010,2.0,2,3,2,11.0,0.0,0.0,0.0,1995.0,A01,1.0,7,0,6.0,0.0,2.0,15.0,9,22,2030,5,2,1,1,6,4,7,2,2
11214,201600005011,1.0,1,2,1,11.0,0.0,0.0,0.0,1995.0,A01,1.0,7,0,0.0,2.0,1.0,17.0,9,24,700,1,1,1,1,5,1,7,2,2
11215,201600005011,1.0,1,4,1,11.0,0.0,0.0,0.0,1974.0,B02,2.0,7,0,0.0,2.0,1.0,1.0,9,24,700,1,1,1,1,5,1,7,2,2
11216,201600005011,2.0,2,1,2,11.0,0.0,0.0,0.0,1973.0,B02,2.0,7,0,0.0,2.0,1.0,1.0,9,24,700,1,1,1,1,5,1,7,2,2
11217,201600005011,1.0,1,3,1,11.0,0.0,0.0,0.0,1958.0,C03,2.0,7,0,0.0,2.0,1.0,1.0,9,24,700,1,1,1,1,5,1,7,2,2
11218,201600005011,2.0,2,4,1,11.0,0.0,0.0,0.0,2005.0,C03,2.0,7,0,0.0,2.0,1.0,1.0,9,24,700,1,1,1,1,5,1,7,2,2
11219,201600005011,1.0,1,1,1,11.0,0.0,0.0,0.0,1989.0,D04,1.0,7,0,0.0,2.0,8.0,1.0,9,24,700,1,1,1,1,5,1,7,2,2
11220,201600005012,1.0,1,3,1,11.0,0.0,0.0,0.0,1962.0,A01,1.0,7,0,4.0,0.0,1.0,0.0,9,24,1845,1,2,9,1,6,4,7,2,2
11221,201600005012,5.0,2,4,2,11.0,0.0,0.0,0.0,2006.0,A01,1.0,7,0,4.0,0.0,1.0,0.0,9,24,1845,1,2,9,1,6,4,7,2,2
11222,201600005013,2.0,2,4,2,11.0,0.0,0.0,0.0,1989.0,B02,1.0,7,0,0.0,0.0,4.0,15.0,10,5,2215,5,2,1,1,2,5,7,2,2
11223,201600005013,1.0,1,1,2,11.0,0.0,0.0,0.0,1994.0,B02,1.0,7,0,0.0,0.0,4.0,15.0,10,5,2215,5,2,1,1,2,5,7,2,2
11224,201600005013,1.0,1,1,1,11.0,0.0,0.0,0.0,1990.0,A01,1.0,7,0,0.0,0.0,1.0,0.0,10,5,2215,5,2,1,1,2,5,7,2,2
11225,201600005014,1.0,1,3,1,11.0,0.0,0.0,0.0,1938.0,A01,0.0,7,0,6.0,0.0,1.0,16.0,2,10,1145,3,1,1,1,6,1,7,2,2
11226,201600005014,2.0,2,3,2,13.0,0.0,0.0,0.0,1938.0,A01,0.0,7,0,6.0,0.0,1.0,16.0,2,10,1145,3,1,1,1,6,1,7,2,2
11227,201600005015,1.0,1,2,1,11.0,0.0,0.0,0.0,1983.0,A01,1.0,7,0,6.0,0.0,0.0,0.0,2,5,215,3,1,1,1,6,0,7,2,2
11228,201600005016,1.0,1,3,2,11.0,0.0,0.0,0.0,1996.0,A01,0.0,7,0,2.0,0.0,1.0,0.0,4,16,900,1,1,1,1,6,1,7,2,2
11229,201600005017,1.0,1,4,1,11.0,0.0,0.0,0.0,1996.0,A01,0.0,7,0,0.0,2.0,1.0,15.0,4,16,1900,1,1,1,1,6,4,7,2,2
11230,201600005018,1.0,1,4,1,11.0,0.0,0.0,0.0,1966.0,A01,0.0,7,0,0.0,2.0,3.0,1.0,7,7,1845,1,1,1,1,1,4,7,2,2
11231,201600005018,1.0,1,4,1,11.0,0.0,0.0,0.0,1997.0,B02,0.0,7,0,0.0,2.0,1.0,21.0,7,7,1845,1,1,1,1,1,4,7,2,2
11232,201600005019,1.0,1,4,1,11.0,0.0,0.0,0.0,1996.0,A01,0.0,7,0,0.0,2.0,9.0,0.0,7,17,1730,1,1,1,1,6,3,7,2,2
11233,201600005020,1.0,1,4,1,11.0,0.0,0.0,0.0,1994.0,B02,0.0,7,0,0.0,2.0,8.0,0.0,7,30,1100,1,1,6,2,1,1,7,2,2
11234,201600005020,1.0,1,4,2,11.0,0.0,0.0,0.0,1963.0,A01,0.0,7,0,0.0,2.0,2.0,0.0,7,30,1100,1,1,6,2,1,1,7,2,2
11235,201600005021,1.0,1,3,1,11.0,0.0,0.0,0.0,1965.0,B02,1.0,7,0,0.0,2.0,1.0,1.0,8,18,600,5,1,1,1,1,1,7,2,2
11236,201600005021,1.0,1,3,1,11.0,0.0,0.0,0.0,1997.0,A01,2.0,7,0,0.0,2.0,1.0,13.0,8,18,600,5,1,1,1,1,1,7,2,2
11237,201600005022,5.0,2,3,2,11.0,0.0,0.0,0.0,2006.0,B02,2.0,7,0,0.0,2.0,1.0,1.0,9,18,1545,1,1,1,2,1,3,7,2,2
11238,201600005022,4.0,2,3,1,11.0,0.0,0.0,0.0,2003.0,B02,2.0,7,0,0.0,2.0,1.0,1.0,9,18,1545,1,1,1,2,1,3,7,2,2
11239,201600005022,3.0,2,3,1,11.0,0.0,0.0,0.0,1964.0,B02,2.0,7,0,0.0,2.0,1.0,1.0,9,18,1545,1,1,1,2,1,3,7,2,2
11240,201600005022,2.0,2,3,2,11.0,0.0,0.0,0.0,1969.0,B02,2.0,7,0,0.0,2.0,1.0,1.0,9,18,1545,1,1,1,2,1,3,7,2,2
11241,201600005022,1.0,1,3,2,11.0,0.0,0.0,0.0,1994.0,B02,2.0,7,0,0.0,2.0,1.0,1.0,9,18,1545,1,1,1,2,1,3,7,2,2
11242,201600005022,1.0,1,3,1,11.0,0.0,0.0,0.0,1993.0,A01,1.0,7,0,0.0,2.0,1.0,13.0,9,18,1545,1,1,1,2,1,3,7,2,2
11243,201600005023,1.0,1,4,1,11.0,0.0,0.0,0.0,1983.0,A01,1.0,7,0,0.0,2.0,7.0,17.0,9,24,1845,1,1,1,1,3,4,33,2,1
11244,201600005023,1.0,1,3,1,21.0,0.0,0.0,0.0,1995.0,B02,1.0,33,0,0.0,2.0,7.0,17.0,9,24,1845,1,1,1,1,3,4,7,1,2
11245,201600005024,1.0,1,3,1,11.0,0.0,0.0,0.0,1997.0,A01,0.0,7,0,6.0,0.0,2.0,17.0,10,13,1845,5,2,1,3,6,4,7,2,2
11246,201600005024,2.0,2,3,1,11.0,0.0,0.0,0.0,1995.0,A01,0.0,7,0,6.0,0.0,2.0,17.0,10,13,1845,5,2,1,3,6,4,7,2,2
11247,201600005025,2.0,2,3,1,11.0,0.0,0.0,0.0,2000.0,A01,0.0,7,0,8.0,0.0,0.0,0.0,10,15,200,3,2,1,3,6,0,7,2,2
11248,201600005026,1.0,1,3,1,12.0,0.0,0.0,0.0,1972.0,A01,1.0,10,0,13.0,0.0,2.0,21.0,1,3,1900,3,1,1,1,6,4,10,2,2
11249,201600005027,1.0,1,3,1,22.0,0.0,0.0,0.0,1975.0,A01,2.0,1,0,0.0,2.0,1.0,19.0,1,22,1615,1,1,1,1,1,3,7,1,2
11250,201600005027,1.0,1,1,1,11.0,0.0,0.0,0.0,1944.0,B02,1.0,7,0,0.0,9.0,2.0,1.0,1,22,1615,1,1,1,1,1,3,1,2,1
11251,201600005027,2.0,2,1,2,11.0,0.0,0.0,0.0,1943.0,B02,1.0,7,0,0.0,9.0,2.0,1.0,1,22,1615,1,1,1,1,1,3,1,2,1
11252,201600005028,1.0,1,3,1,11.0,0.0,0.0,0.0,1966.0,A01,1.0,7,0,0.0,2.0,1.0,1.0,3,24,1100,1,1,1,1,5,1,7,2,2
11253,201600005028,1.0,1,4,1,11.0,0.0,0.0,0.0,1967.0,C03,2.0,7,0,0.0,2.0,1.0,13.0,3,24,1100,1,1,1,1,5,1,7,2,2
11254,201600005028,1.0,1,4,2,11.0,0.0,0.0,0.0,1955.0,B02,1.0,7,0,0.0,2.0,3.0,1.0,3,24,1100,1,1,1,1,5,1,7,2,2
11255,201600005029,1.0,1,3,1,11.0,0.0,0.0,0.0,1992.0,A01,0.0,7,0,3.0,0.0,1.0,1.0,7,24,1745,1,1,1,1,6,3,7,2,2
11256,201600005030,1.0,1,3,2,21.0,0.0,0.0,0.0,1969.0,A01,1.0,32,0,3.0,0.0,7.0,1.0,8,3,1400,1,1,1,1,6,3,32,1,1
11257,201600005031,1.0,1,3,1,11.0,0.0,0.0,0.0,1955.0,A01,2.0,20,0,13.0,0.0,1.0,1.0,9,17,1430,1,1,1,1,6,3,20,0,0
11258,201600005031,2.0,2,3,1,11.0,0.0,0.0,0.0,1971.0,A01,2.0,20,0,13.0,0.0,1.0,1.0,9,17,1430,1,1,1,1,6,3,20,0,0
11259,201600005032,1.0,1,4,2,11.0,0.0,0.0,0.0,1986.0,A01,1.0,7,0,0.0,2.0,1.0,13.0,11,8,1030,1,1,1,2,1,1,7,2,2
11260,201600005032,1.0,1,3,1,11.0,0.0,0.0,0.0,1939.0,B02,2.0,7,0,0.0,2.0,1.0,0.0,11,8,1030,1,1,1,2,1,1,7,2,2
11261,201600005033,1.0,1,3,1,11.0,0.0,0.0,0.0,1988.0,A01,0.0,7,0,13.0,0.0,1.0,1.0,12,16,730,2,1,1,1,6,1,7,2,2
11262,201600005034,1.0,1,3,2,11.0,0.0,0.0,0.0,1973.0,A01,0.0,7,0,0.0,2.0,6.0,1.0,8,20,1345,1,1,1,2,1,2,7,2,2
11263,201600005034,1.0,1,1,2,11.0,0.0,0.0,0.0,1989.0,B02,0.0,7,0,0.0,2.0,2.0,13.0,8,20,1345,1,1,1,2,1,2,7,2,2
11264,201600005035,1.0,1,3,2,11.0,0.0,0.0,0.0,1967.0,A01,0.0,7,0,0.0,2.0,6.0,1.0,9,17,1600,1,1,1,2,3,3,7,2,2
11265,201600005035,1.0,1,1,1,11.0,0.0,0.0,0.0,1998.0,B02,0.0,7,0,0.0,2.0,1.0,13.0,9,17,1600,1,1,1,2,3,3,7,2,2
11266,201600005036,1.0,1,4,2,11.0,0.0,0.0,0.0,1967.0,A01,1.0,7,0,0.0,2.0,8.0,1.0,11,6,1645,1,2,1,1,3,3,7,2,2
11267,201600005036,1.0,1,1,1,11.0,0.0,0.0,0.0,1975.0,B02,2.0,7,0,8.0,2.0,6.0,14.0,11,6,1645,1,2,1,1,3,3,7,2,2
11268,201600005037,1.0,1,1,1,11.0,0.0,0.0,0.0,1991.0,A01,0.0,7,0,0.0,2.0,8.0,13.0,12,19,1530,1,1,1,5,1,3,7,2,2
11269,201600005037,4.0,2,1,1,31.0,0.0,0.0,0.0,2014.0,A01,0.0,7,0,0.0,2.0,8.0,13.0,12,19,1530,1,1,1,5,1,3,7,2,2
11270,201600005037,1.0,1,3,2,11.0,0.0,0.0,0.0,1946.0,B02,0.0,7,0,0.0,2.0,8.0,1.0,12,19,1530,1,1,1,5,1,3,7,2,2
11271,201600005037,2.0,2,1,2,11.0,0.0,0.0,0.0,1950.0,B02,0.0,7,0,0.0,2.0,8.0,1.0,12,19,1530,1,1,1,5,1,3,7,2,2
11272,201600005038,1.0,1,4,1,11.0,0.0,0.0,0.0,1981.0,A01,2.0,7,0,6.0,0.0,1.0,14.0,12,22,2315,3,2,1,5,6,5,7,2,2
11273,201600005039,1.0,1,3,1,11.0,0.0,0.0,0.0,1992.0,B02,2.0,7,0,0.0,2.0,8.0,13.0,2,12,2045,3,1,1,2,3,4,7,2,2
11274,201600005039,1.0,1,1,2,11.0,0.0,0.0,0.0,1990.0,A01,1.0,7,0,0.0,2.0,1.0,1.0,2,12,2045,3,1,1,2,3,4,7,2,2
11275,201600005040,1.0,1,3,1,21.0,0.0,0.0,0.0,1959.0,A01,2.0,33,0,0.0,2.0,1.0,1.0,5,22,600,2,1,2,1,3,1,7,1,2
11276,201600005040,1.0,1,1,1,11.0,0.0,0.0,0.0,1982.0,B02,0.0,7,0,0.0,2.0,3.0,16.0,5,22,600,2,1,2,1,3,1,33,2,1
11277,201600005041,1.0,1,3,1,11.0,0.0,0.0,0.0,1993.0,A01,2.0,7,0,2.0,0.0,1.0,1.0,6,23,515,2,1,1,1,6,0,7,2,2
11278,201600005042,1.0,1,3,1,11.0,0.0,0.0,0.0,1993.0,A01,2.0,7,0,0.0,2.0,2.0,13.0,7,29,1930,1,1,4,1,1,4,7,2,2
11279,201600005042,1.0,1,1,1,11.0,0.0,0.0,0.0,1981.0,B02,1.0,7,0,0.0,2.0,3.0,1.0,7,29,1930,1,1,4,1,1,4,7,2,2
11280,201600005042,2.0,2,4,2,11.0,0.0,0.0,0.0,1988.0,B02,1.0,7,0,0.0,2.0,3.0,1.0,7,29,1930,1,1,4,1,1,4,7,2,2
11281,201600005042,3.0,2,3,2,11.0,0.0,0.0,0.0,2005.0,B02,1.0,7,0,0.0,2.0,3.0,1.0,7,29,1930,1,1,4,1,1,4,7,2,2
11282,201600005042,4.0,2,3,1,11.0,0.0,0.0,0.0,2004.0,B02,1.0,7,0,0.0,2.0,3.0,1.0,7,29,1930,1,1,4,1,1,4,7,2,2
11283,201600005042,5.0,2,4,1,11.0,0.0,0.0,0.0,2007.0,B02,1.0,7,0,0.0,2.0,3.0,1.0,7,29,1930,1,1,4,1,1,4,7,2,2
11284,201600005043,1.0,1,2,2,11.0,0.0,0.0,0.0,1985.0,A01,1.0,7,0,0.0,2.0,2.0,13.0,8,6,445,3,1,1,1,1,0,7,2,2
11285,201600005043,1.0,1,3,1,11.0,0.0,0.0,0.0,1983.0,B02,2.0,7,0,0.0,2.0,3.0,1.0,8,6,445,3,1,1,1,1,0,7,2,2
11286,201600005044,3.0,2,4,1,31.0,0.0,0.0,0.0,2012.0,A01,2.0,7,0,2.0,0.0,3.0,13.0,10,17,1230,1,1,1,1,6,2,7,2,2
11287,201600005044,2.0,2,3,1,11.0,0.0,0.0,0.0,2003.0,A01,2.0,7,0,2.0,0.0,3.0,13.0,10,17,1230,1,1,1,1,6,2,7,2,2
11288,201600005044,1.0,1,2,2,11.0,0.0,0.0,0.0,1980.0,A01,2.0,7,0,2.0,0.0,3.0,13.0,10,17,1230,1,1,1,1,6,2,7,2,2
11289,201600005045,1.0,1,3,1,11.0,0.0,0.0,0.0,1992.0,A01,1.0,7,0,0.0,0.0,9.0,0.0,11,14,2315,3,1,1,1,7,5,7,2,2
11290,201600005046,1.0,1,3,2,11.0,0.0,0.0,0.0,1990.0,B02,0.0,7,0,0.0,2.0,3.0,1.0,3,13,800,1,1,1,1,1,1,7,2,2
11291,201600005046,1.0,1,4,1,11.0,0.0,0.0,0.0,1997.0,A01,0.0,7,0,0.0,2.0,3.0,1.0,3,13,800,1,1,1,1,1,1,7,2,2
11292,201600005047,1.0,1,3,1,11.0,0.0,0.0,0.0,1981.0,A01,2.0,7,0,0.0,2.0,1.0,1.0,10,3,1130,1,1,3,1,1,1,7,2,2
11293,201600005047,1.0,1,2,1,11.0,0.0,0.0,0.0,1936.0,B02,1.0,7,0,0.0,2.0,3.0,13.0,10,3,1130,1,1,3,1,1,1,7,2,2
11294,201600005048,1.0,1,1,2,11.0,0.0,0.0,0.0,1975.0,A01,2.0,7,0,0.0,2.0,3.0,1.0,3,12,1445,1,2,1,1,1,3,2,2,1
11295,201600005048,1.0,1,3,1,21.0,0.0,0.0,0.0,2001.0,B02,1.0,2,0,0.0,2.0,1.0,13.0,3,12,1445,1,2,1,1,1,3,7,1,2
11296,201600005049,1.0,1,4,2,11.0,0.0,0.0,0.0,1960.0,B02,0.0,7,0,0.0,2.0,1.0,0.0,4,5,900,1,1,1,8,3,1,7,2,2
11297,201600005049,1.0,1,4,2,11.0,0.0,0.0,0.0,1983.0,A01,0.0,7,0,0.0,2.0,5.0,0.0,4,5,900,1,1,1,8,3,1,7,2,2
11298,201600005049,2.0,2,4,1,11.0,0.0,0.0,0.0,1986.0,A01,0.0,7,0,0.0,2.0,5.0,0.0,4,5,900,1,1,1,8,3,1,7,2,2
11299,201600005050,1.0,1,1,1,11.0,0.0,0.0,0.0,1991.0,A01,0.0,7,0,0.0,1.0,7.0,1.0,4,26,1215,1,2,1,1,6,2,7,2,2
11300,201600005050,0.0,3,3,1,0.0,2.0,4.0,1.0,1960.0,A01,0.0,7,0,0.0,1.0,7.0,1.0,4,26,1215,1,2,1,1,6,2,7,2,2
11301,201600005051,1.0,1,1,2,11.0,0.0,0.0,0.0,1973.0,A01,0.0,7,0,0.0,1.0,3.0,15.0,4,25,1615,1,2,1,1,6,3,7,2,2
11302,201600005051,0.0,3,4,1,0.0,2.0,3.0,1.0,1961.0,A01,0.0,7,0,0.0,1.0,3.0,15.0,4,25,1615,1,2,1,1,6,3,7,2,2
11303,201600005052,1.0,1,1,1,11.0,0.0,0.0,0.0,1980.0,B02,0.0,7,0,0.0,0.0,3.0,15.0,6,7,700,1,2,1,1,1,1,33,2,1
11304,201600005052,1.0,1,3,1,21.0,0.0,0.0,0.0,1972.0,A01,0.0,33,0,0.0,0.0,1.0,1.0,6,7,700,1,2,1,1,1,1,7,1,2
11305,201600005053,1.0,1,1,1,11.0,0.0,0.0,0.0,1964.0,A01,0.0,7,0,0.0,2.0,7.0,15.0,6,10,1300,1,1,1,1,1,2,33,2,1
11306,201600005053,1.0,1,3,1,21.0,0.0,0.0,0.0,1968.0,B02,0.0,33,0,0.0,2.0,1.0,1.0,6,10,1300,1,1,1,1,1,2,7,1,2
11307,201600005054,1.0,1,1,1,11.0,0.0,0.0,0.0,1974.0,A01,0.0,7,0,0.0,9.0,2.0,1.0,6,24,1745,1,2,1,1,1,3,1,2,1
11308,201600005054,1.0,1,3,2,22.0,0.0,0.0,0.0,2007.0,B02,0.0,1,0,0.0,2.0,1.0,0.0,6,24,1745,1,2,1,1,1,3,7,1,2
11309,201600005055,1.0,1,1,2,11.0,0.0,0.0,0.0,1984.0,A01,2.0,7,0,0.0,2.0,3.0,1.0,6,29,1445,1,1,1,1,3,3,33,2,1
11310,201600005055,1.0,1,3,1,21.0,0.0,0.0,0.0,1955.0,B02,1.0,33,0,0.0,2.0,1.0,1.0,6,29,1445,1,1,1,1,3,3,7,1,2
11311,201600005056,1.0,1,3,1,21.0,0.0,0.0,0.0,1966.0,A01,2.0,33,0,0.0,6.0,1.0,0.0,8,6,1815,1,1,1,1,6,4,33,1,1
11312,201600005057,1.0,1,1,2,11.0,0.0,0.0,0.0,1975.0,B02,2.0,7,0,0.0,2.0,3.0,15.0,8,18,1345,1,2,1,1,3,2,33,2,1
11313,201600005057,1.0,1,3,1,21.0,0.0,0.0,0.0,1995.0,A01,2.0,33,0,0.0,2.0,7.0,17.0,8,18,1345,1,2,1,1,3,2,7,1,2
11314,201600005058,1.0,1,3,1,11.0,0.0,0.0,0.0,1963.0,A01,2.0,7,0,0.0,2.0,1.0,5.0,12,14,1400,1,1,1,7,1,3,7,2,2
11315,201600005058,1.0,1,3,1,11.0,0.0,0.0,0.0,1947.0,B02,1.0,7,0,0.0,2.0,1.0,1.0,12,14,1400,1,1,1,7,1,3,7,2,2
11316,201600005059,1.0,1,4,2,11.0,0.0,0.0,0.0,1946.0,A01,0.0,7,0,0.0,2.0,3.0,15.0,2,7,1515,1,2,1,1,1,3,33,2,1
11317,201600005059,1.0,1,3,1,21.0,0.0,0.0,0.0,1965.0,B02,0.0,33,0,0.0,2.0,1.0,1.0,2,7,1515,1,2,1,1,1,3,7,1,2
11318,201600005060,1.0,1,4,2,11.0,0.0,0.0,0.0,1958.0,A01,0.0,7,0,0.0,2.0,1.0,0.0,5,13,1530,1,1,1,2,1,3,7,2,2
11319,201600005060,1.0,1,4,2,11.0,0.0,0.0,0.0,1961.0,B02,0.0,7,0,0.0,2.0,1.0,1.0,5,13,1530,1,1,1,2,1,3,7,2,2
11320,201600005061,1.0,1,4,2,11.0,0.0,0.0,0.0,1984.0,B02,1.0,7,0,0.0,2.0,2.0,2.0,5,23,1800,1,2,1,2,3,4,30,2,1
11321,201600005061,1.0,1,4,1,21.0,0.0,0.0,0.0,1976.0,A01,1.0,30,0,0.0,2.0,3.0,9.0,5,23,1800,1,2,1,2,3,4,7,1,2
11322,201600005062,1.0,1,3,2,13.0,0.0,0.0,0.0,1948.0,B02,0.0,7,0,0.0,2.0,3.0,0.0,5,31,1315,1,1,1,2,1,2,7,2,2
11323,201600005062,1.0,1,3,2,13.0,0.0,0.0,0.0,1941.0,A01,0.0,7,0,0.0,2.0,3.0,0.0,5,31,1315,1,1,1,2,1,2,7,2,2
11324,201600005063,1.0,1,1,1,11.0,0.0,0.0,0.0,1970.0,B02,0.0,7,0,0.0,2.0,3.0,1.0,6,10,2045,1,2,1,1,5,4,7,2,2
11325,201600005063,2.0,2,1,2,11.0,0.0,0.0,0.0,1972.0,B02,0.0,7,0,0.0,2.0,3.0,1.0,6,10,2045,1,2,1,1,5,4,7,2,2
11326,201600005063,1.0,1,4,1,11.0,0.0,0.0,0.0,1992.0,C03,0.0,7,0,0.0,2.0,1.0,17.0,6,10,2045,1,2,1,1,5,4,7,2,2
11327,201600005063,1.0,1,1,1,11.0,0.0,0.0,0.0,1944.0,A01,0.0,7,0,0.0,0.0,6.0,1.0,6,10,2045,1,2,1,1,5,4,7,2,2
11328,201600005063,2.0,2,1,1,11.0,0.0,0.0,0.0,1952.0,A01,0.0,7,0,0.0,0.0,6.0,1.0,6,10,2045,1,2,1,1,5,4,7,2,2
11329,201600005063,5.0,2,3,2,11.0,0.0,0.0,0.0,1955.0,A01,0.0,7,0,0.0,0.0,6.0,1.0,6,10,2045,1,2,1,1,5,4,7,2,2
11330,201600005064,1.0,1,4,2,11.0,0.0,0.0,0.0,1945.0,A01,2.0,7,0,0.0,2.0,3.0,13.0,6,29,830,1,2,1,1,1,1,7,2,2
11331,201600005064,1.0,1,4,2,11.0,0.0,0.0,0.0,1969.0,B02,1.0,7,0,0.0,2.0,3.0,1.0,6,29,830,1,2,1,1,1,1,7,2,2
11332,201600005065,1.0,1,2,1,12.0,0.0,0.0,0.0,1989.0,A01,1.0,7,0,13.0,0.0,1.0,1.0,8,21,1000,1,1,1,1,6,1,7,2,2
11333,201600005066,1.0,1,3,1,21.0,0.0,0.0,0.0,1963.0,B02,2.0,33,0,0.0,2.0,1.0,1.0,9,10,1115,1,1,1,1,3,1,7,1,2
11334,201600005066,2.0,2,3,1,21.0,0.0,0.0,0.0,1997.0,B02,2.0,33,0,0.0,2.0,1.0,1.0,9,10,1115,1,1,1,1,3,1,7,1,2
11335,201600005066,1.0,1,1,1,11.0,0.0,0.0,0.0,1996.0,A01,1.0,7,0,0.0,2.0,3.0,9.0,9,10,1115,1,1,1,1,3,1,33,2,1
11336,201600005067,1.0,1,1,1,11.0,0.0,0.0,0.0,1968.0,B02,0.0,7,0,0.0,0.0,2.0,1.0,9,12,1300,1,2,1,1,2,2,1,2,1
11337,201600005067,1.0,1,3,2,22.0,0.0,0.0,0.0,1960.0,A01,0.0,1,0,0.0,0.0,4.0,1.0,9,12,1300,1,2,1,1,2,2,7,1,2
11338,201600005068,1.0,1,1,1,11.0,0.0,0.0,0.0,1972.0,B02,2.0,10,0,0.0,2.0,1.0,1.0,9,24,1200,1,1,1,1,1,2,7,2,2
11339,201600005068,1.0,1,3,1,11.0,0.0,0.0,0.0,1945.0,A01,0.0,7,0,0.0,2.0,3.0,15.0,9,24,1200,1,1,1,1,1,2,10,2,2
11340,201600005069,1.0,1,1,1,11.0,0.0,0.0,0.0,1974.0,A01,0.0,7,0,0.0,2.0,3.0,15.0,10,7,800,1,2,1,1,3,1,30,2,1
11341,201600005069,1.0,1,4,1,21.0,0.0,0.0,0.0,1996.0,B02,0.0,30,0,0.0,2.0,1.0,1.0,10,7,800,1,2,1,1,3,1,7,1,2
11342,201600005070,1.0,1,1,1,11.0,0.0,0.0,0.0,1943.0,A01,1.0,7,0,0.0,1.0,5.0,1.0,10,15,1130,1,2,1,1,6,1,7,2,2