,Num_Acc,place,catu,grav,sexe,secu,locp,actp,etatp,an_nais,num_veh,senc,catv,occutc,obs,obsm,choc,manv,mois,jour,hrmn,lum,agg,int,atm,col,mom,catvopp,catv_gen,catvopp_gen
11650,201600005211,1.0,1,3,2,11.0,0.0,0.0,0.0,1967.0,A01,1.0,7,0,13.0,0.0,1.0,17.0,5,12,1915,1,1,1,1,6,4,7,2,2
11651,201600005212,1.0,1,1,2,11.0,0.0,0.0,0.0,1973.0,A01,0.0,7,0,0.0,1.0,1.0,1.0,6,20,1315,1,2,1,1,6,2,7,2,2
11652,201600005212,0.0,3,3,2,0.0,2.0,3.0,2.0,2004.0,A01,0.0,7,0,0.0,1.0,1.0,1.0,6,20,1315,1,2,1,1,6,2,7,2,2
11653,201600005213,1.0,1,1,1,11.0,0.0,0.0,0.0,1942.0,A01,2.0,7,0,0.0,2.0,7.0,15.0,7,17,1745,1,2,1,1,3,3,33,2,1
11654,201600005213,1.0,1,3,1,21.0,0.0,0.0,0.0,1965.0,B02,1.0,33,0,0.0,2.0,1.0,1.0,7,17,1745,1,2,1,1,3,3,7,1,2
11655,201600005213,2.0,2,3,2,21.0,0.0,0.0,0.0,1964.0,B02,1.0,33,0,0.0,2.0,1.0,1.0,7,17,1745,1,2,1,1,3,3,7,1,2
11656,201600005214,1.0,1,3,2,11.0,0.0,0.0,0.0,1995.0,A01,0.0,7,0,15.0,0.0,8.0,1.0,9,10,5,3,1,1,1,6,0,7,2,2
11657,201600005215,1.0,1,1,1,11.0,0.0,0.0,0.0,1987.0,A01,1.0,7,0,0.0,2.0,2.0,15.0,9,28,1815,1,2,1,1,1,4,30,2,1
11658,201600005215,1.0,1,3,1,21.0,0.0,0.0,0.0,2001.0,B02,2.0,30,0,0.0,2.0,1.0,1.0,9,28,1815,1,2,1,1,1,4,7,1,2
11659,201600005216,5.0,2,4,1,11.0,0.0,0.0,0.0,1999.0,A01,1.0,7,0,2.0,0.0,9.0,1.0,9,30,2230,5,1,1,1,7,5,7,2,2
11660,201600005216,4.0,2,4,2,11.0,0.0,0.0,0.0,1997.0,A01,1.0,7,0,2.0,0.0,9.0,1.0,9,30,2230,5,1,1,1,7,5,7,2,2
11661,201600005216,3.0,2,4,1,11.0,0.0,0.0,0.0,1997.0,A01,1.0,7,0,2.0,0.0,9.0,1.0,9,30,2230,5,1,1,1,7,5,7,2,2
11662,201600005216,2.0,2,3,2,11.0,0.0,0.0,0.0,1997.0,A01,1.0,7,0,2.0,0.0,9.0,1.0,9,30,2230,5,1,1,1,7,5,7,2,2
11663,201600005216,1.0,1,4,1,11.0,0.0,0.0,0.0,1986.0,A01,1.0,7,0,2.0,0.0,9.0,1.0,9,30,2230,5,1,1,1,7,5,7,2,2
11664,201600005217,1.0,1,4,1,21.0,0.0,0.0,0.0,1978.0,A01,1.0,33,0,0.0,0.0,3.0,1.0,10,3,1830,2,2,6,1,6,4,33,1,1
11665,201600005218,1.0,1,3,1,11.0,0.0,0.0,0.0,1959.0,A01,1.0,7,0,13.0,0.0,1.0,1.0,10,25,1945,3,1,1,2,6,4,7,2,2
11666,201600005219,1.0,1,4,1,11.0,0.0,0.0,0.0,1995.0,A01,1.0,10,0,0.0,1.0,3.0,1.0,11,8,1645,1,1,1,1,6,3,10,2,2
11667,201600005219,0.0,3,3,1,0.0,2.0,3.0,1.0,2007.0,A01,1.0,10,0,0.0,1.0,3.0,1.0,11,8,1645,1,1,1,1,6,3,10,2,2
11668,201600005220,1.0,1,4,2,11.0,0.0,0.0,0.0,1997.0,A01,1.0,7,0,2.0,0.0,2.0,2.0,11,12,2200,5,2,1,1,6,5,7,2,2
11669,201600005220,2.0,2,4,1,11.0,0.0,0.0,0.0,1996.0,A01,1.0,7,0,2.0,0.0,2.0,2.0,11,12,2200,5,2,1,1,6,5,7,2,2
11670,201600005221,1.0,1,1,2,11.0,0.0,0.0,0.0,1982.0,A01,1.0,7,0,0.0,2.0,1.0,15.0,1,19,745,2,2,1,8,3,1,2,2,1
11671,201600005221,1.0,1,3,1,21.0,0.0,0.0,0.0,2000.0,B02,1.0,2,0,0.0,2.0,8.0,1.0,1,19,745,2,2,1,8,3,1,7,1,2
11672,201600005222,1.0,1,3,2,11.0,0.0,0.0,0.0,1988.0,B02,1.0,7,0,0.0,2.0,1.0,1.0,1,24,1815,5,1,1,8,1,4,7,2,2
11673,201600005222,3.0,2,3,2,11.0,0.0,0.0,0.0,2013.0,B02,1.0,7,0,0.0,2.0,1.0,1.0,1,24,1815,5,1,1,8,1,4,7,2,2
11674,201600005222,1.0,1,3,1,11.0,0.0,0.0,0.0,1943.0,A01,2.0,7,0,0.0,2.0,1.0,1.0,1,24,1815,5,1,1,8,1,4,7,2,2
11675,201600005223,1.0,1,4,1,11.0,0.0,0.0,0.0,1996.0,A01,2.0,7,0,0.0,2.0,8.0,19.0,1,26,2115,5,2,1,1,3,4,7,2,2
11676,201600005223,2.0,2,4,1,11.0,0.0,0.0,0.0,1997.0,A01,2.0,7,0,0.0,2.0,8.0,19.0,1,26,2115,5,2,1,1,3,4,7,2,2
11677,201600005223,1.0,1,3,2,11.0,0.0,0.0,0.0,1944.0,B02,2.0,7,0,0.0,2.0,1.0,1.0,1,26,2115,5,2,1,1,3,4,7,2,2
11678,201600005224,1.0,1,4,1,11.0,0.0,0.0,0.0,1972.0,A01,2.0,7,0,0.0,2.0,1.0,1.0,3,29,1415,1,1,2,2,1,3,7,2,2
11679,201600005224,1.0,1,3,1,11.0,0.0,0.0,0.0,1997.0,B02,2.0,7,0,0.0,2.0,1.0,19.0,3,29,1415,1,1,2,2,1,3,7,2,2
11680,201600005225,1.0,1,4,1,11.0,0.0,0.0,0.0,1981.0,B02,2.0,10,0,0.0,0.0,3.0,1.0,4,4,745,2,1,1,2,1,1,2,2,1
11681,201600005225,1.0,1,3,1,21.0,0.0,0.0,0.0,2001.0,A01,0.0,2,0,0.0,2.0,8.0,1.0,4,4,745,2,1,1,2,1,1,10,1,2
11682,201600005226,1.0,1,3,1,11.0,0.0,0.0,0.0,1959.0,A01,1.0,10,0,0.0,0.0,2.0,17.0,4,14,1030,1,1,1,1,6,1,10,2,2
11683,201600005227,1.0,1,4,1,21.0,0.0,0.0,0.0,1951.0,A01,0.0,1,0,0.0,6.0,0.0,0.0,4,20,1000,1,1,1,1,6,1,1,1,1
11684,201600005228,1.0,1,3,1,11.0,0.0,0.0,0.0,1995.0,A01,0.0,7,0,2.0,0.0,1.0,2.0,4,24,330,3,1,1,1,6,0,7,2,2
11685,201600005228,2.0,2,3,1,11.0,0.0,0.0,0.0,1996.0,A01,0.0,7,0,2.0,0.0,1.0,2.0,4,24,330,3,1,1,1,6,0,7,2,2
11686,201600005228,3.0,2,3,1,11.0,0.0,0.0,0.0,1990.0,A01,0.0,7,0,2.0,0.0,1.0,2.0,4,24,330,3,1,1,1,6,0,7,2,2
11687,201600005228,4.0,2,3,1,11.0,0.0,0.0,0.0,1991.0,A01,0.0,7,0,2.0,0.0,1.0,2.0,4,24,330,3,1,1,1,6,0,7,2,2
11688,201600005229,1.0,1,4,1,11.0,0.0,0.0,0.0,1968.0,A01,0.0,7,0,0.0,0.0,1.0,5.0,5,3,745,1,1,1,1,1,1,7,2,2
11689,201600005229,1.0,1,3,1,11.0,0.0,0.0,0.0,1993.0,B02,0.0,7,0,0.0,0.0,1.0,1.0,5,3,745,1,1,1,1,1,1,7,2,2
11690,201600005230,1.0,1,3,1,13.0,0.0,0.0,0.0,1991.0,A01,0.0,7,0,2.0,0.0,9.0,2.0,5,8,515,2,1,1,1,6,0,7,2,2
11691,201600005231,1.0,1,3,1,21.0,0.0,0.0,0.0,1965.0,A01,0.0,33,0,0.0,9.0,1.0,1.0,5,8,1615,1,1,1,1,7,3,33,1,1
11692,201600005232,1.0,1,4,1,11.0,0.0,0.0,0.0,1959.0,A01,1.0,7,0,0.0,2.0,1.0,15.0,7,15,930,1,2,1,1,3,1,30,2,1
11693,201600005232,1.0,1,3,1,21.0,0.0,0.0,0.0,1944.0,B02,1.0,30,0,0.0,2.0,6.0,16.0,7,15,930,1,2,1,1,3,1,7,1,2
11694,201600005233,1.0,1,4,1,21.0,0.0,0.0,0.0,1999.0,A01,0.0,2,0,0.0,2.0,6.0,1.0,7,29,730,1,1,3,1,3,1,7,1,2
11695,201600005233,1.0,1,4,1,11.0,0.0,0.0,0.0,1965.0,B02,0.0,7,0,0.0,2.0,8.0,11.0,7,29,730,1,1,3,1,3,1,2,2,1
11696,201600005234,1.0,1,3,2,11.0,0.0,0.0,0.0,1942.0,A01,2.0,7,0,0.0,2.0,3.0,1.0,8,4,1945,2,1,1,3,1,4,15,2,3
11697,201600005234,1.0,1,1,1,11.0,0.0,0.0,0.0,1982.0,B02,1.0,15,0,0.0,0.0,6.0,1.0,8,4,1945,2,1,1,3,1,4,7,3,2
11698,201600005235,1.0,1,3,1,21.0,0.0,0.0,0.0,1991.0,A01,0.0,33,0,5.0,0.0,2.0,0.0,8,5,1900,1,1,1,1,6,4,33,1,1
11699,201600005236,1.0,1,3,2,11.0,0.0,0.0,0.0,1997.0,B02,2.0,7,0,0.0,0.0,1.0,1.0,8,20,2300,3,1,1,1,1,5,7,2,2
11700,201600005236,1.0,1,3,1,11.0,0.0,0.0,0.0,1990.0,A01,1.0,7,0,0.0,0.0,1.0,1.0,8,20,2300,3,1,1,1,1,5,7,2,2
11701,201600005237,1.0,1,3,1,11.0,0.0,0.0,0.0,1985.0,A01,0.0,7,0,8.0,0.0,1.0,1.0,9,6,645,2,2,1,2,6,1,7,2,2
11702,201600005238,1.0,1,1,1,11.0,0.0,0.0,0.0,1985.0,A01,2.0,7,0,0.0,1.0,4.0,4.0,9,18,1800,1,1,1,2,6,4,7,2,2
11703,201600005238,0.0,3,2,2,0.0,1.0,2.0,1.0,1934.0,A01,2.0,7,0,0.0,1.0,4.0,4.0,9,18,1800,1,1,1,2,6,4,7,2,2
11704,201600005239,1.0,1,4,1,11.0,0.0,0.0,0.0,1982.0,A01,2.0,10,0,0.0,2.0,0.0,0.0,9,21,745,1,1,1,1,3,1,7,2,2
11705,201600005239,1.0,1,3,2,11.0,0.0,0.0,0.0,1997.0,B02,0.0,7,0,0.0,2.0,0.0,0.0,9,21,745,1,1,1,1,3,1,10,2,2
11706,201600005240,1.0,1,4,1,11.0,0.0,0.0,0.0,1995.0,B02,1.0,7,0,0.0,0.0,3.0,1.0,9,21,2030,5,1,1,1,3,4,32,2,1
11707,201600005240,1.0,1,2,1,21.0,0.0,0.0,0.0,1999.0,A01,0.0,32,0,0.0,2.0,1.0,19.0,9,21,2030,5,1,1,1,3,4,7,1,2
11708,201600005241,1.0,1,3,2,11.0,0.0,0.0,0.0,1953.0,A01,0.0,10,0,6.0,0.0,2.0,1.0,9,28,1530,1,1,1,1,6,3,10,2,2
11709,201600005242,1.0,1,3,1,11.0,0.0,0.0,0.0,1951.0,A01,2.0,7,0,2.0,0.0,2.0,1.0,10,30,2200,3,1,1,1,6,5,7,2,2
11710,201600005243,1.0,1,3,1,21.0,0.0,0.0,0.0,1954.0,A01,2.0,33,0,8.0,0.0,1.0,1.0,10,31,1730,2,2,1,1,6,3,33,1,1
11711,201600005244,2.0,2,3,1,13.0,0.0,0.0,0.0,1965.0,A01,0.0,7,0,0.0,2.0,1.0,0.0,11,4,1515,1,1,1,1,1,3,10,2,2
11712,201600005244,1.0,1,3,1,13.0,0.0,0.0,0.0,1982.0,A01,0.0,7,0,0.0,2.0,1.0,0.0,11,4,1515,1,1,1,1,1,3,10,2,2
11713,201600005244,1.0,1,1,1,11.0,0.0,0.0,0.0,1977.0,B02,0.0,10,0,0.0,2.0,1.0,0.0,11,4,1515,1,1,1,1,1,3,7,2,2
11714,201600005245,1.0,1,4,1,11.0,0.0,0.0,0.0,1996.0,A01,2.0,7,0,6.0,0.0,1.0,1.0,11,19,630,3,1,1,1,6,1,7,2,2
11715,201600005245,2.0,2,3,1,11.0,0.0,0.0,0.0,1996.0,A01,2.0,7,0,6.0,0.0,1.0,1.0,11,19,630,3,1,1,1,6,1,7,2,2
11716,201600005246,1.0,1,3,1,11.0,0.0,0.0,0.0,1944.0,B02,0.0,7,0,0.0,0.0,1.0,0.0,12,3,1245,1,1,1,1,1,2,7,2,2
11717,201600005246,2.0,2,3,2,11.0,0.0,0.0,0.0,1944.0,B02,0.0,7,0,0.0,0.0,1.0,0.0,12,3,1245,1,1,1,1,1,2,7,2,2
11718,201600005246,3.0,2,1,2,11.0,0.0,0.0,0.0,2002.0,B02,0.0,7,0,0.0,0.0,1.0,0.0,12,3,1245,1,1,1,1,1,2,7,2,2
11719,201600005246,1.0,1,1,2,11.0,0.0,0.0,0.0,1936.0,A01,0.0,7,0,0.0,0.0,2.0,0.0,12,3,1245,1,1,1,1,1,2,7,2,2
11720,201600005247,1.0,1,3,1,11.0,0.0,0.0,0.0,1949.0,A01,1.0,7,0,0.0,2.0,8.0,0.0,12,4,1045,1,1,1,1,3,1,7,2,2
11721,201600005247,1.0,1,3,1,11.0,0.0,0.0,0.0,1971.0,B02,2.0,7,0,0.0,2.0,1.0,0.0,12,4,1045,1,1,1,1,3,1,7,2,2
11722,201600005247,2.0,2,3,1,11.0,0.0,0.0,0.0,1981.0,B02,2.0,7,0,0.0,2.0,1.0,0.0,12,4,1045,1,1,1,1,3,1,7,2,2
11723,201600005248,1.0,1,3,1,21.0,0.0,0.0,0.0,2000.0,B02,0.0,1,0,0.0,2.0,1.0,1.0,12,12,745,1,1,1,1,1,1,7,1,2
11724,201600005248,1.0,1,1,1,11.0,0.0,0.0,0.0,1972.0,A01,0.0,7,0,0.0,9.0,3.0,15.0,12,12,745,1,1,1,1,1,1,1,2,1
11725,201600005249,1.0,1,2,1,11.0,0.0,0.0,0.0,1948.0,A01,0.0,10,0,2.0,0.0,9.0,1.0,12,22,1615,2,1,1,2,6,3,10,2,2
11726,201600005250,1.0,1,4,1,11.0,0.0,0.0,0.0,1991.0,A01,0.0,7,0,8.0,0.0,1.0,1.0,3,31,1415,1,1,1,1,6,3,7,2,2
11727,201600005251,3.0,2,3,1,12.0,0.0,0.0,0.0,1995.0,A01,2.0,7,0,0.0,0.0,1.0,17.0,4,30,815,1,1,1,1,3,1,17,2,3
11728,201600005251,2.0,2,1,1,11.0,0.0,0.0,0.0,1991.0,A01,2.0,7,0,0.0,0.0,1.0,17.0,4,30,815,1,1,1,1,3,1,17,2,3
11729,201600005251,1.0,1,1,1,11.0,0.0,0.0,0.0,1995.0,A01,2.0,7,0,0.0,0.0,1.0,17.0,4,30,815,1,1,1,1,3,1,17,2,3
11730,201600005251,1.0,1,4,1,11.0,0.0,0.0,0.0,1989.0,B02,2.0,17,0,0.0,0.0,8.0,15.0,4,30,815,1,1,1,1,3,1,7,3,2
11731,201600005252,1.0,1,4,2,11.0,0.0,0.0,0.0,1952.0,B02,2.0,7,0,0.0,2.0,8.0,15.0,6,7,1200,1,1,1,1,3,2,7,2,2
11732,201600005252,2.0,2,1,1,11.0,0.0,0.0,0.0,1951.0,B02,2.0,7,0,0.0,2.0,8.0,15.0,6,7,1200,1,1,1,1,3,2,7,2,2
11733,201600005252,1.0,1,1,2,11.0,0.0,0.0,0.0,1971.0,A01,2.0,7,0,0.0,2.0,2.0,6.0,6,7,1200,1,1,1,1,3,2,7,2,2
11734,201600005252,2.0,2,1,1,11.0,0.0,0.0,0.0,1969.0,A01,2.0,7,0,0.0,2.0,2.0,6.0,6,7,1200,1,1,1,1,3,2,7,2,2
11735,201600005252,4.0,2,1,2,11.0,0.0,0.0,0.0,1995.0,A01,2.0,7,0,0.0,2.0,2.0,6.0,6,7,1200,1,1,1,1,3,2,7,2,2
11736,201600005253,1.0,1,3,1,21.0,0.0,0.0,0.0,1967.0,A01,2.0,33,0,13.0,0.0,8.0,1.0,6,27,2130,2,1,1,1,6,4,33,1,1
11737,201600005254,1.0,1,2,1,11.0,0.0,0.0,0.0,1974.0,A01,2.0,7,0,8.0,0.0,1.0,0.0,7,1,400,3,1,1,1,6,0,7,2,2
11738,201600005255,1.0,1,3,1,11.0,0.0,0.0,0.0,1987.0,A01,1.0,7,0,6.0,0.0,1.0,1.0,7,3,1445,1,2,1,1,7,3,7,2,2
11739,201600005256,1.0,1,4,2,11.0,0.0,0.0,0.0,1996.0,A01,2.0,7,0,0.0,2.0,3.0,13.0,8,12,1045,1,1,1,1,1,1,7,2,2
11740,201600005256,1.0,1,4,1,11.0,0.0,0.0,0.0,1958.0,B02,1.0,7,0,0.0,2.0,1.0,1.0,8,12,1045,1,1,1,1,1,1,7,2,2
11741,201600005256,2.0,2,4,1,11.0,0.0,0.0,0.0,1971.0,B02,1.0,7,0,0.0,2.0,1.0,1.0,8,12,1045,1,1,1,1,1,1,7,2,2
11742,201600005257,1.0,1,3,1,11.0,0.0,0.0,0.0,1967.0,A01,1.0,3,0,0.0,2.0,1.0,15.0,8,29,1545,1,1,1,1,1,3,7,0,2
11743,201600005257,2.0,2,4,2,11.0,0.0,0.0,0.0,1960.0,B02,2.0,7,0,0.0,2.0,1.0,1.0,8,29,1545,1,1,1,1,1,3,3,2,0
11744,201600005257,1.0,1,4,2,11.0,0.0,0.0,0.0,1992.0,B02,2.0,7,0,0.0,2.0,1.0,1.0,8,29,1545,1,1,1,1,1,3,3,2,0
11745,201600005258,1.0,1,3,1,11.0,0.0,0.0,0.0,1987.0,A01,2.0,7,0,13.0,0.0,7.0,1.0,9,6,715,1,1,1,5,6,1,7,2,2
11746,201600005259,1.0,1,1,1,11.0,0.0,0.0,0.0,1959.0,B02,1.0,7,0,0.0,2.0,4.0,2.0,10,1,1715,1,1,1,1,2,3,33,2,1
11747,201600005259,1.0,1,2,1,21.0,0.0,0.0,0.0,1982.0,A01,1.0,33,0,0.0,2.0,1.0,2.0,10,1,1715,1,1,1,1,2,3,7,1,2
11748,201600005260,1.0,1,1,1,11.0,0.0,0.0,0.0,1945.0,A01,0.0,7,0,0.0,2.0,3.0,9.0,10,10,1445,1,1,9,1,3,3,2,2,1
11749,201600005260,1.0,1,3,2,21.0,0.0,0.0,0.0,1952.0,B02,1.0,2,0,0.0,2.0,1.0,1.0,10,10,1445,1,1,9,1,3,3,7,1,2
11750,201600005261,1.0,1,3,1,21.0,0.0,0.0,0.0,2002.0,A01,1.0,30,0,0.0,0.0,7.0,1.0,10,26,1015,1,1,1,3,7,1,30,1,1
11751,201600005262,1.0,1,2,1,13.0,0.0,0.0,0.0,1931.0,A01,1.0,7,0,2.0,0.0,3.0,1.0,10,26,800,1,1,1,2,7,1,7,2,2
11752,201600005263,1.0,1,4,1,21.0,0.0,0.0,0.0,1950.0,A01,0.0,33,0,0.0,0.0,0.0,14.0,12,6,745,2,1,1,9,7,1,33,1,1
11753,201600005264,1.0,1,3,1,11.0,0.0,0.0,0.0,1988.0,A01,1.0,7,0,16.0,0.0,0.0,0.0,12,11,1615,1,1,1,2,6,3,7,2,2
11754,201600005265,1.0,1,3,2,11.0,0.0,0.0,0.0,1929.0,A01,1.0,7,0,13.0,0.0,1.0,1.0,1,29,1515,1,1,1,1,6,3,7,2,2
11755,201600005265,2.0,2,3,2,11.0,0.0,0.0,0.0,1925.0,A01,1.0,7,0,13.0,0.0,1.0,1.0,1,29,1515,1,1,1,1,6,3,7,2,2
11756,201600005266,3.0,2,1,2,31.0,0.0,0.0,0.0,2013.0,B02,1.0,7,0,0.0,2.0,3.0,1.0,2,26,2200,3,1,1,1,1,5,7,2,2
11757,201600005266,2.0,2,4,1,11.0,0.0,0.0,0.0,1982.0,B02,1.0,7,0,0.0,2.0,3.0,1.0,2,26,2200,3,1,1,1,1,5,7,2,2
11758,201600005266,4.0,2,3,1,31.0,0.0,0.0,0.0,2011.0,B02,1.0,7,0,0.0,2.0,3.0,1.0,2,26,2200,3,1,1,1,1,5,7,2,2
11759,201600005266,1.0,1,3,2,11.0,0.0,0.0,0.0,1983.0,B02,1.0,7,0,0.0,2.0,3.0,1.0,2,26,2200,3,1,1,1,1,5,7,2,2
11760,201600005266,2.0,2,4,1,11.0,0.0,0.0,0.0,1997.0,A01,2.0,7,0,0.0,2.0,3.0,13.0,2,26,2200,3,1,1,1,1,5,7,2,2
11761,201600005266,1.0,1,2,1,11.0,0.0,0.0,0.0,1997.0,A01,2.0,7,0,0.0,2.0,3.0,13.0,2,26,2200,3,1,1,1,1,5,7,2,2
11762,201600005267,1.0,1,3,1,21.0,0.0,0.0,0.0,1973.0,A01,1.0,33,0,12.0,0.0,4.0,1.0,3,13,1445,1,2,1,1,7,3,33,1,1
11763,201600005268,1.0,1,3,1,12.0,0.0,0.0,0.0,1974.0,A01,1.0,7,0,13.0,0.0,3.0,1.0,4,15,2215,3,1,1,1,6,5,7,2,2
11764,201600005269,1.0,1,4,2,11.0,0.0,0.0,0.0,1988.0,A01,1.0,7,0,0.0,0.0,0.0,1.0,5,10,915,1,1,1,1,7,1,7,2,2
11765,201600005269,5.0,2,4,2,31.0,0.0,0.0,0.0,2015.0,A01,1.0,7,0,0.0,0.0,0.0,1.0,5,10,915,1,1,1,1,7,1,7,2,2
11766,201600005270,1.0,1,3,1,12.0,0.0,0.0,0.0,1960.0,A01,1.0,3,0,13.0,0.0,1.0,13.0,6,8,1230,1,1,1,1,7,2,3,0,0
11767,201600005270,2.0,2,3,2,12.0,0.0,0.0,0.0,1956.0,A01,1.0,3,0,13.0,0.0,1.0,13.0,6,8,1230,1,1,1,1,7,2,3,0,0
11768,201600005271,1.0,1,3,2,11.0,0.0,0.0,0.0,1963.0,A01,2.0,7,0,0.0,0.0,9.0,1.0,7,2,1945,1,1,1,1,7,4,7,2,2
11769,201600005272,1.0,1,1,1,93.0,0.0,0.0,0.0,1959.0,A01,2.0,21,0,0.0,2.0,3.0,13.0,7,28,900,1,1,1,1,1,1,7,0,2
11770,201600005272,1.0,1,4,1,11.0,0.0,0.0,0.0,1948.0,B02,1.0,7,0,0.0,2.0,3.0,1.0,7,28,900,1,1,1,1,1,1,21,2,0
11771,201600005272,2.0,2,4,2,11.0,0.0,0.0,0.0,1959.0,B02,1.0,7,0,0.0,2.0,3.0,1.0,7,28,900,1,1,1,1,1,1,21,2,0
11772,201600005273,1.0,1,3,1,21.0,0.0,0.0,0.0,1965.0,A01,1.0,33,0,0.0,0.0,0.0,14.0,8,7,1530,1,1,1,1,7,3,33,1,1
11773,201600005274,2.0,2,1,2,21.0,0.0,0.0,0.0,1961.0,A01,2.0,33,0,0.0,2.0,3.0,13.0,8,13,1145,1,1,1,1,1,1,1,1,1
11774,201600005274,1.0,1,3,1,21.0,0.0,0.0,0.0,1960.0,A01,2.0,33,0,0.0,2.0,3.0,13.0,8,13,1145,1,1,1,1,1,1,1,1,1
11775,201600005274,1.0,1,3,1,1.0,0.0,0.0,0.0,1960.0,B02,1.0,1,0,0.0,2.0,3.0,1.0,8,13,1145,1,1,1,1,1,1,33,1,1
11776,201600005275,2.0,2,4,2,22.0,0.0,0.0,0.0,1985.0,A01,0.0,36,0,0.0,0.0,8.0,1.0,8,14,500,3,1,1,1,7,0,36,1,1
11777,201600005275,1.0,1,3,1,22.0,0.0,0.0,0.0,1993.0,A01,0.0,36,0,0.0,0.0,8.0,1.0,8,14,500,3,1,1,1,7,0,36,1,1
11778,201600005275,2.0,2,4,1,22.0,0.0,0.0,0.0,1981.0,A01,0.0,36,0,0.0,0.0,8.0,1.0,8,14,500,3,1,1,1,7,0,36,1,1
11779,201600005276,1.0,1,4,1,21.0,0.0,0.0,0.0,1958.0,A01,2.0,1,0,0.0,2.0,3.0,1.0,8,27,1200,1,1,1,1,3,2,10,1,2
11780,201600005276,1.0,1,1,1,11.0,0.0,0.0,0.0,1980.0,B02,0.0,10,0,0.0,0.0,0.0,0.0,8,27,1200,1,1,1,1,3,2,1,2,1
11781,201600005277,1.0,1,1,1,11.0,0.0,0.0,0.0,1936.0,A01,1.0,7,0,2.0,0.0,4.0,1.0,9,5,1945,3,1,1,2,6,4,7,2,2
11782,201600005277,2.0,2,3,1,11.0,0.0,0.0,0.0,1937.0,A01,1.0,7,0,2.0,0.0,4.0,1.0,9,5,1945,3,1,1,2,6,4,7,2,2
11783,201600005278,1.0,1,4,2,11.0,0.0,0.0,0.0,1954.0,A01,1.0,7,0,0.0,2.0,3.0,9.0,10,18,1345,1,1,1,1,1,2,7,2,2
11784,201600005278,2.0,2,4,1,11.0,0.0,0.0,0.0,1948.0,A01,1.0,7,0,0.0,2.0,3.0,9.0,10,18,1345,1,1,1,1,1,2,7,2,2
11785,201600005278,1.0,1,4,1,11.0,0.0,0.0,0.0,1996.0,B02,1.0,7,0,0.0,2.0,1.0,1.0,10,18,1345,1,1,1,1,1,2,7,2,2
11786,201600005279,1.0,1,3,1,11.0,0.0,0.0,0.0,1993.0,A01,1.0,7,0,0.0,2.0,1.0,1.0,11,27,715,2,1,1,8,1,1,7,2,2
11787,201600005279,1.0,1,1,1,11.0,0.0,0.0,0.0,1951.0,B02,2.0,7,0,0.0,2.0,3.0,1.0,11,27,715,2,1,1,8,1,1,7,2,2
11788,201600005279,2.0,2,1,2,11.0,0.0,0.0,0.0,1953.0,B02,2.0,7,0,0.0,2.0,3.0,1.0,11,27,715,2,1,1,8,1,1,7,2,2
11789,201600005280,1.0,1,1,1,11.0,0.0,0.0,0.0,1954.0,A01,1.0,10,0,0.0,2.0,1.0,19.0,12,2,945,1,1,2,5,3,1,2,2,1
11790,201600005280,1.0,1,3,1,21.0,0.0,0.0,0.0,1991.0,B02,1.0,2,0,0.0,2.0,8.0,1.0,12,2,945,1,1,2,5,3,1,10,1,2
11791,201600005281,1.0,1,3,2,11.0,0.0,0.0,0.0,1997.0,A01,2.0,7,0,0.0,2.0,1.0,13.0,12,6,915,1,1,1,1,1,1,7,2,2
11792,201600005281,1.0,1,1,2,11.0,0.0,0.0,0.0,1980.0,B02,1.0,7,0,0.0,2.0,3.0,1.0,12,6,915,1,1,1,1,1,1,7,2,2
11793,201600005282,1.0,1,4,1,11.0,0.0,0.0,0.0,1995.0,B02,1.0,7,0,0.0,2.0,1.0,13.0,1,2,1745,3,1,1,2,1,3,7,2,2
11794,201600005282,2.0,2,3,2,11.0,0.0,0.0,0.0,1954.0,A01,1.0,7,0,0.0,2.0,1.0,1.0,1,2,1745,3,1,1,2,1,3,7,2,2
11795,201600005282,1.0,1,4,1,11.0,0.0,0.0,0.0,1956.0,A01,1.0,7,0,0.0,2.0,1.0,1.0,1,2,1745,3,1,1,2,1,3,7,2,2
11796,201600005283,1.0,1,1,1,11.0,0.0,0.0,0.0,1997.0,A01,2.0,7,0,0.0,1.0,2.0,2.0,5,24,1815,1,1,1,1,6,4,7,2,2
11797,201600005283,0.0,3,3,1,0.0,6.0,1.0,1.0,1998.0,A01,2.0,7,0,0.0,1.0,2.0,2.0,5,24,1815,1,1,1,1,6,4,7,2,2
11798,201600005284,1.0,1,1,2,11.0,0.0,0.0,0.0,1985.0,A01,1.0,7,0,0.0,2.0,1.0,2.0,7,1,1345,1,1,1,7,3,2,2,2,1
11799,201600005284,1.0,1,4,1,21.0,0.0,0.0,0.0,1999.0,B02,1.0,2,0,0.0,2.0,8.0,15.0,7,1,1345,1,1,1,7,3,2,7,1,2
11800,201600005285,1.0,1,3,1,12.0,0.0,0.0,0.0,1997.0,A01,1.0,7,0,6.0,0.0,2.0,1.0,7,13,2045,1,2,1,1,7,4,7,2,2
11801,201600005286,1.0,1,1,1,11.0,0.0,0.0,0.0,1983.0,B02,2.0,7,0,0.0,2.0,3.0,1.0,7,20,1845,1,2,2,1,3,4,7,2,2
11802,201600005286,1.0,1,3,1,11.0,0.0,0.0,0.0,1960.0,A01,1.0,7,0,0.0,2.0,2.0,19.0,7,20,1845,1,2,2,1,3,4,7,2,2