,Num_Acc,place,catu,grav,sexe,secu,locp,actp,etatp,an_nais,num_veh,senc,catv,occutc,obs,obsm,choc,manv,mois,jour,hrmn,lum,agg,int,atm,col,mom,catvopp,catv_gen,catvopp_gen
11803,201600005287,1.0,1,3,1,22.0,0.0,0.0,0.0,1936.0,B02,1.0,1,0,0.0,2.0,3.0,1.0,7,19,900,1,1,1,1,3,1,3,1,0
11804,201600005287,1.0,1,1,1,11.0,0.0,0.0,0.0,2000.0,A01,1.0,3,0,0.0,2.0,2.0,17.0,7,19,900,1,1,1,1,3,1,1,0,1
11805,201600005288,1.0,1,4,2,11.0,0.0,0.0,0.0,1971.0,A01,0.0,7,0,13.0,0.0,1.0,1.0,7,26,1515,1,1,1,1,6,3,7,2,2
11806,201600005289,1.0,1,1,1,11.0,0.0,0.0,0.0,1968.0,A01,2.0,17,0,0.0,2.0,3.0,21.0,8,31,1030,1,1,1,1,1,1,7,3,2
11807,201600005289,1.0,1,3,1,11.0,0.0,0.0,0.0,1996.0,B02,1.0,7,0,0.0,2.0,1.0,13.0,8,31,1030,1,1,1,1,1,1,17,2,3
11808,201600005290,1.0,1,3,1,22.0,0.0,0.0,0.0,1934.0,A01,2.0,1,0,0.0,2.0,4.0,15.0,9,12,815,1,2,1,1,2,1,1,1,1
11809,201600005290,1.0,1,1,1,22.0,0.0,0.0,0.0,1974.0,B02,2.0,1,0,0.0,2.0,1.0,17.0,9,12,815,1,2,1,1,2,1,1,1,1
11810,201600005291,1.0,1,1,2,11.0,0.0,0.0,0.0,1972.0,C03,1.0,7,0,0.0,2.0,1.0,1.0,9,19,845,1,1,1,3,5,1,7,2,2
11811,201600005291,2.0,2,4,1,11.0,0.0,0.0,0.0,1993.0,A01,2.0,7,0,0.0,2.0,1.0,13.0,9,19,845,1,1,1,3,5,1,7,2,2
11812,201600005291,1.0,1,3,2,11.0,0.0,0.0,0.0,1966.0,A01,2.0,7,0,0.0,2.0,1.0,13.0,9,19,845,1,1,1,3,5,1,7,2,2
11813,201600005291,1.0,1,4,1,11.0,0.0,0.0,0.0,1964.0,B02,1.0,7,0,0.0,2.0,1.0,1.0,9,19,845,1,1,1,3,5,1,7,2,2
11814,201600005292,1.0,1,1,1,11.0,0.0,0.0,0.0,1950.0,A01,1.0,7,0,0.0,1.0,5.0,1.0,9,28,1000,1,2,1,1,6,1,7,2,2
11815,201600005292,0.0,3,3,1,0.0,4.0,3.0,1.0,1946.0,A01,1.0,7,0,0.0,1.0,5.0,1.0,9,28,1000,1,2,1,1,6,1,7,2,2
11816,201600005293,1.0,1,1,1,11.0,0.0,0.0,0.0,1971.0,A01,1.0,7,0,0.0,2.0,3.0,20.0,9,30,1930,5,2,1,8,3,4,2,2,1
11817,201600005293,1.0,1,4,1,21.0,0.0,0.0,0.0,2001.0,B02,1.0,2,0,0.0,2.0,1.0,1.0,9,30,1930,5,2,1,8,3,4,7,1,2
11818,201600005294,1.0,1,3,1,21.0,0.0,0.0,0.0,1991.0,A01,1.0,33,0,16.0,0.0,1.0,13.0,10,28,1645,1,1,1,1,7,3,33,1,1
11819,201600005295,1.0,1,1,1,11.0,0.0,0.0,0.0,1945.0,A01,2.0,7,0,0.0,1.0,3.0,1.0,12,9,845,1,2,1,1,6,1,7,2,2
11820,201600005295,0.0,3,3,2,0.0,4.0,3.0,1.0,1946.0,A01,2.0,7,0,0.0,1.0,3.0,1.0,12,9,845,1,2,1,1,6,1,7,2,2
11821,201600005296,1.0,1,1,1,11.0,0.0,0.0,0.0,1987.0,A01,1.0,7,0,0.0,1.0,8.0,1.0,12,13,1730,3,1,1,1,6,3,7,2,2
11822,201600005296,0.0,3,4,1,0.0,4.0,3.0,1.0,2004.0,A01,1.0,7,0,0.0,1.0,8.0,1.0,12,13,1730,3,1,1,1,6,3,7,2,2
11823,201600005297,0.0,3,3,1,0.0,4.0,3.0,3.0,1940.0,A01,1.0,7,0,0.0,1.0,1.0,1.0,3,21,1645,1,2,1,1,6,3,7,2,2
11824,201600005297,1.0,1,1,1,13.0,0.0,0.0,0.0,1940.0,A01,1.0,7,0,0.0,1.0,1.0,1.0,3,21,1645,1,2,1,1,6,3,7,2,2
11825,201600005297,0.0,3,3,2,0.0,4.0,3.0,3.0,1940.0,A01,1.0,7,0,0.0,1.0,1.0,1.0,3,21,1645,1,2,1,1,6,3,7,2,2
11826,201600005298,2.0,2,3,2,11.0,0.0,0.0,0.0,1996.0,A01,1.0,7,0,8.0,0.0,2.0,1.0,4,3,715,1,2,1,1,6,1,7,2,2
11827,201600005298,1.0,1,3,1,12.0,0.0,0.0,0.0,1992.0,A01,1.0,7,0,8.0,0.0,2.0,1.0,4,3,715,1,2,1,1,6,1,7,2,2
11828,201600005299,1.0,1,4,2,11.0,0.0,0.0,0.0,1944.0,B02,2.0,7,0,0.0,2.0,1.0,13.0,6,18,1500,1,2,1,2,1,3,7,2,2
11829,201600005299,1.0,1,1,1,11.0,0.0,0.0,0.0,1974.0,A01,1.0,7,0,0.0,2.0,1.0,1.0,6,18,1500,1,2,1,2,1,3,7,2,2
11830,201600005299,2.0,2,4,2,11.0,0.0,0.0,0.0,1977.0,A01,1.0,7,0,0.0,2.0,1.0,1.0,6,18,1500,1,2,1,2,1,3,7,2,2
11831,201600005299,5.0,2,4,2,11.0,0.0,0.0,0.0,2004.0,A01,1.0,7,0,0.0,2.0,1.0,1.0,6,18,1500,1,2,1,2,1,3,7,2,2
11832,201600005300,1.0,1,1,1,13.0,0.0,0.0,0.0,1958.0,B02,2.0,7,0,0.0,2.0,2.0,1.0,8,14,1630,1,1,1,1,3,3,31,2,1
11833,201600005300,2.0,2,1,2,13.0,0.0,0.0,0.0,1958.0,B02,2.0,7,0,0.0,2.0,2.0,1.0,8,14,1630,1,1,1,1,3,3,31,2,1
11834,201600005300,1.0,1,3,1,21.0,0.0,0.0,0.0,1999.0,A01,1.0,31,0,0.0,2.0,0.0,1.0,8,14,1630,1,1,1,1,3,3,7,1,2
11835,201600005301,1.0,1,1,1,22.0,0.0,0.0,0.0,1934.0,B02,0.0,1,0,0.0,2.0,0.0,9.0,9,9,1215,1,2,1,1,1,2,7,1,2
11836,201600005301,1.0,1,3,1,11.0,0.0,0.0,0.0,1959.0,A01,1.0,7,0,6.0,2.0,2.0,14.0,9,9,1215,1,2,1,1,1,2,1,2,1
11837,201600005301,2.0,2,3,2,11.0,0.0,0.0,0.0,1991.0,A01,1.0,7,0,6.0,2.0,2.0,14.0,9,9,1215,1,2,1,1,1,2,1,2,1
11838,201600005301,3.0,2,1,1,11.0,0.0,0.0,0.0,1955.0,A01,1.0,7,0,6.0,2.0,2.0,14.0,9,9,1215,1,2,1,1,1,2,1,2,1
11839,201600005302,1.0,1,1,1,13.0,0.0,0.0,0.0,1997.0,B02,2.0,7,0,0.0,2.0,1.0,1.0,10,23,1815,2,1,1,1,1,4,7,2,2
11840,201600005302,2.0,2,4,2,13.0,0.0,0.0,0.0,1999.0,B02,2.0,7,0,0.0,2.0,1.0,1.0,10,23,1815,2,1,1,1,1,4,7,2,2
11841,201600005302,1.0,1,1,1,13.0,0.0,0.0,0.0,1983.0,A01,1.0,7,0,0.0,2.0,1.0,1.0,10,23,1815,2,1,1,1,1,4,7,2,2
11842,201600005303,4.0,2,4,1,11.0,0.0,0.0,0.0,1952.0,A01,2.0,7,0,13.0,0.0,1.0,1.0,2,6,1415,1,1,1,6,7,3,7,2,2
11843,201600005303,3.0,2,4,2,11.0,0.0,0.0,0.0,1952.0,A01,2.0,7,0,13.0,0.0,1.0,1.0,2,6,1415,1,1,1,6,7,3,7,2,2
11844,201600005303,2.0,2,4,1,11.0,0.0,0.0,0.0,1955.0,A01,2.0,7,0,13.0,0.0,1.0,1.0,2,6,1415,1,1,1,6,7,3,7,2,2
11845,201600005303,1.0,1,1,1,11.0,0.0,0.0,0.0,1940.0,A01,2.0,7,0,13.0,0.0,1.0,1.0,2,6,1415,1,1,1,6,7,3,7,2,2
11846,201600005304,1.0,1,4,2,11.0,0.0,0.0,0.0,1991.0,A01,1.0,10,0,0.0,9.0,2.0,1.0,2,18,1545,1,1,1,1,3,3,1,2,1
11847,201600005304,1.0,1,4,1,1.0,0.0,0.0,0.0,1951.0,B02,1.0,1,0,0.0,2.0,3.0,1.0,2,18,1545,1,1,1,1,3,3,10,1,2
11848,201600005305,1.0,1,3,2,11.0,0.0,0.0,0.0,1945.0,A01,1.0,7,0,0.0,0.0,1.0,1.0,3,22,1515,1,1,1,1,7,3,7,2,2
11849,201600005305,2.0,2,3,1,11.0,0.0,0.0,0.0,1943.0,A01,1.0,7,0,0.0,0.0,1.0,1.0,3,22,1515,1,1,1,1,7,3,7,2,2
11850,201600005306,1.0,1,3,1,21.0,0.0,0.0,0.0,1973.0,A01,1.0,33,0,0.0,0.0,1.0,1.0,5,28,1245,1,1,1,1,7,2,33,1,1
11851,201600005307,1.0,1,1,1,11.0,0.0,0.0,0.0,1997.0,A01,1.0,7,0,12.0,0.0,9.0,1.0,6,4,1115,1,2,1,1,6,1,7,2,2
11852,201600005307,2.0,2,4,2,11.0,0.0,0.0,0.0,2002.0,A01,1.0,7,0,12.0,0.0,9.0,1.0,6,4,1115,1,2,1,1,6,1,7,2,2
11853,201600005307,3.0,2,3,2,13.0,0.0,0.0,0.0,2002.0,A01,1.0,7,0,12.0,0.0,9.0,1.0,6,4,1115,1,2,1,1,6,1,7,2,2
11854,201600005307,4.0,2,3,2,12.0,0.0,0.0,0.0,1997.0,A01,1.0,7,0,12.0,0.0,9.0,1.0,6,4,1115,1,2,1,1,6,1,7,2,2
11855,201600005307,5.0,2,4,2,12.0,0.0,0.0,0.0,2001.0,A01,1.0,7,0,12.0,0.0,9.0,1.0,6,4,1115,1,2,1,1,6,1,7,2,2
11856,201600005307,8.0,2,4,2,11.0,0.0,0.0,0.0,2001.0,A01,1.0,7,0,12.0,0.0,9.0,1.0,6,4,1115,1,2,1,1,6,1,7,2,2
11857,201600005308,2.0,2,4,2,11.0,0.0,0.0,0.0,1961.0,B02,0.0,7,0,0.0,2.0,3.0,1.0,6,10,845,1,1,1,1,1,1,7,2,2
11858,201600005308,1.0,1,4,1,11.0,0.0,0.0,0.0,1968.0,B02,0.0,7,0,0.0,2.0,3.0,1.0,6,10,845,1,1,1,1,1,1,7,2,2
11859,201600005308,1.0,1,4,1,11.0,0.0,0.0,0.0,1987.0,A01,0.0,7,0,0.0,2.0,3.0,1.0,6,10,845,1,1,1,1,1,1,7,2,2
11860,201600005309,1.0,1,4,1,11.0,0.0,0.0,0.0,1952.0,B02,2.0,7,0,0.0,2.0,1.0,1.0,6,17,1815,1,1,1,3,1,4,7,2,2
11861,201600005309,1.0,1,3,2,11.0,0.0,0.0,0.0,1944.0,A01,1.0,7,0,0.0,2.0,1.0,5.0,6,17,1815,1,1,1,3,1,4,7,2,2
11862,201600005310,1.0,1,4,1,11.0,0.0,0.0,0.0,1951.0,B02,0.0,7,0,0.0,2.0,8.0,1.0,7,16,1500,1,1,1,1,3,3,7,2,2
11863,201600005310,1.0,1,1,1,11.0,0.0,0.0,0.0,1961.0,A01,0.0,7,0,0.0,2.0,0.0,1.0,7,16,1500,1,1,1,1,3,3,7,2,2
11864,201600005311,1.0,1,3,1,12.0,0.0,0.0,0.0,1995.0,A01,2.0,7,0,13.0,0.0,1.0,1.0,8,8,2215,3,1,1,1,7,5,7,2,2
11865,201600005312,1.0,1,1,1,11.0,0.0,0.0,0.0,1996.0,A01,1.0,7,0,0.0,6.0,1.0,1.0,8,19,715,2,2,1,1,7,1,7,2,2
11866,201600005312,2.0,2,1,1,11.0,0.0,0.0,0.0,1997.0,A01,1.0,7,0,0.0,6.0,1.0,1.0,8,19,715,2,2,1,1,7,1,7,2,2
11867,201600005312,3.0,2,3,2,11.0,0.0,0.0,0.0,2001.0,A01,1.0,7,0,0.0,6.0,1.0,1.0,8,19,715,2,2,1,1,7,1,7,2,2
11868,201600005312,4.0,2,3,2,11.0,0.0,0.0,0.0,2003.0,A01,1.0,7,0,0.0,6.0,1.0,1.0,8,19,715,2,2,1,1,7,1,7,2,2
11869,201600005312,5.0,2,4,1,11.0,0.0,0.0,0.0,1996.0,A01,1.0,7,0,0.0,6.0,1.0,1.0,8,19,715,2,2,1,1,7,1,7,2,2
11870,201600005313,1.0,1,4,2,11.0,0.0,0.0,0.0,1958.0,B02,2.0,7,0,0.0,2.0,1.0,1.0,9,16,1900,2,1,2,1,3,4,7,2,2
11871,201600005313,1.0,1,1,1,11.0,0.0,0.0,0.0,1995.0,A01,1.0,7,0,0.0,2.0,7.0,1.0,9,16,1900,2,1,2,1,3,4,7,2,2
11872,201600005314,3.0,2,4,2,13.0,0.0,0.0,0.0,1941.0,A01,2.0,7,0,13.0,0.0,1.0,1.0,9,18,1115,1,1,1,2,7,1,7,2,2
11873,201600005314,4.0,2,4,1,13.0,0.0,0.0,0.0,1970.0,A01,2.0,7,0,13.0,0.0,1.0,1.0,9,18,1115,1,1,1,2,7,1,7,2,2
11874,201600005314,1.0,1,4,2,13.0,0.0,0.0,0.0,1967.0,A01,2.0,7,0,13.0,0.0,1.0,1.0,9,18,1115,1,1,1,2,7,1,7,2,2
11875,201600005314,2.0,2,3,1,13.0,0.0,0.0,0.0,1940.0,A01,2.0,7,0,13.0,0.0,1.0,1.0,9,18,1115,1,1,1,2,7,1,7,2,2
11876,201600005315,1.0,1,3,2,11.0,0.0,0.0,0.0,1978.0,B02,0.0,7,0,0.0,2.0,3.0,1.0,12,19,830,1,1,1,1,1,1,7,2,2
11877,201600005315,2.0,2,4,2,11.0,0.0,0.0,0.0,2012.0,B02,0.0,7,0,0.0,2.0,3.0,1.0,12,19,830,1,1,1,1,1,1,7,2,2
11878,201600005315,1.0,1,3,1,11.0,0.0,0.0,0.0,1966.0,A01,0.0,7,0,0.0,2.0,3.0,1.0,12,19,830,1,1,1,1,1,1,7,2,2
11879,201600005315,2.0,2,1,2,11.0,0.0,0.0,0.0,1997.0,A01,0.0,7,0,0.0,2.0,3.0,1.0,12,19,830,1,1,1,1,1,1,7,2,2
11880,201600005316,1.0,1,3,1,11.0,0.0,0.0,0.0,1995.0,A01,1.0,7,0,13.0,0.0,2.0,14.0,1,22,1515,1,1,1,1,6,3,7,2,2
11881,201600005316,2.0,2,4,2,11.0,0.0,0.0,0.0,1997.0,A01,1.0,7,0,13.0,0.0,2.0,14.0,1,22,1515,1,1,1,1,6,3,7,2,2
11882,201600005317,1.0,1,3,2,11.0,0.0,0.0,0.0,1955.0,A01,0.0,7,0,0.0,0.0,0.0,1.0,2,12,1645,1,1,1,1,7,3,7,2,2
11883,201600005318,1.0,1,3,1,21.0,0.0,0.0,0.0,1958.0,A01,1.0,33,0,13.0,0.0,0.0,1.0,5,21,1300,1,1,1,1,7,2,33,1,1
11884,201600005319,1.0,1,3,1,11.0,0.0,0.0,0.0,1967.0,A01,2.0,7,0,2.0,0.0,7.0,13.0,7,11,1345,1,1,1,1,6,2,7,2,2
11885,201600005320,1.0,1,1,1,11.0,0.0,0.0,0.0,1969.0,A01,1.0,7,0,0.0,1.0,1.0,1.0,7,29,1545,1,2,1,1,6,3,7,2,2
11886,201600005320,0.0,3,3,2,0.0,4.0,3.0,1.0,1936.0,A01,1.0,7,0,0.0,1.0,1.0,1.0,7,29,1545,1,2,1,1,6,3,7,2,2
11887,201600005321,1.0,1,4,2,11.0,0.0,0.0,0.0,1996.0,A01,0.0,7,0,0.0,2.0,3.0,19.0,10,2,315,3,1,1,1,3,0,7,2,2
11888,201600005321,1.0,1,4,1,11.0,0.0,0.0,0.0,1992.0,B02,2.0,7,0,0.0,2.0,2.0,1.0,10,2,315,3,1,1,1,3,0,7,2,2
11889,201600005322,1.0,1,4,1,21.0,0.0,0.0,0.0,1988.0,A01,0.0,30,0,8.0,0.0,8.0,16.0,11,21,1700,1,1,1,1,7,3,30,1,1
11890,201600005323,1.0,1,4,1,11.0,0.0,0.0,0.0,1987.0,A01,1.0,7,0,0.0,9.0,7.0,2.0,11,23,1430,1,2,1,1,3,3,1,2,1
11891,201600005323,1.0,1,3,1,22.0,0.0,0.0,0.0,1938.0,B02,1.0,1,0,0.0,2.0,8.0,2.0,11,23,1430,1,2,1,1,3,3,7,1,2
11892,201600005324,1.0,1,3,1,11.0,0.0,0.0,0.0,1997.0,A01,1.0,7,0,6.0,0.0,3.0,1.0,2,4,2245,3,1,1,3,6,5,7,2,2
11893,201600005325,1.0,1,3,2,11.0,0.0,0.0,0.0,1989.0,B02,2.0,7,0,0.0,2.0,3.0,1.0,3,5,1630,1,1,1,1,1,3,7,2,2
11894,201600005325,2.0,2,3,2,11.0,0.0,0.0,0.0,1981.0,B02,2.0,7,0,0.0,2.0,3.0,1.0,3,5,1630,1,1,1,1,1,3,7,2,2
11895,201600005325,1.0,1,3,1,11.0,0.0,0.0,0.0,1941.0,A01,1.0,7,0,0.0,2.0,3.0,13.0,3,5,1630,1,1,1,1,1,3,7,2,2
11896,201600005326,1.0,1,1,2,11.0,0.0,0.0,0.0,1985.0,B02,2.0,7,0,0.0,2.0,6.0,15.0,3,17,1800,1,2,1,1,3,4,33,2,1
11897,201600005326,1.0,1,3,1,21.0,0.0,0.0,0.0,1974.0,A01,2.0,33,0,0.0,2.0,2.0,17.0,3,17,1800,1,2,1,1,3,4,7,1,2
11898,201600005327,1.0,1,3,1,22.0,0.0,0.0,0.0,2003.0,B02,2.0,1,0,0.0,2.0,1.0,1.0,5,21,1400,1,1,1,1,3,3,7,1,2
11899,201600005327,1.0,1,1,2,11.0,0.0,0.0,0.0,1958.0,A01,1.0,7,0,0.0,2.0,2.0,15.0,5,21,1400,1,1,1,1,3,3,1,2,1
11900,201600005327,2.0,2,1,1,11.0,0.0,0.0,0.0,2006.0,A01,1.0,7,0,0.0,2.0,2.0,15.0,5,21,1400,1,1,1,1,3,3,1,2,1
11901,201600005328,1.0,1,1,1,11.0,0.0,0.0,0.0,1948.0,B02,1.0,7,0,0.0,9.0,3.0,1.0,5,21,945,1,1,1,1,3,1,1,2,1
11902,201600005328,2.0,2,1,2,11.0,0.0,0.0,0.0,1948.0,B02,1.0,7,0,0.0,9.0,3.0,1.0,5,21,945,1,1,1,1,3,1,1,2,1
11903,201600005328,1.0,1,3,1,21.0,0.0,0.0,0.0,1955.0,A01,2.0,1,0,0.0,2.0,8.0,19.0,5,21,945,1,1,1,1,3,1,7,1,2
11904,201600005329,1.0,1,3,1,21.0,0.0,0.0,0.0,1940.0,A01,2.0,33,0,2.0,0.0,0.0,1.0,5,28,1200,1,1,1,1,6,2,33,1,1
11905,201600005330,2.0,2,1,2,11.0,0.0,0.0,0.0,2001.0,B02,1.0,7,0,0.0,2.0,8.0,1.0,6,22,1750,1,1,1,7,3,3,31,2,1
11906,201600005330,1.0,1,4,2,11.0,0.0,0.0,0.0,1974.0,B02,1.0,7,0,0.0,2.0,8.0,1.0,6,22,1750,1,1,1,7,3,3,31,2,1
11907,201600005330,1.0,1,4,1,21.0,0.0,0.0,0.0,1998.0,A01,2.0,31,0,0.0,2.0,1.0,21.0,6,22,1750,1,1,1,7,3,3,7,1,2
11908,201600005331,1.0,1,3,1,11.0,0.0,0.0,0.0,1959.0,A01,2.0,7,0,1.0,0.0,1.0,1.0,7,7,2315,3,1,1,1,6,5,7,2,2
11909,201600005332,1.0,1,3,1,21.0,0.0,0.0,0.0,1968.0,B02,1.0,33,0,0.0,2.0,1.0,17.0,7,9,1100,1,2,1,7,3,1,7,1,2
11910,201600005332,1.0,1,1,1,11.0,0.0,0.0,0.0,1949.0,A01,1.0,7,0,0.0,2.0,3.0,15.0,7,9,1100,1,2,1,7,3,1,33,2,1
11911,201600005332,2.0,2,1,1,11.0,0.0,0.0,0.0,2002.0,A01,1.0,7,0,0.0,2.0,3.0,15.0,7,9,1100,1,2,1,7,3,1,33,2,1
11912,201600005333,1.0,1,1,1,11.0,0.0,0.0,0.0,1998.0,A01,1.0,7,0,2.0,0.0,1.0,1.0,7,23,1415,1,1,1,1,6,3,7,2,2
11913,201600005333,2.0,2,3,1,11.0,0.0,0.0,0.0,2001.0,A01,1.0,7,0,2.0,0.0,1.0,1.0,7,23,1415,1,1,1,1,6,3,7,2,2
11914,201600005334,1.0,1,1,2,11.0,0.0,0.0,0.0,1937.0,A01,2.0,7,0,0.0,2.0,2.0,1.0,8,1,1715,1,1,1,1,2,3,1,2,1
11915,201600005334,1.0,1,2,1,21.0,0.0,0.0,0.0,1935.0,B02,2.0,1,0,0.0,2.0,4.0,2.0,8,1,1715,1,1,1,1,2,3,7,1,2
11916,201600005335,1.0,1,2,1,12.0,0.0,0.0,0.0,1989.0,A01,1.0,7,0,13.0,0.0,1.0,1.0,8,14,1600,1,1,1,1,6,3,7,2,2
11917,201600005335,2.0,2,3,1,12.0,0.0,0.0,0.0,1995.0,A01,1.0,7,0,13.0,0.0,1.0,1.0,8,14,1600,1,1,1,1,6,3,7,2,2
11918,201600005336,1.0,1,4,1,11.0,0.0,0.0,0.0,1989.0,A01,0.0,7,0,0.0,2.0,3.0,1.0,8,18,730,1,2,2,2,3,1,30,2,1
11919,201600005336,1.0,1,3,1,21.0,0.0,0.0,0.0,1999.0,B02,0.0,30,0,0.0,2.0,1.0,1.0,8,18,730,1,2,2,2,3,1,7,1,2
11920,201600005337,2.0,2,1,1,11.0,0.0,0.0,0.0,1986.0,A01,2.0,7,0,0.0,2.0,6.0,15.0,9,10,1445,1,2,1,1,3,3,30,2,1
11921,201600005337,1.0,1,1,2,11.0,0.0,0.0,0.0,1986.0,A01,2.0,7,0,0.0,2.0,6.0,15.0,9,10,1445,1,2,1,1,3,3,30,2,1
11922,201600005337,1.0,1,3,1,21.0,0.0,0.0,0.0,2001.0,B02,2.0,30,0,0.0,2.0,1.0,1.0,9,10,1445,1,2,1,1,3,3,7,1,2
11923,201600005338,1.0,1,3,2,11.0,0.0,0.0,0.0,1957.0,A01,1.0,7,0,0.0,0.0,1.0,1.0,9,19,1000,1,1,1,8,6,1,7,2,2
11924,201600005339,1.0,1,3,1,22.0,0.0,0.0,0.0,1986.0,A01,2.0,33,0,0.0,0.0,0.0,1.0,9,25,130,3,1,1,1,7,0,33,1,1
11925,201600005340,1.0,1,1,2,11.0,0.0,0.0,0.0,1935.0,A01,0.0,7,0,0.0,1.0,1.0,15.0,10,19,1000,1,2,1,1,6,1,7,2,2
11926,201600005340,0.0,3,3,1,0.0,2.0,3.0,1.0,1933.0,A01,0.0,7,0,0.0,1.0,1.0,15.0,10,19,1000,1,2,1,1,6,1,7,2,2
11927,201600005341,1.0,1,3,1,21.0,0.0,0.0,0.0,1960.0,B02,0.0,30,0,0.0,2.0,1.0,1.0,11,4,1645,1,2,2,1,3,3,14,1,3
11928,201600005341,1.0,1,4,1,11.0,0.0,0.0,0.0,1971.0,A01,0.0,14,0,0.0,2.0,8.0,15.0,11,4,1645,1,2,2,1,3,3,30,3,1
11929,201600005342,1.0,1,1,1,11.0,0.0,0.0,0.0,1973.0,A01,0.0,7,0,0.0,2.0,3.0,9.0,11,7,1745,2,2,1,2,1,3,33,2,1
11930,201600005342,1.0,1,4,1,21.0,0.0,0.0,0.0,1993.0,B02,0.0,33,0,0.0,2.0,1.0,1.0,11,7,1745,2,2,1,2,1,3,7,1,2
11931,201600005343,1.0,1,1,1,11.0,0.0,0.0,0.0,1996.0,C03,1.0,7,0,0.0,2.0,1.0,1.0,12,16,2000,3,1,1,1,5,4,7,2,2
11932,201600005343,2.0,2,1,1,11.0,0.0,0.0,0.0,1997.0,C03,1.0,7,0,0.0,2.0,1.0,1.0,12,16,2000,3,1,1,1,5,4,7,2,2
11933,201600005343,1.0,1,3,1,11.0,0.0,0.0,0.0,1975.0,B02,2.0,7,0,0.0,2.0,1.0,1.0,12,16,2000,3,1,1,1,5,4,7,2,2
11934,201600005343,1.0,1,4,1,11.0,0.0,0.0,0.0,1996.0,A01,1.0,7,0,0.0,2.0,1.0,1.0,12,16,2000,3,1,1,1,5,4,7,2,2
11935,201600005344,1.0,1,3,1,11.0,0.0,0.0,0.0,1960.0,A01,1.0,7,0,2.0,0.0,1.0,0.0,1,16,500,3,1,1,4,7,0,7,2,2
11936,201600005345,1.0,1,3,1,13.0,0.0,0.0,0.0,1966.0,A01,2.0,7,0,2.0,0.0,9.0,1.0,2,12,730,2,2,1,4,6,1,7,2,2
11937,201600005346,1.0,1,3,2,13.0,0.0,0.0,0.0,1983.0,A01,2.0,7,0,6.0,0.0,1.0,1.0,2,17,1915,3,1,1,1,6,4,7,2,2
11938,201600005347,1.0,1,4,2,13.0,0.0,0.0,0.0,1973.0,B02,1.0,7,0,0.0,2.0,8.0,1.0,4,27,1145,1,2,1,1,3,1,7,2,2
11939,201600005347,2.0,2,1,1,31.0,0.0,0.0,0.0,2014.0,B02,1.0,7,0,0.0,2.0,8.0,1.0,4,27,1145,1,2,1,1,3,1,7,2,2
11940,201600005347,3.0,2,1,1,31.0,0.0,0.0,0.0,2010.0,B02,1.0,7,0,0.0,2.0,8.0,1.0,4,27,1145,1,2,1,1,3,1,7,2,2
11941,201600005347,4.0,2,3,1,31.0,0.0,0.0,0.0,2012.0,B02,1.0,7,0,0.0,2.0,8.0,1.0,4,27,1145,1,2,1,1,3,1,7,2,2
11942,201600005347,5.0,2,1,2,31.0,0.0,0.0,0.0,2013.0,B02,1.0,7,0,0.0,2.0,8.0,1.0,4,27,1145,1,2,1,1,3,1,7,2,2
11943,201600005347,1.0,1,1,1,13.0,0.0,0.0,0.0,1958.0,A01,2.0,7,0,0.0,2.0,8.0,1.0,4,27,1145,1,2,1,1,3,1,7,2,2
11944,201600005348,1.0,1,1,1,11.0,0.0,0.0,0.0,1967.0,B02,1.0,7,0,0.0,2.0,7.0,16.0,6,12,1400,1,1,1,1,3,3,2,2,1
11945,201600005348,2.0,2,1,2,11.0,0.0,0.0,0.0,1949.0,B02,1.0,7,0,0.0,2.0,7.0,16.0,6,12,1400,1,1,1,1,3,3,2,2,1
11946,201600005348,1.0,1,3,2,21.0,0.0,0.0,0.0,2001.0,A01,1.0,2,0,0.0,2.0,8.0,18.0,6,12,1400,1,1,1,1,3,3,7,1,2
11947,201600005348,2.0,2,4,2,21.0,0.0,0.0,0.0,2000.0,A01,1.0,2,0,0.0,2.0,8.0,18.0,6,12,1400,1,1,1,1,3,3,7,1,2
11948,201600005349,1.0,1,1,1,13.0,0.0,0.0,0.0,1989.0,A01,1.0,7,0,0.0,1.0,5.0,20.0,6,16,1045,1,2,1,1,6,1,7,2,2
11949,201600005349,0.0,3,3,2,0.0,2.0,1.0,1.0,1938.0,A01,1.0,7,0,0.0,1.0,5.0,20.0,6,16,1045,1,2,1,1,6,1,7,2,2
11950,201600005350,1.0,1,3,1,13.0,0.0,0.0,0.0,1986.0,A01,1.0,7,0,10.0,0.0,1.0,1.0,7,12,1845,1,1,1,1,6,4,7,2,2
11951,201600005351,1.0,1,3,2,21.0,0.0,0.0,0.0,1965.0,A01,1.0,33,0,0.0,2.0,1.0,17.0,8,15,1715,1,2,1,1,3,3,36,1,1
11952,201600005351,1.0,1,1,1,21.0,0.0,0.0,0.0,1991.0,B02,1.0,36,0,0.0,2.0,3.0,15.0,8,15,1715,1,2,1,1,3,3,33,1,1
11953,201600005352,1.0,1,2,1,11.0,0.0,0.0,0.0,1997.0,A01,2.0,7,0,2.0,0.0,3.0,13.0,9,19,445,2,1,1,8,6,0,7,2,2
11954,201600005353,1.0,1,4,1,23.0,0.0,0.0,0.0,1998.0,A01,1.0,30,0,0.0,2.0,2.0,12.0,10,15,1930,2,1,1,1,3,4,3,1,0
11955,201600005353,2.0,2,3,2,23.0,0.0,0.0,0.0,2000.0,A01,1.0,30,0,0.0,2.0,2.0,12.0,10,15,1930,2,1,1,1,3,4,3,1,0