,Num_Acc,place,catu,grav,sexe,secu,locp,actp,etatp,an_nais,num_veh,senc,catv,occutc,obs,obsm,choc,manv,mois,jour,hrmn,lum,agg,int,atm,col,mom,catvopp,catv_gen,catvopp_gen
12108,201600005415,1.0,1,2,1,21.0,0.0,0.0,0.0,1978.0,A01,1.0,33,0,6.0,0.0,0.0,0.0,7,6,1745,1,1,1,1,7,3,33,1,1
12109,201600005416,1.0,1,1,2,11.0,0.0,0.0,0.0,1994.0,A01,1.0,7,0,0.0,1.0,1.0,1.0,9,26,845,1,2,1,7,6,1,7,2,2
12110,201600005416,0.0,3,3,1,0.0,2.0,3.0,1.0,1945.0,A01,1.0,7,0,0.0,1.0,1.0,1.0,9,26,845,1,2,1,7,6,1,7,2,2
12111,201600005417,1.0,1,2,1,21.0,0.0,0.0,0.0,1972.0,A01,1.0,33,0,6.0,0.0,1.0,1.0,2,21,1542,1,2,1,1,6,3,33,1,1
12112,201600005418,1.0,1,3,2,11.0,0.0,0.0,0.0,1984.0,A01,2.0,7,0,2.0,0.0,3.0,13.0,4,7,1430,1,1,1,1,6,3,7,2,2
12113,201600005419,1.0,1,1,1,11.0,0.0,0.0,0.0,1971.0,A01,2.0,7,0,0.0,2.0,1.0,1.0,6,7,2230,5,2,2,2,3,5,7,2,2
12114,201600005419,1.0,1,3,1,11.0,0.0,0.0,0.0,1993.0,B02,1.0,7,0,0.0,2.0,8.0,1.0,6,7,2230,5,2,2,2,3,5,7,2,2
12115,201600005420,1.0,1,1,1,11.0,0.0,0.0,0.0,1963.0,B02,2.0,7,0,0.0,0.0,3.0,0.0,6,26,830,1,1,3,1,1,1,1,2,1
12116,201600005420,1.0,1,3,1,22.0,0.0,0.0,0.0,1964.0,A01,1.0,1,0,0.0,0.0,1.0,0.0,6,26,830,1,1,3,1,1,1,7,1,2
12117,201600005421,1.0,1,3,2,11.0,0.0,0.0,0.0,1962.0,A01,2.0,7,0,0.0,0.0,9.0,1.0,8,15,1330,1,1,1,1,7,2,7,2,2
12118,201600005422,1.0,1,3,1,21.0,0.0,0.0,0.0,1959.0,A01,1.0,33,0,2.0,0.0,1.0,1.0,10,7,1930,3,2,1,1,6,4,33,1,1
12119,201600005423,1.0,1,1,1,13.0,0.0,0.0,0.0,1978.0,A01,1.0,7,0,0.0,2.0,7.0,15.0,12,2,2000,5,2,1,1,3,4,2,2,1
12120,201600005423,1.0,1,3,1,21.0,0.0,0.0,0.0,2000.0,B02,2.0,2,0,0.0,2.0,1.0,1.0,12,2,2000,5,2,1,1,3,4,7,1,2
12121,201600005423,2.0,2,4,1,21.0,0.0,0.0,0.0,1999.0,B02,2.0,2,0,0.0,2.0,1.0,1.0,12,2,2000,5,2,1,1,3,4,7,1,2
12122,201600005424,1.0,1,2,1,21.0,0.0,0.0,0.0,1978.0,A01,2.0,33,0,0.0,2.0,1.0,5.0,6,20,1945,1,1,1,1,1,4,7,1,2
12123,201600005424,1.0,1,1,1,11.0,0.0,0.0,0.0,1961.0,B02,1.0,7,0,0.0,2.0,1.0,1.0,6,20,1945,1,1,1,1,1,4,33,2,1
12124,201600005424,2.0,2,1,2,11.0,0.0,0.0,0.0,1972.0,B02,1.0,7,0,0.0,2.0,1.0,1.0,6,20,1945,1,1,1,1,1,4,33,2,1
12125,201600005425,1.0,1,3,1,21.0,0.0,0.0,0.0,1960.0,A01,1.0,1,0,4.0,0.0,1.0,1.0,7,23,1215,1,1,1,1,6,2,1,1,1
12126,201600005426,1.0,1,1,2,11.0,0.0,0.0,0.0,1972.0,A01,1.0,7,0,0.0,2.0,3.0,15.0,8,12,1730,1,2,3,1,1,3,33,2,1
12127,201600005426,1.0,1,3,1,21.0,0.0,0.0,0.0,1949.0,B02,2.0,33,0,0.0,2.0,3.0,1.0,8,12,1730,1,2,3,1,1,3,7,1,2
12128,201600005426,2.0,2,3,2,21.0,0.0,0.0,0.0,1947.0,B02,2.0,33,0,0.0,2.0,3.0,1.0,8,12,1730,1,2,3,1,1,3,7,1,2
12129,201600005427,1.0,1,3,1,21.0,0.0,0.0,0.0,1978.0,A01,1.0,30,0,0.0,2.0,0.0,1.0,3,9,1115,1,2,4,1,7,1,30,1,1
12130,201600005428,1.0,1,3,1,21.0,0.0,0.0,0.0,1998.0,A01,1.0,2,0,13.0,0.0,1.0,1.0,4,10,900,1,1,1,1,7,1,2,1,1
12131,201600005429,1.0,1,1,1,11.0,0.0,0.0,0.0,1987.0,B02,1.0,7,0,0.0,2.0,1.0,11.0,4,20,2115,3,1,1,1,2,4,34,2,1
12132,201600005429,1.0,1,3,1,21.0,0.0,0.0,0.0,1992.0,A01,1.0,34,0,0.0,2.0,4.0,5.0,4,20,2115,3,1,1,1,2,4,7,1,2
12133,201600005430,1.0,1,3,1,12.0,0.0,0.0,0.0,1961.0,A01,1.0,7,0,13.0,0.0,2.0,1.0,5,7,1815,1,1,1,1,7,4,7,2,2
12134,201600005431,1.0,1,2,1,13.0,0.0,0.0,0.0,1936.0,A01,1.0,7,0,13.0,0.0,1.0,1.0,5,11,1145,1,1,6,2,7,1,7,2,2
12135,201600005432,1.0,1,4,1,11.0,0.0,0.0,0.0,1996.0,A01,0.0,7,0,0.0,2.0,1.0,5.0,5,21,1700,1,1,1,1,1,3,7,2,2
12136,201600005432,1.0,1,4,1,11.0,0.0,0.0,0.0,1974.0,B02,0.0,7,0,0.0,2.0,1.0,0.0,5,21,1700,1,1,1,1,1,3,7,2,2
12137,201600005433,1.0,1,1,1,11.0,0.0,0.0,0.0,1959.0,B02,1.0,20,0,0.0,2.0,6.0,1.0,7,20,1500,1,1,1,1,3,3,33,0,1
12138,201600005433,1.0,1,3,1,21.0,0.0,0.0,0.0,1989.0,A01,1.0,33,0,12.0,2.0,7.0,13.0,7,20,1500,1,1,1,1,3,3,20,1,0
12139,201600005434,1.0,1,4,1,21.0,0.0,0.0,0.0,1988.0,A01,1.0,1,0,0.0,0.0,4.0,1.0,7,27,1100,1,2,1,1,5,1,7,1,2
12140,201600005434,1.0,1,1,1,11.0,0.0,0.0,0.0,1968.0,C03,1.0,7,0,0.0,2.0,1.0,1.0,7,27,1100,1,2,1,1,5,1,1,2,1
12141,201600005434,1.0,1,2,2,21.0,0.0,0.0,0.0,1988.0,B02,1.0,1,0,0.0,0.0,4.0,1.0,7,27,1100,1,2,1,1,5,1,7,1,2
12142,201600005435,1.0,1,3,1,11.0,0.0,0.0,0.0,1976.0,A01,1.0,7,0,3.0,0.0,3.0,1.0,7,30,1525,1,1,1,1,6,3,7,2,2
12143,201600005435,2.0,2,2,2,11.0,0.0,0.0,0.0,1983.0,A01,1.0,7,0,3.0,0.0,3.0,1.0,7,30,1525,1,1,1,1,6,3,7,2,2
12144,201600005435,3.0,2,3,1,11.0,0.0,0.0,0.0,1979.0,A01,1.0,7,0,3.0,0.0,3.0,1.0,7,30,1525,1,1,1,1,6,3,7,2,2
12145,201600005436,5.0,2,1,2,11.0,0.0,0.0,0.0,2007.0,B02,2.0,7,0,0.0,2.0,3.0,0.0,8,1,1145,1,1,1,1,1,1,10,2,2
12146,201600005436,5.0,2,4,1,11.0,0.0,0.0,0.0,2005.0,B02,2.0,7,0,0.0,2.0,3.0,0.0,8,1,1145,1,1,1,1,1,1,10,2,2
12147,201600005436,5.0,2,4,1,11.0,0.0,0.0,0.0,2009.0,B02,2.0,7,0,0.0,2.0,3.0,0.0,8,1,1145,1,1,1,1,1,1,10,2,2
12148,201600005436,1.0,1,4,1,11.0,0.0,0.0,0.0,1977.0,B02,2.0,7,0,0.0,2.0,3.0,0.0,8,1,1145,1,1,1,1,1,1,10,2,2
12149,201600005436,3.0,2,1,2,11.0,0.0,0.0,0.0,1978.0,B02,2.0,7,0,0.0,2.0,3.0,0.0,8,1,1145,1,1,1,1,1,1,10,2,2
12150,201600005436,1.0,1,3,2,11.0,0.0,0.0,0.0,1946.0,A01,1.0,10,0,0.0,2.0,3.0,13.0,8,1,1145,1,1,1,1,1,1,7,2,2
12151,201600005437,1.0,1,4,1,11.0,0.0,0.0,0.0,1963.0,A01,1.0,7,0,0.0,2.0,5.0,1.0,8,12,1950,1,2,1,1,1,4,7,2,2
12152,201600005437,2.0,2,4,1,11.0,0.0,0.0,0.0,1962.0,A01,1.0,7,0,0.0,2.0,5.0,1.0,8,12,1950,1,2,1,1,1,4,7,2,2
12153,201600005437,1.0,1,2,1,11.0,0.0,0.0,0.0,1986.0,B02,2.0,7,0,0.0,2.0,1.0,1.0,8,12,1950,1,2,1,1,1,4,7,2,2
12154,201600005437,2.0,2,2,1,11.0,0.0,0.0,0.0,1996.0,B02,2.0,7,0,0.0,2.0,1.0,1.0,8,12,1950,1,2,1,1,1,4,7,2,2
12155,201600005437,5.0,2,3,1,12.0,0.0,0.0,0.0,1988.0,B02,2.0,7,0,0.0,2.0,1.0,1.0,8,12,1950,1,2,1,1,1,4,7,2,2
12156,201600005437,5.0,2,3,1,12.0,0.0,0.0,0.0,1995.0,B02,2.0,7,0,0.0,2.0,1.0,1.0,8,12,1950,1,2,1,1,1,4,7,2,2
12157,201600005438,1.0,1,4,1,11.0,0.0,0.0,0.0,1998.0,A01,1.0,7,0,0.0,2.0,3.0,1.0,9,10,1515,1,1,1,1,1,3,7,2,2
12158,201600005438,1.0,1,3,1,11.0,0.0,0.0,0.0,1940.0,B02,2.0,7,0,0.0,2.0,3.0,1.0,9,10,1515,1,1,1,1,1,3,7,2,2
12159,201600005439,1.0,1,1,1,11.0,0.0,0.0,0.0,1987.0,A01,2.0,7,0,16.0,0.0,2.0,1.0,9,23,2315,3,1,1,1,6,5,7,2,2
12160,201600005439,2.0,2,1,1,11.0,0.0,0.0,0.0,1987.0,A01,2.0,7,0,16.0,0.0,2.0,1.0,9,23,2315,3,1,1,1,6,5,7,2,2
12161,201600005439,5.0,2,3,2,11.0,0.0,0.0,0.0,1983.0,A01,2.0,7,0,16.0,0.0,2.0,1.0,9,23,2315,3,1,1,1,6,5,7,2,2
12162,201600005440,0.0,3,3,1,0.0,4.0,3.0,1.0,1928.0,A01,1.0,7,0,0.0,1.0,1.0,1.0,9,26,1515,1,2,9,1,6,3,7,2,2
12163,201600005440,1.0,1,1,2,11.0,0.0,0.0,0.0,1970.0,A01,1.0,7,0,0.0,1.0,1.0,1.0,9,26,1515,1,2,9,1,6,3,7,2,2
12164,201600005441,1.0,1,1,2,11.0,0.0,0.0,0.0,1956.0,B02,1.0,7,0,0.0,2.0,3.0,15.0,9,29,1700,1,1,1,1,3,3,33,2,1
12165,201600005441,1.0,1,4,1,21.0,0.0,0.0,0.0,1990.0,A01,1.0,33,0,0.0,2.0,1.0,17.0,9,29,1700,1,1,1,1,3,3,7,1,2
12166,201600005441,2.0,2,3,2,21.0,0.0,0.0,0.0,1989.0,A01,1.0,33,0,0.0,2.0,1.0,17.0,9,29,1700,1,1,1,1,3,3,7,1,2
12167,201600005442,1.0,1,4,1,21.0,0.0,0.0,0.0,1977.0,B02,2.0,31,0,0.0,2.0,1.0,1.0,10,7,715,5,2,9,1,3,1,10,1,2
12168,201600005442,1.0,1,1,1,11.0,0.0,0.0,0.0,1957.0,A01,1.0,10,0,0.0,2.0,5.0,15.0,10,7,715,5,2,9,1,3,1,31,2,1
12169,201600005443,1.0,1,1,1,11.0,0.0,0.0,0.0,1951.0,A01,0.0,7,0,0.0,9.0,1.0,1.0,10,17,1745,1,2,4,2,3,3,1,2,1
12170,201600005443,1.0,1,3,2,22.0,0.0,0.0,0.0,1996.0,B02,0.0,1,0,0.0,0.0,7.0,1.0,10,17,1745,1,2,4,2,3,3,7,1,2
12171,201600005444,1.0,1,1,1,13.0,0.0,0.0,0.0,1988.0,A01,1.0,10,0,0.0,1.0,3.0,1.0,12,14,1245,1,2,1,7,6,2,10,2,2
12172,201600005444,0.0,3,3,2,0.0,4.0,3.0,2.0,1945.0,A01,1.0,10,0,0.0,1.0,3.0,1.0,12,14,1245,1,2,1,7,6,2,10,2,2
12173,201600005445,1.0,1,3,1,11.0,0.0,0.0,0.0,1973.0,B02,2.0,7,0,0.0,2.0,7.0,16.0,1,28,1100,1,2,6,1,3,1,7,2,2
12174,201600005445,1.0,1,1,1,11.0,0.0,0.0,0.0,1964.0,A01,1.0,7,0,0.0,2.0,1.0,9.0,1,28,1100,1,2,6,1,3,1,7,2,2
12175,201600005446,1.0,1,3,1,11.0,0.0,0.0,0.0,1969.0,A01,1.0,3,0,0.0,2.0,1.0,1.0,4,20,1115,1,1,1,1,1,1,7,0,2
12176,201600005446,1.0,1,4,2,11.0,0.0,0.0,0.0,1994.0,B02,2.0,7,0,0.0,2.0,2.0,0.0,4,20,1115,1,1,1,1,1,1,3,2,0
12177,201600005447,1.0,1,4,1,11.0,0.0,0.0,0.0,1985.0,A01,2.0,7,0,0.0,2.0,1.0,5.0,4,24,1700,1,1,1,1,1,3,7,2,2
12178,201600005447,1.0,1,4,2,11.0,0.0,0.0,0.0,1957.0,B02,1.0,7,0,0.0,2.0,1.0,0.0,4,24,1700,1,1,1,1,1,3,7,2,2
12179,201600005447,2.0,2,3,1,11.0,0.0,0.0,0.0,1950.0,B02,1.0,7,0,0.0,2.0,1.0,0.0,4,24,1700,1,1,1,1,1,3,7,2,2
12180,201600005448,1.0,1,4,2,11.0,0.0,0.0,0.0,1960.0,A01,1.0,7,0,0.0,2.0,3.0,13.0,6,10,745,1,1,1,1,3,1,33,2,1
12181,201600005448,1.0,1,3,2,21.0,0.0,0.0,0.0,1988.0,B02,1.0,33,0,0.0,2.0,7.0,11.0,6,10,745,1,1,1,1,3,1,7,1,2
12182,201600005449,1.0,1,3,1,21.0,0.0,0.0,0.0,1961.0,A01,1.0,31,0,0.0,2.0,7.0,1.0,6,19,1800,1,2,1,2,1,4,7,1,2
12183,201600005449,1.0,1,1,1,11.0,0.0,0.0,0.0,1971.0,B02,2.0,7,0,0.0,2.0,1.0,1.0,6,19,1800,1,2,1,2,1,4,31,2,1
12184,201600005450,1.0,1,4,1,11.0,0.0,0.0,0.0,1996.0,A01,2.0,7,0,0.0,0.0,9.0,1.0,7,17,50,3,1,1,1,7,0,7,2,2
12185,201600005450,2.0,2,4,1,11.0,0.0,0.0,0.0,2000.0,A01,2.0,7,0,0.0,0.0,9.0,1.0,7,17,50,3,1,1,1,7,0,7,2,2
12186,201600005450,3.0,2,3,1,12.0,0.0,0.0,0.0,1999.0,A01,2.0,7,0,0.0,0.0,9.0,1.0,7,17,50,3,1,1,1,7,0,7,2,2
12187,201600005450,4.0,2,2,1,12.0,0.0,0.0,0.0,1998.0,A01,2.0,7,0,0.0,0.0,9.0,1.0,7,17,50,3,1,1,1,7,0,7,2,2
12188,201600005451,1.0,1,2,1,21.0,0.0,0.0,0.0,1962.0,A01,0.0,33,0,0.0,2.0,1.0,2.0,8,14,1135,1,1,4,1,2,1,10,1,2
12189,201600005451,1.0,1,1,1,11.0,0.0,0.0,0.0,1936.0,B02,1.0,10,0,0.0,0.0,4.0,2.0,8,14,1135,1,1,4,1,2,1,33,2,1
12190,201600005452,1.0,1,4,1,21.0,0.0,0.0,0.0,1998.0,A01,1.0,31,0,0.0,2.0,8.0,18.0,9,14,1815,1,2,1,1,3,4,10,1,2
12191,201600005452,1.0,1,1,1,11.0,0.0,0.0,0.0,1981.0,B02,1.0,10,0,0.0,2.0,7.0,16.0,9,14,1815,1,2,1,1,3,4,31,2,1
12192,201600005453,1.0,1,1,2,11.0,0.0,0.0,0.0,1981.0,B02,1.0,7,0,0.0,2.0,1.0,1.0,9,21,1930,1,1,1,1,1,4,33,2,1
12193,201600005453,1.0,1,3,1,21.0,0.0,0.0,0.0,1986.0,A01,2.0,33,0,0.0,2.0,1.0,1.0,9,21,1930,1,1,1,1,1,4,7,1,2
12194,201600005454,1.0,1,3,1,21.0,0.0,0.0,0.0,2001.0,A01,2.0,2,0,0.0,2.0,1.0,0.0,10,20,1145,1,1,4,1,2,1,7,1,2
12195,201600005454,1.0,1,1,1,11.0,0.0,0.0,0.0,1965.0,B02,2.0,7,0,0.0,0.0,6.0,0.0,10,20,1145,1,1,4,1,2,1,2,2,1
12196,201600005455,1.0,1,1,1,11.0,0.0,0.0,0.0,1980.0,A01,1.0,10,0,0.0,9.0,2.0,17.0,10,29,1515,1,1,1,1,2,3,1,2,1
12197,201600005455,1.0,1,4,1,21.0,0.0,0.0,0.0,1946.0,B02,0.0,1,0,0.0,0.0,4.0,2.0,10,29,1515,1,1,1,1,2,3,10,1,2
12198,201600005456,1.0,1,3,2,11.0,0.0,0.0,0.0,1959.0,B02,0.0,7,0,0.0,0.0,1.0,13.0,12,10,1200,1,1,1,1,1,2,7,2,2
12199,201600005456,1.0,1,4,1,11.0,0.0,0.0,0.0,1962.0,A01,1.0,7,0,0.0,0.0,1.0,2.0,12,10,1200,1,1,1,1,1,2,7,2,2
12200,201600005457,1.0,1,1,1,11.0,0.0,0.0,0.0,1947.0,A01,1.0,10,0,0.0,1.0,2.0,1.0,4,1,1800,1,1,1,1,6,4,10,2,2
12201,201600005457,0.0,3,3,1,0.0,1.0,5.0,1.0,2006.0,A01,1.0,10,0,0.0,1.0,2.0,1.0,4,1,1800,1,1,1,1,6,4,10,2,2
12202,201600005458,1.0,1,1,1,21.0,0.0,0.0,0.0,1958.0,A01,1.0,33,0,16.0,0.0,8.0,1.0,8,2,1130,1,2,6,1,7,1,33,1,1
12203,201600005458,2.0,2,3,2,21.0,0.0,0.0,0.0,1961.0,A01,1.0,33,0,16.0,0.0,8.0,1.0,8,2,1130,1,2,6,1,7,1,33,1,1
12204,201600005459,1.0,1,3,2,11.0,0.0,0.0,0.0,1952.0,A01,2.0,7,0,0.0,2.0,3.0,5.0,8,6,1500,1,1,1,1,1,3,7,2,2
12205,201600005459,1.0,1,1,1,11.0,0.0,0.0,0.0,1994.0,B02,1.0,7,0,0.0,2.0,3.0,1.0,8,6,1500,1,1,1,1,1,3,7,2,2
12206,201600005459,2.0,2,3,2,11.0,0.0,0.0,0.0,1992.0,B02,1.0,7,0,0.0,2.0,3.0,1.0,8,6,1500,1,1,1,1,1,3,7,2,2
12207,201600005460,1.0,1,3,1,21.0,0.0,0.0,0.0,1973.0,A01,0.0,1,0,0.0,0.0,0.0,1.0,9,11,1730,1,1,1,1,7,3,1,1,1
12208,201600005461,1.0,1,3,2,11.0,0.0,0.0,0.0,1965.0,A01,1.0,7,0,0.0,2.0,3.0,13.0,11,2,1855,3,1,1,1,1,4,7,2,2
12209,201600005461,1.0,1,1,1,11.0,0.0,0.0,0.0,1995.0,B02,2.0,7,0,0.0,2.0,3.0,1.0,11,2,1855,3,1,1,1,1,4,7,2,2
12210,201600005461,2.0,2,4,2,11.0,0.0,0.0,0.0,1997.0,B02,2.0,7,0,0.0,2.0,3.0,1.0,11,2,1855,3,1,1,1,1,4,7,2,2
12211,201600005462,1.0,1,4,1,11.0,0.0,0.0,0.0,1996.0,A01,1.0,7,0,6.0,0.0,4.0,1.0,11,6,715,2,1,1,2,6,1,7,2,2
12212,201600005463,2.0,2,3,2,11.0,0.0,0.0,0.0,1996.0,A01,2.0,7,0,2.0,0.0,9.0,13.0,11,26,130,3,1,1,1,7,0,7,2,2
12213,201600005463,4.0,2,4,1,11.0,0.0,0.0,0.0,1996.0,A01,2.0,7,0,2.0,0.0,9.0,13.0,11,26,130,3,1,1,1,7,0,7,2,2
12214,201600005463,1.0,1,3,1,11.0,0.0,0.0,0.0,1989.0,A01,2.0,7,0,2.0,0.0,9.0,13.0,11,26,130,3,1,1,1,7,0,7,2,2
12215,201600005464,1.0,1,3,2,11.0,0.0,0.0,0.0,1992.0,A01,1.0,7,0,0.0,2.0,2.0,0.0,12,21,1800,3,1,1,8,3,4,7,2,2
12216,201600005464,1.0,1,4,1,11.0,0.0,0.0,0.0,1970.0,B02,2.0,7,0,0.0,2.0,2.0,0.0,12,21,1800,3,1,1,8,3,4,7,2,2
12217,201600005465,1.0,1,1,2,11.0,0.0,0.0,0.0,1966.0,A01,1.0,7,0,0.0,2.0,3.0,1.0,1,5,715,3,1,1,2,1,1,7,2,2
12218,201600005465,1.0,1,3,2,11.0,0.0,0.0,0.0,1989.0,B02,2.0,7,0,0.0,2.0,3.0,1.0,1,5,715,3,1,1,2,1,1,7,2,2
12219,201600005466,0.0,3,1,1,0.0,0.0,0.0,0.0,1971.0,A01,2.0,7,0,0.0,1.0,1.0,1.0,2,12,1615,1,2,1,4,6,3,7,2,2
12220,201600005466,0.0,3,4,2,0.0,4.0,3.0,1.0,2002.0,A01,2.0,7,0,0.0,1.0,1.0,1.0,2,12,1615,1,2,1,4,6,3,7,2,2
12221,201600005467,1.0,1,4,2,11.0,0.0,0.0,0.0,1975.0,A01,1.0,7,0,0.0,2.0,4.0,23.0,2,21,1630,1,1,1,1,2,3,7,2,2
12222,201600005467,1.0,1,4,1,11.0,0.0,0.0,0.0,1961.0,B02,1.0,7,0,6.0,2.0,1.0,2.0,2,21,1630,1,1,1,1,2,3,7,2,2
12223,201600005468,1.0,1,4,1,12.0,0.0,0.0,0.0,1999.0,A01,1.0,7,0,2.0,0.0,1.0,1.0,2,27,2230,5,2,1,1,6,5,7,2,2
12224,201600005469,1.0,1,1,1,11.0,0.0,0.0,0.0,1973.0,A01,0.0,7,0,0.0,1.0,8.0,14.0,4,6,1600,1,2,1,1,6,3,7,2,2
12225,201600005469,0.0,3,4,1,0.0,1.0,5.0,2.0,2011.0,A01,0.0,7,0,0.0,1.0,8.0,14.0,4,6,1600,1,2,1,1,6,3,7,2,2
12226,201600005470,1.0,1,4,1,21.0,0.0,0.0,0.0,1989.0,A01,1.0,33,0,0.0,0.0,8.0,0.0,4,12,2030,3,1,1,1,7,4,33,1,1
12227,201600005470,2.0,2,3,2,21.0,0.0,0.0,0.0,1997.0,A01,1.0,33,0,0.0,0.0,8.0,0.0,4,12,2030,3,1,1,1,7,4,33,1,1
12228,201600005471,1.0,1,3,1,22.0,0.0,0.0,0.0,2000.0,B02,0.0,2,0,0.0,0.0,1.0,0.0,7,16,1800,1,2,2,1,3,4,7,1,2
12229,201600005471,2.0,2,3,1,22.0,0.0,0.0,0.0,2000.0,B02,0.0,2,0,0.0,0.0,1.0,0.0,7,16,1800,1,2,2,1,3,4,7,1,2
12230,201600005471,1.0,1,1,1,11.0,0.0,0.0,0.0,1969.0,A01,0.0,7,0,0.0,0.0,3.0,1.0,7,16,1800,1,2,2,1,3,4,2,2,1
12231,201600005472,1.0,1,3,1,11.0,0.0,0.0,0.0,1946.0,A01,1.0,7,0,16.0,0.0,1.0,17.0,8,23,1530,1,1,1,1,6,3,7,2,2
12232,201600005473,1.0,1,3,2,11.0,0.0,0.0,0.0,1971.0,B02,2.0,7,0,0.0,2.0,1.0,1.0,10,1,2000,3,1,1,2,1,4,7,2,2
12233,201600005473,1.0,1,1,1,11.0,0.0,0.0,0.0,1982.0,A01,1.0,7,0,0.0,2.0,1.0,13.0,10,1,2000,3,1,1,2,1,4,7,2,2
12234,201600005474,1.0,1,1,1,11.0,0.0,0.0,0.0,1989.0,A01,0.0,7,0,0.0,1.0,1.0,9.0,10,3,1815,1,2,4,1,6,4,7,2,2
12235,201600005474,0.0,3,3,1,0.0,1.0,3.0,1.0,1937.0,A01,0.0,7,0,0.0,1.0,1.0,9.0,10,3,1815,1,2,4,1,6,4,7,2,2
12236,201600005475,1.0,1,1,1,11.0,0.0,0.0,0.0,1988.0,B02,0.0,10,0,0.0,0.0,3.0,19.0,11,12,1230,1,2,1,1,3,2,2,2,1
12237,201600005475,1.0,1,3,1,21.0,0.0,0.0,0.0,1989.0,A01,0.0,2,0,0.0,2.0,1.0,21.0,11,12,1230,1,2,1,1,3,2,10,1,2
12238,201600005476,1.0,1,1,1,11.0,0.0,0.0,0.0,1961.0,A01,0.0,10,0,0.0,1.0,7.0,1.0,11,16,1130,1,2,1,1,6,1,10,2,2
12239,201600005476,0.0,3,3,1,0.0,1.0,3.0,2.0,2008.0,A01,0.0,10,0,0.0,1.0,7.0,1.0,11,16,1130,1,2,1,1,6,1,10,2,2
12240,201600005477,1.0,1,4,1,11.0,0.0,0.0,0.0,1988.0,A01,1.0,7,0,0.0,6.0,5.0,21.0,11,18,400,3,1,1,2,6,0,7,2,2
12241,201600005478,1.0,1,1,2,11.0,0.0,0.0,0.0,1927.0,A01,1.0,7,0,0.0,0.0,3.0,19.0,11,22,1430,1,1,6,1,1,3,7,2,2
12242,201600005478,1.0,1,4,1,11.0,0.0,0.0,0.0,1958.0,B02,2.0,7,0,0.0,0.0,4.0,1.0,11,22,1430,1,1,6,1,1,3,7,2,2
12243,201600005478,2.0,2,3,1,11.0,0.0,0.0,0.0,1974.0,B02,2.0,7,0,0.0,0.0,4.0,1.0,11,22,1430,1,1,6,1,1,3,7,2,2
12244,201600005478,3.0,2,1,1,11.0,0.0,0.0,0.0,2004.0,B02,2.0,7,0,0.0,0.0,4.0,1.0,11,22,1430,1,1,6,1,1,3,7,2,2
12245,201600005479,1.0,1,3,2,11.0,0.0,0.0,0.0,1986.0,A01,0.0,7,0,4.0,0.0,7.0,1.0,12,26,1815,3,1,1,1,6,4,7,2,2
12246,201600005480,1.0,1,3,1,11.0,0.0,0.0,0.0,1971.0,B02,1.0,7,0,0.0,2.0,1.0,1.0,1,23,1930,1,1,1,1,1,4,7,2,2
12247,201600005480,2.0,2,3,1,12.0,0.0,0.0,0.0,1964.0,A01,2.0,7,0,0.0,2.0,2.0,16.0,1,23,1930,1,1,1,1,1,4,7,2,2
12248,201600005480,1.0,1,4,1,11.0,0.0,0.0,0.0,1970.0,A01,2.0,7,0,0.0,2.0,2.0,16.0,1,23,1930,1,1,1,1,1,4,7,2,2
12249,201600005481,1.0,1,3,1,11.0,0.0,0.0,0.0,1932.0,A01,2.0,7,0,0.0,2.0,5.0,0.0,2,13,1145,1,2,1,4,1,1,7,2,2
12250,201600005481,1.0,1,4,1,11.0,0.0,0.0,0.0,1954.0,B02,1.0,7,0,0.0,2.0,1.0,21.0,2,13,1145,1,2,1,4,1,1,7,2,2
12251,201600005482,1.0,1,3,1,21.0,0.0,0.0,0.0,1970.0,B02,0.0,33,0,5.0,2.0,1.0,1.0,7,9,1600,1,1,1,1,3,3,7,1,2
12252,201600005482,1.0,1,1,1,11.0,0.0,0.0,0.0,1969.0,A01,0.0,7,0,0.0,2.0,3.0,1.0,7,9,1600,1,1,1,1,3,3,33,2,1
12253,201600005483,1.0,1,3,1,21.0,0.0,0.0,0.0,1988.0,B02,2.0,33,0,0.0,2.0,1.0,13.0,8,7,1400,1,1,1,1,1,3,37,1,3
12254,201600005483,1.0,1,1,1,11.0,0.0,0.0,0.0,1959.0,A01,1.0,37,0,0.0,2.0,1.0,1.0,8,7,1400,1,1,1,1,1,3,33,3,1
12255,201600005484,1.0,1,3,1,11.0,0.0,0.0,0.0,1968.0,B02,2.0,7,0,0.0,2.0,3.0,1.0,1,1,1830,3,1,1,1,1,4,7,2,2
12256,201600005484,1.0,1,3,2,11.0,0.0,0.0,0.0,1992.0,A01,1.0,7,0,0.0,2.0,3.0,11.0,1,1,1830,3,1,1,1,1,4,7,2,2
12257,201600005485,1.0,1,1,1,11.0,0.0,0.0,0.0,1992.0,A01,0.0,7,0,0.0,1.0,1.0,1.0,4,5,830,1,2,6,1,6,1,7,2,2
12258,201600005485,0.0,3,3,1,0.0,2.0,3.0,1.0,1965.0,A01,0.0,7,0,0.0,1.0,1.0,1.0,4,5,830,1,2,6,1,6,1,7,2,2
12259,201600005486,1.0,1,3,1,21.0,0.0,0.0,0.0,1974.0,B02,0.0,30,0,0.0,2.0,3.0,1.0,8,2,1630,1,2,1,1,1,3,10,1,2
12260,201600005486,1.0,1,1,1,11.0,0.0,0.0,0.0,1996.0,A01,0.0,10,0,0.0,2.0,6.0,1.0,8,2,1630,1,2,1,1,1,3,30,2,1