,Num_Acc,place,catu,grav,sexe,secu,locp,actp,etatp,an_nais,num_veh,senc,catv,occutc,obs,obsm,choc,manv,mois,jour,hrmn,lum,agg,int,atm,col,mom,catvopp,catv_gen,catvopp_gen
12261,201600005487,1.0,1,1,2,11.0,0.0,0.0,0.0,1962.0,A01,1.0,7,0,0.0,1.0,3.0,19.0,8,9,1815,1,2,6,2,6,4,7,2,2
12262,201600005487,0.0,3,3,2,0.0,4.0,3.0,2.0,1976.0,A01,1.0,7,0,0.0,1.0,3.0,19.0,8,9,1815,1,2,6,2,6,4,7,2,2
12263,201600005488,0.0,3,3,2,0.0,4.0,3.0,1.0,1944.0,A01,1.0,7,0,0.0,1.0,1.0,19.0,9,15,915,1,2,1,1,6,1,7,2,2
12264,201600005488,1.0,1,4,1,11.0,0.0,0.0,0.0,1926.0,A01,1.0,7,0,0.0,1.0,1.0,19.0,9,15,915,1,2,1,1,6,1,7,2,2
12265,201600005489,1.0,1,3,1,21.0,0.0,0.0,0.0,1956.0,B02,0.0,1,0,0.0,2.0,0.0,1.0,10,19,1530,1,1,1,1,3,3,7,1,2
12266,201600005489,1.0,1,1,1,11.0,0.0,0.0,0.0,1989.0,A01,0.0,7,0,0.0,9.0,2.0,17.0,10,19,1530,1,1,1,1,3,3,1,2,1
12267,201600005490,1.0,1,1,2,11.0,0.0,0.0,0.0,1962.0,A01,1.0,7,0,0.0,1.0,1.0,1.0,1,11,900,1,2,2,2,6,1,7,2,2
12268,201600005490,0.0,3,3,1,0.0,1.0,3.0,1.0,1967.0,A01,1.0,7,0,0.0,1.0,1.0,1.0,1,11,900,1,2,2,2,6,1,7,2,2
12269,201600005491,1.0,1,4,1,11.0,0.0,0.0,0.0,1984.0,B02,2.0,7,0,0.0,2.0,1.0,1.0,2,19,1215,1,2,1,1,1,2,7,2,2
12270,201600005491,1.0,1,1,1,11.0,0.0,0.0,0.0,1990.0,A01,1.0,7,0,0.0,2.0,1.0,1.0,2,19,1215,1,2,1,1,1,2,7,2,2
12271,201600005491,2.0,2,3,1,11.0,0.0,0.0,0.0,1990.0,A01,1.0,7,0,0.0,2.0,1.0,1.0,2,19,1215,1,2,1,1,1,2,7,2,2
12272,201600005492,1.0,1,3,1,21.0,0.0,0.0,0.0,2001.0,B02,2.0,2,0,0.0,2.0,3.0,3.0,4,11,1500,1,2,1,1,3,3,10,1,2
12273,201600005492,1.0,1,1,1,11.0,0.0,0.0,0.0,1980.0,A01,1.0,10,0,0.0,2.0,3.0,1.0,4,11,1500,1,2,1,1,3,3,2,2,1
12274,201600005493,1.0,1,3,2,11.0,0.0,0.0,0.0,1970.0,A01,2.0,7,0,0.0,2.0,7.0,1.0,5,13,2030,5,1,1,9,1,4,7,2,2
12275,201600005493,1.0,1,4,2,11.0,0.0,0.0,0.0,1967.0,B02,1.0,7,0,0.0,2.0,1.0,1.0,5,13,2030,5,1,1,9,1,4,7,2,2
12276,201600005493,2.0,2,4,2,11.0,0.0,0.0,0.0,2001.0,B02,1.0,7,0,0.0,2.0,1.0,1.0,5,13,2030,5,1,1,9,1,4,7,2,2
12277,201600005494,1.0,1,3,1,11.0,0.0,0.0,0.0,1989.0,A01,2.0,7,0,13.0,0.0,2.0,1.0,5,15,2045,3,2,1,1,6,4,7,2,2
12278,201600005495,1.0,1,3,1,21.0,0.0,0.0,0.0,2007.0,B02,2.0,1,0,0.0,2.0,7.0,1.0,6,25,2015,1,2,4,1,1,4,7,1,2
12279,201600005495,1.0,1,4,1,11.0,0.0,0.0,0.0,1985.0,A01,1.0,7,0,0.0,2.0,1.0,1.0,6,25,2015,1,2,4,1,1,4,1,2,1
12280,201600005496,1.0,1,3,1,21.0,0.0,0.0,0.0,1966.0,A01,1.0,33,0,0.0,2.0,1.0,1.0,7,1,1830,1,1,2,1,3,4,7,1,2
12281,201600005496,1.0,1,1,1,11.0,0.0,0.0,0.0,1957.0,B02,1.0,7,0,0.0,0.0,3.0,19.0,7,1,1830,1,1,2,1,3,4,33,2,1
12282,201600005497,1.0,1,3,1,21.0,0.0,0.0,0.0,1962.0,B02,2.0,33,0,0.0,2.0,1.0,0.0,8,7,945,1,1,1,1,1,1,7,1,2
12283,201600005497,1.0,1,1,1,11.0,0.0,0.0,0.0,1995.0,A01,1.0,7,0,0.0,2.0,3.0,0.0,8,7,945,1,1,1,1,1,1,33,2,1
12284,201600005498,1.0,1,1,1,11.0,0.0,0.0,0.0,1990.0,B02,1.0,7,0,0.0,2.0,3.0,1.0,8,26,1500,1,1,4,1,3,3,7,2,2
12285,201600005498,2.0,2,3,1,11.0,0.0,0.0,0.0,1990.0,B02,1.0,7,0,0.0,2.0,3.0,1.0,8,26,1500,1,1,4,1,3,3,7,2,2
12286,201600005498,1.0,1,1,2,11.0,0.0,0.0,0.0,1957.0,A01,2.0,7,0,0.0,2.0,6.0,9.0,8,26,1500,1,1,4,1,3,3,7,2,2
12287,201600005499,1.0,1,1,2,11.0,0.0,0.0,0.0,1983.0,B02,1.0,7,0,0.0,2.0,8.0,1.0,9,9,1700,1,1,1,1,3,3,33,2,1
12288,201600005499,1.0,1,3,1,21.0,0.0,0.0,0.0,1973.0,A01,2.0,33,0,0.0,2.0,7.0,17.0,9,9,1700,1,1,1,1,3,3,7,1,2
12289,201600005500,1.0,1,1,1,11.0,0.0,0.0,0.0,1960.0,A01,0.0,7,0,0.0,1.0,2.0,1.0,9,30,1815,1,2,7,1,6,4,7,2,2
12290,201600005500,0.0,3,3,2,0.0,4.0,3.0,2.0,2011.0,A01,0.0,7,0,0.0,1.0,2.0,1.0,9,30,1815,1,2,7,1,6,4,7,2,2
12291,201600005501,1.0,1,1,1,11.0,0.0,0.0,0.0,1982.0,A01,2.0,10,0,0.0,0.0,1.0,16.0,9,5,720,1,1,4,3,1,1,33,2,1
12292,201600005501,1.0,1,3,1,21.0,0.0,0.0,0.0,1960.0,B02,2.0,33,0,0.0,2.0,1.0,1.0,9,5,720,1,1,4,3,1,1,10,1,2
12293,201600005502,1.0,1,1,1,11.0,0.0,0.0,0.0,1961.0,A01,1.0,7,0,0.0,2.0,1.0,1.0,10,29,1515,1,1,2,1,1,3,7,2,2
12294,201600005502,1.0,1,3,1,11.0,0.0,0.0,0.0,1940.0,B02,2.0,7,0,0.0,2.0,1.0,15.0,10,29,1515,1,1,2,1,1,3,7,2,2
12295,201600005503,1.0,1,1,1,11.0,0.0,0.0,0.0,1990.0,A01,1.0,7,0,0.0,1.0,3.0,1.0,11,30,2330,3,1,2,1,6,5,7,2,2
12296,201600005503,0.0,3,3,2,0.0,1.0,1.0,1.0,1972.0,A01,1.0,7,0,0.0,1.0,3.0,1.0,11,30,2330,3,1,2,1,6,5,7,2,2
12297,201600005504,1.0,1,3,1,11.0,0.0,0.0,0.0,1935.0,B02,2.0,7,0,0.0,2.0,2.0,15.0,12,14,1800,3,1,2,5,3,4,7,2,2
12298,201600005504,1.0,1,4,1,11.0,0.0,0.0,0.0,1990.0,A01,1.0,7,0,0.0,2.0,2.0,2.0,12,14,1800,3,1,2,5,3,4,7,2,2
12299,201600005504,2.0,2,4,1,11.0,0.0,0.0,0.0,1998.0,A01,1.0,7,0,0.0,2.0,2.0,2.0,12,14,1800,3,1,2,5,3,4,7,2,2
12300,201600005505,1.0,1,3,2,11.0,0.0,0.0,0.0,1965.0,A01,1.0,7,0,6.0,0.0,1.0,16.0,12,30,100,5,1,6,1,6,0,7,2,2
12301,201600005505,2.0,2,3,2,12.0,0.0,0.0,0.0,1970.0,A01,1.0,7,0,6.0,0.0,1.0,16.0,12,30,100,5,1,6,1,6,0,7,2,2
12302,201600005506,1.0,1,4,2,11.0,0.0,0.0,0.0,1978.0,A01,1.0,14,0,0.0,2.0,3.0,13.0,2,6,1245,1,1,1,1,3,2,13,3,3
12303,201600005506,1.0,1,1,1,11.0,0.0,0.0,0.0,1984.0,B02,2.0,13,0,0.0,2.0,2.0,1.0,2,6,1245,1,1,1,1,3,2,14,3,3
12304,201600005506,2.0,2,1,2,11.0,0.0,0.0,0.0,1985.0,B02,2.0,13,0,0.0,2.0,2.0,1.0,2,6,1245,1,1,1,1,3,2,14,3,3
12305,201600005507,1.0,1,2,1,21.0,0.0,0.0,0.0,1960.0,A01,1.0,33,0,8.0,0.0,7.0,1.0,3,12,1800,1,1,1,1,7,4,33,1,1
12306,201600005508,1.0,1,3,1,21.0,0.0,0.0,0.0,1986.0,A01,0.0,31,0,0.0,9.0,1.0,2.0,4,28,1430,1,2,1,1,2,3,1,1,1
12307,201600005508,1.0,1,3,1,22.0,0.0,0.0,0.0,2003.0,B02,0.0,1,0,0.0,2.0,4.0,13.0,4,28,1430,1,2,1,1,2,3,31,1,1
12308,201600005509,1.0,1,1,2,11.0,0.0,0.0,0.0,1972.0,A01,0.0,7,0,0.0,2.0,3.0,9.0,5,7,1915,1,1,6,1,4,4,34,2,1
12309,201600005509,1.0,1,1,1,11.0,0.0,0.0,0.0,1948.0,C03,0.0,7,0,0.0,2.0,1.0,23.0,5,7,1915,1,1,6,1,4,4,34,2,1
12310,201600005509,2.0,2,1,2,11.0,0.0,0.0,0.0,1954.0,C03,0.0,7,0,0.0,2.0,1.0,23.0,5,7,1915,1,1,6,1,4,4,34,2,1
12311,201600005509,1.0,1,3,1,21.0,0.0,0.0,0.0,1980.0,B02,0.0,34,0,0.0,2.0,1.0,15.0,5,7,1915,1,1,6,1,4,4,7,1,2
12312,201600005510,1.0,1,1,2,11.0,0.0,0.0,0.0,1982.0,A01,0.0,7,0,0.0,2.0,2.0,15.0,7,2,745,1,2,1,2,1,1,2,2,1
12313,201600005510,1.0,1,3,1,21.0,0.0,0.0,0.0,2000.0,B02,0.0,2,0,0.0,2.0,1.0,1.0,7,2,745,1,2,1,2,1,1,7,1,2
12314,201600005511,1.0,1,1,1,11.0,0.0,0.0,0.0,1953.0,A01,1.0,7,0,0.0,1.0,1.0,16.0,7,22,1845,1,2,3,3,6,4,7,2,2
12315,201600005511,0.0,3,4,2,0.0,1.0,3.0,1.0,1926.0,A01,1.0,7,0,0.0,1.0,1.0,16.0,7,22,1845,1,2,3,3,6,4,7,2,2
12316,201600005512,1.0,1,1,1,11.0,0.0,0.0,0.0,1953.0,A01,1.0,10,0,8.0,0.0,1.0,1.0,8,25,1345,1,2,1,1,6,2,10,2,2
12317,201600005512,5.0,2,1,1,12.0,0.0,0.0,0.0,1979.0,A01,1.0,10,0,8.0,0.0,1.0,1.0,8,25,1345,1,2,1,1,6,2,10,2,2
12318,201600005512,5.0,2,1,1,12.0,0.0,0.0,0.0,1993.0,A01,1.0,10,0,8.0,0.0,1.0,1.0,8,25,1345,1,2,1,1,6,2,10,2,2
12319,201600005512,5.0,2,3,2,12.0,0.0,0.0,0.0,2002.0,A01,1.0,10,0,8.0,0.0,1.0,1.0,8,25,1345,1,2,1,1,6,2,10,2,2
12320,201600005512,5.0,2,3,2,12.0,0.0,0.0,0.0,2003.0,A01,1.0,10,0,8.0,0.0,1.0,1.0,8,25,1345,1,2,1,1,6,2,10,2,2
12321,201600005513,4.0,2,4,2,12.0,0.0,0.0,0.0,1994.0,A01,0.0,7,0,13.0,0.0,9.0,1.0,8,25,1830,1,1,1,1,7,4,7,2,2
12322,201600005513,3.0,2,4,1,12.0,0.0,0.0,0.0,1990.0,A01,0.0,7,0,13.0,0.0,9.0,1.0,8,25,1830,1,1,1,1,7,4,7,2,2
12323,201600005513,2.0,2,4,1,12.0,0.0,0.0,0.0,1993.0,A01,0.0,7,0,13.0,0.0,9.0,1.0,8,25,1830,1,1,1,1,7,4,7,2,2
12324,201600005513,1.0,1,4,1,12.0,0.0,0.0,0.0,1992.0,A01,0.0,7,0,13.0,0.0,9.0,1.0,8,25,1830,1,1,1,1,7,4,7,2,2
12325,201600005514,1.0,1,3,1,21.0,0.0,0.0,0.0,2002.0,A01,1.0,31,0,0.0,2.0,1.0,13.0,8,31,1415,1,1,1,1,1,3,7,1,2
12326,201600005514,1.0,1,1,1,11.0,0.0,0.0,0.0,1974.0,B02,2.0,7,0,0.0,2.0,3.0,1.0,8,31,1415,1,1,1,1,1,3,31,2,1
12327,201600005515,1.0,1,1,2,11.0,0.0,0.0,0.0,1974.0,A01,0.0,7,0,0.0,1.0,1.0,1.0,11,7,1515,1,2,1,1,6,3,7,2,2
12328,201600005515,0.0,3,3,1,0.0,5.0,2.0,1.0,2005.0,A01,0.0,7,0,0.0,1.0,1.0,1.0,11,7,1515,1,2,1,1,6,3,7,2,2
12329,201600005516,2.0,2,1,1,11.0,0.0,0.0,0.0,1993.0,A01,0.0,7,0,0.0,2.0,3.0,19.0,11,19,600,5,1,1,3,3,1,7,2,2
12330,201600005516,1.0,1,1,1,11.0,0.0,0.0,0.0,1993.0,A01,0.0,7,0,0.0,2.0,3.0,19.0,11,19,600,5,1,1,3,3,1,7,2,2
12331,201600005516,1.0,1,3,1,11.0,0.0,0.0,0.0,1989.0,B02,0.0,7,0,0.0,2.0,3.0,1.0,11,19,600,5,1,1,3,3,1,7,2,2
12332,201600005516,2.0,2,3,1,11.0,0.0,0.0,0.0,1995.0,B02,0.0,7,0,0.0,2.0,3.0,1.0,11,19,600,5,1,1,3,3,1,7,2,2
12333,201600005517,1.0,1,3,2,11.0,0.0,0.0,0.0,1937.0,A01,0.0,7,0,9.0,0.0,2.0,1.0,11,24,1800,3,1,1,1,7,4,7,2,2
12334,201600005518,1.0,1,1,1,11.0,0.0,0.0,0.0,1939.0,A01,1.0,7,0,0.0,1.0,2.0,1.0,12,23,1230,1,2,1,7,6,2,7,2,2
12335,201600005518,0.0,3,3,1,0.0,4.0,3.0,1.0,1990.0,A01,1.0,7,0,0.0,1.0,2.0,1.0,12,23,1230,1,2,1,7,6,2,7,2,2
12336,201600005519,1.0,1,1,1,11.0,0.0,0.0,0.0,1987.0,A01,1.0,7,0,0.0,1.0,2.0,1.0,1,14,1145,1,1,1,4,6,1,7,2,2
12337,201600005519,0.0,3,3,1,0.0,6.0,9.0,1.0,1960.0,A01,1.0,7,0,0.0,1.0,2.0,1.0,1,14,1145,1,1,1,4,6,1,7,2,2
12338,201600005520,1.0,1,3,1,11.0,0.0,0.0,0.0,1931.0,A01,1.0,7,0,9.0,0.0,1.0,1.0,1,29,1530,1,2,1,1,7,3,7,2,2
12339,201600005521,1.0,1,1,1,11.0,0.0,0.0,0.0,1966.0,A01,2.0,14,0,0.0,1.0,2.0,1.0,2,23,1645,1,2,1,2,6,3,14,3,3
12340,201600005521,0.0,3,3,1,0.0,4.0,3.0,1.0,1929.0,A01,2.0,14,0,0.0,1.0,2.0,1.0,2,23,1645,1,2,1,2,6,3,14,3,3
12341,201600005522,1.0,1,1,2,11.0,0.0,0.0,0.0,1990.0,A01,0.0,7,0,0.0,1.0,2.0,1.0,7,11,100,5,2,1,1,6,0,7,2,2
12342,201600005522,0.0,3,2,1,0.0,1.0,9.0,1.0,1991.0,A01,0.0,7,0,0.0,1.0,2.0,1.0,7,11,100,5,2,1,1,6,0,7,2,2
12343,201600005523,1.0,1,3,2,11.0,0.0,0.0,0.0,1934.0,A01,2.0,7,0,0.0,0.0,9.0,1.0,7,11,1600,1,2,1,1,6,3,7,2,2
12344,201600005524,2.0,2,3,2,11.0,0.0,0.0,0.0,2016.0,A01,2.0,7,0,0.0,2.0,3.0,13.0,7,28,1730,1,2,1,1,1,3,7,2,2
12345,201600005524,1.0,1,3,2,11.0,0.0,0.0,0.0,1934.0,A01,2.0,7,0,0.0,2.0,3.0,13.0,7,28,1730,1,2,1,1,1,3,7,2,2
12346,201600005524,2.0,2,4,1,11.0,0.0,0.0,0.0,1998.0,B02,1.0,7,0,0.0,2.0,3.0,2.0,7,28,1730,1,2,1,1,1,3,7,2,2
12347,201600005524,1.0,1,4,1,11.0,0.0,0.0,0.0,1965.0,B02,1.0,7,0,0.0,2.0,3.0,2.0,7,28,1730,1,2,1,1,1,3,7,2,2
12348,201600005525,1.0,1,1,1,91.0,0.0,0.0,0.0,1988.0,A01,1.0,20,0,0.0,0.0,0.0,1.0,8,2,930,1,1,1,1,1,1,1,0,1
12349,201600005525,1.0,1,3,1,21.0,0.0,0.0,0.0,1947.0,B02,1.0,1,0,0.0,2.0,1.0,1.0,8,2,930,1,1,1,1,1,1,20,1,0
12350,201600005526,1.0,1,4,1,11.0,0.0,0.0,0.0,1979.0,B02,2.0,7,0,0.0,2.0,1.0,1.0,10,28,1045,1,1,1,1,1,1,7,2,2
12351,201600005526,1.0,1,3,1,11.0,0.0,0.0,0.0,1986.0,A01,1.0,7,0,0.0,2.0,1.0,1.0,10,28,1045,1,1,1,1,1,1,7,2,2
12352,201600005527,1.0,1,1,1,13.0,0.0,0.0,0.0,1970.0,A01,2.0,7,0,0.0,1.0,1.0,1.0,3,31,1100,1,2,6,1,6,1,7,2,2
12353,201600005527,0.0,3,3,2,0.0,2.0,3.0,1.0,1987.0,A01,2.0,7,0,0.0,1.0,1.0,1.0,3,31,1100,1,2,6,1,6,1,7,2,2
12354,201600005528,1.0,1,4,1,11.0,0.0,0.0,0.0,1967.0,A01,0.0,7,0,0.0,2.0,1.0,13.0,6,27,1300,1,1,1,1,4,2,33,2,1
12355,201600005528,1.0,1,1,1,21.0,0.0,0.0,0.0,1969.0,B02,0.0,33,0,0.0,2.0,1.0,1.0,6,27,1300,1,1,1,1,4,2,7,1,2
12356,201600005528,1.0,1,3,1,21.0,0.0,0.0,0.0,1968.0,C03,0.0,33,0,0.0,2.0,1.0,1.0,6,27,1300,1,1,1,1,4,2,7,1,2
12357,201600005528,1.0,1,3,2,11.0,0.0,0.0,0.0,1932.0,D04,0.0,7,0,0.0,2.0,3.0,1.0,6,27,1300,1,1,1,1,4,2,33,2,1
12358,201600005529,1.0,1,3,1,21.0,0.0,0.0,0.0,1997.0,A01,1.0,31,0,0.0,2.0,1.0,1.0,8,22,1300,1,1,6,1,3,2,7,1,2
12359,201600005529,1.0,1,1,1,11.0,0.0,0.0,0.0,1971.0,B02,0.0,7,0,0.0,2.0,8.0,1.0,8,22,1300,1,1,6,1,3,2,31,2,1
12360,201600005530,2.0,2,3,1,11.0,0.0,0.0,0.0,1990.0,B02,2.0,7,0,0.0,0.0,3.0,1.0,9,18,245,4,1,1,2,5,0,7,2,2
12361,201600005530,1.0,1,3,1,11.0,0.0,0.0,0.0,1988.0,B02,2.0,7,0,0.0,0.0,3.0,1.0,9,18,245,4,1,1,2,5,0,7,2,2
12362,201600005530,1.0,1,4,2,11.0,0.0,0.0,0.0,1960.0,C03,1.0,7,0,0.0,0.0,6.0,1.0,9,18,245,4,1,1,2,5,0,7,2,2
12363,201600005530,1.0,1,2,1,11.0,0.0,0.0,0.0,1990.0,A01,1.0,7,0,0.0,0.0,3.0,17.0,9,18,245,4,1,1,2,5,0,7,2,2
12364,201600005531,1.0,1,3,1,21.0,0.0,0.0,0.0,1984.0,B02,1.0,30,0,0.0,2.0,2.0,2.0,10,29,600,3,1,1,1,3,1,7,1,2
12365,201600005531,1.0,1,1,1,11.0,0.0,0.0,0.0,1996.0,A01,1.0,7,0,0.0,2.0,8.0,2.0,10,29,600,3,1,1,1,3,1,30,2,1
12366,201600005532,1.0,1,1,1,11.0,0.0,0.0,0.0,1935.0,A01,1.0,7,0,0.0,1.0,1.0,1.0,10,25,1830,3,2,6,3,6,4,7,2,2
12367,201600005532,0.0,3,3,2,0.0,4.0,3.0,1.0,1982.0,A01,1.0,7,0,0.0,1.0,1.0,1.0,10,25,1830,3,2,6,3,6,4,7,2,2
12368,201600005533,1.0,1,2,2,11.0,0.0,0.0,0.0,1963.0,A01,0.0,7,0,0.0,4.0,7.0,21.0,12,28,1925,5,2,8,1,3,4,39,2,3
12369,201600005533,1.0,1,1,1,91.0,0.0,0.0,0.0,1980.0,B02,0.0,39,0,0.0,2.0,1.0,1.0,12,28,1925,5,2,8,1,3,4,7,3,2
12370,201600005534,1.0,1,1,1,11.0,0.0,0.0,0.0,1996.0,A01,2.0,7,0,0.0,2.0,2.0,1.0,1,10,115,5,1,1,9,1,0,30,2,1
12371,201600005534,1.0,1,2,1,21.0,0.0,0.0,0.0,1997.0,B02,1.0,30,0,0.0,2.0,1.0,1.0,1,10,115,5,1,1,9,1,0,7,1,2
12372,201600005535,1.0,1,2,1,12.0,0.0,0.0,0.0,1951.0,A01,1.0,7,0,6.0,0.0,3.0,13.0,4,9,345,3,2,8,1,6,0,7,2,2
12373,201600005536,1.0,1,4,1,11.0,0.0,0.0,0.0,1971.0,A01,1.0,7,0,0.0,2.0,3.0,2.0,5,4,1845,1,1,1,1,2,4,7,2,2
12374,201600005536,1.0,1,4,1,11.0,0.0,0.0,0.0,1987.0,B02,1.0,7,0,0.0,2.0,4.0,0.0,5,4,1845,1,1,1,1,2,4,7,2,2
12375,201600005536,2.0,2,3,2,11.0,0.0,0.0,0.0,1984.0,B02,1.0,7,0,0.0,2.0,4.0,0.0,5,4,1845,1,1,1,1,2,4,7,2,2
12376,201600005537,1.0,1,1,1,11.0,0.0,0.0,0.0,1975.0,C03,1.0,10,0,0.0,2.0,1.0,23.0,6,10,1415,1,1,3,1,5,3,7,2,2
12377,201600005537,1.0,1,3,2,11.0,0.0,0.0,0.0,1939.0,A01,2.0,7,0,0.0,2.0,2.0,15.0,6,10,1415,1,1,3,1,5,3,10,2,2
12378,201600005537,1.0,1,1,1,11.0,0.0,0.0,0.0,1954.0,B02,1.0,7,0,0.0,2.0,3.0,1.0,6,10,1415,1,1,3,1,5,3,10,2,2
12379,201600005538,1.0,1,2,1,21.0,0.0,0.0,0.0,1970.0,A01,1.0,33,0,15.0,0.0,1.0,1.0,6,10,1510,1,1,1,1,7,3,33,1,1
12380,201600005539,1.0,1,1,1,11.0,0.0,0.0,0.0,1992.0,A01,0.0,7,0,0.0,2.0,1.0,2.0,7,2,1815,1,1,6,1,2,4,33,2,1
12381,201600005539,1.0,1,3,1,21.0,0.0,0.0,0.0,1999.0,B02,0.0,33,0,0.0,2.0,4.0,2.0,7,2,1815,1,1,6,1,2,4,7,1,2
12382,201600005540,1.0,1,3,1,21.0,0.0,0.0,0.0,1988.0,A01,1.0,33,0,2.0,2.0,1.0,1.0,8,5,2345,3,1,6,1,6,5,33,1,1
12383,201600005541,1.0,1,1,1,11.0,0.0,0.0,0.0,1956.0,B02,1.0,15,0,0.0,2.0,1.0,1.0,9,1,1730,1,1,1,1,2,3,1,3,1
12384,201600005541,1.0,1,3,1,21.0,0.0,0.0,0.0,1949.0,A01,1.0,1,0,0.0,2.0,4.0,12.0,9,1,1730,1,1,1,1,2,3,15,1,3
12385,201600005542,1.0,1,3,1,11.0,0.0,0.0,0.0,1994.0,A01,1.0,7,0,0.0,2.0,1.0,5.0,9,11,800,1,2,1,1,1,1,7,2,2
12386,201600005542,1.0,1,4,1,11.0,0.0,0.0,0.0,1941.0,B02,2.0,7,0,0.0,2.0,1.0,1.0,9,11,800,1,2,1,1,1,1,7,2,2
12387,201600005542,2.0,2,4,2,11.0,0.0,0.0,0.0,1954.0,B02,2.0,7,0,0.0,2.0,1.0,1.0,9,11,800,1,2,1,1,1,1,7,2,2
12388,201600005543,1.0,1,3,2,11.0,0.0,0.0,0.0,1997.0,A01,1.0,7,0,0.0,2.0,3.0,13.0,10,14,2245,3,1,1,5,5,5,7,2,2
12389,201600005543,1.0,1,1,2,11.0,0.0,0.0,0.0,1994.0,B02,2.0,7,0,0.0,2.0,6.0,0.0,10,14,2245,3,1,1,5,5,5,7,2,2
12390,201600005543,1.0,1,4,1,11.0,0.0,0.0,0.0,1993.0,C03,2.0,7,0,0.0,2.0,1.0,0.0,10,14,2245,3,1,1,5,5,5,7,2,2
12391,201600005544,1.0,1,3,1,21.0,0.0,0.0,0.0,1981.0,A01,0.0,30,0,0.0,2.0,1.0,1.0,11,5,1815,3,2,1,3,2,4,7,1,2
12392,201600005544,1.0,1,1,2,11.0,0.0,0.0,0.0,1990.0,A02,0.0,7,0,0.0,2.0,5.0,15.0,11,5,1815,3,2,1,3,2,4,30,2,1
12393,201600005545,1.0,1,3,1,21.0,0.0,0.0,0.0,1985.0,B02,1.0,32,0,0.0,2.0,1.0,1.0,11,25,715,2,1,1,1,5,1,7,1,2
12394,201600005545,1.0,1,1,2,11.0,0.0,0.0,0.0,1985.0,C03,1.0,7,0,0.0,2.0,3.0,1.0,11,25,715,2,1,1,1,5,1,32,2,1
12395,201600005545,1.0,1,1,2,11.0,0.0,0.0,0.0,1958.0,A01,0.0,7,0,0.0,2.0,5.0,15.0,11,25,715,2,1,1,1,5,1,32,2,1
12396,201600005546,1.0,1,3,1,11.0,0.0,0.0,0.0,1986.0,B02,1.0,7,0,0.0,2.0,3.0,1.0,12,25,1200,1,1,1,1,5,2,7,2,2
12397,201600005546,2.0,2,3,2,11.0,0.0,0.0,0.0,1981.0,B02,1.0,7,0,0.0,2.0,3.0,1.0,12,25,1200,1,1,1,1,5,2,7,2,2
12398,201600005546,1.0,1,1,2,11.0,0.0,0.0,0.0,1971.0,C03,1.0,7,0,0.0,2.0,1.0,1.0,12,25,1200,1,1,1,1,5,2,7,2,2
12399,201600005546,2.0,2,1,1,11.0,0.0,0.0,0.0,1948.0,C03,1.0,7,0,0.0,2.0,1.0,1.0,12,25,1200,1,1,1,1,5,2,7,2,2
12400,201600005546,3.0,2,1,1,11.0,0.0,0.0,0.0,1950.0,C03,1.0,7,0,0.0,2.0,1.0,1.0,12,25,1200,1,1,1,1,5,2,7,2,2
12401,201600005546,5.0,2,1,2,11.0,0.0,0.0,0.0,2008.0,C03,1.0,7,0,0.0,2.0,1.0,1.0,12,25,1200,1,1,1,1,5,2,7,2,2
12402,201600005546,1.0,1,3,2,11.0,0.0,0.0,0.0,1956.0,A01,2.0,7,0,0.0,2.0,3.0,13.0,12,25,1200,1,1,1,1,5,2,7,2,2
12403,201600005547,1.0,1,1,1,13.0,0.0,0.0,0.0,1979.0,A01,0.0,7,0,0.0,0.0,2.0,19.0,1,28,550,4,2,2,1,3,0,2,2,1
12404,201600005547,1.0,1,3,1,21.0,0.0,0.0,0.0,1998.0,B02,0.0,2,0,0.0,0.0,3.0,1.0,1,28,550,4,2,2,1,3,0,7,1,2
12405,201600005548,1.0,1,3,2,11.0,0.0,0.0,0.0,1967.0,B02,1.0,7,0,0.0,2.0,1.0,1.0,2,12,1400,1,1,1,4,1,3,10,2,2
12406,201600005548,2.0,2,4,2,11.0,0.0,0.0,0.0,2003.0,B02,1.0,7,0,0.0,2.0,1.0,1.0,2,12,1400,1,1,1,4,1,3,10,2,2
12407,201600005548,1.0,1,1,1,11.0,0.0,0.0,0.0,1979.0,A01,2.0,10,0,0.0,2.0,1.0,13.0,2,12,1400,1,1,1,4,1,3,7,2,2
12408,201600005548,2.0,2,4,1,11.0,0.0,0.0,0.0,1968.0,A01,2.0,10,0,0.0,2.0,1.0,13.0,2,12,1400,1,1,1,4,1,3,7,2,2
12409,201600005549,2.0,2,3,2,21.0,0.0,0.0,0.0,1989.0,A01,2.0,33,0,3.0,0.0,8.0,1.0,8,28,1815,1,1,1,1,6,4,33,1,1
12410,201600005549,1.0,1,1,1,21.0,0.0,0.0,0.0,1989.0,A01,2.0,33,0,3.0,0.0,8.0,1.0,8,28,1815,1,1,1,1,6,4,33,1,1
12411,201600005550,1.0,1,3,1,11.0,0.0,0.0,0.0,1994.0,A01,1.0,7,0,0.0,0.0,1.0,2.0,9,7,2215,5,2,3,1,3,5,21,2,0
12412,201600005550,2.0,2,3,1,11.0,0.0,0.0,0.0,1996.0,A01,1.0,7,0,0.0,0.0,1.0,2.0,9,7,2215,5,2,3,1,3,5,21,2,0