,Num_Acc,place,catu,grav,sexe,secu,locp,actp,etatp,an_nais,num_veh,senc,catv,occutc,obs,obsm,choc,manv,mois,jour,hrmn,lum,agg,int,atm,col,mom,catvopp,catv_gen,catvopp_gen
12413,201600005550,1.0,1,3,1,1.0,0.0,0.0,0.0,1979.0,B02,1.0,21,0,0.0,0.0,3.0,1.0,9,7,2215,5,2,3,1,3,5,7,0,2
12414,201600005551,1.0,1,3,1,21.0,0.0,0.0,0.0,1976.0,A01,2.0,33,0,0.0,0.0,1.0,3.0,9,14,1830,1,1,3,1,3,4,10,1,2
12415,201600005551,1.0,1,1,1,11.0,0.0,0.0,0.0,1935.0,B02,2.0,10,0,0.0,0.0,3.0,15.0,9,14,1830,1,1,3,1,3,4,33,2,1
12416,201600005552,1.0,1,2,1,11.0,0.0,0.0,0.0,1995.0,A01,0.0,7,0,2.0,0.0,2.0,13.0,9,18,145,3,1,1,8,6,0,7,2,2
12417,201600005553,1.0,1,4,2,11.0,0.0,0.0,0.0,1987.0,B02,1.0,7,0,0.0,0.0,7.0,2.0,9,18,700,2,2,1,2,5,1,10,2,2
12418,201600005553,1.0,1,1,1,11.0,0.0,0.0,0.0,1958.0,A01,1.0,10,0,0.0,0.0,3.0,11.0,9,18,700,2,2,1,2,5,1,7,2,2
12419,201600005553,1.0,1,1,2,11.0,0.0,0.0,0.0,1981.0,C03,1.0,7,0,0.0,0.0,1.0,2.0,9,18,700,2,2,1,2,5,1,10,2,2
12420,201600005554,1.0,1,3,1,21.0,0.0,0.0,0.0,1967.0,B02,0.0,33,0,0.0,0.0,1.0,2.0,9,28,1215,1,2,2,7,1,2,7,1,2
12421,201600005554,1.0,1,1,2,11.0,0.0,0.0,0.0,1981.0,A01,0.0,7,0,0.0,0.0,2.0,1.0,9,28,1215,1,2,2,7,1,2,33,2,1
12422,201600005555,1.0,1,4,2,11.0,0.0,0.0,0.0,1968.0,C03,1.0,7,0,0.0,0.0,1.0,2.0,10,7,745,2,1,1,8,5,1,7,2,2
12423,201600005555,1.0,1,3,1,11.0,0.0,0.0,0.0,1951.0,A01,2.0,7,0,0.0,0.0,1.0,13.0,10,7,745,2,1,1,8,5,1,7,2,2
12424,201600005555,1.0,1,1,1,11.0,0.0,0.0,0.0,1988.0,B02,1.0,7,0,0.0,0.0,6.0,2.0,10,7,745,2,1,1,8,5,1,7,2,2
12425,201600005556,1.0,1,4,1,21.0,0.0,0.0,0.0,1988.0,B02,1.0,33,0,0.0,0.0,1.0,2.0,10,28,645,2,2,1,1,3,1,7,1,2
12426,201600005556,1.0,1,1,2,11.0,0.0,0.0,0.0,1960.0,A01,1.0,7,0,0.0,0.0,8.0,9.0,10,28,645,2,2,1,1,3,1,33,2,1
12427,201600005557,1.0,1,3,1,11.0,0.0,0.0,0.0,1958.0,A01,1.0,7,0,13.0,0.0,8.0,1.0,11,29,2145,3,2,1,1,6,4,7,2,2
12428,201600005557,2.0,2,3,2,11.0,0.0,0.0,0.0,1969.0,A01,1.0,7,0,13.0,0.0,8.0,1.0,11,29,2145,3,2,1,1,6,4,7,2,2
12429,201600005558,1.0,1,3,1,21.0,0.0,0.0,0.0,1977.0,A01,1.0,33,0,0.0,0.0,1.0,18.0,12,8,1745,2,1,1,5,3,3,7,1,2
12430,201600005558,1.0,1,1,1,13.0,0.0,0.0,0.0,1956.0,B02,1.0,7,0,0.0,0.0,6.0,11.0,12,8,1745,2,1,1,5,3,3,33,2,1
12431,201600005559,1.0,1,1,1,11.0,0.0,0.0,0.0,1997.0,A01,2.0,7,0,2.0,0.0,7.0,14.0,4,1,1900,1,1,3,1,6,4,7,2,2
12432,201600005559,2.0,2,1,2,11.0,0.0,0.0,0.0,1972.0,A01,2.0,7,0,2.0,0.0,7.0,14.0,4,1,1900,1,1,3,1,6,4,7,2,2
12433,201600005559,3.0,2,3,1,11.0,0.0,0.0,0.0,1997.0,A01,2.0,7,0,2.0,0.0,7.0,14.0,4,1,1900,1,1,3,1,6,4,7,2,2
12434,201600005559,4.0,2,1,1,11.0,0.0,0.0,0.0,2005.0,A01,2.0,7,0,2.0,0.0,7.0,14.0,4,1,1900,1,1,3,1,6,4,7,2,2
12435,201600005560,1.0,1,3,1,21.0,0.0,0.0,0.0,2001.0,A01,1.0,2,0,0.0,2.0,7.0,1.0,4,27,1930,1,2,2,1,1,4,10,1,2
12436,201600005560,1.0,1,1,1,13.0,0.0,0.0,0.0,1989.0,B02,1.0,10,0,0.0,2.0,1.0,19.0,4,27,1930,1,2,2,1,1,4,2,2,1
12437,201600005561,1.0,1,3,1,13.0,0.0,0.0,0.0,1985.0,A01,1.0,7,0,2.0,0.0,2.0,14.0,5,28,415,3,1,1,8,6,0,7,2,2
12438,201600005562,1.0,1,3,1,21.0,0.0,0.0,0.0,1981.0,A01,0.0,33,0,0.0,0.0,0.0,0.0,6,5,1630,1,1,1,1,6,3,33,1,1
12439,201600005563,1.0,1,1,1,11.0,0.0,0.0,0.0,1949.0,B02,1.0,7,0,0.0,2.0,3.0,1.0,7,18,1400,1,1,1,1,5,3,7,2,2
12440,201600005563,2.0,2,4,2,11.0,0.0,0.0,0.0,1949.0,B02,1.0,7,0,0.0,2.0,3.0,1.0,7,18,1400,1,1,1,1,5,3,7,2,2
12441,201600005563,1.0,1,1,2,11.0,0.0,0.0,0.0,1954.0,C03,1.0,7,0,0.0,2.0,1.0,1.0,7,18,1400,1,1,1,1,5,3,7,2,2
12442,201600005563,1.0,1,1,1,11.0,0.0,0.0,0.0,1944.0,D04,2.0,7,0,0.0,2.0,3.0,2.0,7,18,1400,1,1,1,1,5,3,7,2,2
12443,201600005563,1.0,1,3,2,11.0,0.0,0.0,0.0,1956.0,A01,2.0,7,0,0.0,2.0,1.0,13.0,7,18,1400,1,1,1,1,5,3,7,2,2
12444,201600005564,1.0,1,3,1,21.0,0.0,0.0,0.0,1989.0,A01,2.0,33,0,2.0,0.0,1.0,0.0,9,12,1945,2,1,1,1,6,4,33,1,1
12445,201600005565,1.0,1,2,2,21.0,0.0,0.0,0.0,1986.0,A01,1.0,33,0,6.0,0.0,2.0,14.0,9,26,1240,1,1,1,1,6,2,33,1,1
12446,201600005566,1.0,1,3,1,13.0,0.0,0.0,0.0,1982.0,A01,1.0,7,0,2.0,0.0,1.0,13.0,9,27,1930,2,1,1,1,7,4,7,2,2
12447,201600005567,1.0,1,3,1,13.0,0.0,0.0,0.0,1983.0,A01,1.0,7,0,2.0,0.0,1.0,1.0,9,30,2200,3,2,1,1,6,5,7,2,2
12448,201600005568,1.0,1,3,1,21.0,0.0,0.0,0.0,1974.0,A01,1.0,33,0,13.0,0.0,1.0,1.0,10,2,1230,1,1,1,1,6,2,33,1,1
12449,201600005569,1.0,1,4,2,11.0,0.0,0.0,0.0,1943.0,A01,0.0,7,0,13.0,0.0,1.0,0.0,11,13,1730,3,1,4,2,6,3,7,2,2
12450,201600005569,2.0,2,4,1,11.0,0.0,0.0,0.0,1936.0,A01,0.0,7,0,13.0,0.0,1.0,0.0,11,13,1730,3,1,4,2,6,3,7,2,2
12451,201600005569,3.0,2,4,2,11.0,0.0,0.0,0.0,1933.0,A01,0.0,7,0,13.0,0.0,1.0,0.0,11,13,1730,3,1,4,2,6,3,7,2,2
12452,201600005569,4.0,2,4,1,11.0,0.0,0.0,0.0,1930.0,A01,0.0,7,0,13.0,0.0,1.0,0.0,11,13,1730,3,1,4,2,6,3,7,2,2
12453,201600005570,1.0,1,1,2,1.0,0.0,0.0,0.0,1985.0,A01,1.0,7,0,0.0,1.0,2.0,1.0,2,16,2115,5,2,1,1,6,4,7,2,2
12454,201600005570,0.0,3,3,1,0.0,1.0,6.0,1.0,1951.0,A01,1.0,7,0,0.0,1.0,2.0,1.0,2,16,2115,5,2,1,1,6,4,7,2,2
12455,201600005571,1.0,1,3,1,11.0,0.0,0.0,0.0,1947.0,A01,1.0,7,0,0.0,0.0,1.0,1.0,5,21,1215,1,1,1,1,7,2,7,2,2
12456,201600005572,1.0,1,1,1,11.0,0.0,0.0,0.0,1967.0,B02,1.0,10,0,0.0,2.0,3.0,1.0,7,11,1850,1,1,1,1,1,4,33,2,1
12457,201600005572,2.0,2,3,2,21.0,0.0,0.0,0.0,1969.0,A01,2.0,33,0,0.0,2.0,9.0,1.0,7,11,1850,1,1,1,1,1,4,10,1,2
12458,201600005572,1.0,1,2,1,21.0,0.0,0.0,0.0,1964.0,A01,2.0,33,0,0.0,2.0,9.0,1.0,7,11,1850,1,1,1,1,1,4,10,1,2
12459,201600005573,1.0,1,3,1,11.0,0.0,0.0,0.0,1991.0,B02,1.0,7,0,0.0,2.0,7.0,17.0,8,11,1530,1,2,1,1,3,3,7,2,2
12460,201600005573,1.0,1,4,2,11.0,0.0,0.0,0.0,1973.0,A01,1.0,7,0,0.0,2.0,6.0,17.0,8,11,1530,1,2,1,1,3,3,7,2,2
12461,201600005574,1.0,1,3,2,11.0,0.0,0.0,0.0,1967.0,A01,2.0,10,0,2.0,0.0,9.0,0.0,9,12,1200,1,1,1,1,7,2,10,2,2
12462,201600005575,1.0,1,3,1,11.0,0.0,0.0,0.0,1961.0,C03,1.0,7,0,0.0,2.0,1.0,1.0,10,5,1915,3,1,1,1,5,4,7,2,2
12463,201600005575,1.0,1,2,1,12.0,0.0,0.0,0.0,1956.0,A01,2.0,7,0,0.0,2.0,3.0,13.0,10,5,1915,3,1,1,1,5,4,7,2,2
12464,201600005575,1.0,1,3,1,11.0,0.0,0.0,0.0,1946.0,B02,1.0,7,0,0.0,2.0,3.0,1.0,10,5,1915,3,1,1,1,5,4,7,2,2
12465,201600005576,1.0,1,1,1,13.0,0.0,0.0,0.0,1988.0,A01,1.0,7,0,0.0,2.0,1.0,13.0,11,10,1530,1,1,1,2,1,3,7,2,2
12466,201600005576,1.0,1,4,1,13.0,0.0,0.0,0.0,1945.0,B02,2.0,7,0,0.0,2.0,3.0,1.0,11,10,1530,1,1,1,2,1,3,7,2,2
12467,201600005576,2.0,2,4,2,13.0,0.0,0.0,0.0,1942.0,B02,2.0,7,0,0.0,2.0,3.0,1.0,11,10,1530,1,1,1,2,1,3,7,2,2
12468,201600005577,1.0,1,1,1,11.0,0.0,0.0,0.0,1978.0,A01,1.0,7,0,0.0,2.0,1.0,2.0,2,13,2000,5,2,1,2,5,4,7,2,2
12469,201600005577,1.0,1,1,1,11.0,0.0,0.0,0.0,1971.0,C03,2.0,7,0,0.0,2.0,8.0,2.0,2,13,2000,5,2,1,2,5,4,7,2,2
12470,201600005577,1.0,1,4,2,11.0,0.0,0.0,0.0,1991.0,D04,1.0,7,0,0.0,2.0,6.0,2.0,2,13,2000,5,2,1,2,5,4,7,2,2
12471,201600005577,1.0,1,1,2,11.0,0.0,0.0,0.0,1994.0,B02,1.0,7,0,0.0,2.0,4.0,2.0,2,13,2000,5,2,1,2,5,4,7,2,2
12472,201600005578,1.0,1,3,2,11.0,0.0,0.0,0.0,1960.0,A01,1.0,10,0,13.0,0.0,3.0,0.0,7,6,1230,1,1,1,1,7,2,10,2,2
12473,201600005579,1.0,1,3,1,11.0,0.0,0.0,0.0,1998.0,A01,2.0,7,0,8.0,0.0,1.0,1.0,7,8,145,4,2,1,1,6,0,7,2,2
12474,201600005579,2.0,2,3,1,11.0,0.0,0.0,0.0,2000.0,A01,2.0,7,0,8.0,0.0,1.0,1.0,7,8,145,4,2,1,1,6,0,7,2,2
12475,201600005580,1.0,1,2,1,21.0,0.0,0.0,0.0,1987.0,A01,1.0,33,0,2.0,0.0,1.0,17.0,7,9,1350,1,1,1,1,6,2,33,1,1
12476,201600005581,1.0,1,4,1,11.0,0.0,0.0,0.0,1986.0,B02,1.0,7,0,0.0,2.0,3.0,2.0,7,10,1800,1,1,1,1,1,4,33,2,1
12477,201600005581,2.0,2,4,2,11.0,0.0,0.0,0.0,1982.0,B02,1.0,7,0,0.0,2.0,3.0,2.0,7,10,1800,1,1,1,1,1,4,33,2,1
12478,201600005581,1.0,1,2,1,21.0,0.0,0.0,0.0,1987.0,A01,2.0,33,0,0.0,2.0,1.0,17.0,7,10,1800,1,1,1,1,1,4,7,1,2
12479,201600005582,1.0,1,2,1,21.0,0.0,0.0,0.0,1953.0,A01,2.0,33,0,3.0,0.0,0.0,1.0,9,10,2145,3,1,1,1,6,4,33,1,1
12480,201600005583,1.0,1,1,1,11.0,0.0,0.0,0.0,1935.0,A02,0.0,10,0,0.0,2.0,2.0,1.0,9,11,700,2,1,1,1,1,1,7,2,2
12481,201600005583,1.0,1,4,2,11.0,0.0,0.0,0.0,1991.0,A01,0.0,7,0,3.0,2.0,1.0,13.0,9,11,700,2,1,1,1,1,1,10,2,2
12482,201600005584,1.0,1,3,1,11.0,0.0,0.0,0.0,1928.0,A01,1.0,7,0,12.0,0.0,3.0,13.0,11,25,1015,1,2,3,1,6,1,7,2,2
12483,201600005584,2.0,2,3,2,11.0,0.0,0.0,0.0,1928.0,A01,1.0,7,0,12.0,0.0,3.0,13.0,11,25,1015,1,2,3,1,6,1,7,2,2
12484,201600005585,1.0,1,3,1,11.0,0.0,0.0,0.0,1988.0,A01,1.0,7,0,4.0,0.0,1.0,1.0,1,24,2130,5,2,1,2,6,4,7,2,2
12485,201600005586,1.0,1,3,1,11.0,0.0,0.0,0.0,1992.0,A01,2.0,7,0,0.0,9.0,1.0,1.0,4,26,1600,1,1,1,1,7,3,7,2,2
12486,201600005587,1.0,1,2,1,11.0,0.0,0.0,0.0,1931.0,A01,2.0,7,0,0.0,2.0,3.0,1.0,5,14,1705,1,1,1,1,5,3,7,2,2
12487,201600005587,1.0,1,1,1,11.0,0.0,0.0,0.0,1965.0,B02,2.0,7,0,0.0,2.0,1.0,1.0,5,14,1705,1,1,1,1,5,3,7,2,2
12488,201600005587,1.0,1,1,1,11.0,0.0,0.0,0.0,1973.0,C03,1.0,7,0,0.0,2.0,3.0,1.0,5,14,1705,1,1,1,1,5,3,7,2,2
12489,201600005588,1.0,1,3,1,23.0,0.0,0.0,0.0,1994.0,B02,0.0,30,0,0.0,2.0,1.0,1.0,9,28,600,5,2,4,1,1,1,7,1,2
12490,201600005588,1.0,1,1,1,11.0,0.0,0.0,0.0,1967.0,A01,0.0,7,0,0.0,2.0,1.0,15.0,9,28,600,5,2,4,1,1,1,30,2,1
12491,201600005589,1.0,1,1,1,11.0,0.0,0.0,0.0,1971.0,A01,1.0,14,0,0.0,2.0,3.0,1.0,10,26,1230,1,1,1,1,1,2,7,3,2
12492,201600005589,6.0,2,4,1,11.0,0.0,0.0,0.0,1972.0,A01,1.0,14,0,0.0,2.0,3.0,1.0,10,26,1230,1,1,1,1,1,2,7,3,2
12493,201600005589,6.0,2,4,1,11.0,0.0,0.0,0.0,1996.0,A01,1.0,14,0,0.0,2.0,3.0,1.0,10,26,1230,1,1,1,1,1,2,7,3,2
12494,201600005589,1.0,1,2,2,12.0,0.0,0.0,0.0,1957.0,B02,2.0,7,0,0.0,2.0,1.0,13.0,10,26,1230,1,1,1,1,1,2,14,2,3
12495,201600005590,1.0,1,2,1,11.0,0.0,0.0,0.0,1997.0,A01,1.0,7,0,2.0,0.0,7.0,1.0,12,5,1915,3,1,1,1,6,4,7,2,2
12496,201600005591,1.0,1,3,1,11.0,0.0,0.0,0.0,1966.0,A01,1.0,7,0,13.0,0.0,1.0,1.0,5,22,415,3,1,6,1,6,0,7,2,2
12497,201600005592,1.0,1,4,1,11.0,0.0,0.0,0.0,1998.0,B02,1.0,7,0,0.0,2.0,2.0,1.0,11,3,1400,1,1,4,1,3,3,7,2,2
12498,201600005592,2.0,2,4,2,11.0,0.0,0.0,0.0,1996.0,B02,1.0,7,0,0.0,2.0,2.0,1.0,11,3,1400,1,1,4,1,3,3,7,2,2
12499,201600005592,4.0,2,4,2,11.0,0.0,0.0,0.0,2007.0,B02,1.0,7,0,0.0,2.0,2.0,1.0,11,3,1400,1,1,4,1,3,3,7,2,2
12500,201600005592,1.0,1,1,1,11.0,0.0,0.0,0.0,1954.0,A01,0.0,7,0,0.0,2.0,3.0,15.0,11,3,1400,1,1,4,1,3,3,7,2,2
12501,201600005592,2.0,2,1,2,11.0,0.0,0.0,0.0,1953.0,A01,0.0,7,0,0.0,2.0,3.0,15.0,11,3,1400,1,1,4,1,3,3,7,2,2
12502,201600005593,1.0,1,3,1,11.0,0.0,0.0,0.0,1992.0,A01,1.0,7,0,13.0,0.0,1.0,1.0,1,22,2345,3,1,1,2,6,5,7,2,2
12503,201600005594,2.0,2,4,2,11.0,0.0,0.0,0.0,1966.0,A01,0.0,14,0,0.0,2.0,3.0,15.0,3,11,930,1,1,4,1,4,1,7,3,2
12504,201600005594,1.0,1,1,2,11.0,0.0,0.0,0.0,1979.0,A01,0.0,14,0,0.0,2.0,3.0,15.0,3,11,930,1,1,4,1,4,1,7,3,2
12505,201600005594,1.0,1,3,2,11.0,0.0,0.0,0.0,1989.0,B02,1.0,7,0,0.0,2.0,3.0,1.0,3,11,930,1,1,4,1,4,1,14,2,3
12506,201600005594,1.0,1,1,1,11.0,0.0,0.0,0.0,1950.0,C03,0.0,7,0,0.0,2.0,1.0,23.0,3,11,930,1,1,4,1,4,1,14,2,3
12507,201600005595,1.0,1,1,1,11.0,0.0,0.0,0.0,1972.0,C03,0.0,38,0,0.0,2.0,3.0,23.0,4,29,1630,1,1,1,1,5,3,7,3,2
12508,201600005595,1.0,1,1,1,11.0,0.0,0.0,0.0,1945.0,A01,1.0,7,0,0.0,2.0,2.0,15.0,4,29,1630,1,1,1,1,5,3,38,2,3
12509,201600005595,4.0,2,3,2,31.0,0.0,0.0,0.0,2009.0,B02,2.0,7,0,1.0,2.0,3.0,1.0,4,29,1630,1,1,1,1,5,3,38,2,3
12510,201600005595,2.0,2,3,2,11.0,0.0,0.0,0.0,1987.0,B02,2.0,7,0,1.0,2.0,3.0,1.0,4,29,1630,1,1,1,1,5,3,38,2,3
12511,201600005595,3.0,2,3,2,31.0,0.0,0.0,0.0,2015.0,B02,2.0,7,0,1.0,2.0,3.0,1.0,4,29,1630,1,1,1,1,5,3,38,2,3
12512,201600005595,1.0,1,3,1,11.0,0.0,0.0,0.0,1980.0,B02,2.0,7,0,1.0,2.0,3.0,1.0,4,29,1630,1,1,1,1,5,3,38,2,3
12513,201600005596,1.0,1,1,1,11.0,0.0,0.0,0.0,1980.0,A01,2.0,7,0,0.0,1.0,2.0,1.0,5,5,1145,1,2,1,1,6,1,7,2,2
12514,201600005596,0.0,3,3,2,0.0,6.0,1.0,1.0,1956.0,A01,2.0,7,0,0.0,1.0,2.0,1.0,5,5,1145,1,2,1,1,6,1,7,2,2
12515,201600005597,1.0,1,3,1,21.0,0.0,0.0,0.0,1990.0,B02,1.0,33,0,0.0,2.0,1.0,1.0,5,27,1545,1,1,1,1,3,3,7,1,2
12516,201600005597,1.0,1,1,2,11.0,0.0,0.0,0.0,1989.0,A01,0.0,7,0,0.0,2.0,7.0,19.0,5,27,1545,1,1,1,1,3,3,33,2,1
12517,201600005598,1.0,1,3,1,21.0,0.0,0.0,0.0,1992.0,A01,1.0,30,0,0.0,0.0,7.0,1.0,6,6,1815,1,1,2,1,3,4,33,1,1
12518,201600005598,1.0,1,3,2,21.0,0.0,0.0,0.0,1964.0,B02,1.0,33,0,0.0,2.0,1.0,1.0,6,6,1815,1,1,2,1,3,4,30,1,1
12519,201600005599,1.0,1,2,1,11.0,0.0,0.0,0.0,1949.0,B02,1.0,7,0,0.0,2.0,1.0,1.0,6,15,1300,1,1,1,1,1,2,7,2,2
12520,201600005599,1.0,1,2,1,12.0,0.0,0.0,0.0,1946.0,A01,2.0,7,0,0.0,2.0,1.0,1.0,6,15,1300,1,1,1,1,1,2,7,2,2
12521,201600005600,1.0,1,3,1,21.0,0.0,0.0,0.0,1985.0,A01,1.0,33,0,13.0,0.0,1.0,1.0,6,18,1845,1,1,1,1,6,4,33,1,1
12522,201600005601,1.0,1,3,1,11.0,0.0,0.0,0.0,1957.0,A01,1.0,7,0,13.0,2.0,3.0,21.0,6,25,1545,1,1,1,1,1,3,7,2,2
12523,201600005601,1.0,1,3,1,11.0,0.0,0.0,0.0,1977.0,B02,2.0,7,0,0.0,0.0,3.0,13.0,6,25,1545,1,1,1,1,1,3,7,2,2
12524,201600005602,1.0,1,1,1,11.0,0.0,0.0,0.0,1961.0,A01,1.0,14,0,0.0,1.0,1.0,1.0,6,27,930,1,1,1,1,6,1,14,3,3
12525,201600005602,0.0,3,3,1,0.0,6.0,1.0,1.0,1935.0,A01,1.0,14,0,0.0,1.0,1.0,1.0,6,27,930,1,1,1,1,6,1,14,3,3
12526,201600005603,1.0,1,2,1,12.0,0.0,0.0,0.0,1940.0,A01,1.0,7,0,13.0,0.0,1.0,1.0,7,1,1215,1,1,1,1,7,2,7,2,2
12527,201600005604,2.0,2,3,1,11.0,0.0,0.0,0.0,1954.0,B02,2.0,7,0,0.0,2.0,3.0,1.0,7,3,1615,1,1,1,1,1,3,7,2,2
12528,201600005604,1.0,1,3,2,11.0,0.0,0.0,0.0,1957.0,B02,2.0,7,0,0.0,2.0,3.0,1.0,7,3,1615,1,1,1,1,1,3,7,2,2
12529,201600005604,1.0,1,3,1,11.0,0.0,0.0,0.0,1946.0,A01,1.0,7,0,0.0,2.0,3.0,13.0,7,3,1615,1,1,1,1,1,3,7,2,2
12530,201600005605,1.0,1,3,1,11.0,0.0,0.0,0.0,1950.0,B02,1.0,7,0,0.0,2.0,3.0,1.0,7,8,1815,1,1,1,7,3,4,7,2,2
12531,201600005605,1.0,1,1,1,11.0,0.0,0.0,0.0,1969.0,A01,2.0,7,0,0.0,2.0,3.0,13.0,7,8,1815,1,1,1,7,3,4,7,2,2
12532,201600005606,1.0,1,3,2,11.0,0.0,0.0,0.0,1961.0,A01,2.0,7,0,7.0,0.0,0.0,0.0,7,15,2030,1,1,1,1,7,4,7,2,2
12533,201600005607,1.0,1,3,1,21.0,0.0,0.0,0.0,1999.0,B02,0.0,2,0,0.0,2.0,1.0,1.0,8,2,1830,1,2,2,1,1,4,7,1,2
12534,201600005607,1.0,1,4,2,11.0,0.0,0.0,0.0,1954.0,A01,0.0,7,0,0.0,2.0,1.0,15.0,8,2,1830,1,2,2,1,1,4,2,2,1
12535,201600005608,1.0,1,3,2,11.0,0.0,0.0,0.0,1966.0,A01,1.0,7,0,13.0,5.0,2.0,21.0,9,2,1345,1,1,1,1,6,2,7,2,2
12536,201600005609,1.0,1,1,1,21.0,0.0,0.0,0.0,1988.0,A01,1.0,31,0,0.0,0.0,4.0,23.0,9,9,1845,1,1,1,1,2,4,34,1,1
12537,201600005609,1.0,1,3,1,21.0,0.0,0.0,0.0,1949.0,B02,1.0,34,0,0.0,2.0,1.0,1.0,9,9,1845,1,1,1,1,2,4,31,1,1
12538,201600005610,1.0,1,1,2,11.0,0.0,0.0,0.0,1950.0,A01,2.0,7,0,0.0,2.0,2.0,19.0,10,30,1615,1,1,2,5,3,3,7,2,2
12539,201600005610,2.0,2,3,1,11.0,0.0,0.0,0.0,1945.0,A01,2.0,7,0,0.0,2.0,2.0,19.0,10,30,1615,1,1,2,5,3,3,7,2,2
12540,201600005610,2.0,2,4,1,12.0,0.0,0.0,0.0,1988.0,B02,2.0,7,0,0.0,2.0,2.0,1.0,10,30,1615,1,1,2,5,3,3,7,2,2
12541,201600005610,3.0,2,1,1,11.0,0.0,0.0,0.0,2001.0,B02,2.0,7,0,0.0,2.0,2.0,1.0,10,30,1615,1,1,2,5,3,3,7,2,2
12542,201600005611,1.0,1,1,1,11.0,0.0,0.0,0.0,1956.0,B02,2.0,7,0,0.0,0.0,2.0,1.0,11,6,2015,3,1,1,4,1,4,7,2,2
12543,201600005611,3.0,2,4,2,11.0,0.0,0.0,0.0,1959.0,B02,2.0,7,0,0.0,0.0,2.0,1.0,11,6,2015,3,1,1,4,1,4,7,2,2
12544,201600005611,5.0,2,4,1,11.0,0.0,0.0,0.0,2002.0,A01,1.0,7,0,0.0,2.0,2.0,13.0,11,6,2015,3,1,1,4,1,4,7,2,2
12545,201600005611,3.0,2,4,2,11.0,0.0,0.0,0.0,1972.0,A01,1.0,7,0,0.0,2.0,2.0,13.0,11,6,2015,3,1,1,4,1,4,7,2,2
12546,201600005611,5.0,2,4,2,11.0,0.0,0.0,0.0,1977.0,A01,1.0,7,0,0.0,2.0,2.0,13.0,11,6,2015,3,1,1,4,1,4,7,2,2
12547,201600005611,1.0,1,1,1,11.0,0.0,0.0,0.0,1971.0,A01,1.0,7,0,0.0,2.0,2.0,13.0,11,6,2015,3,1,1,4,1,4,7,2,2
12548,201600005611,5.0,2,1,2,11.0,0.0,0.0,0.0,2002.0,A01,1.0,7,0,0.0,2.0,2.0,13.0,11,6,2015,3,1,1,4,1,4,7,2,2
12549,201600005612,1.0,1,1,1,11.0,0.0,0.0,0.0,1947.0,A01,2.0,7,0,14.0,0.0,1.0,1.0,11,26,1115,1,1,1,1,5,1,7,2,2
12550,201600005612,1.0,1,4,2,11.0,0.0,0.0,0.0,1996.0,B02,2.0,7,0,0.0,0.0,4.0,1.0,11,26,1115,1,1,1,1,5,1,7,2,2
12551,201600005612,1.0,1,4,2,11.0,0.0,0.0,0.0,1995.0,C03,2.0,7,0,0.0,0.0,4.0,1.0,11,26,1115,1,1,1,1,5,1,7,2,2
12552,201600005613,1.0,1,1,1,11.0,0.0,0.0,0.0,1984.0,B02,1.0,10,0,0.0,2.0,6.0,15.0,12,5,845,1,1,1,1,3,1,7,2,2
12553,201600005613,2.0,2,1,1,11.0,0.0,0.0,0.0,1992.0,B02,1.0,10,0,0.0,2.0,6.0,15.0,12,5,845,1,1,1,1,3,1,7,2,2
12554,201600005613,1.0,1,1,1,11.0,0.0,0.0,0.0,1998.0,A01,1.0,7,0,0.0,2.0,1.0,17.0,12,5,845,1,1,1,1,3,1,10,2,2
12555,201600005613,2.0,2,3,2,11.0,0.0,0.0,0.0,1998.0,A01,1.0,7,0,0.0,2.0,1.0,17.0,12,5,845,1,1,1,1,3,1,10,2,2
12556,201600005614,1.0,1,2,2,11.0,0.0,0.0,0.0,1960.0,A01,2.0,7,0,0.0,2.0,1.0,13.0,2,8,1245,1,1,1,3,1,2,13,2,3
12557,201600005614,1.0,1,1,1,11.0,0.0,0.0,0.0,1973.0,B02,1.0,13,0,0.0,2.0,1.0,1.0,2,8,1245,1,1,1,3,1,2,7,3,2
12558,201600005615,1.0,1,4,2,11.0,0.0,0.0,0.0,1954.0,B02,1.0,7,0,0.0,2.0,1.0,1.0,5,31,1800,1,1,1,3,1,4,7,2,2
12559,201600005615,1.0,1,4,2,11.0,0.0,0.0,0.0,1987.0,A01,2.0,7,0,0.0,2.0,3.0,13.0,5,31,1800,1,1,1,3,1,4,7,2,2
12560,201600005616,1.0,1,3,1,21.0,0.0,0.0,0.0,1970.0,A01,2.0,33,0,0.0,0.0,8.0,1.0,6,3,2000,1,1,1,1,7,4,33,1,1
12561,201600005617,1.0,1,1,1,11.0,0.0,0.0,0.0,1970.0,B02,2.0,7,0,0.0,0.0,0.0,1.0,8,12,1230,1,1,1,1,1,2,33,2,1
12562,201600005617,1.0,1,3,1,21.0,0.0,0.0,0.0,1953.0,A01,1.0,33,0,13.0,0.0,0.0,1.0,8,12,1230,1,1,1,1,1,2,7,1,2
12563,201600005617,2.0,2,4,2,21.0,0.0,0.0,0.0,1954.0,A01,1.0,33,0,13.0,0.0,0.0,1.0,8,12,1230,1,1,1,1,1,2,7,1,2
12564,201600005618,1.0,1,3,2,11.0,0.0,0.0,0.0,1995.0,B02,1.0,7,0,0.0,2.0,1.0,2.0,8,15,1215,1,1,1,1,1,2,7,2,2
12565,201600005618,2.0,2,3,1,11.0,0.0,0.0,0.0,1965.0,B02,1.0,7,0,0.0,2.0,1.0,2.0,8,15,1215,1,1,1,1,1,2,7,2,2