,Num_Acc,place,catu,grav,sexe,secu,locp,actp,etatp,an_nais,num_veh,senc,catv,occutc,obs,obsm,choc,manv,mois,jour,hrmn,lum,agg,int,atm,col,mom,catvopp,catv_gen,catvopp_gen
12871,201600005759,0.0,3,2,1,0.0,1.0,3.0,1.0,1987.0,A01,1.0,10,0,0.0,1.0,1.0,1.0,9,4,515,3,1,1,1,6,0,10,2,2
12872,201600005760,1.0,1,3,2,11.0,0.0,0.0,0.0,1962.0,A01,1.0,7,0,0.0,2.0,3.0,1.0,10,7,1430,1,1,1,1,5,3,17,2,3
12873,201600005760,2.0,2,3,1,11.0,0.0,0.0,0.0,1919.0,A01,1.0,7,0,0.0,2.0,3.0,1.0,10,7,1430,1,1,1,1,5,3,17,2,3
12874,201600005760,1.0,1,1,1,11.0,0.0,0.0,0.0,1979.0,B02,2.0,17,0,0.0,2.0,8.0,1.0,10,7,1430,1,1,1,1,5,3,7,3,2
12875,201600005760,1.0,1,4,1,11.0,0.0,0.0,0.0,1985.0,C03,2.0,7,0,0.0,2.0,1.0,1.0,10,7,1430,1,1,1,1,5,3,17,2,3
12876,201600005761,1.0,1,2,2,11.0,0.0,0.0,0.0,1932.0,A01,2.0,7,0,0.0,2.0,3.0,13.0,11,4,1600,1,1,1,1,1,3,7,2,2
12877,201600005761,1.0,1,4,2,11.0,0.0,0.0,0.0,1992.0,B02,1.0,7,0,0.0,2.0,3.0,1.0,11,4,1600,1,1,1,1,1,3,7,2,2
12878,201600005762,1.0,1,4,1,11.0,0.0,0.0,0.0,1969.0,A01,1.0,7,0,8.0,0.0,3.0,13.0,11,13,700,2,1,1,2,7,1,7,2,2
12879,201600005763,1.0,1,3,1,21.0,0.0,0.0,0.0,1997.0,A01,2.0,33,0,0.0,0.0,2.0,1.0,11,28,1030,1,1,1,1,6,1,33,1,1
12880,201600005764,2.0,2,3,1,11.0,0.0,0.0,0.0,1988.0,A01,1.0,7,0,13.0,0.0,9.0,1.0,5,13,1800,1,1,1,1,7,4,7,2,2
12881,201600005764,5.0,2,1,2,11.0,0.0,0.0,0.0,1998.0,A01,1.0,7,0,13.0,0.0,9.0,1.0,5,13,1800,1,1,1,1,7,4,7,2,2
12882,201600005764,1.0,1,1,1,11.0,0.0,0.0,0.0,1985.0,A01,1.0,7,0,13.0,0.0,9.0,1.0,5,13,1800,1,1,1,1,7,4,7,2,2
12883,201600005765,1.0,1,3,1,11.0,0.0,0.0,0.0,1996.0,A01,2.0,7,0,0.0,0.0,3.0,1.0,6,9,800,1,1,1,1,1,1,7,2,2
12884,201600005765,1.0,1,4,2,11.0,0.0,0.0,0.0,1960.0,B02,1.0,7,0,0.0,0.0,3.0,1.0,6,9,800,1,1,1,1,1,1,7,2,2
12885,201600005766,1.0,1,3,2,11.0,0.0,0.0,0.0,1939.0,A01,0.0,7,0,1.0,0.0,1.0,1.0,6,20,1815,1,2,1,1,6,4,7,2,2
12886,201600005767,1.0,1,1,2,11.0,0.0,0.0,0.0,1972.0,B02,0.0,7,0,0.0,2.0,3.0,1.0,11,27,1130,1,1,1,1,1,1,2,2,1
12887,201600005767,1.0,1,3,1,21.0,0.0,0.0,0.0,2002.0,A01,0.0,2,0,0.0,2.0,1.0,1.0,11,27,1130,1,1,1,1,1,1,7,1,2
12888,201600005768,1.0,1,3,1,11.0,0.0,0.0,0.0,1935.0,A01,1.0,7,0,0.0,2.0,5.0,19.0,1,11,1530,1,1,1,2,3,3,7,2,2
12889,201600005768,1.0,1,1,2,11.0,0.0,0.0,0.0,1941.0,B02,1.0,7,0,0.0,2.0,1.0,1.0,1,11,1530,1,1,1,2,3,3,7,2,2
12890,201600005769,1.0,1,3,1,21.0,0.0,0.0,0.0,2003.0,A01,0.0,31,0,13.0,0.0,1.0,1.0,3,23,1815,1,1,1,1,6,4,31,1,1
12891,201600005770,1.0,1,1,1,11.0,0.0,0.0,0.0,1929.0,A01,2.0,7,0,0.0,1.0,2.0,1.0,6,17,930,1,2,1,1,6,1,7,2,2
12892,201600005770,0.0,3,3,1,0.0,2.0,3.0,1.0,1933.0,A01,2.0,7,0,0.0,1.0,2.0,1.0,6,17,930,1,2,1,1,6,1,7,2,2
12893,201600005771,1.0,1,3,1,21.0,0.0,0.0,0.0,1950.0,A01,1.0,1,0,0.0,0.0,0.0,1.0,8,24,915,1,1,1,7,7,1,1,1,1
12894,201600005772,1.0,1,3,2,11.0,0.0,0.0,0.0,1967.0,A01,2.0,7,0,0.0,2.0,3.0,1.0,8,30,1530,1,1,1,1,3,3,7,2,2
12895,201600005772,1.0,1,4,1,11.0,0.0,0.0,0.0,1947.0,B02,0.0,7,0,0.0,2.0,3.0,15.0,8,30,1530,1,1,1,1,3,3,7,2,2
12896,201600005773,1.0,1,1,2,11.0,0.0,0.0,0.0,1992.0,B02,1.0,7,0,0.0,2.0,3.0,1.0,3,10,845,1,2,1,1,1,1,7,2,2
12897,201600005773,1.0,1,2,2,12.0,0.0,0.0,0.0,1925.0,A01,2.0,7,0,0.0,2.0,3.0,1.0,3,10,845,1,2,1,1,1,1,7,2,2
12898,201600005774,2.0,2,3,1,11.0,0.0,0.0,0.0,1953.0,B02,2.0,7,0,0.0,0.0,4.0,15.0,1,6,1530,1,1,1,1,2,3,7,2,2
12899,201600005774,1.0,1,1,2,11.0,0.0,0.0,0.0,1963.0,B02,2.0,7,0,0.0,0.0,4.0,15.0,1,6,1530,1,1,1,1,2,3,7,2,2
12900,201600005774,1.0,1,1,1,11.0,0.0,0.0,0.0,1936.0,A01,2.0,7,0,0.0,2.0,1.0,1.0,1,6,1530,1,1,1,1,2,3,7,2,2
12901,201600005775,1.0,1,3,1,11.0,0.0,0.0,0.0,1992.0,A01,2.0,7,0,0.0,0.0,0.0,1.0,3,19,1715,1,1,1,1,7,3,7,2,2
12902,201600005775,2.0,2,3,1,12.0,0.0,0.0,0.0,1993.0,A01,2.0,7,0,0.0,0.0,0.0,1.0,3,19,1715,1,1,1,1,7,3,7,2,2
12903,201600005776,1.0,1,3,2,11.0,0.0,0.0,0.0,1963.0,A01,1.0,7,0,0.0,2.0,7.0,1.0,5,31,1330,1,1,2,3,3,2,7,2,2
12904,201600005776,1.0,1,3,1,11.0,0.0,0.0,0.0,1993.0,B02,2.0,7,0,0.0,2.0,1.0,1.0,5,31,1330,1,1,2,3,3,2,7,2,2
12905,201600005777,1.0,1,3,1,11.0,0.0,0.0,0.0,1971.0,A01,1.0,7,0,13.0,0.0,2.0,14.0,6,29,745,1,1,1,1,6,1,7,2,2
12906,201600005778,1.0,1,1,2,11.0,0.0,0.0,0.0,1952.0,A01,1.0,7,0,0.0,2.0,7.0,19.0,7,25,1515,1,1,2,1,3,3,7,2,2
12907,201600005778,1.0,1,4,1,11.0,0.0,0.0,0.0,1944.0,B02,2.0,7,0,0.0,2.0,1.0,1.0,7,25,1515,1,1,2,1,3,3,7,2,2
12908,201600005778,2.0,2,3,2,11.0,0.0,0.0,0.0,1945.0,B02,2.0,7,0,0.0,2.0,1.0,1.0,7,25,1515,1,1,2,1,3,3,7,2,2
12909,201600005779,1.0,1,3,2,11.0,0.0,0.0,0.0,1996.0,D04,1.0,7,0,0.0,2.0,3.0,1.0,8,19,1400,1,1,1,7,5,3,7,2,2
12910,201600005779,5.0,2,3,1,11.0,0.0,0.0,0.0,1974.0,C03,1.0,7,0,0.0,2.0,3.0,1.0,8,19,1400,1,1,1,7,5,3,7,2,2
12911,201600005779,2.0,2,3,2,11.0,0.0,0.0,0.0,1950.0,C03,1.0,7,0,0.0,2.0,3.0,1.0,8,19,1400,1,1,1,7,5,3,7,2,2
12912,201600005779,1.0,1,3,1,11.0,0.0,0.0,0.0,1942.0,C03,1.0,7,0,0.0,2.0,3.0,1.0,8,19,1400,1,1,1,7,5,3,7,2,2
12913,201600005779,2.0,2,1,1,11.0,0.0,0.0,0.0,1983.0,B02,1.0,7,0,0.0,2.0,3.0,21.0,8,19,1400,1,1,1,7,5,3,7,2,2
12914,201600005779,3.0,2,1,1,11.0,0.0,0.0,0.0,2008.0,B02,1.0,7,0,0.0,2.0,3.0,21.0,8,19,1400,1,1,1,7,5,3,7,2,2
12915,201600005779,1.0,1,1,2,11.0,0.0,0.0,0.0,1985.0,B02,1.0,7,0,0.0,2.0,3.0,21.0,8,19,1400,1,1,1,7,5,3,7,2,2
12916,201600005779,4.0,2,1,2,11.0,0.0,0.0,0.0,2010.0,A01,2.0,7,0,0.0,2.0,3.0,13.0,8,19,1400,1,1,1,7,5,3,7,2,2
12917,201600005779,3.0,2,1,2,11.0,0.0,0.0,0.0,2013.0,A01,2.0,7,0,0.0,2.0,3.0,13.0,8,19,1400,1,1,1,7,5,3,7,2,2
12918,201600005779,2.0,2,1,2,11.0,0.0,0.0,0.0,1983.0,A01,2.0,7,0,0.0,2.0,3.0,13.0,8,19,1400,1,1,1,7,5,3,7,2,2
12919,201600005779,1.0,1,1,1,11.0,0.0,0.0,0.0,1985.0,A01,2.0,7,0,0.0,2.0,3.0,13.0,8,19,1400,1,1,1,7,5,3,7,2,2
12920,201600005780,1.0,1,1,2,11.0,0.0,0.0,0.0,1957.0,A01,2.0,7,0,0.0,1.0,3.0,1.0,9,12,1645,1,2,1,7,6,3,7,2,2
12921,201600005780,0.0,3,3,2,0.0,4.0,3.0,1.0,2003.0,A01,2.0,7,0,0.0,1.0,3.0,1.0,9,12,1645,1,2,1,7,6,3,7,2,2
12922,201600005781,1.0,1,1,1,11.0,0.0,0.0,0.0,1975.0,A01,2.0,10,0,0.0,2.0,9.0,17.0,9,26,1645,1,1,1,1,5,3,7,2,2
12923,201600005781,2.0,2,1,1,11.0,0.0,0.0,0.0,1952.0,A01,2.0,10,0,0.0,2.0,9.0,17.0,9,26,1645,1,1,1,1,5,3,7,2,2
12924,201600005781,8.0,2,1,1,11.0,0.0,0.0,0.0,1969.0,A01,2.0,10,0,0.0,2.0,9.0,17.0,9,26,1645,1,1,1,1,5,3,7,2,2
12925,201600005781,1.0,1,1,1,11.0,0.0,0.0,0.0,1953.0,B02,2.0,15,0,0.0,2.0,1.0,21.0,9,26,1645,1,1,1,1,5,3,10,3,2
12926,201600005781,1.0,1,3,1,11.0,0.0,0.0,0.0,1967.0,C03,1.0,7,0,0.0,2.0,9.0,21.0,9,26,1645,1,1,1,1,5,3,10,2,2
12927,201600005782,1.0,1,1,1,11.0,0.0,0.0,0.0,1972.0,A01,2.0,14,0,0.0,1.0,2.0,9.0,10,5,1415,1,2,1,1,6,3,14,3,3
12928,201600005782,0.0,3,3,2,0.0,5.0,9.0,1.0,1950.0,A01,2.0,14,0,0.0,1.0,2.0,9.0,10,5,1415,1,2,1,1,6,3,14,3,3
12929,201600005783,1.0,1,1,1,11.0,0.0,0.0,0.0,1956.0,A01,1.0,7,0,0.0,2.0,1.0,1.0,2,21,1745,1,1,2,7,3,3,7,2,2
12930,201600005783,1.0,1,2,1,12.0,0.0,0.0,0.0,1972.0,B02,0.0,7,0,0.0,2.0,7.0,19.0,2,21,1745,1,1,2,7,3,3,7,2,2
12931,201600005784,1.0,1,1,2,11.0,0.0,0.0,0.0,1982.0,B02,1.0,7,0,0.0,0.0,1.0,1.0,2,25,1015,1,1,1,2,3,1,7,2,2
12932,201600005784,1.0,1,3,1,11.0,0.0,0.0,0.0,1927.0,A01,2.0,7,0,0.0,0.0,7.0,19.0,2,25,1015,1,1,1,2,3,1,7,2,2
12933,201600005785,1.0,1,1,1,11.0,0.0,0.0,0.0,1997.0,A01,1.0,7,0,0.0,2.0,2.0,1.0,3,12,1115,1,2,1,1,3,1,7,2,2
12934,201600005785,1.0,1,3,1,11.0,0.0,0.0,0.0,1992.0,B02,2.0,7,0,0.0,0.0,8.0,10.0,3,12,1115,1,2,1,1,3,1,7,2,2
12935,201600005785,2.0,2,3,2,11.0,0.0,0.0,0.0,1991.0,B02,2.0,7,0,0.0,0.0,8.0,10.0,3,12,1115,1,2,1,1,3,1,7,2,2
12936,201600005785,4.0,2,1,1,31.0,0.0,0.0,0.0,2015.0,B02,2.0,7,0,0.0,0.0,8.0,10.0,3,12,1115,1,2,1,1,3,1,7,2,2
12937,201600005786,1.0,1,3,1,11.0,0.0,0.0,0.0,1994.0,A01,1.0,7,0,0.0,2.0,3.0,13.0,4,1,1215,1,1,1,2,1,2,7,2,2
12938,201600005786,1.0,1,3,1,11.0,0.0,0.0,0.0,1951.0,B02,2.0,7,0,0.0,2.0,3.0,1.0,4,1,1215,1,1,1,2,1,2,7,2,2
12939,201600005787,1.0,1,2,1,21.0,0.0,0.0,0.0,1965.0,A01,1.0,33,0,2.0,0.0,1.0,1.0,4,28,2015,2,1,1,1,6,4,33,1,1
12940,201600005788,1.0,1,3,1,13.0,0.0,0.0,0.0,1979.0,A01,1.0,7,0,2.0,0.0,9.0,1.0,6,5,1845,1,1,1,1,6,4,7,2,2
12941,201600005789,1.0,1,3,1,21.0,0.0,0.0,0.0,2003.0,A01,2.0,1,0,0.0,0.0,7.0,19.0,9,25,915,1,1,1,1,3,1,7,1,2
12942,201600005789,1.0,1,1,1,11.0,0.0,0.0,0.0,1942.0,B02,2.0,7,0,0.0,0.0,2.0,1.0,9,25,915,1,1,1,1,3,1,1,2,1
12943,201600005789,2.0,2,1,2,11.0,0.0,0.0,0.0,1946.0,B02,2.0,7,0,0.0,0.0,2.0,1.0,9,25,915,1,1,1,1,3,1,1,2,1
12944,201600005790,1.0,1,4,1,11.0,0.0,0.0,0.0,1984.0,A01,1.0,7,0,4.0,0.0,1.0,14.0,10,2,515,3,1,1,1,6,0,7,2,2
12945,201600005790,2.0,2,4,1,12.0,0.0,0.0,0.0,1999.0,A01,1.0,7,0,4.0,0.0,1.0,14.0,10,2,515,3,1,1,1,6,0,7,2,2
12946,201600005790,5.0,2,3,1,12.0,0.0,0.0,0.0,1997.0,A01,1.0,7,0,4.0,0.0,1.0,14.0,10,2,515,3,1,1,1,6,0,7,2,2
12947,201600005791,2.0,2,4,1,11.0,0.0,0.0,0.0,2005.0,A01,1.0,10,0,2.0,0.0,3.0,1.0,11,16,1545,1,1,1,8,6,3,10,2,2
12948,201600005791,1.0,1,4,1,11.0,0.0,0.0,0.0,1973.0,A01,1.0,10,0,2.0,0.0,3.0,1.0,11,16,1545,1,1,1,8,6,3,10,2,2
12949,201600005792,1.0,1,3,2,13.0,0.0,0.0,0.0,1963.0,A01,0.0,7,0,8.0,0.0,2.0,1.0,2,17,1,3,1,1,1,6,0,7,2,2
12950,201600005793,1.0,1,1,1,11.0,0.0,0.0,0.0,1958.0,A01,1.0,7,0,0.0,0.0,3.0,13.0,6,10,945,1,1,1,1,3,1,33,2,1
12951,201600005793,1.0,1,3,1,21.0,0.0,0.0,0.0,1954.0,B02,1.0,33,0,0.0,2.0,2.0,1.0,6,10,945,1,1,1,1,3,1,7,1,2
12952,201600005794,1.0,1,2,1,21.0,0.0,0.0,0.0,1987.0,A01,2.0,33,0,0.0,2.0,9.0,13.0,7,29,2030,1,1,1,1,1,4,7,1,2
12953,201600005794,1.0,1,1,1,11.0,0.0,0.0,0.0,1962.0,B02,1.0,7,0,0.0,2.0,1.0,1.0,7,29,2030,1,1,1,1,1,4,33,2,1
12954,201600005795,1.0,1,3,1,11.0,0.0,0.0,0.0,1973.0,A01,2.0,7,0,0.0,0.0,5.0,0.0,9,17,2230,3,1,1,2,7,5,7,2,2
12955,201600005796,1.0,1,3,2,11.0,0.0,0.0,0.0,1965.0,A01,2.0,7,0,0.0,2.0,3.0,1.0,9,25,515,3,1,1,1,1,0,10,2,2
12956,201600005796,1.0,1,1,1,11.0,0.0,0.0,0.0,1957.0,B02,1.0,10,0,0.0,2.0,3.0,1.0,9,25,515,3,1,1,1,1,0,7,2,2
12957,201600005796,2.0,2,1,1,11.0,0.0,0.0,0.0,1956.0,B02,1.0,10,0,0.0,2.0,3.0,1.0,9,25,515,3,1,1,1,1,0,7,2,2
12958,201600005796,5.0,2,1,1,11.0,0.0,0.0,0.0,1963.0,B02,1.0,10,0,0.0,2.0,3.0,1.0,9,25,515,3,1,1,1,1,0,7,2,2
12959,201600005796,5.0,2,1,1,11.0,0.0,0.0,0.0,1975.0,B02,1.0,10,0,0.0,2.0,3.0,1.0,9,25,515,3,1,1,1,1,0,7,2,2
12960,201600005796,5.0,2,1,1,11.0,0.0,0.0,0.0,1987.0,B02,1.0,10,0,0.0,2.0,3.0,1.0,9,25,515,3,1,1,1,1,0,7,2,2
12961,201600005796,5.0,2,1,1,11.0,0.0,0.0,0.0,1989.0,B02,1.0,10,0,0.0,2.0,3.0,1.0,9,25,515,3,1,1,1,1,0,7,2,2
12962,201600005797,1.0,1,3,1,13.0,0.0,0.0,0.0,1961.0,A01,2.0,7,0,13.0,0.0,1.0,13.0,10,4,2345,3,1,1,1,6,5,7,2,2
12963,201600005798,4.0,2,4,2,11.0,0.0,0.0,0.0,1997.0,A01,2.0,7,0,0.0,0.0,9.0,16.0,10,12,1830,1,1,9,1,7,4,7,2,2
12964,201600005798,3.0,2,1,2,11.0,0.0,0.0,0.0,1998.0,A01,2.0,7,0,0.0,0.0,9.0,16.0,10,12,1830,1,1,9,1,7,4,7,2,2
12965,201600005798,1.0,1,1,1,11.0,0.0,0.0,0.0,1997.0,A01,2.0,7,0,0.0,0.0,9.0,16.0,10,12,1830,1,1,9,1,7,4,7,2,2
12966,201600005798,2.0,2,1,2,11.0,0.0,0.0,0.0,1998.0,A01,2.0,7,0,0.0,0.0,9.0,16.0,10,12,1830,1,1,9,1,7,4,7,2,2
12967,201600005799,1.0,1,4,1,13.0,0.0,0.0,0.0,1992.0,A01,2.0,7,0,2.0,0.0,1.0,1.0,11,1,200,3,1,1,5,6,0,7,2,2
12968,201600005799,2.0,2,4,1,13.0,0.0,0.0,0.0,1965.0,A01,2.0,7,0,2.0,0.0,1.0,1.0,11,1,200,3,1,1,5,6,0,7,2,2
12969,201600005799,4.0,2,2,2,13.0,0.0,0.0,0.0,1994.0,A01,2.0,7,0,2.0,0.0,1.0,1.0,11,1,200,3,1,1,5,6,0,7,2,2
12970,201600005800,1.0,1,1,1,11.0,0.0,0.0,0.0,1960.0,A01,1.0,7,0,0.0,2.0,3.0,13.0,12,16,1345,1,1,1,1,3,2,7,2,2
12971,201600005800,1.0,1,4,1,11.0,0.0,0.0,0.0,1985.0,B02,1.0,7,0,0.0,2.0,1.0,1.0,12,16,1345,1,1,1,1,3,2,7,2,2
12972,201600005801,1.0,1,3,1,13.0,0.0,0.0,0.0,1996.0,A01,1.0,7,0,2.0,0.0,7.0,13.0,12,22,2345,3,1,1,5,6,5,7,2,2
12973,201600005801,2.0,2,2,1,13.0,0.0,0.0,0.0,1999.0,A01,1.0,7,0,2.0,0.0,7.0,13.0,12,22,2345,3,1,1,5,6,5,7,2,2
12974,201600005802,1.0,1,3,1,13.0,0.0,0.0,0.0,1949.0,A01,1.0,7,0,0.0,2.0,1.0,5.0,2,10,2000,3,1,1,2,1,4,7,2,2
12975,201600005802,2.0,2,4,2,13.0,0.0,0.0,0.0,1954.0,A01,1.0,7,0,0.0,2.0,1.0,5.0,2,10,2000,3,1,1,2,1,4,7,2,2
12976,201600005802,1.0,1,4,1,13.0,0.0,0.0,0.0,1947.0,B02,1.0,7,0,0.0,2.0,1.0,21.0,2,10,2000,3,1,1,2,1,4,7,2,2
12977,201600005802,2.0,2,4,1,13.0,0.0,0.0,0.0,1945.0,B02,1.0,7,0,0.0,2.0,1.0,21.0,2,10,2000,3,1,1,2,1,4,7,2,2
12978,201600005803,1.0,1,2,1,12.0,0.0,0.0,0.0,1972.0,A01,1.0,7,0,13.0,0.0,3.0,1.0,4,28,400,3,1,1,1,7,0,7,2,2
12979,201600005804,1.0,1,3,1,21.0,0.0,0.0,0.0,1992.0,A01,2.0,33,0,0.0,0.0,7.0,1.0,5,6,1630,1,1,1,1,7,3,33,1,1
12980,201600005805,0.0,3,4,1,0.0,0.0,4.0,3.0,1989.0,C01,1.0,7,0,1.0,1.0,2.0,1.0,7,5,2315,3,1,1,1,6,5,7,2,2
12981,201600005805,1.0,1,4,2,13.0,0.0,0.0,0.0,1998.0,C01,1.0,7,0,1.0,1.0,2.0,1.0,7,5,2315,3,1,1,1,6,5,7,2,2
12982,201600005805,2.0,2,4,2,11.0,0.0,0.0,0.0,1998.0,C01,1.0,7,0,1.0,1.0,2.0,1.0,7,5,2315,3,1,1,1,6,5,7,2,2
12983,201600005806,1.0,1,1,2,13.0,0.0,0.0,0.0,1982.0,A01,2.0,7,0,0.0,2.0,1.0,15.0,9,10,2230,3,1,1,1,1,5,33,2,1
12984,201600005806,1.0,1,2,1,21.0,0.0,0.0,0.0,1991.0,B02,1.0,33,0,0.0,2.0,1.0,1.0,9,10,2230,3,1,1,1,1,5,7,1,2
12985,201600005807,1.0,1,3,2,11.0,0.0,0.0,0.0,1945.0,A01,2.0,7,0,4.0,0.0,3.0,1.0,9,26,1515,1,1,1,1,6,3,7,2,2
12986,201600005808,1.0,1,1,2,13.0,0.0,0.0,0.0,1963.0,A01,0.0,10,0,0.0,1.0,2.0,1.0,10,22,1015,1,2,1,1,6,1,10,2,2
12987,201600005808,0.0,3,3,2,0.0,2.0,3.0,1.0,1931.0,A01,0.0,10,0,0.0,1.0,2.0,1.0,10,22,1015,1,2,1,1,6,1,10,2,2
12988,201600005809,1.0,1,1,2,13.0,0.0,0.0,0.0,1997.0,A01,2.0,7,0,0.0,2.0,1.0,19.0,2,13,1930,3,1,5,2,3,4,7,2,2
12989,201600005809,2.0,2,1,2,13.0,0.0,0.0,0.0,1997.0,A01,2.0,7,0,0.0,2.0,1.0,19.0,2,13,1930,3,1,5,2,3,4,7,2,2
12990,201600005809,3.0,2,1,1,13.0,0.0,0.0,0.0,1997.0,A01,2.0,7,0,0.0,2.0,1.0,19.0,2,13,1930,3,1,5,2,3,4,7,2,2
12991,201600005809,1.0,1,3,1,13.0,0.0,0.0,0.0,1955.0,B02,2.0,7,0,0.0,2.0,8.0,1.0,2,13,1930,3,1,5,2,3,4,7,2,2
12992,201600005809,2.0,2,1,1,13.0,0.0,0.0,0.0,1986.0,B02,2.0,7,0,0.0,2.0,8.0,1.0,2,13,1930,3,1,5,2,3,4,7,2,2
12993,201600005810,1.0,1,3,1,21.0,0.0,0.0,0.0,1999.0,B02,1.0,30,0,0.0,2.0,2.0,17.0,4,6,1400,1,2,1,1,1,3,7,1,2
12994,201600005810,1.0,1,1,1,11.0,0.0,0.0,0.0,1961.0,A01,1.0,7,0,0.0,2.0,3.0,15.0,4,6,1400,1,2,1,1,1,3,30,2,1
12995,201600005811,1.0,1,1,2,11.0,0.0,0.0,0.0,1973.0,B02,2.0,7,0,0.0,0.0,6.0,24.0,12,7,1800,5,2,1,1,3,4,30,2,1
12996,201600005811,1.0,1,4,1,21.0,0.0,0.0,0.0,1972.0,A01,2.0,30,0,1.0,0.0,2.0,1.0,12,7,1800,5,2,1,1,3,4,7,1,2
12997,201600005812,1.0,1,3,1,21.0,0.0,0.0,0.0,1994.0,A01,0.0,36,0,9.0,0.0,1.0,1.0,6,11,1745,1,2,1,1,6,3,36,1,1
12998,201600005813,1.0,1,3,2,21.0,0.0,0.0,0.0,1975.0,A01,1.0,33,0,0.0,0.0,0.0,6.0,8,15,1930,1,2,6,1,6,4,33,1,1
12999,201600005814,1.0,1,1,2,11.0,0.0,0.0,0.0,1987.0,A01,1.0,7,0,0.0,1.0,2.0,1.0,8,27,1145,1,2,1,1,6,1,7,2,2
13000,201600005814,0.0,3,3,2,0.0,1.0,5.0,2.0,2011.0,A01,1.0,7,0,0.0,1.0,2.0,1.0,8,27,1145,1,2,1,1,6,1,7,2,2
13001,201600005815,1.0,1,4,2,11.0,0.0,0.0,0.0,1997.0,A01,1.0,7,0,0.0,2.0,2.0,15.0,8,30,1500,1,1,1,7,1,3,7,2,2
13002,201600005815,1.0,1,1,1,11.0,0.0,0.0,0.0,1956.0,B02,2.0,7,0,0.0,2.0,1.0,1.0,8,30,1500,1,1,1,7,1,3,7,2,2
13003,201600005815,2.0,2,3,2,11.0,0.0,0.0,0.0,1927.0,B02,2.0,7,0,0.0,2.0,1.0,1.0,8,30,1500,1,1,1,7,1,3,7,2,2
13004,201600005816,1.0,1,3,1,12.0,0.0,0.0,0.0,1969.0,A01,2.0,7,0,2.0,0.0,1.0,0.0,9,8,1330,1,1,1,1,6,2,7,2,2
13005,201600005817,1.0,1,3,1,21.0,0.0,0.0,0.0,1953.0,A01,1.0,31,0,0.0,0.0,0.0,0.0,6,30,1630,1,1,1,1,6,3,31,1,1
13006,201600005818,1.0,1,1,2,11.0,0.0,0.0,0.0,1995.0,B02,2.0,7,0,0.0,2.0,1.0,1.0,4,23,1700,1,2,2,2,3,3,7,2,2
13007,201600005818,2.0,2,3,2,11.0,0.0,0.0,0.0,1995.0,B02,2.0,7,0,0.0,2.0,1.0,1.0,4,23,1700,1,2,2,2,3,3,7,2,2
13008,201600005818,1.0,1,1,2,11.0,0.0,0.0,0.0,1955.0,A01,1.0,7,0,0.0,2.0,2.0,1.0,4,23,1700,1,2,2,2,3,3,7,2,2
13009,201600005819,1.0,1,3,1,11.0,0.0,0.0,0.0,1960.0,A01,2.0,10,0,0.0,2.0,1.0,2.0,7,19,500,3,1,1,1,2,0,17,2,3
13010,201600005819,1.0,1,1,1,11.0,0.0,0.0,0.0,1962.0,B02,2.0,17,0,0.0,2.0,4.0,2.0,7,19,500,3,1,1,1,2,0,10,3,2
13011,201600005820,1.0,1,3,1,21.0,0.0,0.0,0.0,1970.0,B02,0.0,30,0,0.0,2.0,1.0,1.0,6,9,1715,1,2,2,1,3,3,10,1,2
13012,201600005820,1.0,1,1,1,11.0,0.0,0.0,0.0,1959.0,A01,0.0,10,0,0.0,2.0,1.0,1.0,6,9,1715,1,2,2,1,3,3,30,2,1
13013,201600005821,1.0,1,3,1,11.0,0.0,0.0,0.0,1997.0,A01,1.0,7,0,2.0,0.0,1.0,1.0,9,16,730,2,1,1,1,6,1,7,2,2
13014,201600005821,2.0,2,3,1,11.0,0.0,0.0,0.0,1997.0,A01,1.0,7,0,2.0,0.0,1.0,1.0,9,16,730,2,1,1,1,6,1,7,2,2
13015,201600005822,1.0,1,2,1,21.0,0.0,0.0,0.0,1937.0,A01,1.0,2,0,0.0,2.0,1.0,1.0,11,9,1030,1,1,3,2,3,1,14,1,3
13016,201600005822,1.0,1,1,1,13.0,0.0,0.0,0.0,1974.0,B02,0.0,14,0,0.0,2.0,3.0,15.0,11,9,1030,1,1,3,2,3,1,2,3,1
13017,201600005823,1.0,1,1,1,11.0,0.0,0.0,0.0,1966.0,A01,1.0,7,0,0.0,2.0,1.0,5.0,11,13,1815,3,1,1,2,1,4,7,2,2
13018,201600005823,1.0,1,3,2,11.0,0.0,0.0,0.0,1960.0,B02,1.0,7,0,0.0,2.0,1.0,1.0,11,13,1815,3,1,1,2,1,4,7,2,2
13019,201600005823,2.0,2,3,1,11.0,0.0,0.0,0.0,1956.0,B02,1.0,7,0,0.0,2.0,1.0,1.0,11,13,1815,3,1,1,2,1,4,7,2,2
13020,201600005824,1.0,1,4,2,11.0,0.0,0.0,0.0,1971.0,A01,2.0,7,0,0.0,2.0,3.0,1.0,12,6,830,1,2,1,9,3,1,7,2,2
13021,201600005824,1.0,1,1,2,11.0,0.0,0.0,0.0,1963.0,B02,1.0,7,0,0.0,2.0,3.0,1.0,12,6,830,1,2,1,9,3,1,7,2,2
13022,201600005825,1.0,1,3,1,11.0,0.0,0.0,0.0,1990.0,A01,2.0,7,0,2.0,0.0,1.0,1.0,3,31,915,1,1,1,1,6,1,7,2,2