,Num_Acc,place,catu,grav,sexe,secu,locp,actp,etatp,an_nais,num_veh,senc,catv,occutc,obs,obsm,choc,manv,mois,jour,hrmn,lum,agg,int,atm,col,mom,catvopp,catv_gen,catvopp_gen
13338,201600005967,2.0,2,4,2,21.0,0.0,0.0,0.0,1998.0,B02,2.0,33,0,0.0,2.0,5.0,1.0,7,9,1830,1,1,1,1,3,4,7,1,2
13339,201600005968,1.0,1,1,1,21.0,0.0,0.0,0.0,1993.0,B01,2.0,34,0,0.0,2.0,3.0,1.0,8,2,1500,1,1,3,1,3,3,7,1,2
13340,201600005968,2.0,2,3,1,21.0,0.0,0.0,0.0,1990.0,B01,2.0,34,0,0.0,2.0,3.0,1.0,8,2,1500,1,1,3,1,3,3,7,1,2
13341,201600005968,1.0,1,1,2,11.0,0.0,0.0,0.0,1995.0,A02,1.0,7,0,0.0,2.0,3.0,15.0,8,2,1500,1,1,3,1,3,3,34,2,1
13343,201600005970,1.0,1,4,2,11.0,0.0,0.0,0.0,1973.0,A01,2.0,7,0,13.0,0.0,2.0,1.0,1,8,1700,1,1,1,1,6,3,7,2,2
13345,201600005972,1.0,1,3,1,11.0,0.0,0.0,0.0,1969.0,A01,2.0,7,0,0.0,2.0,3.0,13.0,4,14,1815,1,1,1,1,5,4,7,2,2
13346,201600005972,2.0,2,1,2,11.0,0.0,0.0,0.0,1959.0,B02,1.0,7,0,0.0,2.0,9.0,1.0,4,14,1815,1,1,1,1,5,4,7,2,2
13347,201600005972,1.0,1,4,1,11.0,0.0,0.0,0.0,1961.0,B02,1.0,7,0,0.0,2.0,9.0,1.0,4,14,1815,1,1,1,1,5,4,7,2,2
13348,201600005972,1.0,1,4,2,11.0,0.0,0.0,0.0,1967.0,C03,1.0,7,0,0.0,2.0,1.0,2.0,4,14,1815,1,1,1,1,5,4,7,2,2
13349,201600005972,2.0,2,3,2,11.0,0.0,0.0,0.0,1959.0,C03,1.0,7,0,0.0,2.0,1.0,2.0,4,14,1815,1,1,1,1,5,4,7,2,2
13350,201600005973,1.0,1,1,1,11.0,0.0,0.0,0.0,1971.0,A01,2.0,7,0,13.0,2.0,1.0,13.0,4,30,1355,1,1,1,1,1,2,7,2,2
13351,201600005973,1.0,1,3,2,11.0,0.0,0.0,0.0,1967.0,B02,1.0,7,0,0.0,2.0,1.0,1.0,4,30,1355,1,1,1,1,1,2,7,2,2
13352,201600005973,2.0,2,3,1,11.0,0.0,0.0,0.0,2002.0,B02,1.0,7,0,0.0,2.0,1.0,1.0,4,30,1355,1,1,1,1,1,2,7,2,2
13353,201600005974,3.0,2,1,2,31.0,0.0,0.0,0.0,2014.0,B02,2.0,7,0,0.0,2.0,1.0,1.0,5,2,1100,1,1,1,1,1,1,7,2,2
13354,201600005974,2.0,2,4,2,11.0,0.0,0.0,0.0,1946.0,B02,2.0,7,0,0.0,2.0,1.0,1.0,5,2,1100,1,1,1,1,1,1,7,2,2
13355,201600005974,1.0,1,1,1,11.0,0.0,0.0,0.0,1956.0,B02,2.0,7,0,0.0,2.0,1.0,1.0,5,2,1100,1,1,1,1,1,1,7,2,2
13356,201600005974,2.0,2,3,2,11.0,0.0,0.0,0.0,1989.0,A01,1.0,7,0,0.0,2.0,1.0,13.0,5,2,1100,1,1,1,1,1,1,7,2,2
13357,201600005974,1.0,1,3,1,11.0,0.0,0.0,0.0,1956.0,A01,1.0,7,0,0.0,2.0,1.0,13.0,5,2,1100,1,1,1,1,1,1,7,2,2
13358,201600005975,1.0,1,1,2,11.0,0.0,0.0,0.0,1936.0,A01,2.0,7,0,0.0,2.0,7.0,15.0,6,7,1750,1,1,3,1,3,3,33,2,1
13359,201600005975,2.0,2,1,2,11.0,0.0,0.0,0.0,1950.0,A01,2.0,7,0,0.0,2.0,7.0,15.0,6,7,1750,1,1,3,1,3,3,33,2,1
13360,201600005975,1.0,1,3,1,21.0,0.0,0.0,0.0,1997.0,B02,1.0,33,0,0.0,2.0,1.0,1.0,6,7,1750,1,1,3,1,3,3,7,1,2
13361,201600005976,1.0,1,3,1,0.0,0.0,0.0,0.0,1998.0,A01,0.0,99,0,12.0,0.0,2.0,0.0,7,7,430,5,2,1,1,7,0,99,0,0
13362,201600005977,1.0,1,3,1,11.0,0.0,0.0,0.0,1942.0,A01,2.0,7,0,0.0,2.0,3.0,13.0,7,18,1500,1,1,1,1,1,3,10,2,2
13363,201600005977,1.0,1,4,1,11.0,0.0,0.0,0.0,1980.0,B02,1.0,10,0,0.0,2.0,3.0,1.0,7,18,1500,1,1,1,1,1,3,7,2,2
13366,201600005979,1.0,1,1,1,11.0,0.0,0.0,0.0,1974.0,B02,2.0,7,0,0.0,2.0,1.0,1.0,10,27,1650,1,1,2,1,1,3,2,2,1
13367,201600005979,1.0,1,3,1,21.0,0.0,0.0,0.0,2002.0,A01,1.0,2,0,0.0,2.0,8.0,19.0,10,27,1650,1,1,2,1,1,3,7,1,2
13368,201600005979,2.0,2,3,1,21.0,0.0,0.0,0.0,2000.0,A01,1.0,2,0,0.0,2.0,8.0,19.0,10,27,1650,1,1,2,1,1,3,7,1,2
13369,201600005980,4.0,2,4,2,11.0,0.0,0.0,0.0,2006.0,C03,2.0,7,0,0.0,2.0,8.0,2.0,11,12,1500,1,1,1,1,5,3,7,2,2
13370,201600005980,1.0,1,4,2,11.0,0.0,0.0,0.0,1976.0,C03,2.0,7,0,0.0,2.0,8.0,2.0,11,12,1500,1,1,1,1,5,3,7,2,2
13371,201600005980,3.0,2,4,2,11.0,0.0,0.0,0.0,2003.0,C03,2.0,7,0,0.0,2.0,8.0,2.0,11,12,1500,1,1,1,1,5,3,7,2,2
13372,201600005980,1.0,1,4,1,11.0,0.0,0.0,0.0,1995.0,A01,1.0,7,0,0.0,2.0,1.0,13.0,11,12,1500,1,1,1,1,5,3,7,2,2
13373,201600005980,1.0,1,3,1,11.0,0.0,0.0,0.0,1967.0,B02,2.0,7,0,0.0,2.0,3.0,1.0,11,12,1500,1,1,1,1,5,3,7,2,2
13374,201600005981,1.0,1,3,1,11.0,0.0,0.0,0.0,1996.0,A01,2.0,7,0,13.0,0.0,1.0,1.0,3,13,300,3,1,1,1,6,0,7,2,2
13375,201600005982,1.0,1,3,1,11.0,0.0,0.0,0.0,1951.0,B02,2.0,7,0,0.0,2.0,3.0,1.0,4,1,2245,3,1,1,5,1,5,10,2,2
13376,201600005982,2.0,2,3,2,11.0,0.0,0.0,0.0,1956.0,B02,2.0,7,0,0.0,2.0,3.0,1.0,4,1,2245,3,1,1,5,1,5,10,2,2
13377,201600005982,1.0,1,3,1,12.0,0.0,0.0,0.0,1991.0,A01,1.0,10,0,0.0,2.0,2.0,13.0,4,1,2245,3,1,1,5,1,5,7,2,2
13378,201600005982,2.0,2,2,1,12.0,0.0,0.0,0.0,1952.0,A01,1.0,10,0,0.0,2.0,2.0,13.0,4,1,2245,3,1,1,5,1,5,7,2,2
13379,201600005983,1.0,1,3,1,12.0,0.0,0.0,0.0,1983.0,A01,1.0,7,0,10.0,0.0,2.0,13.0,4,20,2345,3,1,1,1,6,5,7,2,2
13380,201600005984,1.0,1,1,1,11.0,0.0,0.0,0.0,1966.0,B02,1.0,7,0,0.0,2.0,1.0,1.0,6,16,730,1,1,2,8,3,1,2,2,1
13381,201600005984,2.0,2,1,2,11.0,0.0,0.0,0.0,1984.0,B02,1.0,7,0,0.0,2.0,1.0,1.0,6,16,730,1,1,2,8,3,1,2,2,1
13382,201600005984,1.0,1,3,1,21.0,0.0,0.0,0.0,2002.0,A01,1.0,2,0,0.0,2.0,7.0,19.0,6,16,730,1,1,2,8,3,1,7,1,2
13383,201600005985,1.0,1,3,1,21.0,0.0,0.0,0.0,1993.0,A01,2.0,33,0,10.0,0.0,2.0,1.0,7,24,1255,1,1,1,1,6,2,33,1,1
13384,201600005986,1.0,1,3,1,11.0,0.0,0.0,0.0,1996.0,A01,2.0,7,0,2.0,0.0,8.0,13.0,9,11,30,3,1,1,1,6,0,7,2,2
13451,201600006018,1.0,1,3,1,11.0,0.0,0.0,0.0,1977.0,A01,1.0,10,0,0.0,2.0,2.0,1.0,9,9,610,5,2,2,1,3,1,7,2,2
13452,201600006018,1.0,1,3,1,11.0,0.0,0.0,0.0,1986.0,B01,1.0,7,0,0.0,2.0,3.0,1.0,9,9,610,5,2,2,1,3,1,10,2,2
13457,201600006021,1.0,1,3,1,13.0,0.0,0.0,0.0,1970.0,B02,1.0,7,0,0.0,2.0,3.0,13.0,3,30,915,1,2,2,2,1,1,37,2,3
13458,201600006021,1.0,1,1,1,11.0,0.0,0.0,0.0,1975.0,A01,2.0,37,0,0.0,2.0,3.0,1.0,3,30,915,1,2,2,2,1,1,7,3,2
13459,201600006022,1.0,1,1,1,11.0,0.0,0.0,0.0,1979.0,A01,2.0,7,0,0.0,0.0,5.0,16.0,2,2,2145,5,2,1,1,5,4,7,2,2
13460,201600006022,1.0,1,4,1,11.0,0.0,0.0,0.0,1984.0,C03,2.0,7,0,0.0,2.0,1.0,1.0,2,2,2145,5,2,1,1,5,4,7,2,2
13461,201600006022,1.0,1,4,1,11.0,0.0,0.0,0.0,1960.0,B02,2.0,7,0,0.0,2.0,1.0,1.0,2,2,2145,5,2,1,1,5,4,7,2,2
13462,201600006023,1.0,1,3,1,11.0,0.0,0.0,0.0,1971.0,A01,1.0,7,0,0.0,2.0,1.0,9.0,2,4,1400,1,2,9,2,5,3,7,2,2
13463,201600006023,1.0,1,1,2,11.0,0.0,0.0,0.0,1968.0,B02,1.0,7,0,6.0,2.0,4.0,1.0,2,4,1400,1,2,9,2,5,3,7,2,2
13464,201600006023,1.0,1,1,2,11.0,0.0,0.0,0.0,1945.0,C03,1.0,7,0,0.0,2.0,1.0,9.0,2,4,1400,1,2,9,2,5,3,7,2,2
13465,201600006024,1.0,1,1,1,11.0,0.0,0.0,0.0,1962.0,A01,0.0,7,0,0.0,2.0,0.0,15.0,7,11,1400,1,1,1,1,1,3,33,2,1
13466,201600006024,1.0,1,3,1,21.0,0.0,0.0,0.0,1962.0,B02,1.0,33,0,0.0,2.0,0.0,1.0,7,11,1400,1,1,1,1,1,3,7,1,2
13467,201600006025,1.0,1,3,1,21.0,0.0,0.0,0.0,1953.0,B02,1.0,33,0,0.0,2.0,1.0,17.0,7,16,1630,1,2,1,1,3,3,30,1,1
13468,201600006025,1.0,1,3,1,21.0,0.0,0.0,0.0,1999.0,A01,1.0,30,0,0.0,0.0,3.0,15.0,7,16,1630,1,2,1,1,3,3,33,1,1
13469,201600006026,1.0,1,3,2,21.0,0.0,0.0,0.0,1978.0,A01,2.0,33,0,12.0,0.0,1.0,1.0,7,17,1530,1,1,1,7,6,3,33,1,1
13470,201600006027,1.0,1,3,2,22.0,0.0,0.0,0.0,1937.0,B02,2.0,1,0,0.0,2.0,4.0,1.0,8,7,1530,1,1,1,1,1,3,7,1,2
13471,201600006027,1.0,1,1,1,11.0,0.0,0.0,0.0,1980.0,A01,2.0,7,0,0.0,9.0,7.0,1.0,8,7,1530,1,1,1,1,1,3,1,2,1
13472,201600006028,1.0,1,1,1,11.0,0.0,0.0,0.0,1942.0,A01,0.0,7,0,0.0,2.0,1.0,15.0,8,20,1715,1,2,1,1,1,3,31,2,1
13473,201600006028,1.0,1,3,1,21.0,0.0,0.0,0.0,1999.0,B02,0.0,31,0,0.0,2.0,1.0,1.0,8,20,1715,1,2,1,1,1,3,7,1,2
13474,201600006029,1.0,1,1,2,11.0,0.0,0.0,0.0,1991.0,A01,1.0,7,0,0.0,9.0,1.0,1.0,9,1,1600,1,2,9,1,3,3,1,2,1
13475,201600006029,1.0,1,3,1,92.0,0.0,0.0,0.0,2004.0,B02,1.0,1,0,0.0,2.0,8.0,11.0,9,1,1600,1,2,9,1,3,3,7,1,2
13476,201600006030,1.0,1,1,1,11.0,0.0,0.0,0.0,1987.0,B02,1.0,13,0,0.0,2.0,3.0,1.0,10,20,1615,1,1,9,1,3,3,7,3,2
13477,201600006030,1.0,1,4,2,11.0,0.0,0.0,0.0,1969.0,A01,2.0,7,0,0.0,2.0,2.0,15.0,10,20,1615,1,1,9,1,3,3,13,2,3
13478,201600006031,1.0,1,3,2,11.0,0.0,0.0,0.0,1994.0,A01,0.0,7,0,2.0,0.0,1.0,1.0,12,8,2100,3,1,1,9,6,4,7,2,2
13479,201600006032,1.0,1,1,2,11.0,0.0,0.0,0.0,1993.0,A01,1.0,7,0,0.0,1.0,2.0,1.0,1,10,1700,2,2,1,2,6,3,7,2,2
13480,201600006032,0.0,3,3,1,0.0,4.0,3.0,1.0,1990.0,A01,1.0,7,0,0.0,1.0,2.0,1.0,1,10,1700,2,2,1,2,6,3,7,2,2
13481,201600006033,1.0,1,1,1,11.0,0.0,0.0,0.0,1994.0,A01,1.0,7,0,0.0,0.0,2.0,15.0,3,12,1445,1,1,1,1,1,3,7,2,2
13482,201600006033,3.0,2,1,2,11.0,0.0,0.0,0.0,1996.0,A01,1.0,7,0,0.0,0.0,2.0,15.0,3,12,1445,1,1,1,1,1,3,7,2,2
13483,201600006033,1.0,1,1,1,11.0,0.0,0.0,0.0,1978.0,B02,2.0,7,0,0.0,0.0,3.0,1.0,3,12,1445,1,1,1,1,1,3,7,2,2
13484,201600006033,2.0,2,3,2,11.0,0.0,0.0,0.0,1979.0,B02,2.0,7,0,0.0,0.0,3.0,1.0,3,12,1445,1,1,1,1,1,3,7,2,2
13485,201600006034,1.0,1,3,2,21.0,0.0,0.0,0.0,1964.0,B02,1.0,30,0,0.0,0.0,3.0,1.0,3,22,915,1,2,1,1,3,1,7,1,2
13486,201600006034,1.0,1,1,2,11.0,0.0,0.0,0.0,1981.0,A01,1.0,7,0,0.0,0.0,2.0,17.0,3,22,915,1,2,1,1,3,1,30,2,1
13487,201600006035,1.0,1,4,2,11.0,0.0,0.0,0.0,1990.0,A01,1.0,7,0,0.0,2.0,1.0,1.0,5,12,1845,1,1,1,2,7,4,7,2,2
13488,201600006036,1.0,1,1,1,11.0,0.0,0.0,0.0,1974.0,B02,2.0,14,0,0.0,2.0,3.0,21.0,5,31,1600,1,2,1,8,1,3,7,3,2
13489,201600006036,1.0,1,2,1,11.0,0.0,0.0,0.0,1987.0,A01,1.0,7,0,0.0,0.0,1.0,13.0,5,31,1600,1,2,1,8,1,3,14,2,3
13490,201600006037,1.0,1,4,2,11.0,0.0,0.0,0.0,1966.0,A01,1.0,7,0,13.0,0.0,1.0,9.0,7,14,1530,1,1,1,1,7,3,7,2,2
13491,201600006037,2.0,2,4,1,11.0,0.0,0.0,0.0,1954.0,A01,1.0,7,0,13.0,0.0,1.0,9.0,7,14,1530,1,1,1,1,7,3,7,2,2
13492,201600006037,3.0,2,3,2,13.0,0.0,0.0,0.0,1944.0,A01,1.0,7,0,13.0,0.0,1.0,9.0,7,14,1530,1,1,1,1,7,3,7,2,2
13493,201600006037,4.0,2,4,1,11.0,0.0,0.0,0.0,2000.0,A01,1.0,7,0,13.0,0.0,1.0,9.0,7,14,1530,1,1,1,1,7,3,7,2,2
13494,201600006038,1.0,1,2,1,21.0,0.0,0.0,0.0,1963.0,B02,2.0,1,0,0.0,0.0,4.0,0.0,7,22,500,2,1,1,1,2,0,13,1,3
13495,201600006038,1.0,1,1,1,11.0,0.0,0.0,0.0,1992.0,A01,2.0,13,0,0.0,2.0,2.0,0.0,7,22,500,2,1,1,1,2,0,1,3,1
13496,201600006039,2.0,2,1,1,11.0,0.0,0.0,0.0,1996.0,A01,1.0,7,0,0.0,2.0,4.0,24.0,8,6,145,3,1,1,1,2,0,7,2,2
13497,201600006039,1.0,1,1,1,11.0,0.0,0.0,0.0,1995.0,A01,1.0,7,0,0.0,2.0,4.0,24.0,8,6,145,3,1,1,1,2,0,7,2,2
13498,201600006039,1.0,1,4,1,11.0,0.0,0.0,0.0,1995.0,B02,1.0,7,0,1.0,0.0,1.0,2.0,8,6,145,3,1,1,1,2,0,7,2,2
13499,201600006040,1.0,1,4,1,22.0,0.0,0.0,0.0,1999.0,A01,0.0,1,0,0.0,2.0,1.0,15.0,9,1,930,1,1,1,1,3,1,7,1,2
13500,201600006040,1.0,1,1,1,11.0,0.0,0.0,0.0,1996.0,B02,0.0,7,0,0.0,2.0,3.0,9.0,9,1,930,1,1,1,1,3,1,1,2,1
13501,201600006041,1.0,1,3,1,13.0,0.0,0.0,0.0,1967.0,A01,2.0,7,0,1.0,0.0,1.0,0.0,10,17,1115,1,2,1,2,6,1,7,2,2
13502,201600006041,1.0,1,1,1,11.0,0.0,0.0,0.0,1945.0,D04,2.0,7,0,0.0,2.0,2.0,1.0,10,17,1115,1,2,1,2,6,1,7,2,2
13503,201600006042,1.0,1,1,1,11.0,0.0,0.0,0.0,1970.0,A01,2.0,7,0,14.0,1.0,0.0,1.0,11,11,320,4,2,1,1,6,0,7,2,2
13504,201600006042,0.0,3,3,1,92.0,1.0,9.0,1.0,1956.0,A01,2.0,7,0,14.0,1.0,0.0,1.0,11,11,320,4,2,1,1,6,0,7,2,2
13505,201600006043,1.0,1,4,2,11.0,0.0,0.0,0.0,1980.0,B02,0.0,7,0,0.0,2.0,1.0,1.0,1,13,2115,3,1,1,2,1,4,7,2,2
13506,201600006043,1.0,1,4,2,11.0,0.0,0.0,0.0,1994.0,A01,0.0,7,0,0.0,2.0,1.0,1.0,1,13,2115,3,1,1,2,1,4,7,2,2
13507,201600006044,1.0,1,4,2,11.0,0.0,0.0,0.0,1987.0,B02,0.0,7,0,0.0,2.0,8.0,1.0,1,24,2045,5,2,1,8,3,4,7,2,2
13508,201600006044,2.0,2,4,1,11.0,0.0,0.0,0.0,1984.0,B02,0.0,7,0,0.0,2.0,8.0,1.0,1,24,2045,5,2,1,8,3,4,7,2,2
13509,201600006044,3.0,2,1,1,11.0,0.0,0.0,0.0,2012.0,B02,0.0,7,0,0.0,2.0,8.0,1.0,1,24,2045,5,2,1,8,3,4,7,2,2
13510,201600006045,1.0,1,4,2,11.0,0.0,0.0,0.0,1952.0,B02,2.0,7,0,0.0,2.0,1.0,1.0,6,4,2000,1,2,1,1,1,4,7,2,2
13511,201600006045,1.0,1,1,1,11.0,0.0,0.0,0.0,1987.0,A01,1.0,7,0,0.0,2.0,1.0,1.0,6,4,2000,1,2,1,1,1,4,7,2,2
13512,201600006046,1.0,1,3,1,21.0,0.0,0.0,0.0,1987.0,B02,0.0,33,0,0.0,0.0,7.0,23.0,7,12,1730,1,2,1,1,3,3,10,1,2
13513,201600006046,1.0,1,1,1,11.0,0.0,0.0,0.0,1967.0,A01,0.0,10,0,0.0,2.0,1.0,16.0,7,12,1730,1,2,1,1,3,3,33,2,1
13514,201600006047,0.0,3,3,2,0.0,0.0,2.0,1.0,1936.0,A01,0.0,7,0,0.0,1.0,4.0,20.0,8,4,1645,1,1,7,1,6,3,7,2,2
13515,201600006047,1.0,1,1,2,11.0,0.0,0.0,0.0,1988.0,A01,0.0,7,0,0.0,1.0,4.0,20.0,8,4,1645,1,1,7,1,6,3,7,2,2
13516,201600006048,1.0,1,3,1,11.0,0.0,0.0,0.0,1962.0,B02,2.0,7,0,0.0,2.0,1.0,1.0,9,29,730,1,1,1,1,1,1,7,2,2
13517,201600006048,1.0,1,3,2,11.0,0.0,0.0,0.0,1995.0,A01,1.0,7,0,0.0,2.0,1.0,17.0,9,29,730,1,1,1,1,1,1,7,2,2
13518,201600006049,1.0,1,3,1,11.0,0.0,0.0,0.0,1994.0,A01,2.0,7,0,2.0,0.0,1.0,1.0,11,20,1845,3,1,1,2,6,4,7,2,2
13519,201600006049,2.0,2,4,2,11.0,0.0,0.0,0.0,1994.0,A01,2.0,7,0,2.0,0.0,1.0,1.0,11,20,1845,3,1,1,2,6,4,7,2,2
13520,201600006050,1.0,1,1,2,11.0,0.0,0.0,0.0,1936.0,A01,0.0,7,0,0.0,1.0,2.0,1.0,11,22,1705,5,2,1,2,6,3,7,2,2
13521,201600006050,0.0,3,2,1,93.0,3.0,3.0,1.0,1941.0,A01,0.0,7,0,0.0,1.0,2.0,1.0,11,22,1705,5,2,1,2,6,3,7,2,2
13522,201600006051,1.0,1,1,2,11.0,0.0,0.0,0.0,1986.0,A01,1.0,7,0,0.0,1.0,8.0,1.0,1,6,745,2,2,1,2,6,1,7,2,2
13523,201600006051,0.0,3,3,2,0.0,4.0,3.0,1.0,1929.0,A01,1.0,7,0,0.0,1.0,8.0,1.0,1,6,745,2,2,1,2,6,1,7,2,2
13524,201600006052,1.0,1,1,2,11.0,0.0,0.0,0.0,1991.0,A01,2.0,7,0,0.0,1.0,3.0,2.0,1,18,1800,5,2,1,8,6,4,7,2,2
13525,201600006052,0.0,3,4,1,0.0,2.0,3.0,1.0,1997.0,A01,2.0,7,0,0.0,1.0,3.0,2.0,1,18,1800,5,2,1,8,6,4,7,2,2
13526,201600006053,1.0,1,3,1,11.0,0.0,0.0,0.0,1995.0,B02,2.0,7,0,0.0,2.0,8.0,9.0,4,30,1915,1,1,2,2,3,4,7,2,2
13527,201600006053,1.0,1,4,1,11.0,0.0,0.0,0.0,1976.0,A01,1.0,7,0,0.0,2.0,1.0,1.0,4,30,1915,1,1,2,2,3,4,7,2,2
13528,201600006053,2.0,2,3,2,11.0,0.0,0.0,0.0,1941.0,A01,1.0,7,0,0.0,2.0,1.0,1.0,4,30,1915,1,1,2,2,3,4,7,2,2
13529,201600006053,3.0,2,1,1,11.0,0.0,0.0,0.0,1974.0,A01,1.0,7,0,0.0,2.0,1.0,1.0,4,30,1915,1,1,2,2,3,4,7,2,2
13530,201600006054,0.0,3,3,1,0.0,4.0,3.0,1.0,1929.0,A01,2.0,7,0,0.0,1.0,0.0,1.0,5,7,1900,1,2,1,1,6,4,7,2,2
13531,201600006054,1.0,1,1,2,11.0,0.0,0.0,0.0,1940.0,A01,2.0,7,0,0.0,1.0,0.0,1.0,5,7,1900,1,2,1,1,6,4,7,2,2
13532,201600006055,1.0,1,1,1,11.0,0.0,0.0,0.0,1986.0,A01,0.0,7,0,0.0,2.0,6.0,20.0,5,19,1745,1,2,1,1,3,3,7,2,2
13533,201600006055,1.0,1,1,1,11.0,0.0,0.0,0.0,1942.0,B02,1.0,7,0,0.0,2.0,7.0,1.0,5,19,1745,1,2,1,1,3,3,7,2,2
13534,201600006055,2.0,2,3,2,11.0,0.0,0.0,0.0,1946.0,B02,1.0,7,0,0.0,2.0,7.0,1.0,5,19,1745,1,2,1,1,3,3,7,2,2
13535,201600006056,1.0,1,3,1,21.0,0.0,0.0,0.0,1983.0,A01,1.0,33,0,2.0,0.0,8.0,14.0,7,24,1645,1,1,1,1,6,3,33,1,1
13536,201600006057,1.0,1,1,1,11.0,0.0,0.0,0.0,1997.0,A01,0.0,14,0,0.0,1.0,2.0,1.0,1,22,645,2,1,1,1,6,1,14,3,3
13537,201600006057,0.0,3,3,1,0.0,1.0,3.0,1.0,1981.0,A01,0.0,14,0,0.0,1.0,2.0,1.0,1,22,645,2,1,1,1,6,1,14,3,3
13538,201600006058,1.0,1,3,1,11.0,0.0,0.0,0.0,1961.0,A01,1.0,7,0,0.0,2.0,1.0,1.0,2,3,1800,3,1,1,8,1,4,7,2,2
13539,201600006058,1.0,1,3,2,11.0,0.0,0.0,0.0,1995.0,B02,2.0,7,0,0.0,2.0,1.0,1.0,2,3,1800,3,1,1,8,1,4,7,2,2
13540,201600006059,1.0,1,3,1,12.0,0.0,0.0,0.0,1972.0,A01,2.0,7,0,0.0,0.0,3.0,1.0,2,29,1330,1,1,1,1,7,2,7,2,2
13541,201600006060,1.0,1,1,1,11.0,0.0,0.0,0.0,1955.0,B02,0.0,15,0,0.0,2.0,4.0,2.0,5,2,700,1,2,6,1,2,1,10,3,2
13542,201600006060,1.0,1,4,1,11.0,0.0,0.0,0.0,1965.0,A01,0.0,10,0,0.0,2.0,1.0,2.0,5,2,700,1,2,6,1,2,1,15,2,3
13543,201600006061,1.0,1,2,2,11.0,0.0,0.0,0.0,1996.0,A01,1.0,7,0,2.0,0.0,2.0,1.0,5,3,1430,1,1,1,2,6,3,7,2,2
13544,201600006062,1.0,1,4,1,21.0,0.0,0.0,0.0,1969.0,B02,1.0,33,0,0.0,2.0,2.0,17.0,5,14,1830,1,1,1,1,3,4,7,1,2
13545,201600006062,1.0,1,1,1,11.0,0.0,0.0,0.0,1978.0,A01,1.0,7,0,0.0,2.0,6.0,15.0,5,14,1830,1,1,1,1,3,4,33,2,1
13546,201600006063,1.0,1,3,2,11.0,0.0,0.0,0.0,1936.0,B02,2.0,7,0,0.0,2.0,3.0,19.0,5,19,1430,1,1,4,1,3,3,7,2,2
13547,201600006063,1.0,1,1,2,11.0,0.0,0.0,0.0,1988.0,A01,2.0,7,0,0.0,2.0,2.0,1.0,5,19,1430,1,1,4,1,3,3,7,2,2
13548,201600006064,2.0,2,4,2,11.0,0.0,0.0,0.0,2004.0,C03,1.0,7,0,0.0,2.0,1.0,2.0,5,26,1730,1,1,1,1,5,3,7,2,2
13549,201600006064,3.0,2,4,2,11.0,0.0,0.0,0.0,2004.0,C03,1.0,7,0,0.0,2.0,1.0,2.0,5,26,1730,1,1,1,1,5,3,7,2,2
13550,201600006064,1.0,1,4,1,11.0,0.0,0.0,0.0,1978.0,C03,1.0,7,0,0.0,2.0,1.0,2.0,5,26,1730,1,1,1,1,5,3,7,2,2
13551,201600006064,1.0,1,3,1,11.0,0.0,0.0,0.0,1984.0,A01,2.0,7,0,0.0,2.0,3.0,13.0,5,26,1730,1,1,1,1,5,3,7,2,2
13552,201600006064,3.0,2,4,2,11.0,0.0,0.0,0.0,2002.0,B02,1.0,7,0,0.0,2.0,3.0,1.0,5,26,1730,1,1,1,1,5,3,7,2,2
13553,201600006064,2.0,2,4,2,11.0,0.0,0.0,0.0,2003.0,B02,1.0,7,0,0.0,2.0,3.0,1.0,5,26,1730,1,1,1,1,5,3,7,2,2
13554,201600006064,1.0,1,4,1,11.0,0.0,0.0,0.0,1975.0,B02,1.0,7,0,0.0,2.0,3.0,1.0,5,26,1730,1,1,1,1,5,3,7,2,2
13555,201600006065,1.0,1,4,2,11.0,0.0,0.0,0.0,1979.0,A01,2.0,7,0,13.0,0.0,9.0,1.0,6,23,1800,1,1,1,1,6,4,7,2,2
13556,201600006065,4.0,2,3,2,12.0,0.0,0.0,0.0,2010.0,A01,2.0,7,0,13.0,0.0,9.0,1.0,6,23,1800,1,1,1,1,6,4,7,2,2
13557,201600006066,1.0,1,1,1,11.0,0.0,0.0,0.0,1997.0,A01,1.0,7,0,3.0,0.0,1.0,1.0,7,7,230,3,1,6,1,6,0,7,2,2
13558,201600006066,2.0,2,1,1,11.0,0.0,0.0,0.0,1995.0,A01,1.0,7,0,3.0,0.0,1.0,1.0,7,7,230,3,1,6,1,6,0,7,2,2
13559,201600006066,5.0,2,3,1,12.0,0.0,0.0,0.0,1995.0,A01,1.0,7,0,3.0,0.0,1.0,1.0,7,7,230,3,1,6,1,6,0,7,2,2
13560,201600006066,5.0,2,2,1,12.0,0.0,0.0,0.0,1995.0,A01,1.0,7,0,3.0,0.0,1.0,1.0,7,7,230,3,1,6,1,6,0,7,2,2
13561,201600006067,1.0,1,1,1,11.0,0.0,0.0,0.0,1986.0,A01,1.0,7,0,0.0,2.0,3.0,2.0,7,30,1500,1,1,1,1,2,3,7,2,2
13562,201600006067,2.0,2,1,1,11.0,0.0,0.0,0.0,1985.0,A01,1.0,7,0,0.0,2.0,3.0,2.0,7,30,1500,1,1,1,1,2,3,7,2,2
13563,201600006067,3.0,2,1,1,11.0,0.0,0.0,0.0,1974.0,A01,1.0,7,0,0.0,2.0,3.0,2.0,7,30,1500,1,1,1,1,2,3,7,2,2
13564,201600006067,4.0,2,1,2,11.0,0.0,0.0,0.0,1985.0,A01,1.0,7,0,0.0,2.0,3.0,2.0,7,30,1500,1,1,1,1,2,3,7,2,2