,Num_Acc,place,catu,grav,sexe,secu,locp,actp,etatp,an_nais,num_veh,senc,catv,occutc,obs,obsm,choc,manv,mois,jour,hrmn,lum,agg,int,atm,col,mom,catvopp,catv_gen,catvopp_gen
13870,201600006211,1.0,1,4,1,21.0,0.0,0.0,0.0,1996.0,B01,0.0,30,0,0.0,2.0,1.0,1.0,1,9,2005,5,2,2,8,3,4,7,1,2
13871,201600006212,1.0,1,1,1,11.0,0.0,0.0,0.0,1990.0,B01,0.0,7,0,0.0,2.0,1.0,1.0,12,21,2245,5,2,2,1,3,5,7,2,2
13872,201600006212,1.0,1,4,1,11.0,0.0,0.0,0.0,1980.0,A01,0.0,7,0,0.0,2.0,3.0,1.0,12,21,2245,5,2,2,1,3,5,7,2,2
13873,201600006213,1.0,1,3,1,21.0,0.0,0.0,0.0,1968.0,B01,0.0,31,0,1.0,2.0,1.0,1.0,1,13,1700,1,2,1,8,3,3,7,1,2
13874,201600006213,1.0,1,1,1,11.0,0.0,0.0,0.0,1948.0,A01,0.0,7,0,0.0,2.0,2.0,15.0,1,13,1700,1,2,1,8,3,3,31,2,1
13875,201600006214,1.0,1,1,1,11.0,0.0,0.0,0.0,1995.0,A01,0.0,7,0,0.0,1.0,0.0,0.0,1,25,1105,1,2,1,1,6,1,7,2,2
13876,201600006214,0.0,3,3,1,0.0,2.0,3.0,1.0,1963.0,A01,0.0,7,0,0.0,1.0,0.0,0.0,1,25,1105,1,2,1,1,6,1,7,2,2
13877,201600006215,1.0,1,1,2,11.0,0.0,0.0,0.0,1977.0,A01,0.0,7,0,0.0,2.0,2.0,1.0,2,8,1100,1,2,3,8,3,1,1,2,1
13878,201600006215,1.0,1,3,2,93.0,0.0,0.0,0.0,1937.0,B01,0.0,1,0,0.0,2.0,3.0,1.0,2,8,1100,1,2,3,8,3,1,7,1,2
13879,201600006216,1.0,1,1,1,11.0,0.0,0.0,0.0,1971.0,A01,2.0,10,0,0.0,1.0,3.0,1.0,2,12,1740,1,2,1,1,6,3,10,2,2
13880,201600006216,0.0,3,4,2,0.0,3.0,3.0,1.0,1999.0,A01,2.0,10,0,0.0,1.0,3.0,1.0,2,12,1740,1,2,1,1,6,3,10,2,2
13881,201600006217,1.0,1,4,2,11.0,0.0,0.0,0.0,1967.0,A01,0.0,7,0,0.0,2.0,3.0,1.0,3,1,1350,1,2,2,8,3,2,33,2,1
13882,201600006217,1.0,1,3,1,21.0,0.0,0.0,0.0,1984.0,B01,0.0,33,0,0.0,2.0,1.0,1.0,3,1,1350,1,2,2,8,3,2,7,1,2
13883,201600006218,1.0,1,4,1,21.0,0.0,0.0,0.0,1991.0,A01,1.0,30,0,0.0,2.0,1.0,1.0,3,6,140,5,2,3,1,3,0,30,1,1
13884,201600006219,3.0,2,4,2,11.0,0.0,0.0,0.0,2004.0,B01,0.0,7,0,0.0,0.0,4.0,23.0,3,26,1700,1,1,1,1,1,3,7,2,2
13885,201600006219,1.0,1,1,1,11.0,0.0,0.0,0.0,1984.0,B01,0.0,7,0,0.0,0.0,4.0,23.0,3,26,1700,1,1,1,1,1,3,7,2,2
13886,201600006219,2.0,2,1,2,11.0,0.0,0.0,0.0,1983.0,B01,0.0,7,0,0.0,0.0,4.0,23.0,3,26,1700,1,1,1,1,1,3,7,2,2
13887,201600006219,4.0,2,4,2,11.0,0.0,0.0,0.0,1993.0,A01,0.0,7,0,14.0,0.0,1.0,2.0,3,26,1700,1,1,1,1,1,3,7,2,2
13888,201600006219,2.0,2,1,1,11.0,0.0,0.0,0.0,1994.0,A01,0.0,7,0,14.0,0.0,1.0,2.0,3,26,1700,1,1,1,1,1,3,7,2,2
13889,201600006219,3.0,2,4,2,11.0,0.0,0.0,0.0,1996.0,A01,0.0,7,0,14.0,0.0,1.0,2.0,3,26,1700,1,1,1,1,1,3,7,2,2
13890,201600006219,1.0,1,1,1,11.0,0.0,0.0,0.0,1996.0,A01,0.0,7,0,14.0,0.0,1.0,2.0,3,26,1700,1,1,1,1,1,3,7,2,2
13891,201600006220,1.0,1,4,2,11.0,0.0,0.0,0.0,1947.0,B01,0.0,7,0,9.0,2.0,7.0,1.0,4,1,1250,1,2,2,1,1,2,7,2,2
13892,201600006220,2.0,2,4,1,11.0,0.0,0.0,0.0,1944.0,B01,0.0,7,0,9.0,2.0,7.0,1.0,4,1,1250,1,2,2,1,1,2,7,2,2
13893,201600006220,1.0,1,4,1,11.0,0.0,0.0,0.0,1953.0,A01,0.0,7,0,0.0,2.0,8.0,19.0,4,1,1250,1,2,2,1,1,2,7,2,2
13894,201600006221,1.0,1,1,2,11.0,0.0,0.0,0.0,1977.0,B01,0.0,7,0,0.0,2.0,4.0,15.0,4,16,1835,1,1,3,2,2,4,7,2,2
13895,201600006221,2.0,2,4,2,11.0,0.0,0.0,0.0,2006.0,B01,0.0,7,0,0.0,2.0,4.0,15.0,4,16,1835,1,1,3,2,2,4,7,2,2
13896,201600006221,1.0,1,1,1,11.0,0.0,0.0,0.0,1993.0,A01,0.0,7,0,0.0,2.0,1.0,2.0,4,16,1835,1,1,3,2,2,4,7,2,2
13897,201600006222,1.0,1,1,2,11.0,0.0,0.0,0.0,1995.0,A01,0.0,7,0,0.0,1.0,4.0,4.0,4,28,1900,1,2,1,1,6,4,7,2,2
13898,201600006222,0.0,3,4,1,0.0,2.0,1.0,1.0,1952.0,A01,0.0,7,0,0.0,1.0,4.0,4.0,4,28,1900,1,2,1,1,6,4,7,2,2
13899,201600006223,1.0,1,4,2,11.0,0.0,0.0,0.0,1989.0,B01,0.0,7,0,0.0,2.0,2.0,1.0,4,26,1945,3,2,3,8,5,4,7,2,2
13900,201600006223,1.0,1,1,2,11.0,0.0,0.0,0.0,1995.0,A01,0.0,7,0,5.0,2.0,5.0,21.0,4,26,1945,3,2,3,8,5,4,7,2,2
13901,201600006224,1.0,1,1,2,11.0,0.0,0.0,0.0,1958.0,A01,0.0,7,0,0.0,1.0,2.0,1.0,5,6,1445,1,2,1,1,6,3,7,2,2
13902,201600006224,0.0,3,4,1,0.0,3.0,3.0,2.0,1982.0,A01,0.0,7,0,0.0,1.0,2.0,1.0,5,6,1445,1,2,1,1,6,3,7,2,2
13903,201600006225,1.0,1,1,1,11.0,0.0,0.0,0.0,1950.0,A01,0.0,7,0,0.0,1.0,1.0,0.0,5,4,1730,1,2,1,1,6,3,7,2,2
13904,201600006225,0.0,3,4,1,0.0,3.0,3.0,2.0,1948.0,A01,0.0,7,0,0.0,1.0,1.0,0.0,5,4,1730,1,2,1,1,6,3,7,2,2
13905,201600006226,1.0,1,3,1,21.0,0.0,0.0,0.0,1975.0,B01,2.0,31,0,0.0,2.0,1.0,1.0,5,11,1855,1,1,1,8,1,4,7,1,2
13906,201600006226,1.0,1,1,2,11.0,0.0,0.0,0.0,1995.0,A01,1.0,7,0,0.0,2.0,7.0,10.0,5,11,1855,1,1,1,8,1,4,31,2,1
13907,201600006227,1.0,1,1,1,11.0,0.0,0.0,0.0,1987.0,A01,2.0,7,0,0.0,1.0,1.0,1.0,5,11,1218,1,2,1,1,6,2,7,2,2
13908,201600006227,0.0,3,4,2,0.0,3.0,3.0,2.0,2003.0,A01,2.0,7,0,0.0,1.0,1.0,1.0,5,11,1218,1,2,1,1,6,2,7,2,2
13909,201600006228,1.0,1,4,1,11.0,0.0,0.0,0.0,1957.0,B01,0.0,7,0,0.0,2.0,7.0,1.0,5,6,1240,1,2,3,1,3,2,7,2,2
13910,201600006228,1.0,1,1,2,11.0,0.0,0.0,0.0,1995.0,A01,0.0,7,0,0.0,2.0,1.0,19.0,5,6,1240,1,2,3,1,3,2,7,2,2
13911,201600006229,1.0,1,4,1,21.0,0.0,0.0,0.0,1997.0,B01,0.0,2,0,0.0,2.0,1.0,1.0,5,14,1835,1,2,3,8,3,4,7,1,2
13912,201600006229,1.0,1,1,1,11.0,0.0,0.0,0.0,1993.0,A01,0.0,7,0,0.0,2.0,2.0,19.0,5,14,1835,1,2,3,8,3,4,2,2,1
13913,201600006230,1.0,1,1,2,11.0,0.0,0.0,0.0,1947.0,A01,0.0,7,0,0.0,9.0,1.0,15.0,5,18,2050,2,2,3,8,3,4,1,2,1
13914,201600006230,1.0,1,4,2,22.0,0.0,0.0,0.0,1990.0,B01,0.0,1,0,0.0,0.0,0.0,0.0,5,18,2050,2,2,3,8,3,4,7,1,2
13915,201600006231,1.0,1,3,2,11.0,0.0,0.0,0.0,1926.0,A01,0.0,7,0,14.0,1.0,1.0,1.0,5,24,1115,1,2,1,1,6,1,14,2,3
13916,201600006231,0.0,3,3,1,0.0,3.0,3.0,1.0,1947.0,A01,0.0,7,0,14.0,1.0,1.0,1.0,5,24,1115,1,2,1,1,6,1,14,2,3
13917,201600006231,1.0,1,1,1,11.0,0.0,0.0,0.0,1957.0,B01,0.0,14,0,0.0,0.0,4.0,23.0,5,24,1115,1,2,1,1,6,1,7,3,2
13918,201600006232,0.0,3,3,1,0.0,3.0,3.0,1.0,1937.0,A01,0.0,7,0,0.0,1.0,1.0,1.0,5,28,915,1,2,1,1,6,1,7,2,2
13919,201600006232,1.0,1,1,2,11.0,0.0,0.0,0.0,1961.0,A01,0.0,7,0,0.0,1.0,1.0,1.0,5,28,915,1,2,1,1,6,1,7,2,2
13920,201600006233,2.0,2,1,1,11.0,0.0,0.0,0.0,1970.0,B01,2.0,7,0,0.0,2.0,3.0,21.0,6,7,1315,1,2,1,2,1,2,2,2,1
13921,201600006233,1.0,1,1,2,11.0,0.0,0.0,0.0,1975.0,B01,2.0,7,0,0.0,2.0,3.0,21.0,6,7,1315,1,2,1,2,1,2,2,2,1
13922,201600006233,1.0,1,2,1,21.0,0.0,0.0,0.0,1998.0,A01,1.0,2,0,14.0,2.0,1.0,13.0,6,7,1315,1,2,1,2,1,2,7,1,2
13923,201600006234,1.0,1,4,1,21.0,0.0,0.0,0.0,1999.0,A01,0.0,2,0,0.0,2.0,1.0,2.0,6,16,2050,1,2,1,1,2,4,30,1,1
13924,201600006234,1.0,1,3,1,21.0,0.0,0.0,0.0,2001.0,B01,0.0,30,0,0.0,2.0,6.0,13.0,6,16,2050,1,2,1,1,2,4,2,1,1
13927,201600006236,1.0,1,1,2,11.0,0.0,0.0,0.0,1965.0,A01,0.0,7,0,0.0,2.0,3.0,0.0,7,1,1810,1,2,2,1,3,4,33,2,1
13928,201600006236,1.0,1,4,1,21.0,0.0,0.0,0.0,1961.0,B01,0.0,33,0,0.0,2.0,1.0,0.0,7,1,1810,1,2,2,1,3,4,7,1,2
13929,201600006237,1.0,1,3,1,21.0,0.0,0.0,0.0,1996.0,A01,1.0,33,0,1.0,0.0,1.0,13.0,6,23,2000,1,2,1,1,6,4,33,1,1
13930,201600006237,2.0,2,4,1,21.0,0.0,0.0,0.0,1997.0,A01,1.0,33,0,1.0,0.0,1.0,13.0,6,23,2000,1,2,1,1,6,4,33,1,1
13931,201600006238,1.0,1,4,1,11.0,0.0,0.0,0.0,1987.0,A01,0.0,7,0,2.0,0.0,1.0,14.0,7,4,1310,1,2,1,1,6,2,7,2,2
13932,201600006239,1.0,1,1,1,11.0,0.0,0.0,0.0,1964.0,B01,0.0,7,0,0.0,2.0,3.0,15.0,7,2,1015,1,2,3,1,3,1,31,2,1
13933,201600006239,1.0,1,4,1,21.0,0.0,0.0,0.0,1967.0,A01,0.0,31,0,0.0,2.0,1.0,17.0,7,2,1015,1,2,3,1,3,1,7,1,2
13934,201600006240,1.0,1,4,1,21.0,0.0,0.0,0.0,1991.0,B01,0.0,2,0,0.0,0.0,0.0,0.0,7,28,1205,1,2,3,1,3,2,10,1,2
13935,201600006240,1.0,1,1,1,11.0,0.0,0.0,0.0,1964.0,A01,0.0,10,0,0.0,0.0,0.0,0.0,7,28,1205,1,2,3,1,3,2,2,2,1
13936,201600006241,2.0,2,1,1,21.0,0.0,0.0,0.0,1996.0,A01,0.0,33,0,8.0,0.0,1.0,21.0,8,5,1230,1,1,1,1,6,2,7,1,2
13937,201600006241,1.0,1,3,1,21.0,0.0,0.0,0.0,1993.0,A01,0.0,33,0,8.0,0.0,1.0,21.0,8,5,1230,1,1,1,1,6,2,7,1,2
13938,201600006241,1.0,1,1,2,11.0,0.0,0.0,0.0,1985.0,B01,0.0,7,0,0.0,0.0,0.0,1.0,8,5,1230,1,1,1,1,6,2,33,2,1
13939,201600006242,1.0,1,1,1,11.0,0.0,0.0,0.0,1957.0,B01,1.0,7,0,0.0,2.0,8.0,15.0,8,13,1150,1,1,3,1,3,1,33,2,1
13940,201600006242,1.0,1,3,1,21.0,0.0,0.0,0.0,1968.0,A01,1.0,33,0,0.0,2.0,1.0,17.0,8,13,1150,1,1,3,1,3,1,7,1,2
13941,201600006243,1.0,1,1,2,11.0,0.0,0.0,0.0,1951.0,B01,1.0,7,0,0.0,2.0,4.0,2.0,8,10,1140,1,2,6,1,2,1,10,2,2
13942,201600006243,1.0,1,4,1,11.0,0.0,0.0,0.0,1980.0,A01,1.0,10,0,0.0,2.0,1.0,2.0,8,10,1140,1,2,6,1,2,1,7,2,2
13943,201600006244,1.0,1,1,1,11.0,0.0,0.0,0.0,1972.0,A01,0.0,7,0,0.0,2.0,2.0,15.0,9,12,1325,1,2,1,1,3,2,31,2,1
13944,201600006244,1.0,1,3,1,21.0,0.0,0.0,0.0,1957.0,B01,0.0,31,0,0.0,2.0,1.0,1.0,9,12,1325,1,2,1,1,3,2,7,1,2
13945,201600006245,1.0,1,1,1,11.0,0.0,0.0,0.0,1942.0,B01,0.0,7,0,0.0,2.0,1.0,1.0,9,15,815,1,2,1,1,5,1,7,2,2
13946,201600006245,2.0,2,4,2,11.0,0.0,0.0,0.0,1946.0,B01,0.0,7,0,0.0,2.0,1.0,1.0,9,15,815,1,2,1,1,5,1,7,2,2
13947,201600006245,1.0,1,1,1,11.0,0.0,0.0,0.0,1994.0,A01,0.0,7,0,0.0,2.0,1.0,21.0,9,15,815,1,2,1,1,5,1,7,2,2
13948,201600006246,1.0,1,4,1,21.0,0.0,0.0,0.0,1948.0,A01,0.0,33,0,0.0,2.0,4.0,2.0,8,24,1155,1,2,3,1,2,1,33,1,1
13949,201600006247,1.0,1,1,1,11.0,0.0,0.0,0.0,1998.0,A01,0.0,7,0,0.0,2.0,2.0,15.0,10,18,1700,1,2,3,1,3,3,2,2,1
13950,201600006247,1.0,1,3,1,21.0,0.0,0.0,0.0,2001.0,B01,0.0,2,0,0.0,2.0,1.0,1.0,10,18,1700,1,2,3,1,3,3,7,1,2
13951,201600006248,1.0,1,1,1,11.0,0.0,0.0,0.0,1975.0,A01,0.0,7,0,0.0,0.0,0.0,0.0,10,27,1715,1,2,1,1,2,3,7,2,2
13952,201600006248,1.0,1,4,1,11.0,0.0,0.0,0.0,1945.0,B01,0.0,7,0,0.0,0.0,0.0,0.0,10,27,1715,1,2,1,1,2,3,7,2,2
13953,201600006249,1.0,1,1,1,11.0,0.0,0.0,0.0,1961.0,A01,0.0,7,0,0.0,0.0,0.0,0.0,10,26,1617,1,2,1,1,3,3,30,2,1
13954,201600006249,1.0,1,4,1,21.0,0.0,0.0,0.0,1976.0,B01,0.0,30,0,0.0,0.0,0.0,0.0,10,26,1617,1,2,1,1,3,3,7,1,2
13955,201600006250,0.0,3,3,2,0.0,3.0,3.0,1.0,1942.0,A01,0.0,7,0,0.0,1.0,1.0,1.0,11,18,1740,5,2,2,2,6,3,7,2,2
13956,201600006250,1.0,1,1,1,11.0,0.0,0.0,0.0,1969.0,A01,0.0,7,0,0.0,1.0,1.0,1.0,11,18,1740,5,2,2,2,6,3,7,2,2
13957,201600006251,1.0,1,1,1,11.0,0.0,0.0,0.0,1979.0,A01,0.0,10,0,0.0,2.0,5.0,17.0,11,26,1130,1,2,1,1,6,1,1,2,1
13958,201600006251,1.0,1,4,1,23.0,0.0,0.0,0.0,1995.0,B01,0.0,1,0,0.0,0.0,0.0,0.0,11,26,1130,1,2,1,1,6,1,10,1,2
13959,201600006252,1.0,1,1,1,11.0,0.0,0.0,0.0,1960.0,A01,0.0,7,0,0.0,2.0,3.0,15.0,11,26,1810,5,2,3,1,3,4,30,2,1
13960,201600006252,1.0,1,3,1,21.0,0.0,0.0,0.0,2001.0,B01,0.0,30,0,0.0,2.0,1.0,17.0,11,26,1810,5,2,3,1,3,4,7,1,2
13961,201600006253,1.0,1,1,2,11.0,0.0,0.0,0.0,1970.0,A01,0.0,7,0,0.0,2.0,3.0,15.0,11,30,1740,1,2,2,1,3,3,31,2,1
13962,201600006253,1.0,1,3,1,21.0,0.0,0.0,0.0,1982.0,B01,0.0,31,0,0.0,2.0,1.0,1.0,11,30,1740,1,2,2,1,3,3,7,1,2
13963,201600006254,1.0,1,1,1,11.0,0.0,0.0,0.0,1945.0,A01,0.0,7,0,0.0,2.0,3.0,15.0,11,30,1600,1,2,2,1,3,3,2,2,1
13964,201600006254,1.0,1,3,1,21.0,0.0,0.0,0.0,2001.0,B01,0.0,2,0,0.0,2.0,1.0,17.0,11,30,1600,1,2,2,1,3,3,7,1,2
13965,201600006255,1.0,1,2,1,21.0,0.0,0.0,0.0,1994.0,A01,0.0,32,0,0.0,1.0,1.0,1.0,12,12,650,5,2,2,1,6,1,32,1,1
13966,201600006255,0.0,3,3,1,0.0,3.0,3.0,1.0,1960.0,A01,0.0,32,0,0.0,1.0,1.0,1.0,12,12,650,5,2,2,1,6,1,32,1,1
13967,201600006256,1.0,1,3,1,11.0,0.0,0.0,0.0,1995.0,B02,2.0,7,0,0.0,2.0,3.0,1.0,9,15,2000,2,1,1,2,3,4,7,2,2
13968,201600006256,1.0,1,2,1,12.0,0.0,0.0,0.0,1984.0,A01,1.0,7,0,0.0,2.0,8.0,13.0,9,15,2000,2,1,1,2,3,4,7,2,2
13969,201600006257,1.0,1,3,2,11.0,0.0,0.0,0.0,1956.0,B02,0.0,7,0,0.0,2.0,1.0,1.0,2,9,1330,1,1,1,6,1,2,7,2,2
13970,201600006257,2.0,2,4,2,11.0,0.0,0.0,0.0,1962.0,B02,0.0,7,0,0.0,2.0,1.0,1.0,2,9,1330,1,1,1,6,1,2,7,2,2
13971,201600006257,1.0,1,4,1,11.0,0.0,0.0,0.0,1955.0,A01,0.0,7,0,0.0,2.0,7.0,13.0,2,9,1330,1,1,1,6,1,2,7,2,2
13972,201600006258,1.0,1,3,1,11.0,0.0,0.0,0.0,1994.0,A01,2.0,7,0,2.0,0.0,1.0,1.0,3,7,215,3,1,1,9,6,0,7,2,2
13973,201600006259,2.0,2,3,1,13.0,0.0,0.0,0.0,1979.0,A01,1.0,7,0,2.0,0.0,2.0,1.0,3,12,2145,3,1,1,1,6,4,7,2,2
13974,201600006260,1.0,1,1,2,11.0,0.0,0.0,0.0,1993.0,A01,2.0,7,0,6.0,0.0,1.0,1.0,5,4,2345,5,2,1,1,6,5,7,2,2
13975,201600006260,3.0,2,2,1,31.0,0.0,0.0,0.0,2012.0,A01,2.0,7,0,6.0,0.0,1.0,1.0,5,4,2345,5,2,1,1,6,5,7,2,2
13976,201600006261,1.0,1,2,1,11.0,0.0,0.0,0.0,1986.0,A01,1.0,7,0,2.0,0.0,7.0,1.0,5,29,245,3,1,1,2,6,0,7,2,2
13977,201600006261,2.0,2,1,1,11.0,0.0,0.0,0.0,1998.0,A01,1.0,7,0,2.0,0.0,7.0,1.0,5,29,245,3,1,1,2,6,0,7,2,2
13978,201600006262,1.0,1,3,1,11.0,0.0,0.0,0.0,1980.0,A01,2.0,7,0,2.0,0.0,1.0,14.0,6,4,2030,1,1,1,1,6,4,7,2,2
13979,201600006263,1.0,1,3,1,21.0,0.0,0.0,0.0,1969.0,A01,1.0,36,0,0.0,0.0,3.0,1.0,6,23,2030,1,1,1,1,7,4,36,1,1
13980,201600006264,1.0,1,3,1,21.0,0.0,0.0,0.0,1983.0,A01,1.0,33,0,6.0,0.0,1.0,2.0,7,7,1645,1,2,1,1,6,3,33,1,1
13981,201600006265,1.0,1,3,1,11.0,0.0,0.0,0.0,1997.0,A01,0.0,7,0,13.0,0.0,9.0,1.0,7,13,2200,3,1,1,8,6,5,7,2,2
13982,201600006265,2.0,2,4,1,11.0,0.0,0.0,0.0,1999.0,A01,0.0,7,0,13.0,0.0,9.0,1.0,7,13,2200,3,1,1,8,6,5,7,2,2
13983,201600006266,1.0,1,3,1,11.0,0.0,0.0,0.0,1986.0,A01,1.0,7,0,0.0,2.0,3.0,15.0,7,20,1615,1,1,1,1,3,3,7,2,2
13984,201600006266,1.0,1,1,1,11.0,0.0,0.0,0.0,1992.0,B02,2.0,7,0,0.0,2.0,2.0,1.0,7,20,1615,1,1,1,1,3,3,7,2,2
13985,201600006267,1.0,1,1,1,11.0,0.0,0.0,0.0,1959.0,A01,0.0,7,0,0.0,1.0,1.0,1.0,7,25,1900,1,2,1,1,6,4,7,2,2
13986,201600006267,0.0,3,4,1,0.0,1.0,3.0,1.0,1998.0,A01,0.0,7,0,0.0,1.0,1.0,1.0,7,25,1900,1,2,1,1,6,4,7,2,2
13987,201600006268,1.0,1,1,1,0.0,0.0,0.0,0.0,1972.0,A01,1.0,21,0,0.0,0.0,6.0,19.0,8,16,215,3,1,9,1,5,0,7,0,2
13988,201600006268,3.0,2,2,2,11.0,0.0,0.0,0.0,1991.0,C03,2.0,7,0,0.0,2.0,1.0,1.0,8,16,215,3,1,9,1,5,0,21,2,0
13989,201600006268,1.0,1,3,1,11.0,0.0,0.0,0.0,1966.0,C03,2.0,7,0,0.0,2.0,1.0,1.0,8,16,215,3,1,9,1,5,0,21,2,0
13990,201600006268,2.0,2,3,2,11.0,0.0,0.0,0.0,1994.0,C03,2.0,7,0,0.0,2.0,1.0,1.0,8,16,215,3,1,9,1,5,0,21,2,0
13991,201600006268,1.0,1,4,1,11.0,0.0,0.0,0.0,1973.0,B02,2.0,7,0,0.0,2.0,1.0,1.0,8,16,215,3,1,9,1,5,0,21,2,0
13992,201600006269,1.0,1,2,2,13.0,0.0,0.0,0.0,1976.0,A01,1.0,7,0,13.0,0.0,2.0,14.0,10,5,2330,3,1,1,1,7,5,7,2,2
13993,201600006269,2.0,2,3,1,13.0,0.0,0.0,0.0,2003.0,A01,1.0,7,0,13.0,0.0,2.0,14.0,10,5,2330,3,1,1,1,7,5,7,2,2
13994,201600006269,5.0,2,3,1,13.0,0.0,0.0,0.0,2007.0,A01,1.0,7,0,13.0,0.0,2.0,14.0,10,5,2330,3,1,1,1,7,5,7,2,2
13995,201600006270,1.0,1,1,1,13.0,0.0,0.0,0.0,1981.0,A01,2.0,7,0,15.0,1.0,1.0,16.0,10,14,1745,1,2,1,1,7,3,7,2,2
13996,201600006270,2.0,2,1,1,13.0,0.0,0.0,0.0,1996.0,A01,2.0,7,0,15.0,1.0,1.0,16.0,10,14,1745,1,2,1,1,7,3,7,2,2
13997,201600006270,0.0,3,2,1,0.0,5.0,2.0,1.0,1964.0,A01,2.0,7,0,15.0,1.0,1.0,16.0,10,14,1745,1,2,1,1,7,3,7,2,2
13998,201600006271,1.0,1,1,1,11.0,0.0,0.0,0.0,1967.0,A01,1.0,14,0,0.0,2.0,1.0,1.0,2,18,530,3,1,1,1,2,0,7,3,2
13999,201600006271,1.0,1,2,2,11.0,0.0,0.0,0.0,1967.0,B02,1.0,7,0,0.0,0.0,4.0,1.0,2,18,530,3,1,1,1,2,0,14,2,3
14000,201600006272,1.0,1,2,2,11.0,0.0,0.0,0.0,1996.0,A01,0.0,7,0,13.0,0.0,3.0,1.0,6,18,2230,3,1,1,1,6,5,7,2,2
14001,201600006273,2.0,2,4,2,11.0,0.0,0.0,0.0,1991.0,B02,1.0,7,0,0.0,2.0,2.0,1.0,2,26,2100,3,1,1,1,1,4,7,2,2
14002,201600006273,1.0,1,4,1,11.0,0.0,0.0,0.0,1986.0,B02,1.0,7,0,0.0,2.0,2.0,1.0,2,26,2100,3,1,1,1,1,4,7,2,2
14003,201600006273,1.0,1,3,1,11.0,0.0,0.0,0.0,1996.0,A01,2.0,7,0,0.0,2.0,3.0,5.0,2,26,2100,3,1,1,1,1,4,7,2,2
14004,201600006274,4.0,2,1,2,31.0,0.0,0.0,0.0,2013.0,A01,0.0,7,0,0.0,0.0,9.0,1.0,12,8,1545,1,1,1,1,7,3,7,2,2
14005,201600006274,1.0,1,3,2,11.0,0.0,0.0,0.0,1974.0,A01,0.0,7,0,0.0,0.0,9.0,1.0,12,8,1545,1,1,1,1,7,3,7,2,2
14006,201600006275,1.0,1,4,1,13.0,0.0,0.0,0.0,1962.0,A01,0.0,7,0,0.0,9.0,1.0,13.0,1,10,2000,5,2,1,2,6,4,7,2,2
14007,201600006276,1.0,1,3,1,11.0,0.0,0.0,0.0,1995.0,A01,0.0,7,0,2.0,0.0,3.0,1.0,1,24,500,3,1,1,5,6,0,7,2,2
14008,201600006276,2.0,2,1,1,11.0,0.0,0.0,0.0,1998.0,A01,0.0,7,0,2.0,0.0,3.0,1.0,1,24,500,3,1,1,5,6,0,7,2,2
14009,201600006276,3.0,2,1,1,11.0,0.0,0.0,0.0,1996.0,A01,0.0,7,0,2.0,0.0,3.0,1.0,1,24,500,3,1,1,5,6,0,7,2,2
14010,201600006276,4.0,2,1,1,11.0,0.0,0.0,0.0,1998.0,A01,0.0,7,0,2.0,0.0,3.0,1.0,1,24,500,3,1,1,5,6,0,7,2,2
14011,201600006276,5.0,2,3,1,11.0,0.0,0.0,0.0,1999.0,A01,0.0,7,0,2.0,0.0,3.0,1.0,1,24,500,3,1,1,5,6,0,7,2,2
14012,201600006277,2.0,2,4,1,12.0,0.0,0.0,0.0,1987.0,A01,0.0,7,0,2.0,0.0,3.0,13.0,4,27,1145,1,1,1,1,6,1,7,2,2
14013,201600006277,2.0,2,3,2,12.0,0.0,0.0,0.0,2000.0,A01,0.0,7,0,2.0,0.0,3.0,13.0,4,27,1145,1,1,1,1,6,1,7,2,2
14014,201600006277,1.0,1,1,1,11.0,0.0,0.0,0.0,1998.0,A01,0.0,7,0,2.0,0.0,3.0,13.0,4,27,1145,1,1,1,1,6,1,7,2,2
14015,201600006278,1.0,1,3,1,11.0,0.0,0.0,0.0,1985.0,A01,2.0,7,0,13.0,0.0,3.0,1.0,5,15,345,3,1,1,1,6,0,7,2,2
14016,201600006279,1.0,1,1,1,11.0,0.0,0.0,0.0,1974.0,A01,0.0,7,0,0.0,1.0,2.0,1.0,8,10,1800,1,2,1,1,6,4,7,2,2
14017,201600006279,0.0,3,3,1,0.0,1.0,5.0,1.0,2009.0,A01,0.0,7,0,0.0,1.0,2.0,1.0,8,10,1800,1,2,1,1,6,4,7,2,2
14018,201600006280,1.0,1,1,1,11.0,0.0,0.0,0.0,1960.0,A01,1.0,7,0,0.0,2.0,2.0,1.0,12,10,1500,1,1,1,7,3,3,1,2,1
14019,201600006280,1.0,1,4,1,21.0,0.0,0.0,0.0,1959.0,B02,1.0,1,0,0.0,2.0,8.0,1.0,12,10,1500,1,1,1,7,3,3,7,1,2
14020,201600006281,2.0,2,3,2,11.0,0.0,0.0,0.0,2000.0,B02,0.0,7,0,0.0,2.0,1.0,1.0,8,4,2045,2,1,1,3,1,4,7,2,2
14021,201600006281,2.0,2,3,1,11.0,0.0,0.0,0.0,2005.0,B02,0.0,7,0,0.0,2.0,1.0,1.0,8,4,2045,2,1,1,3,1,4,7,2,2
14022,201600006281,2.0,2,4,2,11.0,0.0,0.0,0.0,2002.0,B02,0.0,7,0,0.0,2.0,1.0,1.0,8,4,2045,2,1,1,3,1,4,7,2,2
14023,201600006281,2.0,2,3,2,11.0,0.0,0.0,0.0,1975.0,B02,0.0,7,0,0.0,2.0,1.0,1.0,8,4,2045,2,1,1,3,1,4,7,2,2
14024,201600006281,1.0,1,3,1,11.0,0.0,0.0,0.0,1973.0,B02,0.0,7,0,0.0,2.0,1.0,1.0,8,4,2045,2,1,1,3,1,4,7,2,2