,Num_Acc,place,catu,grav,sexe,secu,locp,actp,etatp,an_nais,num_veh,senc,catv,occutc,obs,obsm,choc,manv,mois,jour,hrmn,lum,agg,int,atm,col,mom,catvopp,catv_gen,catvopp_gen
14330,201600006419,1.0,1,3,2,11.0,0.0,0.0,0.0,1980.0,B02,2.0,7,0,0.0,2.0,1.0,1.0,6,21,815,1,2,1,1,1,1,7,2,2
14331,201600006420,0.0,3,2,2,0.0,5.0,9.0,1.0,1949.0,A01,0.0,7,0,0.0,1.0,1.0,20.0,9,9,1030,1,2,1,1,6,1,7,2,2
14332,201600006420,1.0,1,1,2,13.0,0.0,0.0,0.0,1936.0,A01,0.0,7,0,0.0,1.0,1.0,20.0,9,9,1030,1,2,1,1,6,1,7,2,2
14333,201600006421,1.0,1,3,2,11.0,0.0,0.0,0.0,1962.0,A01,1.0,7,0,0.0,2.0,1.0,1.0,11,20,2115,5,2,2,1,3,4,7,2,2
14334,201600006421,1.0,1,4,1,11.0,0.0,0.0,0.0,1970.0,B02,0.0,7,0,0.0,2.0,3.0,19.0,11,20,2115,5,2,2,1,3,4,7,2,2
14335,201600006422,1.0,1,3,1,11.0,0.0,0.0,0.0,1996.0,A01,2.0,7,0,0.0,2.0,3.0,18.0,3,28,1930,2,1,1,3,4,4,7,2,2
14336,201600006422,1.0,1,3,2,11.0,0.0,0.0,0.0,1987.0,B02,1.0,7,0,0.0,2.0,3.0,1.0,3,28,1930,2,1,1,3,4,4,7,2,2
14337,201600006422,2.0,2,3,2,31.0,0.0,0.0,0.0,2015.0,B02,1.0,7,0,0.0,2.0,3.0,1.0,3,28,1930,2,1,1,3,4,4,7,2,2
14338,201600006422,1.0,1,3,1,11.0,0.0,0.0,0.0,1994.0,C03,1.0,7,0,0.0,2.0,1.0,1.0,3,28,1930,2,1,1,3,4,4,7,2,2
14339,201600006422,2.0,2,3,1,11.0,0.0,0.0,0.0,1995.0,C03,1.0,7,0,0.0,2.0,1.0,1.0,3,28,1930,2,1,1,3,4,4,7,2,2
14340,201600006423,1.0,1,3,1,11.0,0.0,0.0,0.0,1994.0,A01,2.0,7,0,0.0,2.0,3.0,11.0,6,24,1845,1,1,1,2,5,4,7,2,2
14341,201600006423,1.0,1,4,1,11.0,0.0,0.0,0.0,1948.0,B02,1.0,7,0,0.0,2.0,3.0,1.0,6,24,1845,1,1,1,2,5,4,7,2,2
14342,201600006423,1.0,1,3,1,11.0,0.0,0.0,0.0,1968.0,C03,1.0,7,0,0.0,2.0,9.0,1.0,6,24,1845,1,1,1,2,5,4,7,2,2
14343,201600006424,1.0,1,3,1,11.0,0.0,0.0,0.0,1934.0,A01,2.0,7,0,0.0,0.0,3.0,19.0,7,28,1845,1,1,1,1,6,4,7,2,2
14344,201600006425,1.0,1,3,2,11.0,0.0,0.0,0.0,1923.0,A01,2.0,7,0,2.0,0.0,1.0,1.0,8,14,1730,1,1,1,1,6,3,7,2,2
14345,201600006426,1.0,1,1,1,11.0,0.0,0.0,0.0,1986.0,A01,2.0,7,0,0.0,1.0,2.0,1.0,8,28,945,1,2,1,1,6,1,7,2,2
14346,201600006426,0.0,3,3,1,0.0,2.0,3.0,1.0,1936.0,A01,2.0,7,0,0.0,1.0,2.0,1.0,8,28,945,1,2,1,1,6,1,7,2,2
14347,201600006427,1.0,1,3,2,11.0,0.0,0.0,0.0,1995.0,B02,2.0,7,0,0.0,2.0,1.0,1.0,10,3,900,1,1,3,7,3,1,7,2,2
14348,201600006427,1.0,1,3,1,11.0,0.0,0.0,0.0,1949.0,A01,2.0,7,0,0.0,0.0,3.0,15.0,10,3,900,1,1,3,7,3,1,7,2,2
14349,201600006427,2.0,2,3,2,11.0,0.0,0.0,0.0,1953.0,A01,2.0,7,0,0.0,0.0,3.0,15.0,10,3,900,1,1,3,7,3,1,7,2,2
14350,201600006428,1.0,1,3,1,11.0,0.0,0.0,0.0,1976.0,A01,1.0,7,0,13.0,0.0,2.0,1.0,1,31,30,3,2,1,3,6,0,7,2,2
14351,201600006429,1.0,1,1,2,11.0,0.0,0.0,0.0,1957.0,A01,1.0,7,0,0.0,0.0,8.0,15.0,3,11,1530,1,2,1,1,1,3,31,2,1
14352,201600006429,1.0,1,3,1,21.0,0.0,0.0,0.0,1999.0,B02,2.0,31,0,0.0,0.0,1.0,0.0,3,11,1530,1,2,1,1,1,3,7,1,2
14353,201600006430,1.0,1,1,1,11.0,0.0,0.0,0.0,1975.0,A01,1.0,3,0,2.0,0.0,1.0,1.0,8,14,1315,1,1,1,1,6,2,3,0,0
14354,201600006430,2.0,2,3,1,11.0,0.0,0.0,0.0,2001.0,A01,1.0,3,0,2.0,0.0,1.0,1.0,8,14,1315,1,1,1,1,6,2,3,0,0
14355,201600006431,1.0,1,1,1,11.0,0.0,0.0,0.0,1994.0,A01,1.0,7,0,0.0,0.0,7.0,15.0,8,28,2145,5,2,3,1,3,4,30,2,1
14356,201600006431,1.0,1,3,1,21.0,0.0,0.0,0.0,2000.0,B02,2.0,30,0,0.0,2.0,1.0,1.0,8,28,2145,5,2,3,1,3,4,7,1,2
14357,201600006431,2.0,2,3,2,21.0,0.0,0.0,0.0,2002.0,B02,2.0,30,0,0.0,2.0,1.0,1.0,8,28,2145,5,2,3,1,3,4,7,1,2
14358,201600006432,1.0,1,1,1,11.0,0.0,0.0,0.0,1996.0,A01,1.0,7,0,0.0,1.0,1.0,1.0,2,4,1745,5,2,1,2,6,3,7,2,2
14359,201600006432,0.0,3,2,2,0.0,2.0,3.0,1.0,1928.0,A01,1.0,7,0,0.0,1.0,1.0,1.0,2,4,1745,5,2,1,2,6,3,7,2,2
14360,201600006433,1.0,1,3,1,22.0,0.0,0.0,0.0,1956.0,B02,1.0,1,0,0.0,2.0,4.0,1.0,2,12,1145,1,1,6,1,1,1,7,1,2
14361,201600006433,1.0,1,1,1,11.0,0.0,0.0,0.0,1997.0,A01,1.0,7,0,0.0,9.0,3.0,1.0,2,12,1145,1,1,6,1,1,1,1,2,1
14362,201600006434,2.0,2,1,2,11.0,0.0,0.0,0.0,1947.0,B02,1.0,7,0,0.0,2.0,1.0,1.0,4,7,1845,1,1,1,1,1,4,33,2,1
14363,201600006434,1.0,1,1,1,11.0,0.0,0.0,0.0,1948.0,B02,1.0,7,0,0.0,2.0,1.0,1.0,4,7,1845,1,1,1,1,1,4,33,2,1
14364,201600006434,1.0,1,2,1,21.0,0.0,0.0,0.0,1989.0,A01,2.0,33,0,0.0,2.0,1.0,13.0,4,7,1845,1,1,1,1,1,4,7,1,2
14365,201600006435,1.0,1,3,1,21.0,0.0,0.0,0.0,2001.0,A01,1.0,2,0,0.0,2.0,8.0,16.0,4,19,815,1,1,3,7,3,1,7,1,2
14366,201600006435,1.0,1,1,1,11.0,0.0,0.0,0.0,1991.0,B02,2.0,7,0,0.0,2.0,2.0,1.0,4,19,815,1,1,3,7,3,1,2,2,1
14367,201600006435,2.0,2,4,2,11.0,0.0,0.0,0.0,1992.0,B02,2.0,7,0,0.0,2.0,2.0,1.0,4,19,815,1,1,3,7,3,1,2,2,1
14368,201600006436,1.0,1,3,1,21.0,0.0,0.0,0.0,1999.0,A01,2.0,2,0,15.0,2.0,2.0,17.0,7,18,1515,1,2,1,1,3,3,7,1,2
14369,201600006436,1.0,1,1,2,11.0,0.0,0.0,0.0,1965.0,B02,2.0,7,0,0.0,2.0,3.0,15.0,7,18,1515,1,2,1,1,3,3,2,2,1
14370,201600006437,1.0,1,3,1,21.0,0.0,0.0,0.0,1988.0,A01,2.0,33,0,0.0,0.0,0.0,1.0,8,6,1430,1,1,1,1,7,3,33,1,1
14371,201600006438,1.0,1,3,1,11.0,0.0,0.0,0.0,1996.0,A01,0.0,7,0,8.0,0.0,8.0,1.0,11,4,2115,5,1,1,8,7,4,7,2,2
14372,201600006438,2.0,2,1,1,11.0,0.0,0.0,0.0,1996.0,A01,0.0,7,0,8.0,0.0,8.0,1.0,11,4,2115,5,1,1,8,7,4,7,2,2
14373,201600006438,3.0,2,1,1,11.0,0.0,0.0,0.0,1996.0,A01,0.0,7,0,8.0,0.0,8.0,1.0,11,4,2115,5,1,1,8,7,4,7,2,2
14374,201600006438,4.0,2,1,1,11.0,0.0,0.0,0.0,1996.0,A01,0.0,7,0,8.0,0.0,8.0,1.0,11,4,2115,5,1,1,8,7,4,7,2,2
14375,201600006438,5.0,2,1,2,11.0,0.0,0.0,0.0,1997.0,A01,0.0,7,0,8.0,0.0,8.0,1.0,11,4,2115,5,1,1,8,7,4,7,2,2
14376,201600006439,1.0,1,1,1,11.0,0.0,0.0,0.0,1959.0,A01,2.0,7,0,0.0,1.0,2.0,2.0,12,2,1330,1,2,1,7,6,2,7,2,2
14377,201600006439,0.0,3,3,2,0.0,4.0,3.0,1.0,1978.0,A01,2.0,7,0,0.0,1.0,2.0,2.0,12,2,1330,1,2,1,7,6,2,7,2,2
14378,201600006440,1.0,1,3,2,11.0,0.0,0.0,0.0,1980.0,B02,2.0,7,0,0.0,2.0,2.0,1.0,6,6,1300,1,1,1,1,1,2,7,2,2
14379,201600006440,1.0,1,4,1,11.0,0.0,0.0,0.0,1990.0,A01,1.0,7,0,0.0,2.0,3.0,15.0,6,6,1300,1,1,1,1,1,2,7,2,2
14380,201600006441,1.0,1,1,2,11.0,0.0,0.0,0.0,2001.0,A01,0.0,7,0,6.0,0.0,1.0,13.0,7,29,130,5,2,1,1,6,0,7,2,2
14381,201600006441,2.0,2,3,1,12.0,0.0,0.0,0.0,1997.0,A01,0.0,7,0,6.0,0.0,1.0,13.0,7,29,130,5,2,1,1,6,0,7,2,2
14382,201600006441,5.0,2,1,1,11.0,0.0,0.0,0.0,1997.0,A01,0.0,7,0,6.0,0.0,1.0,13.0,7,29,130,5,2,1,1,6,0,7,2,2
14383,201600006441,5.0,2,1,2,11.0,0.0,0.0,0.0,2001.0,A01,0.0,7,0,6.0,0.0,1.0,13.0,7,29,130,5,2,1,1,6,0,7,2,2
14384,201600006442,1.0,1,1,1,11.0,0.0,0.0,0.0,1995.0,A01,2.0,7,0,13.0,0.0,1.0,1.0,8,6,330,3,1,6,1,6,0,7,2,2
14385,201600006442,2.0,2,3,2,11.0,0.0,0.0,0.0,1990.0,A01,2.0,7,0,13.0,0.0,1.0,1.0,8,6,330,3,1,6,1,6,0,7,2,2
14386,201600006443,1.0,1,3,1,1.0,0.0,0.0,0.0,1968.0,A01,0.0,1,0,0.0,0.0,0.0,16.0,8,31,1215,1,2,1,1,7,2,1,1,1
14387,201600006444,1.0,1,3,1,21.0,0.0,0.0,0.0,1965.0,B02,2.0,31,0,0.0,2.0,1.0,1.0,9,6,1200,1,2,3,1,3,2,7,1,2
14388,201600006444,1.0,1,1,1,11.0,0.0,0.0,0.0,1961.0,A01,0.0,7,0,0.0,0.0,8.0,15.0,9,6,1200,1,2,3,1,3,2,31,2,1
14389,201600006445,1.0,1,3,1,21.0,0.0,0.0,0.0,1954.0,A01,1.0,33,0,0.0,2.0,1.0,17.0,10,3,1230,1,2,2,1,3,2,7,1,2
14390,201600006445,1.0,1,1,1,11.0,0.0,0.0,0.0,1949.0,B02,1.0,7,0,0.0,2.0,3.0,15.0,10,3,1230,1,2,2,1,3,2,33,2,1
14391,201600006445,2.0,2,1,2,11.0,0.0,0.0,0.0,1950.0,B02,1.0,7,0,0.0,2.0,3.0,15.0,10,3,1230,1,2,2,1,3,2,33,2,1
14392,201600006446,0.0,3,3,2,0.0,3.0,3.0,2.0,2001.0,A01,1.0,17,0,0.0,1.0,5.0,16.0,11,17,730,2,2,1,2,6,1,17,3,3
14393,201600006446,1.0,1,1,1,11.0,0.0,0.0,0.0,1954.0,A01,1.0,17,0,0.0,1.0,5.0,16.0,11,17,730,2,2,1,2,6,1,17,3,3
14394,201600006446,0.0,3,2,2,0.0,3.0,3.0,2.0,2005.0,A01,1.0,17,0,0.0,1.0,5.0,16.0,11,17,730,2,2,1,2,6,1,17,3,3
14395,201600006447,1.0,1,1,2,11.0,0.0,0.0,0.0,1973.0,A01,0.0,7,0,0.0,2.0,3.0,9.0,11,26,1030,1,2,6,7,3,1,1,2,1
14396,201600006447,1.0,1,2,2,22.0,0.0,0.0,0.0,1933.0,B02,0.0,1,0,0.0,2.0,1.0,1.0,11,26,1030,1,2,6,7,3,1,7,1,2
14397,201600006448,1.0,1,3,1,11.0,0.0,0.0,0.0,1956.0,A01,0.0,7,0,6.0,0.0,1.0,0.0,12,31,1015,1,2,1,1,6,1,7,2,2
14398,201600006449,1.0,1,1,2,11.0,0.0,0.0,0.0,1980.0,A01,1.0,7,0,0.0,2.0,2.0,15.0,10,15,1700,1,2,1,1,1,3,7,2,2
14399,201600006449,1.0,1,1,1,11.0,0.0,0.0,0.0,1940.0,B02,2.0,7,0,0.0,2.0,1.0,1.0,10,15,1700,1,2,1,1,1,3,7,2,2
14400,201600006449,2.0,2,3,2,11.0,0.0,0.0,0.0,1938.0,B02,2.0,7,0,0.0,2.0,1.0,1.0,10,15,1700,1,2,1,1,1,3,7,2,2
14401,201600006450,1.0,1,3,1,11.0,0.0,0.0,0.0,1961.0,B02,1.0,7,0,0.0,2.0,3.0,1.0,9,8,1200,1,1,1,1,1,2,17,2,3
14402,201600006450,1.0,1,1,1,11.0,0.0,0.0,0.0,1979.0,A01,2.0,17,0,0.0,2.0,3.0,13.0,9,8,1200,1,1,1,1,1,2,7,3,2
14403,201600006451,0.0,3,3,2,0.0,4.0,3.0,1.0,1963.0,A01,1.0,7,0,0.0,1.0,2.0,1.0,10,29,1500,1,2,6,1,6,3,7,2,2
14404,201600006451,1.0,1,1,1,11.0,0.0,0.0,0.0,1953.0,A01,1.0,7,0,0.0,1.0,2.0,1.0,10,29,1500,1,2,6,1,6,3,7,2,2
14405,201600006452,1.0,1,3,1,11.0,0.0,0.0,0.0,1977.0,A01,1.0,7,0,0.0,0.0,9.0,19.0,1,2,2245,3,1,1,2,7,5,7,2,2
14406,201600006452,2.0,2,3,2,11.0,0.0,0.0,0.0,1990.0,A01,1.0,7,0,0.0,0.0,9.0,19.0,1,2,2245,3,1,1,2,7,5,7,2,2
14407,201600006452,3.0,2,3,1,11.0,0.0,0.0,0.0,2015.0,A01,1.0,7,0,0.0,0.0,9.0,19.0,1,2,2245,3,1,1,2,7,5,7,2,2
14408,201600006452,4.0,2,3,1,11.0,0.0,0.0,0.0,2012.0,A01,1.0,7,0,0.0,0.0,9.0,19.0,1,2,2245,3,1,1,2,7,5,7,2,2
14409,201600006452,8.0,2,3,1,11.0,0.0,0.0,0.0,1997.0,A01,1.0,7,0,0.0,0.0,9.0,19.0,1,2,2245,3,1,1,2,7,5,7,2,2
14410,201600006453,1.0,1,1,1,11.0,0.0,0.0,0.0,1987.0,B02,2.0,7,0,0.0,2.0,3.0,1.0,1,26,1600,1,1,1,1,1,3,30,2,1
14411,201600006453,1.0,1,3,1,21.0,0.0,0.0,0.0,1993.0,A01,1.0,30,0,0.0,2.0,1.0,17.0,1,26,1600,1,1,1,1,1,3,7,1,2
14412,201600006454,0.0,3,3,2,0.0,1.0,3.0,1.0,2007.0,A01,1.0,7,0,0.0,1.0,2.0,0.0,4,15,1900,1,1,1,1,6,4,7,2,2
14413,201600006454,1.0,1,1,1,11.0,0.0,0.0,0.0,1973.0,A01,1.0,7,0,0.0,1.0,2.0,0.0,4,15,1900,1,1,1,1,6,4,7,2,2
14414,201600006455,1.0,1,3,1,21.0,0.0,0.0,0.0,1980.0,A01,1.0,33,0,2.0,0.0,3.0,1.0,5,7,1030,1,1,1,1,6,1,33,1,1
14415,201600006456,1.0,1,3,1,21.0,0.0,0.0,0.0,1959.0,A01,2.0,33,0,0.0,2.0,1.0,13.0,5,8,1900,1,1,1,1,1,4,7,1,2
14416,201600006456,2.0,2,1,1,21.0,0.0,0.0,0.0,1995.0,A01,2.0,33,0,0.0,2.0,1.0,13.0,5,8,1900,1,1,1,1,1,4,7,1,2
14417,201600006456,1.0,1,1,1,11.0,0.0,0.0,0.0,1977.0,B02,1.0,7,0,0.0,2.0,3.0,1.0,5,8,1900,1,1,1,1,1,4,33,2,1
14418,201600006457,1.0,1,2,1,21.0,0.0,0.0,0.0,1984.0,A01,1.0,33,0,2.0,0.0,1.0,1.0,6,18,1830,1,1,1,2,6,4,33,1,1
14419,201600006458,1.0,1,1,2,11.0,0.0,0.0,0.0,1972.0,A01,2.0,7,0,3.0,0.0,3.0,0.0,8,8,800,1,1,1,1,6,1,7,2,2
14420,201600006458,2.0,2,1,2,11.0,0.0,0.0,0.0,1998.0,A01,2.0,7,0,3.0,0.0,3.0,0.0,8,8,800,1,1,1,1,6,1,7,2,2
14421,201600006458,5.0,2,3,1,31.0,0.0,0.0,0.0,2002.0,A01,2.0,7,0,3.0,0.0,3.0,0.0,8,8,800,1,1,1,1,6,1,7,2,2
14422,201600006459,1.0,1,2,2,11.0,0.0,0.0,0.0,1926.0,A01,1.0,7,0,2.0,0.0,1.0,1.0,8,7,1030,1,1,1,1,6,1,7,2,2
14423,201600006460,1.0,1,3,1,11.0,0.0,0.0,0.0,1960.0,A01,1.0,7,0,0.0,2.0,1.0,13.0,10,19,1845,3,1,1,2,1,4,7,2,2
14424,201600006460,1.0,1,3,1,11.0,0.0,0.0,0.0,1937.0,B02,2.0,7,0,0.0,2.0,1.0,0.0,10,19,1845,3,1,1,2,1,4,7,2,2
14425,201600006461,1.0,1,1,1,11.0,0.0,0.0,0.0,1978.0,A01,2.0,10,0,0.0,1.0,1.0,0.0,11,5,1730,5,2,1,2,6,3,10,2,2
14426,201600006461,2.0,2,1,2,11.0,0.0,0.0,0.0,1984.0,A01,2.0,10,0,0.0,1.0,1.0,0.0,11,5,1730,5,2,1,2,6,3,10,2,2
14427,201600006461,0.0,3,3,2,0.0,5.0,3.0,1.0,1960.0,A01,2.0,10,0,0.0,1.0,1.0,0.0,11,5,1730,5,2,1,2,6,3,10,2,2
14428,201600006462,0.0,3,3,1,0.0,0.0,0.0,0.0,2008.0,A01,0.0,7,0,0.0,1.0,3.0,1.0,2,22,1515,1,2,1,1,6,3,7,2,2
14429,201600006462,1.0,1,1,1,11.0,0.0,0.0,0.0,1952.0,A01,0.0,7,0,0.0,1.0,3.0,1.0,2,22,1515,1,2,1,1,6,3,7,2,2
14430,201600006463,1.0,1,1,2,11.0,0.0,0.0,0.0,1950.0,A01,0.0,7,0,14.0,1.0,1.0,0.0,3,15,615,2,2,1,4,6,1,7,2,2
14431,201600006463,0.0,3,3,1,0.0,1.0,9.0,1.0,1997.0,A01,0.0,7,0,14.0,1.0,1.0,0.0,3,15,615,2,2,1,4,6,1,7,2,2
14432,201600006464,1.0,1,1,2,11.0,0.0,0.0,0.0,1952.0,A01,1.0,7,0,0.0,2.0,2.0,15.0,4,10,1600,1,1,1,1,3,3,33,2,1
14433,201600006464,1.0,1,3,1,21.0,0.0,0.0,0.0,1967.0,B02,2.0,33,0,0.0,2.0,1.0,1.0,4,10,1600,1,1,1,1,3,3,7,1,2
14434,201600006465,1.0,1,3,1,13.0,0.0,0.0,0.0,1984.0,A01,1.0,7,0,2.0,0.0,1.0,0.0,4,15,2230,5,1,1,2,6,5,7,2,2
14435,201600006465,2.0,2,3,1,13.0,0.0,0.0,0.0,1972.0,A01,1.0,7,0,2.0,0.0,1.0,0.0,4,15,2230,5,1,1,2,6,5,7,2,2
14436,201600006466,1.0,1,1,1,11.0,0.0,0.0,0.0,1988.0,A01,1.0,10,0,0.0,2.0,2.0,1.0,5,26,2000,1,1,3,1,3,4,7,2,2
14437,201600006466,2.0,2,3,1,11.0,0.0,0.0,0.0,1948.0,A01,1.0,10,0,0.0,2.0,2.0,1.0,5,26,2000,1,1,3,1,3,4,7,2,2
14438,201600006466,1.0,1,1,1,11.0,0.0,0.0,0.0,1995.0,B02,1.0,7,0,0.0,2.0,1.0,19.0,5,26,2000,1,1,3,1,3,4,10,2,2
14439,201600006467,1.0,1,3,1,21.0,0.0,0.0,0.0,1955.0,B02,1.0,1,0,0.0,2.0,1.0,1.0,9,9,915,1,2,1,1,3,1,14,1,3
14440,201600006467,1.0,1,1,1,11.0,0.0,0.0,0.0,1986.0,A01,1.0,14,0,0.0,2.0,5.0,16.0,9,9,915,1,2,1,1,3,1,1,3,1
14441,201600006468,2.0,2,1,2,11.0,0.0,0.0,0.0,1994.0,C03,2.0,7,0,0.0,2.0,1.0,1.0,9,24,1415,1,1,1,1,5,3,33,2,1
14442,201600006468,1.0,1,3,1,11.0,0.0,0.0,0.0,1995.0,C03,2.0,7,0,0.0,2.0,1.0,1.0,9,24,1415,1,1,1,1,5,3,33,2,1
14443,201600006468,2.0,2,1,2,13.0,0.0,0.0,0.0,1938.0,B02,2.0,7,0,0.0,2.0,8.0,1.0,9,24,1415,1,1,1,1,5,3,33,2,1
14444,201600006468,1.0,1,1,1,13.0,0.0,0.0,0.0,1938.0,B02,2.0,7,0,0.0,2.0,8.0,1.0,9,24,1415,1,1,1,1,5,3,33,2,1
14445,201600006468,1.0,1,2,1,21.0,0.0,0.0,0.0,1980.0,A01,1.0,33,0,0.0,2.0,1.0,17.0,9,24,1415,1,1,1,1,5,3,7,1,2
14446,201600006469,1.0,1,1,1,11.0,0.0,0.0,0.0,1946.0,A01,2.0,7,0,0.0,2.0,2.0,15.0,9,29,1130,1,2,3,1,1,1,1,2,1
14447,201600006469,1.0,1,4,1,22.0,0.0,0.0,0.0,1950.0,B02,1.0,1,0,0.0,2.0,1.0,1.0,9,29,1130,1,2,3,1,1,1,7,1,2
14448,201600006470,1.0,1,1,1,11.0,0.0,0.0,0.0,1950.0,A01,2.0,10,0,0.0,2.0,1.0,15.0,10,22,1600,1,1,1,1,1,3,1,2,1
14449,201600006470,1.0,1,4,2,21.0,0.0,0.0,0.0,1988.0,B02,1.0,1,0,0.0,2.0,3.0,1.0,10,22,1600,1,1,1,1,1,3,10,1,2
14450,201600006471,1.0,1,3,1,11.0,0.0,0.0,0.0,1969.0,A01,1.0,7,0,0.0,2.0,8.0,19.0,12,18,1230,1,1,1,1,3,2,10,2,2
14451,201600006471,2.0,2,1,2,11.0,0.0,0.0,0.0,1979.0,A01,1.0,7,0,0.0,2.0,8.0,19.0,12,18,1230,1,1,1,1,3,2,10,2,2
14452,201600006471,1.0,1,1,1,11.0,0.0,0.0,0.0,1963.0,B02,1.0,10,0,0.0,0.0,2.0,17.0,12,18,1230,1,1,1,1,3,2,7,2,2
14453,201600006471,3.0,2,1,2,11.0,0.0,0.0,0.0,1967.0,B02,1.0,10,0,0.0,0.0,2.0,17.0,12,18,1230,1,1,1,1,3,2,7,2,2
14454,201600006471,5.0,2,1,2,11.0,0.0,0.0,0.0,2001.0,B02,1.0,10,0,0.0,0.0,2.0,17.0,12,18,1230,1,1,1,1,3,2,7,2,2
14455,201600006472,2.0,2,1,1,21.0,0.0,0.0,0.0,2001.0,B02,0.0,31,0,0.0,2.0,1.0,1.0,12,20,1930,1,2,1,1,1,4,10,1,2
14456,201600006472,1.0,1,4,1,21.0,0.0,0.0,0.0,2000.0,B02,0.0,31,0,0.0,2.0,1.0,1.0,12,20,1930,1,2,1,1,1,4,10,1,2
14457,201600006472,1.0,1,1,1,13.0,0.0,0.0,0.0,1992.0,A01,2.0,10,0,0.0,2.0,2.0,15.0,12,20,1930,1,2,1,1,1,4,31,2,1
14458,201600006473,1.0,1,3,2,21.0,0.0,0.0,0.0,1992.0,B02,1.0,2,0,0.0,2.0,1.0,1.0,2,15,1800,5,2,1,8,3,4,7,1,2
14459,201600006473,2.0,2,3,2,21.0,0.0,0.0,0.0,1989.0,B02,1.0,2,0,0.0,2.0,1.0,1.0,2,15,1800,5,2,1,8,3,4,7,1,2
14460,201600006473,1.0,1,1,2,11.0,0.0,0.0,0.0,1953.0,A01,2.0,7,0,0.0,2.0,8.0,15.0,2,15,1800,5,2,1,8,3,4,2,2,1
14461,201600006474,0.0,3,3,2,0.0,2.0,3.0,1.0,1941.0,A01,0.0,7,0,0.0,1.0,2.0,1.0,4,23,1800,1,2,1,8,6,4,7,2,2
14462,201600006474,1.0,1,1,2,11.0,0.0,0.0,0.0,1991.0,A01,0.0,7,0,0.0,1.0,2.0,1.0,4,23,1800,1,2,1,8,6,4,7,2,2
14463,201600006475,1.0,1,1,2,11.0,0.0,0.0,0.0,1935.0,A01,1.0,7,0,0.0,1.0,1.0,1.0,7,16,1045,1,2,1,1,6,1,7,2,2
14464,201600006475,0.0,3,3,2,0.0,2.0,3.0,1.0,1928.0,A01,1.0,7,0,0.0,1.0,1.0,1.0,7,16,1045,1,2,1,1,6,1,7,2,2
14465,201600006476,1.0,1,3,1,21.0,0.0,0.0,0.0,1974.0,A01,2.0,33,0,10.0,0.0,1.0,1.0,8,7,1145,1,1,1,1,6,1,33,1,1
14466,201600006476,2.0,2,3,2,21.0,0.0,0.0,0.0,2007.0,A01,2.0,33,0,10.0,0.0,1.0,1.0,8,7,1145,1,1,1,1,6,1,33,1,1
14467,201600006477,1.0,1,2,1,11.0,0.0,0.0,0.0,1984.0,A01,2.0,7,0,2.0,0.0,9.0,1.0,10,2,830,3,1,1,1,6,1,7,2,2
14468,201600006478,1.0,1,3,2,12.0,0.0,0.0,0.0,1996.0,A01,2.0,7,0,0.0,2.0,5.0,13.0,3,8,745,1,1,1,2,1,1,7,2,2
14469,201600006478,1.0,1,4,2,11.0,0.0,0.0,0.0,1973.0,B02,1.0,7,0,0.0,2.0,2.0,2.0,3,8,745,1,1,1,2,1,1,7,2,2
14470,201600006479,1.0,1,1,2,11.0,0.0,0.0,0.0,1983.0,A01,2.0,7,0,0.0,2.0,1.0,1.0,4,2,1145,1,1,1,1,1,1,1,2,1
14471,201600006479,1.0,1,3,1,21.0,0.0,0.0,0.0,1949.0,B02,0.0,1,0,0.0,2.0,8.0,15.0,4,2,1145,1,1,1,1,1,1,7,1,2
14472,201600006480,1.0,1,2,1,11.0,0.0,0.0,0.0,1961.0,B02,1.0,7,0,0.0,2.0,3.0,1.0,4,4,1715,1,1,1,1,5,3,7,2,2
14473,201600006480,1.0,1,3,1,12.0,0.0,0.0,0.0,1931.0,A01,2.0,7,0,0.0,2.0,3.0,5.0,4,4,1715,1,1,1,1,5,3,7,2,2
14474,201600006480,1.0,1,1,1,11.0,0.0,0.0,0.0,1948.0,C03,1.0,7,0,0.0,2.0,8.0,1.0,4,4,1715,1,1,1,1,5,3,7,2,2
14475,201600006481,1.0,1,3,2,11.0,0.0,0.0,0.0,1973.0,A01,0.0,7,0,0.0,2.0,4.0,2.0,4,19,1130,1,1,2,1,2,1,7,2,2
14476,201600006481,1.0,1,1,1,11.0,0.0,0.0,0.0,1997.0,B02,0.0,7,0,1.0,0.0,1.0,2.0,4,19,1130,1,1,2,1,2,1,7,2,2
14477,201600006482,1.0,1,1,2,11.0,0.0,0.0,0.0,1972.0,A01,1.0,7,0,0.0,2.0,8.0,13.0,4,28,1000,1,1,1,1,3,1,7,2,2
14478,201600006482,1.0,1,3,1,11.0,0.0,0.0,0.0,1989.0,B02,1.0,7,0,2.0,0.0,7.0,17.0,4,28,1000,1,1,1,1,3,1,7,2,2
14479,201600006483,1.0,1,1,1,11.0,0.0,0.0,0.0,1987.0,A01,1.0,7,0,0.0,2.0,3.0,13.0,5,8,1100,1,1,1,1,1,1,1,2,1
14480,201600006483,1.0,1,2,1,21.0,0.0,0.0,0.0,1963.0,B02,2.0,1,0,0.0,2.0,1.0,1.0,5,8,1100,1,1,1,1,1,1,7,1,2
14481,201600006484,1.0,1,1,1,11.0,0.0,0.0,0.0,1985.0,A01,0.0,7,0,0.0,2.0,3.0,1.0,5,8,1830,1,2,3,1,3,4,1,2,1
14482,201600006484,1.0,1,4,1,22.0,0.0,0.0,0.0,2002.0,B02,0.0,1,0,0.0,2.0,4.0,1.0,5,8,1830,1,2,3,1,3,4,7,1,2