,Num_Acc,place,catu,grav,sexe,secu,locp,actp,etatp,an_nais,num_veh,senc,catv,occutc,obs,obsm,choc,manv,mois,jour,hrmn,lum,agg,int,atm,col,mom,catvopp,catv_gen,catvopp_gen
14940,201600006696,1.0,1,3,1,11.0,0.0,0.0,0.0,1995.0,A01,2.0,7,0,0.0,2.0,8.0,13.0,10,13,1500,1,1,1,1,1,3,10,2,2
14941,201600006696,1.0,1,4,2,11.0,0.0,0.0,0.0,1973.0,B02,1.0,10,0,0.0,2.0,1.0,1.0,10,13,1500,1,1,1,1,1,3,7,2,2
14942,201600006697,1.0,1,3,1,11.0,0.0,0.0,0.0,1983.0,A01,2.0,7,0,2.0,0.0,1.0,13.0,11,17,2130,3,1,1,1,6,4,7,2,2
14943,201600006698,1.0,1,1,1,11.0,0.0,0.0,0.0,1936.0,A01,2.0,7,0,0.0,2.0,2.0,20.0,3,31,1815,1,2,1,1,3,4,33,2,1
14944,201600006698,1.0,1,3,1,21.0,0.0,0.0,0.0,1962.0,B02,2.0,33,0,0.0,2.0,8.0,1.0,3,31,1815,1,2,1,1,3,4,7,1,2
14945,201600006699,1.0,1,2,2,11.0,0.0,0.0,0.0,1964.0,A01,1.0,7,0,8.0,0.0,1.0,13.0,4,21,1845,1,1,1,1,6,4,7,2,2
14946,201600006700,1.0,1,3,1,11.0,0.0,0.0,0.0,1997.0,A01,1.0,7,0,2.0,0.0,1.0,1.0,6,11,245,3,2,1,1,6,0,7,2,2
14947,201600006701,1.0,1,3,1,22.0,0.0,0.0,0.0,2012.0,B02,0.0,1,0,0.0,2.0,1.0,13.0,7,9,2100,1,2,1,1,2,4,7,1,2
14948,201600006701,1.0,1,1,1,11.0,0.0,0.0,0.0,1996.0,A01,0.0,7,0,0.0,2.0,6.0,20.0,7,9,2100,1,2,1,1,2,4,1,2,1
14949,201600006702,1.0,1,3,1,21.0,0.0,0.0,0.0,1957.0,A01,1.0,34,0,0.0,0.0,0.0,1.0,6,26,1445,1,1,1,1,7,3,34,1,1
14950,201600006703,1.0,1,3,1,11.0,0.0,0.0,0.0,1993.0,A01,1.0,7,0,13.0,0.0,0.0,21.0,6,30,1230,1,1,1,1,6,2,7,2,2
14951,201600006704,1.0,1,1,1,11.0,0.0,0.0,0.0,1977.0,A01,0.0,7,0,0.0,2.0,6.0,15.0,7,11,1930,1,2,3,1,3,4,30,2,1
14952,201600006704,1.0,1,3,1,21.0,0.0,0.0,0.0,1999.0,B02,0.0,30,0,0.0,2.0,1.0,1.0,7,11,1930,1,2,3,1,3,4,7,1,2
14953,201600006705,1.0,1,2,1,11.0,0.0,0.0,0.0,1950.0,A01,1.0,7,0,6.0,0.0,2.0,1.0,8,23,1245,1,2,1,1,6,2,7,2,2
14954,201600006705,2.0,2,1,2,11.0,0.0,0.0,0.0,1956.0,A01,1.0,7,0,6.0,0.0,2.0,1.0,8,23,1245,1,2,1,1,6,2,7,2,2
14955,201600006706,1.0,1,1,2,11.0,0.0,0.0,0.0,1972.0,A01,0.0,7,0,0.0,1.0,2.0,1.0,8,30,1200,1,2,2,7,6,2,7,2,2
14956,201600006706,0.0,3,3,1,0.0,3.0,3.0,1.0,1958.0,A01,0.0,7,0,0.0,1.0,2.0,1.0,8,30,1200,1,2,2,7,6,2,7,2,2
14957,201600006707,1.0,1,3,2,22.0,0.0,0.0,0.0,1970.0,B01,2.0,1,0,0.0,2.0,1.0,1.0,11,24,1750,5,2,6,1,3,3,7,1,2
14958,201600006707,1.0,1,1,1,11.0,0.0,0.0,0.0,1996.0,A01,2.0,7,0,0.0,2.0,2.0,15.0,11,24,1750,5,2,6,1,3,3,1,2,1
14959,201600006708,1.0,1,1,2,11.0,0.0,0.0,0.0,1975.0,A01,2.0,7,0,0.0,1.0,1.0,1.0,12,1,1545,1,2,1,1,6,3,7,2,2
14960,201600006708,2.0,2,1,2,11.0,0.0,0.0,0.0,2004.0,A01,2.0,7,0,0.0,1.0,1.0,1.0,12,1,1545,1,2,1,1,6,3,7,2,2
14961,201600006708,0.0,3,4,1,0.0,3.0,3.0,1.0,1949.0,A01,2.0,7,0,0.0,1.0,1.0,1.0,12,1,1545,1,2,1,1,6,3,7,2,2
14962,201600006709,1.0,1,3,2,11.0,0.0,0.0,0.0,1945.0,A01,1.0,7,0,2.0,0.0,7.0,1.0,6,2,900,1,1,1,2,6,1,7,2,2
14963,201600006710,1.0,1,2,1,21.0,0.0,0.0,0.0,1983.0,A01,1.0,33,0,0.0,2.0,1.0,17.0,6,9,1715,1,1,1,1,1,3,7,1,2
14964,201600006710,1.0,1,4,2,11.0,0.0,0.0,0.0,1995.0,B02,2.0,7,0,0.0,9.0,3.0,1.0,6,9,1715,1,1,1,1,1,3,33,2,1
14965,201600006710,2.0,2,1,1,11.0,0.0,0.0,0.0,1996.0,B02,2.0,7,0,0.0,9.0,3.0,1.0,6,9,1715,1,1,1,1,1,3,33,2,1
14966,201600006711,1.0,1,3,1,21.0,0.0,0.0,0.0,1999.0,B02,1.0,2,0,0.0,2.0,6.0,15.0,6,10,1215,1,1,3,1,2,2,7,1,2
14967,201600006711,1.0,1,1,2,11.0,0.0,0.0,0.0,1978.0,A01,1.0,7,0,0.0,2.0,2.0,17.0,6,10,1215,1,1,3,1,2,2,2,2,1
14968,201600006712,1.0,1,4,2,11.0,0.0,0.0,0.0,1998.0,A01,1.0,7,0,2.0,0.0,1.0,1.0,10,21,145,3,1,1,1,6,0,7,2,2
14969,201600006712,2.0,2,3,2,13.0,0.0,0.0,0.0,1999.0,A01,1.0,7,0,2.0,0.0,1.0,1.0,10,21,145,3,1,1,1,6,0,7,2,2
14970,201600006712,5.0,2,2,2,13.0,0.0,0.0,0.0,1999.0,A01,1.0,7,0,2.0,0.0,1.0,1.0,10,21,145,3,1,1,1,6,0,7,2,2
14971,201600006713,1.0,1,3,1,21.0,0.0,0.0,0.0,2000.0,A01,1.0,31,0,0.0,0.0,0.0,21.0,10,31,1545,1,1,6,1,7,3,31,1,1
14972,201600006714,1.0,1,1,1,13.0,0.0,0.0,0.0,1962.0,A01,1.0,7,0,0.0,2.0,1.0,19.0,11,9,915,1,1,2,1,1,1,7,2,2
14973,201600006714,1.0,1,3,2,13.0,0.0,0.0,0.0,1954.0,B02,1.0,7,0,0.0,2.0,3.0,1.0,11,9,915,1,1,2,1,1,1,7,2,2
14974,201600006715,1.0,1,3,1,13.0,0.0,0.0,0.0,1984.0,A01,1.0,7,0,0.0,2.0,1.0,17.0,11,30,2030,3,1,1,1,1,4,10,2,2
14975,201600006715,2.0,2,3,1,11.0,0.0,0.0,0.0,1973.0,A01,1.0,7,0,0.0,2.0,1.0,17.0,11,30,2030,3,1,1,1,1,4,10,2,2
14976,201600006715,1.0,1,3,1,11.0,0.0,0.0,0.0,1980.0,B02,2.0,10,0,0.0,2.0,1.0,1.0,11,30,2030,3,1,1,1,1,4,7,2,2
14977,201600006716,1.0,1,4,2,11.0,0.0,0.0,0.0,1987.0,A01,2.0,7,0,0.0,2.0,3.0,13.0,12,7,745,1,1,1,5,1,1,7,2,2
14978,201600006716,1.0,1,4,1,11.0,0.0,0.0,0.0,1957.0,B02,1.0,7,0,0.0,2.0,1.0,1.0,12,7,745,1,1,1,5,1,1,7,2,2
14979,201600006717,1.0,1,4,1,11.0,0.0,0.0,0.0,1988.0,A01,1.0,7,0,0.0,2.0,2.0,1.0,12,12,1745,3,1,4,1,3,3,10,2,2
14980,201600006717,1.0,1,1,2,11.0,0.0,0.0,0.0,1942.0,B02,1.0,10,0,0.0,2.0,3.0,10.0,12,12,1745,3,1,4,1,3,3,7,2,2
14981,201600006717,2.0,2,1,1,11.0,0.0,0.0,0.0,1944.0,B02,1.0,10,0,0.0,2.0,3.0,10.0,12,12,1745,3,1,4,1,3,3,7,2,2
14982,201600006718,1.0,1,3,1,11.0,0.0,0.0,0.0,1997.0,B02,0.0,7,0,0.0,2.0,2.0,1.0,2,14,1430,1,1,1,8,3,3,2,2,1
14983,201600006718,1.0,1,3,1,21.0,0.0,0.0,0.0,1989.0,A01,0.0,2,0,0.0,2.0,1.0,1.0,2,14,1430,1,1,1,8,3,3,7,1,2
14984,201600006719,1.0,1,1,1,11.0,0.0,0.0,0.0,1973.0,A01,0.0,10,0,0.0,2.0,1.0,1.0,6,1,845,1,2,3,1,1,1,1,2,1
14985,201600006719,2.0,2,1,1,11.0,0.0,0.0,0.0,1992.0,A01,0.0,10,0,0.0,2.0,1.0,1.0,6,1,845,1,2,3,1,1,1,1,2,1
14986,201600006719,1.0,1,3,1,22.0,0.0,0.0,0.0,1997.0,B02,0.0,1,0,0.0,2.0,8.0,15.0,6,1,845,1,2,3,1,1,1,10,1,2
14987,201600006720,1.0,1,3,1,11.0,0.0,0.0,0.0,1969.0,A01,2.0,7,0,0.0,2.0,1.0,13.0,7,3,400,3,1,1,1,1,0,7,2,2
14988,201600006720,1.0,1,4,1,11.0,0.0,0.0,0.0,1969.0,B02,1.0,7,0,0.0,2.0,3.0,1.0,7,3,400,3,1,1,1,1,0,7,2,2
14989,201600006721,1.0,1,3,1,13.0,0.0,0.0,0.0,1960.0,A01,1.0,7,0,0.0,0.0,9.0,13.0,11,26,2100,3,1,1,1,7,4,7,2,2
14990,201600006722,1.0,1,1,1,11.0,0.0,0.0,0.0,1944.0,A01,2.0,7,0,0.0,1.0,3.0,1.0,1,8,1730,5,2,3,3,6,3,7,2,2
14991,201600006722,0.0,3,4,1,0.0,3.0,3.0,1.0,1979.0,A01,2.0,7,0,0.0,1.0,3.0,1.0,1,8,1730,5,2,3,3,6,3,7,2,2
14992,201600006723,1.0,1,1,1,11.0,0.0,0.0,0.0,1960.0,A01,1.0,14,0,0.0,2.0,3.0,1.0,3,16,730,1,1,1,1,5,1,7,3,2
14993,201600006723,1.0,1,3,2,11.0,0.0,0.0,0.0,1978.0,B02,2.0,7,0,0.0,2.0,3.0,13.0,3,16,730,1,1,1,1,5,1,14,2,3
14994,201600006723,1.0,1,3,2,11.0,0.0,0.0,0.0,1970.0,C03,1.0,7,0,0.0,2.0,1.0,1.0,3,16,730,1,1,1,1,5,1,14,2,3
14995,201600006724,1.0,1,3,1,11.0,0.0,0.0,0.0,1964.0,A01,1.0,7,0,16.0,0.0,1.0,13.0,5,21,800,1,1,1,1,7,1,7,2,2
14996,201600006725,2.0,2,1,2,11.0,0.0,0.0,0.0,1996.0,C01,2.0,7,0,0.0,9.0,3.0,23.0,6,29,1715,1,1,3,7,5,3,34,2,1
14997,201600006725,1.0,1,1,1,11.0,0.0,0.0,0.0,1994.0,C01,2.0,7,0,0.0,9.0,3.0,23.0,6,29,1715,1,1,3,7,5,3,34,2,1
14998,201600006725,1.0,1,2,1,21.0,0.0,0.0,0.0,1988.0,B02,1.0,34,0,0.0,2.0,1.0,1.0,6,29,1715,1,1,3,7,5,3,7,1,2
14999,201600006725,1.0,1,1,2,11.0,0.0,0.0,0.0,1995.0,A01,2.0,7,0,0.0,2.0,2.0,15.0,6,29,1715,1,1,3,7,5,3,34,2,1
15000,201600006726,1.0,1,3,1,21.0,0.0,0.0,0.0,1992.0,A01,0.0,33,0,0.0,2.0,1.0,1.0,10,22,1315,1,2,2,1,1,2,7,1,2
15001,201600006726,1.0,1,1,2,11.0,0.0,0.0,0.0,1987.0,B02,0.0,7,0,0.0,2.0,3.0,15.0,10,22,1315,1,2,2,1,1,2,33,2,1
15002,201600006727,1.0,1,2,1,11.0,0.0,0.0,0.0,1997.0,A01,2.0,7,0,0.0,2.0,7.0,13.0,11,16,1400,1,1,1,2,1,3,7,2,2
15003,201600006727,1.0,1,3,1,11.0,0.0,0.0,0.0,1937.0,B02,1.0,7,0,0.0,2.0,1.0,1.0,11,16,1400,1,1,1,2,1,3,7,2,2
15004,201600006727,2.0,2,3,2,11.0,0.0,0.0,0.0,1937.0,B02,1.0,7,0,0.0,2.0,1.0,1.0,11,16,1400,1,1,1,2,1,3,7,2,2
15005,201600006728,1.0,1,4,1,23.0,0.0,0.0,0.0,1988.0,A01,2.0,30,0,0.0,0.0,0.0,1.0,12,2,1415,1,1,3,1,7,3,30,1,1
15006,201600006729,1.0,1,3,1,21.0,0.0,0.0,0.0,1966.0,A01,2.0,33,0,0.0,0.0,1.0,16.0,1,3,2130,3,1,6,2,7,4,33,1,1
15007,201600006730,1.0,1,3,2,11.0,0.0,0.0,0.0,1971.0,A01,2.0,7,0,2.0,0.0,1.0,1.0,2,1,845,1,1,1,1,6,1,7,2,2
15008,201600006731,1.0,1,3,1,21.0,0.0,0.0,0.0,1965.0,A01,1.0,30,0,0.0,0.0,0.0,1.0,2,7,1145,1,2,1,2,7,1,30,1,1
15009,201600006732,1.0,1,1,1,11.0,0.0,0.0,0.0,1959.0,A01,1.0,7,0,0.0,1.0,2.0,9.0,2,26,1800,2,2,1,1,6,4,7,2,2
15010,201600006732,0.0,3,4,2,0.0,5.0,5.0,1.0,1993.0,A01,1.0,7,0,0.0,1.0,2.0,9.0,2,26,1800,2,2,1,1,6,4,7,2,2
15011,201600006733,1.0,1,1,2,11.0,0.0,0.0,0.0,1964.0,A01,2.0,7,0,0.0,1.0,3.0,1.0,3,10,2245,3,1,1,1,6,5,7,2,2
15012,201600006733,0.0,3,2,2,0.0,1.0,1.0,1.0,1942.0,A01,2.0,7,0,0.0,1.0,3.0,1.0,3,10,2245,3,1,1,1,6,5,7,2,2
15013,201600006734,1.0,1,4,1,21.0,0.0,0.0,0.0,1964.0,B02,0.0,33,0,0.0,2.0,1.0,1.0,3,18,1715,1,2,1,1,1,3,7,1,2
15014,201600006734,1.0,1,1,1,11.0,0.0,0.0,0.0,1979.0,A01,0.0,7,0,0.0,2.0,2.0,15.0,3,18,1715,1,2,1,1,1,3,33,2,1
15015,201600006735,1.0,1,4,2,22.0,0.0,0.0,0.0,1992.0,B02,1.0,1,0,0.0,2.0,7.0,1.0,3,1,745,1,2,6,1,3,1,7,1,2
15016,201600006735,1.0,1,1,1,11.0,0.0,0.0,0.0,1992.0,A01,1.0,7,0,0.0,2.0,3.0,1.0,3,1,745,1,2,6,1,3,1,1,2,1
15017,201600006736,1.0,1,3,1,21.0,0.0,0.0,0.0,1991.0,A01,2.0,33,0,0.0,2.0,1.0,17.0,7,2,1500,1,1,4,1,3,3,7,1,2
15018,201600006736,1.0,1,1,1,11.0,0.0,0.0,0.0,1974.0,B02,1.0,7,0,0.0,2.0,1.0,15.0,7,2,1500,1,1,4,1,3,3,33,2,1
15019,201600006737,1.0,1,4,2,11.0,0.0,0.0,0.0,1966.0,A01,1.0,7,0,0.0,0.0,9.0,1.0,9,2,1145,1,1,1,1,7,1,7,2,2
15020,201600006738,1.0,1,1,1,11.0,0.0,0.0,0.0,1941.0,A01,1.0,7,0,0.0,2.0,2.0,9.0,9,23,930,1,2,2,1,3,1,30,2,1
15021,201600006738,1.0,1,3,1,21.0,0.0,0.0,0.0,1990.0,B01,1.0,30,0,0.0,2.0,1.0,1.0,9,23,930,1,2,2,1,3,1,7,1,2
15022,201600006739,0.0,3,4,1,0.0,8.0,3.0,1.0,1920.0,A01,1.0,7,0,0.0,1.0,7.0,1.0,9,27,1515,1,2,6,1,6,3,7,2,2
15023,201600006739,1.0,1,1,2,11.0,0.0,0.0,0.0,1933.0,A01,1.0,7,0,0.0,1.0,7.0,1.0,9,27,1515,1,2,6,1,6,3,7,2,2
15024,201600006740,1.0,1,4,1,21.0,0.0,0.0,0.0,1962.0,B02,0.0,1,0,0.0,0.0,1.0,1.0,9,25,1700,1,1,1,1,2,3,1,1,1
15025,201600006741,1.0,1,4,1,21.0,0.0,0.0,0.0,1966.0,A01,1.0,30,0,0.0,0.0,7.0,1.0,9,29,1230,1,2,6,1,7,2,30,1,1
15026,201600006742,1.0,1,4,1,21.0,0.0,0.0,0.0,2000.0,B02,1.0,1,0,0.0,2.0,1.0,1.0,10,12,1730,1,1,1,1,3,3,7,1,2
15027,201600006742,1.0,1,1,1,13.0,0.0,0.0,0.0,1948.0,A01,2.0,7,0,0.0,2.0,0.0,16.0,10,12,1730,1,1,1,1,3,3,1,2,1
15028,201600006743,2.0,2,4,1,11.0,0.0,0.0,0.0,1947.0,C03,2.0,7,0,0.0,2.0,5.0,1.0,10,19,1745,1,1,6,1,4,3,7,2,2
15029,201600006743,1.0,1,4,2,11.0,0.0,0.0,0.0,1949.0,C03,2.0,7,0,0.0,2.0,5.0,1.0,10,19,1745,1,1,6,1,4,3,7,2,2
15030,201600006743,2.0,2,1,1,11.0,0.0,0.0,0.0,1961.0,B02,2.0,7,0,0.0,2.0,5.0,2.0,10,19,1745,1,1,6,1,4,3,7,2,2
15031,201600006743,1.0,1,1,1,11.0,0.0,0.0,0.0,1966.0,B02,2.0,7,0,0.0,2.0,5.0,2.0,10,19,1745,1,1,6,1,4,3,7,2,2
15032,201600006743,1.0,1,3,1,11.0,0.0,0.0,0.0,1950.0,A01,2.0,7,0,0.0,2.0,1.0,2.0,10,19,1745,1,1,6,1,4,3,7,2,2
15033,201600006744,1.0,1,4,1,11.0,0.0,0.0,0.0,1947.0,A01,2.0,7,0,8.0,0.0,3.0,19.0,10,15,1900,3,1,1,1,7,4,7,2,2
15034,201600006744,2.0,2,3,1,11.0,0.0,0.0,0.0,1956.0,A01,2.0,7,0,8.0,0.0,3.0,19.0,10,15,1900,3,1,1,1,7,4,7,2,2
15035,201600006745,1.0,1,1,1,11.0,0.0,0.0,0.0,1961.0,A01,1.0,7,0,0.0,2.0,4.0,2.0,10,31,1445,1,1,1,1,4,3,7,2,2
15036,201600006745,1.0,1,4,2,11.0,0.0,0.0,0.0,1989.0,B02,1.0,7,0,0.0,2.0,9.0,2.0,10,31,1445,1,1,1,1,4,3,7,2,2
15037,201600006745,2.0,2,4,1,11.0,0.0,0.0,0.0,1990.0,B02,1.0,7,0,0.0,2.0,9.0,2.0,10,31,1445,1,1,1,1,4,3,7,2,2
15038,201600006745,1.0,1,1,1,11.0,0.0,0.0,0.0,1967.0,C03,1.0,7,0,0.0,2.0,1.0,2.0,10,31,1445,1,1,1,1,4,3,7,2,2
15039,201600006746,1.0,1,1,1,21.0,0.0,0.0,0.0,1999.0,A01,2.0,2,0,0.0,2.0,1.0,1.0,10,22,2015,5,2,3,1,3,4,7,1,2
15040,201600006746,2.0,2,4,2,21.0,0.0,0.0,0.0,2000.0,A01,2.0,2,0,0.0,2.0,1.0,1.0,10,22,2015,5,2,3,1,3,4,7,1,2
15041,201600006746,1.0,1,1,1,11.0,0.0,0.0,0.0,1934.0,B02,1.0,7,0,0.0,2.0,8.0,15.0,10,22,2015,5,2,3,1,3,4,2,2,1
15042,201600006747,1.0,1,1,1,11.0,0.0,0.0,0.0,1954.0,A01,1.0,7,0,0.0,1.0,3.0,19.0,11,9,1115,1,2,1,1,6,1,7,2,2
15043,201600006747,0.0,3,3,1,0.0,4.0,3.0,1.0,1943.0,A01,1.0,7,0,0.0,1.0,3.0,19.0,11,9,1115,1,2,1,1,6,1,7,2,2
15044,201600006748,1.0,1,4,1,11.0,0.0,0.0,0.0,1974.0,A01,0.0,7,0,10.0,0.0,1.0,0.0,11,19,1445,1,1,1,1,6,3,7,2,2
15045,201600006749,1.0,1,3,2,11.0,0.0,0.0,0.0,1998.0,A01,0.0,7,0,0.0,2.0,4.0,23.0,12,22,815,1,2,1,1,2,1,7,2,2
15046,201600006749,1.0,1,1,1,11.0,0.0,0.0,0.0,1983.0,B02,0.0,7,0,0.0,2.0,1.0,1.0,12,22,815,1,2,1,1,2,1,7,2,2
15047,201600006750,0.0,3,3,1,0.0,4.0,3.0,1.0,2009.0,A01,1.0,7,0,0.0,1.0,2.0,11.0,1,4,1145,1,2,1,1,6,1,7,2,2
15048,201600006750,1.0,1,4,2,11.0,0.0,0.0,0.0,1967.0,A01,1.0,7,0,0.0,1.0,2.0,11.0,1,4,1145,1,2,1,1,6,1,7,2,2
15049,201600006751,1.0,1,3,1,11.0,0.0,0.0,0.0,1958.0,A01,2.0,7,0,0.0,2.0,3.0,13.0,1,5,1930,3,1,1,2,3,4,7,2,2
15050,201600006751,1.0,1,1,1,11.0,0.0,0.0,0.0,1983.0,B02,1.0,7,0,0.0,2.0,3.0,1.0,1,5,1930,3,1,1,2,3,4,7,2,2
15051,201600006751,2.0,2,1,1,11.0,0.0,0.0,0.0,1980.0,B02,1.0,7,0,0.0,2.0,3.0,1.0,1,5,1930,3,1,1,2,3,4,7,2,2
15052,201600006752,1.0,1,4,1,11.0,0.0,0.0,0.0,1987.0,A01,1.0,7,0,0.0,2.0,1.0,13.0,2,17,1615,1,1,1,1,1,3,7,2,2
15053,201600006752,1.0,1,3,1,11.0,0.0,0.0,0.0,1946.0,B02,2.0,7,0,0.0,2.0,1.0,1.0,2,17,1615,1,1,1,1,1,3,7,2,2
15054,201600006752,2.0,2,3,2,11.0,0.0,0.0,0.0,1944.0,B02,2.0,7,0,0.0,2.0,1.0,1.0,2,17,1615,1,1,1,1,1,3,7,2,2
15055,201600006753,1.0,1,4,1,21.0,0.0,0.0,0.0,1999.0,A01,1.0,2,0,12.0,0.0,1.0,14.0,6,24,2145,5,2,1,1,7,4,2,1,1
15056,201600006753,2.0,2,3,2,21.0,0.0,0.0,0.0,2000.0,A01,1.0,2,0,12.0,0.0,1.0,14.0,6,24,2145,5,2,1,1,7,4,2,1,1
15057,201600006754,1.0,1,3,1,21.0,0.0,0.0,0.0,1961.0,A01,2.0,31,0,1.0,0.0,0.0,1.0,6,29,1615,1,2,1,1,7,3,7,1,2
15058,201600006754,1.0,1,1,2,11.0,0.0,0.0,0.0,1985.0,B02,1.0,7,0,0.0,0.0,0.0,20.0,6,29,1615,1,2,1,1,7,3,31,2,1
15059,201600006755,1.0,1,3,2,11.0,0.0,0.0,0.0,1951.0,A01,1.0,7,0,0.0,2.0,3.0,13.0,7,16,1030,1,1,1,1,1,1,7,2,2
15060,201600006755,1.0,1,3,2,11.0,0.0,0.0,0.0,1950.0,B02,2.0,7,0,0.0,2.0,3.0,1.0,7,16,1030,1,1,1,1,1,1,7,2,2
15061,201600006756,1.0,1,3,1,11.0,0.0,0.0,0.0,1996.0,A01,1.0,7,0,2.0,0.0,8.0,1.0,8,5,1330,1,1,1,8,6,2,7,2,2
15062,201600006757,1.0,1,1,1,11.0,0.0,0.0,0.0,1987.0,B02,2.0,7,0,0.0,2.0,7.0,9.0,8,20,1330,1,2,1,1,3,2,33,2,1
15063,201600006757,1.0,1,3,1,21.0,0.0,0.0,0.0,1974.0,A01,2.0,33,0,0.0,2.0,3.0,1.0,8,20,1330,1,2,1,1,3,2,7,1,2
15064,201600006758,1.0,1,1,1,11.0,0.0,0.0,0.0,1977.0,A01,2.0,7,0,0.0,0.0,0.0,9.0,8,24,1830,1,2,3,1,7,4,33,2,1
15065,201600006758,2.0,2,1,2,11.0,0.0,0.0,0.0,1985.0,A01,2.0,7,0,0.0,0.0,0.0,9.0,8,24,1830,1,2,3,1,7,4,33,2,1
15066,201600006758,1.0,1,4,1,21.0,0.0,0.0,0.0,1985.0,B02,1.0,33,0,13.0,0.0,0.0,21.0,8,24,1830,1,2,3,1,7,4,7,1,2
15067,201600006759,1.0,1,1,1,11.0,0.0,0.0,0.0,1941.0,A01,2.0,7,0,0.0,2.0,3.0,15.0,10,18,1445,1,1,1,1,3,3,33,2,1
15068,201600006759,1.0,1,3,1,21.0,0.0,0.0,0.0,1944.0,B02,1.0,33,0,0.0,0.0,8.0,1.0,10,18,1445,1,1,1,1,3,3,7,1,2
15069,201600006760,1.0,1,3,1,11.0,0.0,0.0,0.0,1985.0,A01,2.0,7,0,2.0,0.0,3.0,1.0,10,25,2315,5,2,1,1,6,5,7,2,2
15070,201600006761,1.0,1,3,1,21.0,0.0,0.0,0.0,1976.0,A01,0.0,31,0,0.0,0.0,7.0,21.0,11,23,1645,1,1,1,1,7,3,31,1,1
15071,201600006762,1.0,1,1,1,11.0,0.0,0.0,0.0,1973.0,B02,0.0,37,0,0.0,2.0,5.0,9.0,12,1,1430,1,2,1,1,3,3,7,3,2
15072,201600006762,1.0,1,3,1,11.0,0.0,0.0,0.0,1973.0,A01,1.0,7,0,0.0,2.0,2.0,1.0,12,1,1430,1,2,1,1,3,3,37,2,3
15073,201600006763,1.0,1,3,1,11.0,0.0,0.0,0.0,1972.0,A01,1.0,7,0,0.0,0.0,6.0,1.0,2,9,945,1,1,2,1,3,1,7,2,2
15074,201600006763,1.0,1,1,1,11.0,0.0,0.0,0.0,1986.0,B02,2.0,7,0,0.0,2.0,1.0,9.0,2,9,945,1,1,2,1,3,1,7,2,2
15075,201600006764,1.0,1,3,1,11.0,0.0,0.0,0.0,1970.0,A01,1.0,10,0,2.0,0.0,1.0,14.0,2,19,845,1,1,1,1,6,1,10,2,2
15076,201600006765,1.0,1,3,2,11.0,0.0,0.0,0.0,1934.0,A01,1.0,7,0,13.0,0.0,1.0,14.0,4,21,1045,1,1,1,1,7,1,7,2,2
15077,201600006766,2.0,2,1,2,11.0,0.0,0.0,0.0,1994.0,A01,1.0,7,0,6.0,0.0,1.0,13.0,4,28,115,3,1,1,1,6,0,7,2,2
15078,201600006766,1.0,1,3,1,11.0,0.0,0.0,0.0,1994.0,A01,1.0,7,0,6.0,0.0,1.0,13.0,4,28,115,3,1,1,1,6,0,7,2,2
15079,201600006767,1.0,1,1,1,11.0,0.0,0.0,0.0,1992.0,B02,1.0,7,0,3.0,2.0,1.0,1.0,5,8,200,3,1,6,1,3,0,7,2,2
15080,201600006767,1.0,1,3,1,11.0,0.0,0.0,0.0,1964.0,A01,2.0,7,0,0.0,2.0,6.0,1.0,5,8,200,3,1,6,1,3,0,7,2,2
15081,201600006768,1.0,1,1,1,91.0,0.0,0.0,0.0,1971.0,A01,0.0,39,1,0.0,1.0,1.0,1.0,5,12,1530,1,2,8,3,6,3,39,3,3
15082,201600006768,0.0,3,2,1,0.0,1.0,3.0,1.0,1940.0,A01,0.0,39,1,0.0,1.0,1.0,1.0,5,12,1530,1,2,8,3,6,3,39,3,3
15083,201600006769,1.0,1,1,2,11.0,0.0,0.0,0.0,1992.0,A01,2.0,7,0,0.0,0.0,4.0,23.0,6,24,1115,1,2,1,1,2,1,33,2,1
15084,201600006769,1.0,1,3,1,21.0,0.0,0.0,0.0,1955.0,B02,2.0,33,0,0.0,0.0,1.0,1.0,6,24,1115,1,2,1,1,2,1,7,1,2
15085,201600006770,1.0,1,3,1,21.0,0.0,0.0,0.0,2000.0,A01,2.0,30,0,13.0,0.0,2.0,1.0,8,3,1445,1,1,1,1,7,3,30,1,1
15086,201600006771,1.0,1,3,1,11.0,0.0,0.0,0.0,1993.0,A01,2.0,7,0,15.0,0.0,1.0,1.0,8,18,1900,1,2,1,1,6,4,7,2,2
15087,201600006772,1.0,1,3,1,11.0,0.0,0.0,0.0,1985.0,A01,2.0,7,0,6.0,0.0,1.0,1.0,10,2,745,2,2,1,1,6,1,7,2,2
15088,201600006773,1.0,1,3,1,21.0,0.0,0.0,0.0,1999.0,A01,1.0,2,0,11.0,0.0,8.0,1.0,11,19,1800,5,2,1,2,7,4,2,1,1
15089,201600006773,2.0,2,4,2,21.0,0.0,0.0,0.0,2000.0,A01,1.0,2,0,11.0,0.0,8.0,1.0,11,19,1800,5,2,1,2,7,4,2,1,1
15090,201600006774,1.0,1,4,2,13.0,0.0,0.0,0.0,1994.0,A01,1.0,7,0,13.0,0.0,2.0,1.0,12,1,1215,1,1,1,1,6,2,7,2,2
15091,201600006775,1.0,1,3,1,13.0,0.0,0.0,0.0,1997.0,A01,1.0,7,0,0.0,0.0,1.0,17.0,12,2,1800,3,1,1,1,7,4,7,2,2