,Num_Acc,place,catu,grav,sexe,secu,locp,actp,etatp,an_nais,num_veh,senc,catv,occutc,obs,obsm,choc,manv,mois,jour,hrmn,lum,agg,int,atm,col,mom,catvopp,catv_gen,catvopp_gen
15549,201600006996,2.0,2,3,2,11.0,0.0,0.0,0.0,1937.0,B02,0.0,7,0,0.0,2.0,8.0,19.0,7,12,845,1,2,2,1,3,1,7,2,2
15550,201600006997,1.0,1,4,1,11.0,0.0,0.0,0.0,1988.0,A01,2.0,10,0,1.0,0.0,2.0,14.0,9,10,1445,1,2,1,1,6,3,7,2,2
15551,201600006997,0.0,3,4,1,0.0,2.0,0.0,1.0,1973.0,B02,2.0,7,0,1.0,1.0,2.0,24.0,9,10,1445,1,2,1,1,6,3,10,2,2
15552,201600006997,1.0,1,1,1,11.0,0.0,0.0,0.0,1962.0,B02,2.0,7,0,1.0,1.0,2.0,24.0,9,10,1445,1,2,1,1,6,3,10,2,2
15553,201600006998,1.0,1,3,1,21.0,0.0,0.0,0.0,1983.0,A01,2.0,33,0,0.0,2.0,0.0,17.0,9,9,1845,1,1,1,1,7,4,33,1,1
15554,201600006999,1.0,1,3,1,22.0,0.0,0.0,0.0,1989.0,B02,0.0,2,0,0.0,2.0,1.0,13.0,5,12,1930,1,2,1,2,1,4,7,1,2
15555,201600006999,1.0,1,4,2,11.0,0.0,0.0,0.0,1974.0,A01,1.0,7,0,0.0,2.0,2.0,5.0,5,12,1930,1,2,1,2,1,4,2,2,1
15556,201600007000,1.0,1,3,1,11.0,0.0,0.0,0.0,1997.0,B02,1.0,7,0,0.0,2.0,1.0,1.0,6,28,1915,1,1,1,1,1,4,7,2,2
15557,201600007000,1.0,1,3,1,11.0,0.0,0.0,0.0,1991.0,A01,2.0,7,0,0.0,2.0,1.0,13.0,6,28,1915,1,1,1,1,1,4,7,2,2
15558,201600007001,1.0,1,1,2,11.0,0.0,0.0,0.0,1989.0,A01,1.0,7,0,0.0,1.0,2.0,1.0,7,19,1100,1,2,1,1,6,1,7,2,2
15559,201600007001,0.0,3,3,2,0.0,4.0,3.0,1.0,1943.0,A01,1.0,7,0,0.0,1.0,2.0,1.0,7,19,1100,1,2,1,1,6,1,7,2,2
15560,201600007002,1.0,1,4,1,13.0,0.0,0.0,0.0,1993.0,A01,0.0,7,0,0.0,0.0,9.0,1.0,8,14,415,3,1,1,1,7,0,7,2,2
15561,201600007002,2.0,2,4,1,13.0,0.0,0.0,0.0,1992.0,A01,0.0,7,0,0.0,0.0,9.0,1.0,8,14,415,3,1,1,1,7,0,7,2,2
15562,201600007002,5.0,2,4,1,13.0,0.0,0.0,0.0,1991.0,A01,0.0,7,0,0.0,0.0,9.0,1.0,8,14,415,3,1,1,1,7,0,7,2,2
15563,201600007003,1.0,1,3,1,21.0,0.0,0.0,0.0,1954.0,B02,2.0,33,0,0.0,2.0,7.0,17.0,9,12,915,1,1,1,1,3,1,7,1,2
15564,201600007003,1.0,1,1,1,11.0,0.0,0.0,0.0,1992.0,A01,2.0,7,0,0.0,2.0,8.0,17.0,9,12,915,1,1,1,1,3,1,33,2,1
15565,201600007004,2.0,2,1,1,11.0,0.0,0.0,0.0,1985.0,A01,2.0,7,0,2.0,2.0,3.0,13.0,9,15,1930,1,2,1,1,3,4,10,2,2
15566,201600007004,1.0,1,4,1,11.0,0.0,0.0,0.0,1985.0,A01,2.0,7,0,2.0,2.0,3.0,13.0,9,15,1930,1,2,1,1,3,4,10,2,2
15567,201600007004,1.0,1,1,1,11.0,0.0,0.0,0.0,1971.0,B02,1.0,10,0,6.0,2.0,7.0,21.0,9,15,1930,1,2,1,1,3,4,7,2,2
15568,201600007005,1.0,1,2,1,21.0,0.0,0.0,0.0,1947.0,B02,1.0,1,0,0.0,2.0,1.0,1.0,10,2,915,1,1,1,1,1,1,7,1,2
15569,201600007005,1.0,1,1,1,11.0,0.0,0.0,0.0,1998.0,A01,2.0,7,0,0.0,2.0,1.0,13.0,10,2,915,1,1,1,1,1,1,1,2,1
15570,201600007005,2.0,2,1,1,11.0,0.0,0.0,0.0,1998.0,A01,2.0,7,0,0.0,2.0,1.0,13.0,10,2,915,1,1,1,1,1,1,1,2,1
15571,201600007006,1.0,1,1,2,11.0,0.0,0.0,0.0,1983.0,A01,1.0,7,0,0.0,1.0,2.0,1.0,10,22,815,1,1,1,1,6,1,7,2,2
15572,201600007006,0.0,3,2,1,0.0,1.0,3.0,1.0,1951.0,A01,1.0,7,0,0.0,1.0,2.0,1.0,10,22,815,1,1,1,1,6,1,7,2,2
15573,201600007007,1.0,1,1,1,11.0,0.0,0.0,0.0,1945.0,A01,1.0,7,0,2.0,0.0,1.0,1.0,7,17,1430,1,1,1,1,6,3,7,2,2
15574,201600007007,2.0,2,3,2,11.0,0.0,0.0,0.0,1949.0,A01,1.0,7,0,2.0,0.0,1.0,1.0,7,17,1430,1,1,1,1,6,3,7,2,2
15575,201600007008,1.0,1,4,1,21.0,0.0,0.0,0.0,1978.0,A01,1.0,33,0,0.0,2.0,1.0,1.0,7,19,1730,1,1,1,1,2,3,33,1,1
15576,201600007008,1.0,1,1,1,21.0,0.0,0.0,0.0,1965.0,B02,1.0,33,0,0.0,2.0,4.0,1.0,7,19,1730,1,1,1,1,2,3,33,1,1
15577,201600007009,1.0,1,3,1,11.0,0.0,0.0,0.0,1958.0,A01,2.0,7,0,8.0,0.0,1.0,1.0,8,7,1345,1,1,1,1,6,2,7,2,2
15578,201600007009,2.0,2,2,2,11.0,0.0,0.0,0.0,1935.0,A01,2.0,7,0,8.0,0.0,1.0,1.0,8,7,1345,1,1,1,1,6,2,7,2,2
15579,201600007010,1.0,1,1,1,11.0,0.0,0.0,0.0,1976.0,A01,2.0,20,0,0.0,2.0,5.0,1.0,8,8,1045,1,2,1,1,1,1,1,0,1
15580,201600007010,1.0,1,2,1,22.0,0.0,0.0,0.0,2010.0,B02,2.0,1,0,0.0,2.0,8.0,1.0,8,8,1045,1,2,1,1,1,1,20,1,0
15581,201600007011,1.0,1,1,2,11.0,0.0,0.0,0.0,1961.0,A01,1.0,7,0,0.0,2.0,6.0,9.0,10,5,1745,1,2,3,1,2,3,33,2,1
15582,201600007011,1.0,1,3,2,21.0,0.0,0.0,0.0,1994.0,B02,1.0,33,0,0.0,2.0,1.0,1.0,10,5,1745,1,2,3,1,2,3,7,1,2
15583,201600007012,1.0,1,4,1,11.0,0.0,0.0,0.0,1934.0,B02,1.0,7,0,0.0,2.0,1.0,1.0,10,9,1745,1,1,3,1,1,3,7,2,2
15584,201600007012,2.0,2,3,2,11.0,0.0,0.0,0.0,1938.0,B02,1.0,7,0,0.0,2.0,1.0,1.0,10,9,1745,1,1,3,1,1,3,7,2,2
15585,201600007012,1.0,1,3,1,13.0,0.0,0.0,0.0,1953.0,A01,2.0,7,0,0.0,2.0,3.0,9.0,10,9,1745,1,1,3,1,1,3,7,2,2
15586,201600007013,1.0,1,3,1,11.0,0.0,0.0,0.0,1936.0,A01,0.0,7,0,13.0,0.0,9.0,1.0,10,20,1430,1,1,1,1,6,3,7,2,2
15587,201600007014,1.0,1,3,1,11.0,0.0,0.0,0.0,1915.0,A01,1.0,3,0,0.0,2.0,3.0,13.0,11,5,1600,1,1,1,1,1,3,7,0,2
15588,201600007014,1.0,1,1,1,11.0,0.0,0.0,0.0,1996.0,B02,2.0,7,0,0.0,2.0,3.0,1.0,11,5,1600,1,1,1,1,1,3,3,2,0
15589,201600007015,1.0,1,3,2,11.0,0.0,0.0,0.0,1951.0,A01,1.0,10,0,2.0,0.0,1.0,1.0,7,9,1,3,1,1,1,6,0,10,2,2
15590,201600007015,2.0,2,2,1,11.0,0.0,0.0,0.0,1950.0,A01,1.0,10,0,2.0,0.0,1.0,1.0,7,9,1,3,1,1,1,6,0,10,2,2
15591,201600007016,1.0,1,3,1,11.0,0.0,0.0,0.0,1956.0,A01,1.0,7,0,0.0,2.0,1.0,1.0,7,31,1100,1,1,2,1,3,1,10,2,2
15592,201600007016,1.0,1,3,1,11.0,0.0,0.0,0.0,1982.0,B02,1.0,10,0,0.0,0.0,2.0,19.0,7,31,1100,1,1,2,1,3,1,7,2,2
15593,201600007017,1.0,1,1,1,11.0,0.0,0.0,0.0,1973.0,B02,2.0,21,0,0.0,0.0,8.0,1.0,8,4,1600,1,1,1,2,1,3,7,0,2
15594,201600007017,2.0,2,1,1,13.0,0.0,0.0,0.0,2008.0,B02,2.0,21,0,0.0,0.0,8.0,1.0,8,4,1600,1,1,1,2,1,3,7,0,2
15595,201600007017,1.0,1,3,2,11.0,0.0,0.0,0.0,1994.0,A01,1.0,7,0,0.0,2.0,1.0,1.0,8,4,1600,1,1,1,2,1,3,21,2,0
15596,201600007018,1.0,1,3,2,11.0,0.0,0.0,0.0,1995.0,A01,2.0,7,0,0.0,0.0,1.0,1.0,1,14,545,2,1,1,4,7,0,7,2,2
15597,201600007019,3.0,2,3,2,11.0,0.0,0.0,0.0,2001.0,A01,1.0,7,0,0.0,0.0,1.0,1.0,1,16,1445,1,1,1,9,7,3,7,2,2
15598,201600007019,1.0,1,3,2,11.0,0.0,0.0,0.0,1992.0,A01,1.0,7,0,0.0,0.0,1.0,1.0,1,16,1445,1,1,1,9,7,3,7,2,2
15599,201600007019,2.0,2,3,2,11.0,0.0,0.0,0.0,2001.0,A01,1.0,7,0,0.0,0.0,1.0,1.0,1,16,1445,1,1,1,9,7,3,7,2,2
15600,201600007020,1.0,1,1,1,11.0,0.0,0.0,0.0,1995.0,A01,2.0,7,0,0.0,2.0,1.0,1.0,8,2,1230,1,1,1,2,1,2,7,2,2
15601,201600007020,1.0,1,1,2,11.0,0.0,0.0,0.0,1955.0,B02,1.0,7,0,0.0,2.0,3.0,1.0,8,2,1230,1,1,1,2,1,2,7,2,2
15602,201600007020,2.0,2,3,2,11.0,0.0,0.0,0.0,1957.0,B02,1.0,7,0,0.0,2.0,3.0,1.0,8,2,1230,1,1,1,2,1,2,7,2,2
15603,201600007020,3.0,2,1,2,11.0,0.0,0.0,0.0,2009.0,B02,1.0,7,0,0.0,2.0,3.0,1.0,8,2,1230,1,1,1,2,1,2,7,2,2
15604,201600007020,4.0,2,3,1,11.0,0.0,0.0,0.0,1950.0,B02,1.0,7,0,0.0,2.0,3.0,1.0,8,2,1230,1,1,1,2,1,2,7,2,2
15605,201600007021,1.0,1,3,1,21.0,0.0,0.0,0.0,2000.0,A01,0.0,30,0,0.0,2.0,0.0,21.0,9,1,1130,1,2,1,1,7,1,30,1,1
15606,201600007022,1.0,1,1,1,11.0,0.0,0.0,0.0,1990.0,A01,2.0,7,0,13.0,0.0,1.0,1.0,4,10,915,1,1,1,1,6,1,7,2,2
15607,201600007022,2.0,2,3,1,11.0,0.0,0.0,0.0,1976.0,A01,2.0,7,0,13.0,0.0,1.0,1.0,4,10,915,1,1,1,1,6,1,7,2,2
15608,201600007022,4.0,2,4,2,12.0,0.0,0.0,0.0,1979.0,A01,2.0,7,0,13.0,0.0,1.0,1.0,4,10,915,1,1,1,1,6,1,7,2,2
15609,201600007023,1.0,1,3,1,21.0,0.0,0.0,0.0,1996.0,B02,2.0,30,0,0.0,2.0,4.0,16.0,4,19,1400,1,2,6,1,2,3,10,1,2
15610,201600007023,1.0,1,1,1,11.0,0.0,0.0,0.0,1948.0,A01,2.0,10,0,0.0,2.0,1.0,9.0,4,19,1400,1,2,6,1,2,3,30,2,1
15611,201600007024,5.0,2,1,2,11.0,0.0,0.0,0.0,2008.0,A01,1.0,7,0,13.0,0.0,1.0,13.0,5,31,1930,1,1,1,1,6,4,7,2,2
15612,201600007024,5.0,2,3,2,11.0,0.0,0.0,0.0,2003.0,A01,1.0,7,0,13.0,0.0,1.0,13.0,5,31,1930,1,1,1,1,6,4,7,2,2
15613,201600007024,1.0,1,1,2,11.0,0.0,0.0,0.0,1981.0,A01,1.0,7,0,13.0,0.0,1.0,13.0,5,31,1930,1,1,1,1,6,4,7,2,2
15614,201600007025,1.0,1,1,1,11.0,0.0,0.0,0.0,1976.0,A01,2.0,10,0,0.0,1.0,1.0,16.0,1,22,1045,1,2,1,7,6,1,10,2,2
15615,201600007025,0.0,3,3,1,0.0,3.0,3.0,2.0,1923.0,A01,2.0,10,0,0.0,1.0,1.0,16.0,1,22,1045,1,2,1,7,6,1,10,2,2
15616,201600007025,0.0,3,2,2,0.0,3.0,3.0,2.0,1926.0,A01,2.0,10,0,0.0,1.0,1.0,16.0,1,22,1045,1,2,1,7,6,1,10,2,2
15617,201600007026,1.0,1,3,2,11.0,0.0,0.0,0.0,1981.0,A01,1.0,7,0,2.0,0.0,1.0,1.0,4,25,815,1,1,1,1,6,1,7,2,2
15618,201600007027,1.0,1,1,1,11.0,0.0,0.0,0.0,1944.0,A01,2.0,7,0,0.0,2.0,1.0,15.0,5,5,1745,1,2,1,1,1,3,33,2,1
15619,201600007027,1.0,1,4,2,21.0,0.0,0.0,0.0,1992.0,B02,1.0,33,0,0.0,2.0,1.0,1.0,5,5,1745,1,2,1,1,1,3,7,1,2
15620,201600007028,1.0,1,2,1,21.0,0.0,0.0,0.0,1947.0,A01,2.0,1,0,0.0,0.0,1.0,1.0,7,18,1130,1,1,1,1,7,1,1,1,1
15621,201600007029,1.0,1,3,1,12.0,0.0,0.0,0.0,1975.0,A01,1.0,7,0,0.0,2.0,1.0,1.0,9,10,215,5,2,1,1,1,0,15,2,3
15622,201600007029,1.0,1,1,1,11.0,0.0,0.0,0.0,1978.0,B02,2.0,15,0,0.0,2.0,1.0,1.0,9,10,215,5,2,1,1,1,0,7,3,2
15623,201600007030,1.0,1,3,1,11.0,0.0,0.0,0.0,1951.0,A01,2.0,7,0,2.0,0.0,1.0,1.0,9,26,800,1,1,1,5,6,1,7,2,2
15624,201600007031,1.0,1,3,2,11.0,0.0,0.0,0.0,1944.0,A01,2.0,7,0,2.0,0.0,1.0,1.0,10,4,2015,3,1,1,1,6,4,7,2,2
15625,201600007032,1.0,1,2,1,11.0,0.0,0.0,0.0,1981.0,A01,1.0,7,0,6.0,0.0,3.0,1.0,10,14,445,3,2,1,1,6,0,7,2,2
15626,201600007033,1.0,1,3,1,21.0,0.0,0.0,0.0,1959.0,A01,1.0,30,0,8.0,0.0,1.0,1.0,10,29,1645,1,1,8,1,6,3,30,1,1
15627,201600007034,1.0,1,2,2,11.0,0.0,0.0,0.0,1985.0,A01,2.0,7,0,2.0,0.0,2.0,1.0,12,11,430,3,1,1,1,6,0,7,2,2
15628,201600007035,1.0,1,3,1,11.0,0.0,0.0,0.0,1967.0,C02,2.0,15,0,0.0,2.0,1.0,1.0,3,29,945,1,1,1,1,5,1,7,3,2
15629,201600007035,1.0,1,1,1,11.0,0.0,0.0,0.0,1942.0,B01,1.0,7,0,0.0,2.0,6.0,16.0,3,29,945,1,1,1,1,5,1,15,2,3
15630,201600007035,1.0,1,2,1,11.0,0.0,0.0,0.0,1987.0,A04,1.0,15,0,0.0,2.0,1.0,21.0,3,29,945,1,1,1,1,5,1,7,3,2
15631,201600007036,1.0,1,3,1,21.0,0.0,0.0,0.0,1960.0,C02,1.0,1,0,0.0,0.0,0.0,0.0,4,13,1600,1,1,1,1,5,3,1,1,1
15632,201600007036,1.0,1,3,2,21.0,0.0,0.0,0.0,1955.0,B01,1.0,1,0,0.0,0.0,0.0,0.0,4,13,1600,1,1,1,1,5,3,1,1,1
15633,201600007036,1.0,1,3,1,21.0,0.0,0.0,0.0,1940.0,A03,1.0,1,0,0.0,0.0,0.0,0.0,4,13,1600,1,1,1,1,5,3,1,1,1
15634,201600007037,1.0,1,3,1,13.0,0.0,0.0,0.0,1980.0,A01,2.0,7,0,0.0,0.0,9.0,16.0,8,20,1545,1,1,1,1,6,3,7,2,2
15635,201600007038,1.0,1,1,2,13.0,0.0,0.0,0.0,1960.0,A01,0.0,7,0,0.0,2.0,2.0,19.0,9,21,1800,1,2,1,1,3,4,2,2,1
15636,201600007038,1.0,1,4,1,21.0,0.0,0.0,0.0,2000.0,B02,0.0,2,0,0.0,2.0,1.0,19.0,9,21,1800,1,2,1,1,3,4,7,1,2
15637,201600007039,1.0,1,3,1,21.0,0.0,0.0,0.0,1992.0,A01,2.0,33,0,0.0,0.0,3.0,1.0,4,14,1600,1,2,1,1,7,3,33,1,1
15638,201600007039,2.0,2,1,1,21.0,0.0,0.0,0.0,1992.0,A01,2.0,33,0,0.0,0.0,3.0,1.0,4,14,1600,1,2,1,1,7,3,33,1,1
15639,201600007040,1.0,1,3,1,21.0,0.0,0.0,0.0,1951.0,A01,1.0,36,0,0.0,0.0,9.0,1.0,5,8,1615,1,1,1,1,7,3,36,1,1
15640,201600007041,1.0,1,4,1,11.0,0.0,0.0,0.0,1966.0,A01,1.0,17,0,0.0,2.0,3.0,1.0,7,12,700,1,1,1,1,1,1,7,3,2
15641,201600007041,1.0,1,2,1,11.0,0.0,0.0,0.0,1989.0,B02,2.0,7,0,0.0,2.0,3.0,13.0,7,12,700,1,1,1,1,1,1,17,2,3
15642,201600007042,1.0,1,3,1,21.0,0.0,0.0,0.0,1972.0,A01,1.0,33,0,0.0,0.0,0.0,1.0,7,24,1915,1,1,1,1,7,4,33,1,1
15643,201600007043,1.0,1,3,1,11.0,0.0,0.0,0.0,1970.0,A01,1.0,7,0,13.0,0.0,2.0,13.0,8,3,1715,1,1,1,1,6,3,7,2,2
15644,201600007044,1.0,1,1,2,11.0,0.0,0.0,0.0,1980.0,A01,1.0,7,0,0.0,2.0,2.0,2.0,10,22,1945,3,1,1,1,2,4,1,2,1
15645,201600007044,1.0,1,3,1,42.0,0.0,0.0,0.0,1966.0,B02,1.0,1,0,0.0,2.0,4.0,2.0,10,22,1945,3,1,1,1,2,4,7,1,2
15646,201600007045,1.0,1,3,1,21.0,0.0,0.0,0.0,1982.0,A01,1.0,31,0,0.0,2.0,1.0,2.0,12,2,1515,1,2,1,1,2,3,7,1,2
15647,201600007045,1.0,1,1,1,11.0,0.0,0.0,0.0,1986.0,B02,1.0,7,0,0.0,2.0,4.0,1.0,12,2,1515,1,2,1,1,2,3,31,2,1
15648,201600007046,1.0,1,3,1,11.0,0.0,0.0,0.0,1995.0,B02,1.0,7,0,0.0,2.0,3.0,1.0,12,19,1900,3,1,1,1,1,4,7,2,2
15649,201600007046,2.0,2,3,2,11.0,0.0,0.0,0.0,1994.0,B02,1.0,7,0,0.0,2.0,3.0,1.0,12,19,1900,3,1,1,1,1,4,7,2,2
15650,201600007046,1.0,1,2,1,12.0,0.0,0.0,0.0,1958.0,A01,2.0,7,0,0.0,2.0,3.0,13.0,12,19,1900,3,1,1,1,1,4,7,2,2
15651,201600007047,1.0,1,3,1,11.0,0.0,0.0,0.0,1961.0,A01,1.0,7,0,2.0,0.0,3.0,13.0,1,5,1045,1,1,1,1,6,1,7,2,2
15652,201600007048,1.0,1,3,1,21.0,0.0,0.0,0.0,1997.0,A01,2.0,33,0,0.0,2.0,1.0,17.0,4,9,1615,1,2,1,1,3,3,7,1,2
15653,201600007048,1.0,1,1,1,11.0,0.0,0.0,0.0,1952.0,B02,2.0,7,0,0.0,2.0,3.0,15.0,4,9,1615,1,2,1,1,3,3,33,2,1
15654,201600007049,1.0,1,4,1,21.0,0.0,0.0,0.0,1995.0,A01,2.0,31,0,0.0,2.0,1.0,17.0,4,29,1415,1,2,1,1,3,3,7,1,2
15655,201600007049,1.0,1,1,2,11.0,0.0,0.0,0.0,1976.0,B02,2.0,7,0,0.0,2.0,3.0,15.0,4,29,1415,1,2,1,1,3,3,31,2,1
15656,201600007050,1.0,1,3,1,21.0,0.0,0.0,0.0,1969.0,A01,2.0,30,0,0.0,0.0,0.0,1.0,6,2,30,3,2,1,3,7,0,30,1,1
15657,201600007051,1.0,1,4,1,11.0,0.0,0.0,0.0,1938.0,A01,2.0,7,0,0.0,2.0,1.0,2.0,7,13,1900,1,1,1,1,2,4,7,2,2
15658,201600007051,2.0,2,3,2,11.0,0.0,0.0,0.0,1941.0,A01,2.0,7,0,0.0,2.0,1.0,2.0,7,13,1900,1,1,1,1,2,4,7,2,2
15659,201600007051,1.0,1,1,1,11.0,0.0,0.0,0.0,1994.0,B02,2.0,7,0,0.0,2.0,4.0,23.0,7,13,1900,1,1,1,1,2,4,7,2,2
15660,201600007051,2.0,2,1,1,11.0,0.0,0.0,0.0,1962.0,B02,2.0,7,0,0.0,2.0,4.0,23.0,7,13,1900,1,1,1,1,2,4,7,2,2
15661,201600007051,4.0,2,4,2,11.0,0.0,0.0,0.0,1994.0,B02,2.0,7,0,0.0,2.0,4.0,23.0,7,13,1900,1,1,1,1,2,4,7,2,2
15662,201600007052,1.0,1,3,1,21.0,0.0,0.0,0.0,1966.0,A01,1.0,33,0,16.0,0.0,1.0,1.0,8,19,1500,1,1,1,1,7,3,33,1,1
15663,201600007053,1.0,1,1,1,11.0,0.0,0.0,0.0,1991.0,B02,2.0,7,0,0.0,2.0,3.0,1.0,9,1,1600,1,2,1,1,1,3,1,2,1
15664,201600007053,1.0,1,3,1,22.0,0.0,0.0,0.0,1996.0,A01,1.0,1,0,0.0,2.0,1.0,15.0,9,1,1600,1,2,1,1,1,3,7,1,2
15665,201600007054,1.0,1,2,2,11.0,0.0,0.0,0.0,1968.0,A01,2.0,7,0,2.0,0.0,1.0,1.0,11,27,1430,1,1,1,1,6,3,7,2,2
15666,201600007055,1.0,1,3,2,11.0,0.0,0.0,0.0,1997.0,A01,1.0,7,0,2.0,0.0,1.0,14.0,3,19,800,1,1,1,1,6,1,7,2,2
15667,201600007056,1.0,1,3,1,21.0,0.0,0.0,0.0,1993.0,A01,1.0,33,0,0.0,2.0,1.0,2.0,6,10,800,1,1,1,1,3,1,7,1,2
15668,201600007056,2.0,2,4,2,21.0,0.0,0.0,0.0,1996.0,A01,1.0,33,0,0.0,2.0,1.0,2.0,6,10,800,1,1,1,1,3,1,7,1,2
15669,201600007056,1.0,1,1,1,11.0,0.0,0.0,0.0,1966.0,B02,1.0,7,0,0.0,2.0,6.0,11.0,6,10,800,1,1,1,1,3,1,33,2,1
15670,201600007057,1.0,1,2,1,13.0,0.0,0.0,0.0,1991.0,A01,2.0,7,0,0.0,2.0,3.0,1.0,7,21,1600,1,1,1,1,1,3,7,2,2
15671,201600007057,2.0,2,3,2,13.0,0.0,0.0,0.0,1993.0,A01,2.0,7,0,0.0,2.0,3.0,1.0,7,21,1600,1,1,1,1,1,3,7,2,2
15672,201600007057,1.0,1,3,2,13.0,0.0,0.0,0.0,1949.0,B02,1.0,7,0,0.0,2.0,3.0,1.0,7,21,1600,1,1,1,1,1,3,7,2,2
15673,201600007058,1.0,1,1,1,11.0,0.0,0.0,0.0,1991.0,A01,1.0,7,0,0.0,6.0,9.0,0.0,9,17,645,2,1,1,2,7,1,7,2,2
15674,201600007058,2.0,2,4,2,11.0,0.0,0.0,0.0,1995.0,A01,1.0,7,0,0.0,6.0,9.0,0.0,9,17,645,2,1,1,2,7,1,7,2,2
15675,201600007058,3.0,2,4,1,11.0,0.0,0.0,0.0,1984.0,A01,1.0,7,0,0.0,6.0,9.0,0.0,9,17,645,2,1,1,2,7,1,7,2,2
15676,201600007058,4.0,2,1,1,11.0,0.0,0.0,0.0,1990.0,A01,1.0,7,0,0.0,6.0,9.0,0.0,9,17,645,2,1,1,2,7,1,7,2,2
15677,201600007059,1.0,1,4,1,11.0,0.0,0.0,0.0,1982.0,A01,1.0,7,0,0.0,2.0,3.0,9.0,3,11,730,2,1,1,1,1,1,7,2,2
15678,201600007059,1.0,1,3,2,11.0,0.0,0.0,0.0,1966.0,B02,1.0,7,0,0.0,2.0,2.0,1.0,3,11,730,2,1,1,1,1,1,7,2,2
15679,201600007060,1.0,1,3,1,11.0,0.0,0.0,0.0,1989.0,A01,2.0,10,0,1.0,0.0,1.0,13.0,7,18,1600,1,1,1,1,1,3,21,2,0
15680,201600007060,1.0,1,1,1,11.0,0.0,0.0,0.0,1987.0,B02,1.0,21,0,0.0,2.0,3.0,23.0,7,18,1600,1,1,1,1,1,3,10,0,2
15681,201600007061,5.0,2,1,1,31.0,0.0,0.0,0.0,2014.0,A01,1.0,7,0,13.0,0.0,9.0,1.0,10,24,1015,1,1,1,3,6,1,7,2,2
15682,201600007061,5.0,2,1,1,31.0,0.0,0.0,0.0,2010.0,A01,1.0,7,0,13.0,0.0,9.0,1.0,10,24,1015,1,1,1,3,6,1,7,2,2
15683,201600007061,2.0,2,1,2,31.0,0.0,0.0,0.0,2015.0,A01,1.0,7,0,13.0,0.0,9.0,1.0,10,24,1015,1,1,1,3,6,1,7,2,2
15684,201600007061,1.0,1,3,2,11.0,0.0,0.0,0.0,1988.0,A01,1.0,7,0,13.0,0.0,9.0,1.0,10,24,1015,1,1,1,3,6,1,7,2,2
15685,201600007061,5.0,2,1,1,31.0,0.0,0.0,0.0,2009.0,A01,1.0,7,0,13.0,0.0,9.0,1.0,10,24,1015,1,1,1,3,6,1,7,2,2
15686,201600007062,1.0,1,1,1,11.0,0.0,0.0,0.0,1997.0,A01,0.0,7,0,0.0,2.0,1.0,1.0,12,20,1345,1,2,1,8,3,2,10,2,2
15687,201600007062,1.0,1,4,2,11.0,0.0,0.0,0.0,1987.0,B02,0.0,10,0,0.0,2.0,3.0,1.0,12,20,1345,1,2,1,8,3,2,7,2,2
15688,201600007062,2.0,2,4,2,11.0,0.0,0.0,0.0,1974.0,B02,0.0,10,0,0.0,2.0,3.0,1.0,12,20,1345,1,2,1,8,3,2,7,2,2
15689,201600007063,1.0,1,1,1,13.0,0.0,0.0,0.0,1954.0,A01,1.0,14,0,0.0,2.0,1.0,16.0,4,13,1400,1,1,1,1,3,3,1,3,1
15690,201600007063,1.0,1,3,1,21.0,0.0,0.0,0.0,1950.0,B02,1.0,1,0,0.0,2.0,7.0,1.0,4,13,1400,1,1,1,1,3,3,14,1,3
15691,201600007064,1.0,1,1,2,11.0,0.0,0.0,0.0,1952.0,A01,2.0,7,0,0.0,1.0,2.0,1.0,7,4,1015,1,1,1,1,6,1,7,2,2
15692,201600007064,0.0,3,3,1,0.0,1.0,3.0,1.0,1969.0,A01,2.0,7,0,0.0,1.0,2.0,1.0,7,4,1015,1,1,1,1,6,1,7,2,2
15693,201600007065,1.0,1,1,1,13.0,0.0,0.0,0.0,2000.0,A01,0.0,21,0,0.0,2.0,3.0,1.0,10,12,1430,1,2,1,1,1,3,1,0,1
15694,201600007065,1.0,1,3,1,22.0,0.0,0.0,0.0,2007.0,B02,0.0,1,0,0.0,2.0,1.0,19.0,10,12,1430,1,2,1,1,1,3,21,1,0
15695,201600007066,1.0,1,1,1,11.0,0.0,0.0,0.0,1953.0,B02,2.0,21,0,0.0,0.0,0.0,15.0,12,9,1330,1,1,1,1,1,2,7,0,2
15696,201600007066,1.0,1,3,2,13.0,0.0,0.0,0.0,1993.0,A01,2.0,7,0,5.0,0.0,1.0,13.0,12,9,1330,1,1,1,1,1,2,21,2,0
15697,201600007066,3.0,2,3,1,33.0,0.0,0.0,0.0,2016.0,A01,2.0,7,0,5.0,0.0,1.0,13.0,12,9,1330,1,1,1,1,1,2,21,2,0
15698,201600007067,1.0,1,3,2,11.0,0.0,0.0,0.0,1985.0,B02,2.0,7,0,0.0,2.0,1.0,1.0,1,12,1915,3,1,1,1,3,4,10,2,2
15699,201600007067,1.0,1,4,1,11.0,0.0,0.0,0.0,1995.0,A01,1.0,10,0,3.0,2.0,7.0,0.0,1,12,1915,3,1,1,1,3,4,7,2,2
15700,201600007068,1.0,1,4,1,11.0,0.0,0.0,0.0,1993.0,A01,2.0,7,0,13.0,0.0,1.0,1.0,1,23,545,3,1,1,1,6,0,7,2,2