,Num_Acc,place,catu,grav,sexe,secu,locp,actp,etatp,an_nais,num_veh,senc,catv,occutc,obs,obsm,choc,manv,mois,jour,hrmn,lum,agg,int,atm,col,mom,catvopp,catv_gen,catvopp_gen
16616,201600007491,2.0,2,3,1,11.0,0.0,0.0,0.0,1946.0,B02,2.0,7,0,3.0,2.0,1.0,1.0,7,25,1500,1,1,1,1,1,3,7,2,2
16617,201600007491,1.0,1,3,2,11.0,0.0,0.0,0.0,1951.0,B02,2.0,7,0,3.0,2.0,1.0,1.0,7,25,1500,1,1,1,1,1,3,7,2,2
16618,201600007491,4.0,2,3,1,11.0,0.0,0.0,0.0,2007.0,A01,1.0,7,0,0.0,2.0,1.0,11.0,7,25,1500,1,1,1,1,1,3,7,2,2
16619,201600007491,2.0,2,3,2,11.0,0.0,0.0,0.0,2005.0,A01,1.0,7,0,0.0,2.0,1.0,11.0,7,25,1500,1,1,1,1,1,3,7,2,2
16620,201600007491,1.0,1,2,2,11.0,0.0,0.0,0.0,1986.0,A01,1.0,7,0,0.0,2.0,1.0,11.0,7,25,1500,1,1,1,1,1,3,7,2,2
16621,201600007491,3.0,2,3,2,12.0,0.0,0.0,0.0,2013.0,A01,1.0,7,0,0.0,2.0,1.0,11.0,7,25,1500,1,1,1,1,1,3,7,2,2
16622,201600007492,1.0,1,1,1,11.0,0.0,0.0,0.0,1966.0,A01,0.0,7,0,0.0,2.0,3.0,1.0,9,3,1930,2,2,1,7,1,4,10,2,2
16623,201600007492,1.0,1,4,1,11.0,0.0,0.0,0.0,1970.0,B02,0.0,10,0,0.0,2.0,3.0,1.0,9,3,1930,2,2,1,7,1,4,7,2,2
16624,201600007493,1.0,1,3,1,21.0,0.0,0.0,0.0,2000.0,A01,1.0,2,0,0.0,2.0,8.0,19.0,10,12,830,1,2,1,1,3,1,10,1,2
16625,201600007493,1.0,1,1,1,11.0,0.0,0.0,0.0,1971.0,B02,2.0,10,0,0.0,2.0,3.0,21.0,10,12,830,1,2,1,1,3,1,2,2,1
16626,201600007494,2.0,2,3,2,11.0,0.0,0.0,0.0,1995.0,B02,2.0,7,0,0.0,2.0,4.0,13.0,10,13,1630,1,1,2,8,2,3,7,2,2
16627,201600007494,1.0,1,4,2,11.0,0.0,0.0,0.0,1995.0,B02,2.0,7,0,0.0,2.0,4.0,13.0,10,13,1630,1,1,2,8,2,3,7,2,2
16628,201600007494,2.0,2,3,2,11.0,0.0,0.0,0.0,1961.0,A01,1.0,7,0,0.0,2.0,1.0,1.0,10,13,1630,1,1,2,8,2,3,7,2,2
16629,201600007494,1.0,1,1,1,11.0,0.0,0.0,0.0,1963.0,A01,1.0,7,0,0.0,2.0,1.0,1.0,10,13,1630,1,1,2,8,2,3,7,2,2
16630,201600007495,1.0,1,1,1,11.0,0.0,0.0,0.0,1995.0,A01,2.0,7,0,0.0,2.0,1.0,19.0,11,3,1500,1,1,2,1,3,3,7,2,2
16631,201600007495,1.0,1,3,2,11.0,0.0,0.0,0.0,1948.0,B02,1.0,7,0,0.0,2.0,6.0,1.0,11,3,1500,1,1,2,1,3,3,7,2,2
16632,201600007496,1.0,1,4,1,11.0,0.0,0.0,0.0,1964.0,A01,1.0,7,0,0.0,2.0,2.0,17.0,1,4,1830,3,1,1,2,3,4,7,2,2
16633,201600007496,1.0,1,1,1,11.0,0.0,0.0,0.0,1962.0,B02,1.0,7,0,0.0,2.0,3.0,15.0,1,4,1830,3,1,1,2,3,4,7,2,2
16634,201600007497,4.0,2,1,2,11.0,0.0,0.0,0.0,1984.0,A01,1.0,7,0,2.0,0.0,1.0,1.0,2,20,445,3,1,1,2,6,0,7,2,2
16635,201600007497,3.0,2,1,1,11.0,0.0,0.0,0.0,1996.0,A01,1.0,7,0,2.0,0.0,1.0,1.0,2,20,445,3,1,1,2,6,0,7,2,2
16636,201600007497,2.0,2,3,2,12.0,0.0,0.0,0.0,1997.0,A01,1.0,7,0,2.0,0.0,1.0,1.0,2,20,445,3,1,1,2,6,0,7,2,2
16637,201600007497,1.0,1,1,1,11.0,0.0,0.0,0.0,1995.0,A01,1.0,7,0,2.0,0.0,1.0,1.0,2,20,445,3,1,1,2,6,0,7,2,2
16638,201600007498,1.0,1,1,1,11.0,0.0,0.0,0.0,1994.0,A01,1.0,7,0,0.0,2.0,5.0,17.0,2,23,1815,2,1,1,2,1,4,10,2,2
16639,201600007498,2.0,2,3,1,12.0,0.0,0.0,0.0,1994.0,A01,1.0,7,0,0.0,2.0,5.0,17.0,2,23,1815,2,1,1,2,1,4,10,2,2
16640,201600007498,1.0,1,1,1,11.0,0.0,0.0,0.0,1992.0,B02,1.0,10,0,0.0,2.0,3.0,1.0,2,23,1815,2,1,1,2,1,4,7,2,2
16641,201600007499,1.0,1,1,1,13.0,0.0,0.0,0.0,1956.0,A01,1.0,7,0,0.0,1.0,2.0,1.0,5,1,930,1,2,1,1,6,1,7,2,2
16642,201600007499,0.0,3,3,2,0.0,4.0,1.0,1.0,1928.0,A01,1.0,7,0,0.0,1.0,2.0,1.0,5,1,930,1,2,1,1,6,1,7,2,2
16643,201600007500,1.0,1,3,1,21.0,0.0,0.0,0.0,1975.0,A01,1.0,33,0,0.0,6.0,2.0,21.0,5,5,2000,1,1,1,1,6,4,33,1,1
16644,201600007500,2.0,2,3,2,21.0,0.0,0.0,0.0,1995.0,A01,1.0,33,0,0.0,6.0,2.0,21.0,5,5,2000,1,1,1,1,6,4,33,1,1
16645,201600007501,1.0,1,1,1,11.0,0.0,0.0,0.0,1997.0,A01,2.0,14,0,0.0,0.0,1.0,1.0,6,11,2300,3,1,1,2,6,5,14,3,3
16646,201600007501,2.0,2,3,1,11.0,0.0,0.0,0.0,1997.0,A01,2.0,14,0,0.0,0.0,1.0,1.0,6,11,2300,3,1,1,2,6,5,14,3,3
16647,201600007502,1.0,1,3,2,11.0,0.0,0.0,0.0,1998.0,A01,0.0,7,0,0.0,2.0,1.0,1.0,7,15,1445,1,1,1,1,1,3,7,2,2
16648,201600007502,1.0,1,1,2,11.0,0.0,0.0,0.0,1971.0,B02,0.0,7,0,0.0,0.0,0.0,0.0,7,15,1445,1,1,1,1,1,3,7,2,2
16649,201600007503,1.0,1,1,1,13.0,0.0,0.0,0.0,1961.0,B02,0.0,7,0,0.0,2.0,8.0,23.0,7,19,1845,1,1,3,1,4,4,33,2,1
16650,201600007503,1.0,1,1,1,13.0,0.0,0.0,0.0,1962.0,C03,0.0,7,0,0.0,2.0,1.0,0.0,7,19,1845,1,1,3,1,4,4,33,2,1
16651,201600007503,1.0,1,3,1,23.0,0.0,0.0,0.0,1992.0,A01,2.0,33,0,0.0,2.0,8.0,1.0,7,19,1845,1,1,3,1,4,4,7,1,2
16652,201600007504,1.0,1,3,1,21.0,0.0,0.0,0.0,1947.0,A01,2.0,33,0,13.0,0.0,1.0,1.0,8,20,1930,1,1,1,1,6,4,33,1,1
16653,201600007504,2.0,2,3,2,21.0,0.0,0.0,0.0,1954.0,A01,2.0,33,0,13.0,0.0,1.0,1.0,8,20,1930,1,1,1,1,6,4,33,1,1
16654,201600007505,1.0,1,1,1,11.0,0.0,0.0,0.0,1976.0,A01,0.0,21,0,0.0,2.0,0.0,0.0,9,27,915,1,2,1,1,1,1,7,0,2
16655,201600007505,1.0,1,3,2,11.0,0.0,0.0,0.0,1949.0,B02,0.0,7,0,0.0,2.0,3.0,0.0,9,27,915,1,2,1,1,1,1,21,2,0
16656,201600007506,1.0,1,2,2,13.0,0.0,0.0,0.0,1984.0,A01,2.0,7,0,0.0,2.0,1.0,17.0,10,7,845,1,1,1,1,5,1,10,2,2
16657,201600007506,1.0,1,1,1,11.0,0.0,0.0,0.0,1967.0,B02,1.0,10,0,0.0,2.0,3.0,1.0,10,7,845,1,1,1,1,5,1,38,2,3
16658,201600007506,2.0,2,1,1,11.0,0.0,0.0,0.0,1986.0,B02,1.0,10,0,0.0,2.0,3.0,1.0,10,7,845,1,1,1,1,5,1,38,2,3
16659,201600007506,1.0,1,3,1,11.0,0.0,0.0,0.0,1960.0,C03,2.0,38,1,0.0,2.0,8.0,1.0,10,7,845,1,1,1,1,5,1,10,3,2
16660,201600007507,1.0,1,3,1,13.0,0.0,0.0,0.0,1995.0,A01,1.0,7,0,2.0,0.0,1.0,1.0,11,6,1300,1,1,1,1,6,2,7,2,2
16661,201600007507,2.0,2,3,1,13.0,0.0,0.0,0.0,1997.0,A01,1.0,7,0,2.0,0.0,1.0,1.0,11,6,1300,1,1,1,1,6,2,7,2,2
16662,201600007508,1.0,1,3,1,11.0,0.0,0.0,0.0,1992.0,A01,1.0,7,0,8.0,0.0,1.0,1.0,12,19,130,4,1,1,1,6,0,7,2,2
16663,201600007509,1.0,1,3,2,11.0,0.0,0.0,0.0,1995.0,A01,2.0,7,0,2.0,0.0,8.0,1.0,2,13,815,2,1,1,2,6,1,7,2,2
16664,201600007510,1.0,1,3,1,21.0,0.0,0.0,0.0,1998.0,B02,2.0,31,0,0.0,2.0,1.0,21.0,4,5,1315,1,1,1,1,3,2,7,1,2
16665,201600007510,1.0,1,1,2,11.0,0.0,0.0,0.0,1942.0,A01,2.0,7,0,0.0,0.0,8.0,10.0,4,5,1315,1,1,1,1,3,2,31,2,1
16666,201600007511,1.0,1,2,1,21.0,0.0,0.0,0.0,1975.0,A01,1.0,33,0,14.0,0.0,1.0,1.0,7,9,15,3,1,1,1,6,0,33,1,1
16667,201600007512,1.0,1,3,1,11.0,0.0,0.0,0.0,1967.0,A01,1.0,7,0,0.0,2.0,2.0,17.0,7,19,1045,1,1,2,1,3,1,7,2,2
16668,201600007512,1.0,1,1,1,91.0,0.0,0.0,0.0,1975.0,B02,1.0,7,0,0.0,2.0,3.0,15.0,7,19,1045,1,1,2,1,3,1,7,2,2
16669,201600007513,1.0,1,3,2,11.0,0.0,0.0,0.0,1961.0,A01,0.0,7,0,0.0,2.0,7.0,15.0,8,7,1200,1,2,1,1,1,2,7,2,2
16670,201600007513,1.0,1,4,2,11.0,0.0,0.0,0.0,1952.0,B02,0.0,7,0,0.0,2.0,1.0,1.0,8,7,1200,1,2,1,1,1,2,7,2,2
16671,201600007514,1.0,1,1,2,11.0,0.0,0.0,0.0,1969.0,B02,2.0,7,0,0.0,0.0,2.0,1.0,8,23,1445,1,2,1,1,3,3,30,2,1
16672,201600007514,1.0,1,3,1,21.0,0.0,0.0,0.0,1997.0,A01,1.0,30,0,0.0,2.0,8.0,15.0,8,23,1445,1,2,1,1,3,3,7,1,2
16673,201600007515,1.0,1,1,1,11.0,0.0,0.0,0.0,1953.0,B02,2.0,7,0,16.0,2.0,3.0,1.0,9,18,1400,1,1,9,5,1,3,10,2,2
16674,201600007515,2.0,2,3,2,11.0,0.0,0.0,0.0,1953.0,B02,2.0,7,0,16.0,2.0,3.0,1.0,9,18,1400,1,1,9,5,1,3,10,2,2
16675,201600007515,1.0,1,2,1,11.0,0.0,0.0,0.0,1962.0,A01,1.0,10,0,16.0,2.0,7.0,13.0,9,18,1400,1,1,9,5,1,3,7,2,2
16676,201600007516,1.0,1,1,1,21.0,0.0,0.0,0.0,1980.0,C03,1.0,36,0,0.0,2.0,1.0,23.0,10,2,1115,1,1,1,1,5,1,7,1,2
16677,201600007516,1.0,1,3,1,21.0,0.0,0.0,0.0,1975.0,B02,1.0,36,0,0.0,2.0,8.0,15.0,10,2,1115,1,1,1,1,5,1,7,1,2
16678,201600007516,1.0,1,4,1,11.0,0.0,0.0,0.0,1959.0,A01,1.0,7,0,0.0,2.0,5.0,17.0,10,2,1115,1,1,1,1,5,1,36,2,1
16679,201600007517,1.0,1,1,2,11.0,0.0,0.0,0.0,1941.0,A01,0.0,7,0,0.0,1.0,1.0,1.0,11,15,1700,2,2,1,1,6,3,7,2,2
16680,201600007517,0.0,3,1,2,0.0,4.0,3.0,2.0,1985.0,A01,0.0,7,0,0.0,1.0,1.0,1.0,11,15,1700,2,2,1,1,6,3,7,2,2
16681,201600007517,0.0,3,4,1,0.0,4.0,3.0,2.0,1986.0,A01,0.0,7,0,0.0,1.0,1.0,1.0,11,15,1700,2,2,1,1,6,3,7,2,2
16682,201600007517,0.0,3,4,2,0.0,4.0,9.0,2.0,2016.0,A01,0.0,7,0,0.0,1.0,1.0,1.0,11,15,1700,2,2,1,1,6,3,7,2,2
16683,201600007518,8.0,2,3,2,11.0,0.0,0.0,0.0,1963.0,C03,2.0,38,8,0.0,2.0,2.0,9.0,3,17,815,1,1,4,1,5,1,14,3,3
16684,201600007518,7.0,2,1,2,11.0,0.0,0.0,0.0,2011.0,C03,2.0,38,8,0.0,2.0,2.0,9.0,3,17,815,1,1,4,1,5,1,14,3,3
16685,201600007518,6.0,2,1,2,11.0,0.0,0.0,0.0,2011.0,C03,2.0,38,8,0.0,2.0,2.0,9.0,3,17,815,1,1,4,1,5,1,14,3,3
16686,201600007518,5.0,2,1,2,11.0,0.0,0.0,0.0,2011.0,C03,2.0,38,8,0.0,2.0,2.0,9.0,3,17,815,1,1,4,1,5,1,14,3,3
16687,201600007518,4.0,2,1,1,11.0,0.0,0.0,0.0,2010.0,C03,2.0,38,8,0.0,2.0,2.0,9.0,3,17,815,1,1,4,1,5,1,14,3,3
16688,201600007518,9.0,2,1,1,11.0,0.0,0.0,0.0,2011.0,C03,2.0,38,8,0.0,2.0,2.0,9.0,3,17,815,1,1,4,1,5,1,14,3,3
16689,201600007518,1.0,1,1,1,11.0,0.0,0.0,0.0,1957.0,C03,2.0,38,8,0.0,2.0,2.0,9.0,3,17,815,1,1,4,1,5,1,14,3,3
16690,201600007518,3.0,2,4,2,11.0,0.0,0.0,0.0,2006.0,C03,2.0,38,8,0.0,2.0,2.0,9.0,3,17,815,1,1,4,1,5,1,14,3,3
16691,201600007518,1.0,1,1,1,11.0,0.0,0.0,0.0,1968.0,B02,0.0,7,0,0.0,9.0,0.0,1.0,3,17,815,1,1,4,1,5,1,14,2,3
16692,201600007518,2.0,2,1,1,11.0,0.0,0.0,0.0,1954.0,A01,1.0,14,0,0.0,2.0,2.0,1.0,3,17,815,1,1,4,1,5,1,38,3,3
16693,201600007518,1.0,1,1,1,11.0,0.0,0.0,0.0,1977.0,A01,1.0,14,0,0.0,2.0,2.0,1.0,3,17,815,1,1,4,1,5,1,38,3,3
16694,201600007519,1.0,1,3,1,11.0,0.0,0.0,0.0,1951.0,A01,1.0,7,0,2.0,0.0,1.0,1.0,9,30,715,1,1,1,1,6,1,7,2,2
16695,201600007520,1.0,1,2,1,11.0,0.0,0.0,0.0,1992.0,A01,2.0,7,0,0.0,2.0,1.0,13.0,12,11,1706,3,1,1,5,1,3,7,2,2
16696,201600007520,2.0,2,3,1,11.0,0.0,0.0,0.0,1987.0,A01,2.0,7,0,0.0,2.0,1.0,13.0,12,11,1706,3,1,1,5,1,3,7,2,2
16697,201600007520,1.0,1,2,2,11.0,0.0,0.0,0.0,1947.0,B02,1.0,7,0,0.0,2.0,3.0,1.0,12,11,1706,3,1,1,5,1,3,7,2,2
16698,201600007521,4.0,2,3,1,11.0,0.0,0.0,0.0,1989.0,B02,1.0,7,0,0.0,2.0,1.0,1.0,3,7,1500,1,1,1,8,1,3,10,2,2
16699,201600007521,3.0,2,3,2,11.0,0.0,0.0,0.0,1959.0,B02,1.0,7,0,0.0,2.0,1.0,1.0,3,7,1500,1,1,1,8,1,3,10,2,2
16700,201600007521,2.0,2,2,2,11.0,0.0,0.0,0.0,1952.0,B02,1.0,7,0,0.0,2.0,1.0,1.0,3,7,1500,1,1,1,8,1,3,10,2,2
16701,201600007521,1.0,1,3,1,11.0,0.0,0.0,0.0,1986.0,B02,1.0,7,0,0.0,2.0,1.0,1.0,3,7,1500,1,1,1,8,1,3,10,2,2
16702,201600007521,1.0,1,1,1,11.0,0.0,0.0,0.0,1955.0,A01,2.0,10,0,0.0,2.0,1.0,1.0,3,7,1500,1,1,1,8,1,3,7,2,2
16703,201600007521,2.0,2,3,1,11.0,0.0,0.0,0.0,1948.0,A01,2.0,10,0,0.0,2.0,1.0,1.0,3,7,1500,1,1,1,8,1,3,7,2,2
16704,201600007522,1.0,1,4,1,11.0,0.0,0.0,0.0,1974.0,A01,0.0,7,0,0.0,2.0,1.0,1.0,3,30,1500,1,2,1,8,3,3,7,2,2
16705,201600007522,1.0,1,1,2,11.0,0.0,0.0,0.0,1992.0,B02,0.0,7,0,0.0,2.0,8.0,19.0,3,30,1500,1,2,1,8,3,3,7,2,2
16706,201600007522,2.0,2,1,1,11.0,0.0,0.0,0.0,1985.0,B02,0.0,7,0,0.0,2.0,8.0,19.0,3,30,1500,1,2,1,8,3,3,7,2,2
16707,201600007523,2.0,2,3,2,21.0,0.0,0.0,0.0,1991.0,B02,0.0,33,0,0.0,2.0,7.0,1.0,4,19,1600,1,1,2,1,3,3,7,1,2
16708,201600007523,1.0,1,3,1,21.0,0.0,0.0,0.0,1993.0,B02,0.0,33,0,0.0,2.0,7.0,1.0,4,19,1600,1,1,2,1,3,3,7,1,2
16709,201600007523,4.0,2,1,1,11.0,0.0,0.0,0.0,1931.0,A01,0.0,7,0,0.0,2.0,1.0,19.0,4,19,1600,1,1,2,1,3,3,33,2,1
16710,201600007523,2.0,2,1,2,11.0,0.0,0.0,0.0,1938.0,A01,0.0,7,0,0.0,2.0,1.0,19.0,4,19,1600,1,1,2,1,3,3,33,2,1
16711,201600007523,1.0,1,1,1,11.0,0.0,0.0,0.0,1932.0,A01,0.0,7,0,0.0,2.0,1.0,19.0,4,19,1600,1,1,2,1,3,3,33,2,1
16712,201600007523,3.0,2,1,2,11.0,0.0,0.0,0.0,1936.0,A01,0.0,7,0,0.0,2.0,1.0,19.0,4,19,1600,1,1,2,1,3,3,33,2,1
16713,201600007524,1.0,1,1,2,11.0,0.0,0.0,0.0,1951.0,A01,0.0,7,0,0.0,2.0,1.0,9.0,7,9,1145,1,2,1,1,3,1,7,2,2
16714,201600007524,1.0,1,3,2,11.0,0.0,0.0,0.0,1993.0,B02,0.0,7,0,0.0,2.0,7.0,1.0,7,9,1145,1,2,1,1,3,1,7,2,2
16715,201600007524,2.0,2,3,2,11.0,0.0,0.0,0.0,1957.0,B02,0.0,7,0,0.0,2.0,7.0,1.0,7,9,1145,1,2,1,1,3,1,7,2,2
16716,201600007524,3.0,2,1,2,11.0,0.0,0.0,0.0,2012.0,B02,0.0,7,0,0.0,2.0,7.0,1.0,7,9,1145,1,2,1,1,3,1,7,2,2
16717,201600007525,1.0,1,4,1,11.0,0.0,0.0,0.0,1988.0,A01,2.0,7,0,0.0,2.0,3.0,6.0,10,9,700,2,1,1,1,1,1,10,2,2
16718,201600007525,1.0,1,3,2,11.0,0.0,0.0,0.0,1986.0,B02,1.0,10,0,0.0,2.0,1.0,1.0,10,9,700,2,1,1,1,1,1,7,2,2
16719,201600007525,8.0,2,1,1,11.0,0.0,0.0,0.0,1983.0,B02,1.0,10,0,0.0,2.0,1.0,1.0,10,9,700,2,1,1,1,1,1,7,2,2
16720,201600007526,1.0,1,1,1,11.0,0.0,0.0,0.0,1960.0,A01,1.0,37,1,0.0,0.0,6.0,23.0,12,1,1000,1,2,1,1,2,1,7,3,2
16721,201600007526,1.0,1,1,2,11.0,0.0,0.0,0.0,1993.0,B02,1.0,7,0,0.0,2.0,2.0,2.0,12,1,1000,1,2,1,1,2,1,37,2,3
16722,201600007526,2.0,2,3,2,11.0,0.0,0.0,0.0,1993.0,B02,1.0,7,0,0.0,2.0,2.0,2.0,12,1,1000,1,2,1,1,2,1,37,2,3
16723,201600007527,1.0,1,2,2,11.0,0.0,0.0,0.0,1949.0,A01,1.0,7,0,0.0,2.0,3.0,13.0,12,6,1130,1,1,1,1,1,1,7,2,2
16724,201600007527,1.0,1,3,1,11.0,0.0,0.0,0.0,1972.0,B02,2.0,7,0,0.0,2.0,3.0,1.0,12,6,1130,1,1,1,1,1,1,7,2,2
16725,201600007528,1.0,1,3,1,21.0,0.0,0.0,0.0,1974.0,B02,2.0,33,0,0.0,2.0,1.0,13.0,7,29,1700,1,1,1,1,1,3,7,1,2
16726,201600007528,1.0,1,1,1,11.0,0.0,0.0,0.0,1935.0,A01,1.0,7,0,0.0,2.0,3.0,1.0,7,29,1700,1,1,1,1,1,3,33,2,1
16727,201600007529,1.0,1,3,2,11.0,0.0,0.0,0.0,1964.0,A01,1.0,7,0,15.0,0.0,9.0,1.0,12,4,2230,3,1,1,9,6,5,7,2,2
16728,201600007529,2.0,2,4,1,11.0,0.0,0.0,0.0,1994.0,A01,1.0,7,0,15.0,0.0,9.0,1.0,12,4,2230,3,1,1,9,6,5,7,2,2
16729,201600007530,1.0,1,1,2,13.0,0.0,0.0,0.0,1933.0,A01,0.0,7,0,0.0,1.0,2.0,1.0,2,12,1130,1,2,1,3,6,1,7,2,2
16730,201600007530,0.0,3,2,1,0.0,1.0,1.0,1.0,1920.0,A01,0.0,7,0,0.0,1.0,2.0,1.0,2,12,1130,1,2,1,3,6,1,7,2,2
16731,201600007531,1.0,1,3,1,11.0,0.0,0.0,0.0,1970.0,A01,1.0,7,0,9.0,0.0,1.0,17.0,3,25,1830,1,1,1,8,6,4,7,2,2
16732,201600007532,1.0,1,1,2,11.0,0.0,0.0,0.0,1956.0,A01,1.0,7,0,0.0,2.0,1.0,1.0,6,23,730,1,2,1,7,5,1,7,2,2
16733,201600007532,1.0,1,1,2,11.0,0.0,0.0,0.0,1966.0,B02,1.0,7,0,0.0,2.0,4.0,23.0,6,23,730,1,2,1,7,5,1,7,2,2
16734,201600007532,2.0,2,4,2,11.0,0.0,0.0,0.0,1996.0,B02,1.0,7,0,0.0,2.0,4.0,23.0,6,23,730,1,2,1,7,5,1,7,2,2
16735,201600007532,1.0,1,1,1,11.0,0.0,0.0,0.0,1973.0,C03,1.0,7,0,0.0,2.0,4.0,23.0,6,23,730,1,2,1,7,5,1,7,2,2
16736,201600007533,1.0,1,1,1,11.0,0.0,0.0,0.0,1980.0,A01,0.0,7,0,0.0,2.0,3.0,9.0,7,9,1230,1,2,6,1,3,2,31,2,1
16737,201600007533,1.0,1,4,1,21.0,0.0,0.0,0.0,1992.0,B02,0.0,31,0,0.0,2.0,1.0,9.0,7,9,1230,1,2,6,1,3,2,7,1,2
16738,201600007534,1.0,1,1,2,11.0,0.0,0.0,0.0,1979.0,A01,2.0,7,0,0.0,1.0,3.0,1.0,7,24,1100,1,2,9,1,1,1,7,2,2
16739,201600007534,0.0,3,2,1,0.0,4.0,6.0,1.0,1952.0,A01,2.0,7,0,0.0,1.0,3.0,1.0,7,24,1100,1,2,9,1,1,1,7,2,2
16740,201600007534,1.0,1,1,1,11.0,0.0,0.0,0.0,1943.0,B02,1.0,7,0,0.0,2.0,2.0,1.0,7,24,1100,1,2,9,1,1,1,7,2,2
16741,201600007535,2.0,2,1,2,11.0,0.0,0.0,0.0,1994.0,B02,0.0,7,0,0.0,0.0,2.0,11.0,11,11,1300,1,1,1,1,2,2,7,2,2
16742,201600007535,1.0,1,1,1,11.0,0.0,0.0,0.0,1995.0,B02,0.0,7,0,0.0,0.0,2.0,11.0,11,11,1300,1,1,1,1,2,2,7,2,2
16743,201600007535,1.0,1,4,2,11.0,0.0,0.0,0.0,1982.0,A01,0.0,7,0,0.0,0.0,6.0,1.0,11,11,1300,1,1,1,1,2,2,7,2,2
16744,201600007535,2.0,2,1,2,11.0,0.0,0.0,0.0,1955.0,A01,0.0,7,0,0.0,0.0,6.0,1.0,11,11,1300,1,1,1,1,2,2,7,2,2
16745,201600007536,1.0,1,4,1,11.0,0.0,0.0,0.0,1977.0,A01,0.0,7,0,0.0,2.0,2.0,1.0,12,27,2245,5,2,1,5,3,5,7,2,2
16746,201600007536,2.0,2,4,1,11.0,0.0,0.0,0.0,1976.0,A01,0.0,7,0,0.0,2.0,2.0,1.0,12,27,2245,5,2,1,5,3,5,7,2,2
16747,201600007536,1.0,1,4,1,11.0,0.0,0.0,0.0,1966.0,B02,0.0,7,0,0.0,2.0,3.0,1.0,12,27,2245,5,2,1,5,3,5,7,2,2
16748,201600007537,1.0,1,3,1,13.0,0.0,0.0,0.0,1984.0,A01,1.0,7,0,2.0,0.0,3.0,13.0,7,23,630,1,1,1,1,6,1,7,2,2
16749,201600007538,1.0,1,2,1,21.0,0.0,0.0,0.0,1996.0,B02,1.0,30,0,0.0,2.0,8.0,19.0,1,20,1700,1,1,2,1,3,3,17,1,3
16750,201600007538,1.0,1,1,1,11.0,0.0,0.0,0.0,1962.0,A01,1.0,17,0,0.0,2.0,2.0,1.0,1,20,1700,1,1,2,1,3,3,30,3,1
16751,201600007539,1.0,1,1,1,11.0,0.0,0.0,0.0,1988.0,A01,0.0,7,0,0.0,2.0,1.0,1.0,3,12,1315,1,2,1,1,1,2,1,2,1
16752,201600007539,1.0,1,3,1,21.0,0.0,0.0,0.0,2000.0,B02,1.0,1,0,0.0,2.0,8.0,15.0,3,12,1315,1,2,1,1,1,2,7,1,2
16753,201600007540,1.0,1,1,1,11.0,0.0,0.0,0.0,1986.0,A01,2.0,17,0,0.0,2.0,1.0,2.0,3,30,1100,1,1,1,2,4,1,7,3,2
16754,201600007540,1.0,1,4,1,11.0,0.0,0.0,0.0,1952.0,B02,2.0,7,0,0.0,2.0,4.0,2.0,3,30,1100,1,1,1,2,4,1,17,2,3
16755,201600007540,2.0,2,4,1,11.0,0.0,0.0,0.0,1951.0,B02,2.0,7,0,0.0,2.0,4.0,2.0,3,30,1100,1,1,1,2,4,1,17,2,3
16756,201600007540,1.0,1,2,2,11.0,0.0,0.0,0.0,1943.0,C03,2.0,7,0,0.0,2.0,4.0,2.0,3,30,1100,1,1,1,2,4,1,17,2,3
16757,201600007540,2.0,2,3,1,11.0,0.0,0.0,0.0,1941.0,C03,2.0,7,0,0.0,2.0,4.0,2.0,3,30,1100,1,1,1,2,4,1,17,2,3
16758,201600007541,1.0,1,2,1,21.0,0.0,0.0,0.0,1987.0,B02,2.0,33,0,0.0,0.0,1.0,1.0,4,24,1145,1,1,1,1,3,1,7,1,2
16759,201600007541,2.0,2,4,2,11.0,0.0,0.0,0.0,1939.0,A01,1.0,7,0,0.0,0.0,2.0,15.0,4,24,1145,1,1,1,1,3,1,33,2,1
16760,201600007541,1.0,1,4,1,11.0,0.0,0.0,0.0,1936.0,A01,1.0,7,0,0.0,0.0,2.0,15.0,4,24,1145,1,1,1,1,3,1,33,2,1
16761,201600007542,1.0,1,1,1,13.0,0.0,0.0,0.0,1997.0,A01,0.0,7,0,6.0,0.0,8.0,1.0,8,6,630,5,2,1,1,6,1,7,2,2
16762,201600007542,2.0,2,1,1,13.0,0.0,0.0,0.0,1993.0,A01,0.0,7,0,6.0,0.0,8.0,1.0,8,6,630,5,2,1,1,6,1,7,2,2
16763,201600007542,3.0,2,1,1,13.0,0.0,0.0,0.0,1997.0,A01,0.0,7,0,6.0,0.0,8.0,1.0,8,6,630,5,2,1,1,6,1,7,2,2
16764,201600007542,4.0,2,4,2,13.0,0.0,0.0,0.0,1998.0,A01,0.0,7,0,6.0,0.0,8.0,1.0,8,6,630,5,2,1,1,6,1,7,2,2
16765,201600007542,5.0,2,3,2,13.0,0.0,0.0,0.0,1998.0,A01,0.0,7,0,6.0,0.0,8.0,1.0,8,6,630,5,2,1,1,6,1,7,2,2
16766,201600007543,1.0,1,3,1,11.0,0.0,0.0,0.0,1984.0,A01,2.0,10,0,0.0,2.0,1.0,13.0,10,29,1130,1,1,1,1,1,1,7,2,2
16767,201600007543,1.0,1,3,1,11.0,0.0,0.0,0.0,1987.0,B02,1.0,7,0,0.0,2.0,1.0,1.0,10,29,1130,1,1,1,1,1,1,10,2,2
16768,201600007543,2.0,2,3,2,11.0,0.0,0.0,0.0,1986.0,B02,1.0,7,0,0.0,2.0,1.0,1.0,10,29,1130,1,1,1,1,1,1,10,2,2