,Num_Acc,place,catu,grav,sexe,secu,locp,actp,etatp,an_nais,num_veh,senc,catv,occutc,obs,obsm,choc,manv,mois,jour,hrmn,lum,agg,int,atm,col,mom,catvopp,catv_gen,catvopp_gen
16769,201600007543,3.0,2,3,1,31.0,0.0,0.0,0.0,2015.0,B02,1.0,7,0,0.0,2.0,1.0,1.0,10,29,1130,1,1,1,1,1,1,10,2,2
16770,201600007543,4.0,2,3,1,31.0,0.0,0.0,0.0,2008.0,B02,1.0,7,0,0.0,2.0,1.0,1.0,10,29,1130,1,1,1,1,1,1,10,2,2
16771,201600007543,8.0,2,3,2,31.0,0.0,0.0,0.0,2011.0,B02,1.0,7,0,0.0,2.0,1.0,1.0,10,29,1130,1,1,1,1,1,1,10,2,2
16772,201600007544,1.0,1,1,2,11.0,0.0,0.0,0.0,1957.0,A01,0.0,7,0,0.0,2.0,1.0,19.0,10,29,1430,1,1,1,1,3,3,7,2,2
16773,201600007544,1.0,1,3,1,11.0,0.0,0.0,0.0,1986.0,B02,0.0,7,0,0.0,2.0,8.0,1.0,10,29,1430,1,1,1,1,3,3,7,2,2
16774,201600007545,1.0,1,3,1,13.0,0.0,0.0,0.0,1945.0,B02,2.0,7,0,0.0,2.0,3.0,1.0,3,14,915,1,1,1,1,3,1,10,2,2
16775,201600007545,1.0,1,1,1,13.0,0.0,0.0,0.0,1935.0,A01,2.0,10,0,0.0,2.0,1.0,9.0,3,14,915,1,1,1,1,3,1,7,2,2
16776,201600007546,1.0,1,3,2,11.0,0.0,0.0,0.0,1971.0,A01,2.0,7,0,0.0,0.0,6.0,1.0,3,18,915,1,1,2,7,3,1,7,2,2
16777,201600007546,1.0,1,1,1,11.0,0.0,0.0,0.0,1954.0,B02,1.0,7,0,0.0,2.0,1.0,19.0,3,18,915,1,1,2,7,3,1,7,2,2
16778,201600007547,1.0,1,1,1,11.0,0.0,0.0,0.0,1976.0,A01,2.0,15,0,0.0,2.0,3.0,1.0,9,1,1300,1,1,1,1,3,2,7,3,2
16779,201600007547,1.0,1,4,1,11.0,0.0,0.0,0.0,1984.0,B02,1.0,7,0,0.0,2.0,8.0,1.0,9,1,1300,1,1,1,1,3,2,15,2,3
16780,201600007548,1.0,1,4,1,21.0,0.0,0.0,0.0,1972.0,A01,2.0,33,0,0.0,0.0,0.0,1.0,9,10,1930,1,1,1,1,7,4,33,1,1
16781,201600007549,1.0,1,3,1,11.0,0.0,0.0,0.0,1949.0,A01,0.0,7,0,0.0,0.0,3.0,1.0,12,22,700,3,1,1,2,3,1,14,2,3
16782,201600007549,1.0,1,1,1,11.0,0.0,0.0,0.0,1971.0,B02,0.0,14,0,1.0,0.0,5.0,1.0,12,22,700,3,1,1,2,3,1,7,3,2
16783,201600007550,1.0,1,4,1,13.0,0.0,0.0,0.0,1994.0,A01,1.0,7,0,0.0,2.0,1.0,2.0,5,14,1400,1,1,1,1,2,3,3,2,0
16784,201600007550,1.0,1,3,1,13.0,0.0,0.0,0.0,1974.0,B02,1.0,3,0,0.0,0.0,4.0,1.0,5,14,1400,1,1,1,1,2,3,7,0,2
16785,201600007551,1.0,1,3,1,21.0,0.0,0.0,0.0,1989.0,A01,0.0,33,0,1.0,0.0,1.0,13.0,9,17,1845,1,1,1,8,6,4,33,1,1
16786,201600007552,1.0,1,4,1,11.0,0.0,0.0,0.0,1972.0,A01,2.0,7,0,0.0,2.0,2.0,1.0,11,20,1345,1,1,2,2,3,2,7,2,2
16787,201600007552,2.0,2,4,1,11.0,0.0,0.0,0.0,2000.0,A01,2.0,7,0,0.0,2.0,2.0,1.0,11,20,1345,1,1,2,2,3,2,7,2,2
16788,201600007552,1.0,1,4,1,11.0,0.0,0.0,0.0,1961.0,B02,1.0,7,0,0.0,2.0,3.0,19.0,11,20,1345,1,1,2,2,3,2,7,2,2
16789,201600007553,1.0,1,3,1,21.0,0.0,0.0,0.0,1967.0,A01,1.0,33,0,3.0,0.0,2.0,15.0,5,28,1730,1,1,1,1,6,3,33,1,1
16790,201600007554,1.0,1,4,1,11.0,0.0,0.0,0.0,1942.0,A01,1.0,7,0,0.0,2.0,1.0,1.0,7,13,1030,1,1,1,8,1,1,7,2,2
16791,201600007554,1.0,1,1,1,11.0,0.0,0.0,0.0,1963.0,B02,2.0,7,0,0.0,2.0,1.0,23.0,7,13,1030,1,1,1,8,1,1,7,2,2
16792,201600007554,2.0,2,3,1,11.0,0.0,0.0,0.0,1954.0,B02,2.0,7,0,0.0,2.0,1.0,23.0,7,13,1030,1,1,1,8,1,1,7,2,2
16793,201600007555,1.0,1,3,1,13.0,0.0,0.0,0.0,1959.0,A01,1.0,7,0,13.0,0.0,9.0,14.0,6,4,145,3,1,1,8,7,0,7,2,2
16794,201600007556,1.0,1,1,2,11.0,0.0,0.0,0.0,1942.0,A01,1.0,7,0,0.0,2.0,1.0,13.0,6,20,1345,1,1,1,1,5,2,33,2,1
16795,201600007556,1.0,1,1,1,11.0,0.0,0.0,0.0,1975.0,B02,2.0,10,0,0.0,2.0,8.0,1.0,6,20,1345,1,1,1,1,5,2,33,2,1
16796,201600007556,1.0,1,3,1,21.0,0.0,0.0,0.0,1969.0,C03,2.0,33,0,0.0,2.0,1.0,1.0,6,20,1345,1,1,1,1,5,2,10,1,2
16797,201600007556,2.0,2,3,2,21.0,0.0,0.0,0.0,1972.0,C03,2.0,33,0,0.0,2.0,1.0,1.0,6,20,1345,1,1,1,1,5,2,10,1,2
16798,201600007556,1.0,1,1,2,11.0,0.0,0.0,0.0,1981.0,D04,1.0,10,0,0.0,2.0,4.0,1.0,6,20,1345,1,1,1,1,5,2,33,2,1
16799,201600007556,1.0,1,1,2,11.0,0.0,0.0,0.0,1996.0,E05,1.0,7,0,0.0,2.0,1.0,1.0,6,20,1345,1,1,1,1,5,2,33,2,1
16800,201600007556,1.0,1,1,2,11.0,0.0,0.0,0.0,1968.0,F06,1.0,7,0,0.0,2.0,4.0,1.0,6,20,1345,1,1,1,1,5,2,33,2,1
16801,201600007557,1.0,1,3,1,21.0,0.0,0.0,0.0,1927.0,B02,1.0,1,0,0.0,2.0,4.0,2.0,7,8,1730,1,1,1,1,2,3,10,1,2
16802,201600007557,1.0,1,1,1,11.0,0.0,0.0,0.0,1997.0,A01,1.0,10,0,0.0,9.0,1.0,2.0,7,8,1730,1,1,1,1,2,3,1,2,1
16803,201600007558,1.0,1,3,2,11.0,0.0,0.0,0.0,1927.0,A01,1.0,7,0,2.0,0.0,9.0,1.0,9,23,1400,1,1,1,1,7,3,7,2,2
16804,201600007559,1.0,1,3,1,11.0,0.0,0.0,0.0,1964.0,A01,2.0,7,0,2.0,0.0,1.0,13.0,11,18,545,3,1,1,1,7,0,7,2,2
16805,201600007560,1.0,1,4,1,13.0,0.0,0.0,0.0,1972.0,B02,2.0,7,0,0.0,2.0,3.0,1.0,12,27,1745,2,1,1,1,1,3,7,2,2
16806,201600007560,2.0,2,1,1,13.0,0.0,0.0,0.0,1986.0,A01,1.0,7,0,0.0,2.0,1.0,13.0,12,27,1745,2,1,1,1,1,3,7,2,2
16807,201600007560,1.0,1,1,1,13.0,0.0,0.0,0.0,1953.0,A01,1.0,7,0,0.0,2.0,1.0,13.0,12,27,1745,2,1,1,1,1,3,7,2,2
16808,201600007561,1.0,1,3,1,11.0,0.0,0.0,0.0,1994.0,A01,1.0,7,0,0.0,0.0,1.0,1.0,7,2,2045,2,1,1,1,7,4,7,2,2
16809,201600007562,1.0,1,3,2,21.0,0.0,0.0,0.0,1990.0,A01,2.0,33,0,13.0,0.0,1.0,1.0,7,6,1645,1,1,1,1,7,3,33,1,1
16810,201600007563,1.0,1,1,1,11.0,0.0,0.0,0.0,1981.0,A01,2.0,17,0,0.0,2.0,3.0,15.0,8,14,1515,1,1,1,1,2,3,31,3,1
16811,201600007563,1.0,1,3,1,23.0,0.0,0.0,0.0,1988.0,B02,2.0,31,0,0.0,2.0,1.0,17.0,8,14,1515,1,1,1,1,2,3,17,1,3
16812,201600007564,1.0,1,3,1,11.0,0.0,0.0,0.0,1994.0,A01,0.0,7,0,6.0,0.0,1.0,1.0,9,11,330,3,2,1,1,6,0,7,2,2
16813,201600007564,2.0,2,3,2,13.0,0.0,0.0,0.0,1994.0,A01,0.0,7,0,6.0,0.0,1.0,1.0,9,11,330,3,2,1,1,6,0,7,2,2
16814,201600007565,1.0,1,3,1,21.0,0.0,0.0,0.0,1961.0,A01,1.0,33,0,3.0,0.0,1.0,1.0,9,11,1145,1,1,1,1,6,1,33,1,1
16815,201600007566,1.0,1,1,1,11.0,0.0,0.0,0.0,1973.0,A01,1.0,7,0,0.0,1.0,1.0,1.0,10,3,930,1,2,1,7,6,1,7,2,2
16816,201600007566,0.0,3,3,1,0.0,4.0,3.0,1.0,1938.0,A01,1.0,7,0,0.0,1.0,1.0,1.0,10,3,930,1,2,1,7,6,1,7,2,2
16817,201600007567,1.0,1,1,2,13.0,0.0,0.0,0.0,1981.0,A01,1.0,7,0,0.0,1.0,1.0,2.0,10,22,945,1,2,1,1,6,1,7,2,2
16818,201600007567,0.0,3,3,2,0.0,2.0,3.0,1.0,1956.0,A01,1.0,7,0,0.0,1.0,1.0,2.0,10,22,945,1,2,1,1,6,1,7,2,2
16819,201600007568,1.0,1,3,1,11.0,0.0,0.0,0.0,1985.0,A01,1.0,7,0,2.0,0.0,1.0,1.0,12,30,1530,1,1,1,1,6,3,7,2,2
16820,201600007569,1.0,1,1,1,11.0,0.0,0.0,0.0,1970.0,A01,2.0,7,0,0.0,2.0,1.0,15.0,1,25,1530,1,1,1,1,1,3,7,2,2
16821,201600007569,1.0,1,3,1,11.0,0.0,0.0,0.0,1988.0,B02,1.0,7,0,0.0,2.0,3.0,1.0,1,25,1530,1,1,1,1,1,3,7,2,2
16822,201600007570,1.0,1,3,2,11.0,0.0,0.0,0.0,1955.0,A01,1.0,7,0,16.0,0.0,1.0,13.0,4,29,1815,1,1,1,1,7,4,7,2,2
16823,201600007571,1.0,1,1,1,11.0,0.0,0.0,0.0,1956.0,A01,2.0,10,0,0.0,5.0,3.0,1.0,6,30,2330,3,1,1,1,1,5,7,2,2
16824,201600007571,2.0,2,1,2,11.0,0.0,0.0,0.0,1973.0,A01,2.0,10,0,0.0,5.0,3.0,1.0,6,30,2330,3,1,1,1,1,5,7,2,2
16825,201600007571,1.0,1,3,1,11.0,0.0,0.0,0.0,1946.0,B02,1.0,7,0,0.0,2.0,1.0,1.0,6,30,2330,3,1,1,1,1,5,10,2,2
16826,201600007572,1.0,1,3,2,21.0,0.0,0.0,0.0,1983.0,A01,2.0,33,0,0.0,2.0,1.0,13.0,7,2,1045,1,1,1,1,1,1,7,1,2
16827,201600007572,1.0,1,1,2,11.0,0.0,0.0,0.0,1995.0,B02,1.0,7,0,0.0,2.0,3.0,1.0,7,2,1045,1,1,1,1,1,1,33,2,1
16828,201600007573,1.0,1,3,1,21.0,0.0,0.0,0.0,1994.0,A01,1.0,33,0,0.0,0.0,0.0,1.0,10,16,1630,1,1,1,1,7,3,33,1,1
16829,201600007574,1.0,1,3,1,11.0,0.0,0.0,0.0,1980.0,B02,2.0,7,0,0.0,2.0,1.0,1.0,2,27,1600,1,2,1,1,6,3,31,2,1
16830,201600007574,2.0,2,1,1,11.0,0.0,0.0,0.0,1992.0,B02,2.0,7,0,0.0,2.0,1.0,1.0,2,27,1600,1,2,1,1,6,3,31,2,1
16831,201600007574,1.0,1,3,1,21.0,0.0,0.0,0.0,2001.0,A01,2.0,31,0,0.0,2.0,1.0,13.0,2,27,1600,1,2,1,1,6,3,7,1,2
16832,201600007575,1.0,1,3,1,21.0,0.0,0.0,0.0,1973.0,A01,2.0,31,0,0.0,2.0,1.0,5.0,3,20,1715,1,1,6,1,1,3,7,1,2
16833,201600007575,1.0,1,1,1,11.0,0.0,0.0,0.0,1965.0,B02,1.0,7,0,0.0,2.0,2.0,1.0,3,20,1715,1,1,6,1,1,3,31,2,1
16834,201600007576,1.0,1,3,1,21.0,0.0,0.0,0.0,1988.0,A01,1.0,36,0,8.0,0.0,2.0,1.0,7,30,1915,1,2,2,1,6,4,36,1,1
16835,201600007577,1.0,1,1,1,91.0,0.0,0.0,0.0,1971.0,A01,0.0,39,1,0.0,1.0,1.0,0.0,11,10,1345,1,2,8,2,6,2,39,3,3
16836,201600007577,0.0,3,2,2,0.0,0.0,3.0,2.0,1956.0,A01,0.0,39,1,0.0,1.0,1.0,0.0,11,10,1345,1,2,8,2,6,2,39,3,3
16837,201600007578,0.0,3,2,2,0.0,6.0,2.0,1.0,1937.0,A01,2.0,7,0,0.0,1.0,5.0,14.0,2,27,1400,1,1,1,1,6,3,7,2,2
16838,201600007578,1.0,1,1,1,11.0,0.0,0.0,0.0,1983.0,A01,2.0,7,0,0.0,1.0,5.0,14.0,2,27,1400,1,1,1,1,6,3,7,2,2
16839,201600007579,1.0,1,3,1,21.0,0.0,0.0,0.0,1970.0,A01,1.0,33,0,16.0,0.0,8.0,16.0,5,25,1900,1,2,6,1,7,4,33,1,1
16840,201600007580,1.0,1,1,1,13.0,0.0,0.0,0.0,1959.0,A01,1.0,10,0,0.0,1.0,2.0,2.0,10,21,1415,1,2,1,1,6,3,10,2,2
16841,201600007580,0.0,3,3,2,0.0,2.0,3.0,1.0,1921.0,A01,1.0,10,0,0.0,1.0,2.0,2.0,10,21,1415,1,2,1,1,6,3,10,2,2
16842,201600007581,1.0,1,1,1,11.0,0.0,0.0,0.0,1994.0,A01,2.0,7,0,13.0,0.0,3.0,1.0,1,8,145,3,1,1,9,6,0,7,2,2
16843,201600007581,2.0,2,1,2,11.0,0.0,0.0,0.0,1992.0,A01,2.0,7,0,13.0,0.0,3.0,1.0,1,8,145,3,1,1,9,6,0,7,2,2
16844,201600007581,5.0,2,2,2,11.0,0.0,0.0,0.0,1993.0,A01,2.0,7,0,13.0,0.0,3.0,1.0,1,8,145,3,1,1,9,6,0,7,2,2
16845,201600007582,1.0,1,1,2,11.0,0.0,0.0,0.0,1989.0,A01,0.0,7,0,0.0,0.0,6.0,1.0,3,17,1715,1,2,6,1,3,3,2,2,1
16846,201600007582,1.0,1,3,1,22.0,0.0,0.0,0.0,1998.0,B02,0.0,2,0,0.0,2.0,1.0,2.0,3,17,1715,1,2,6,1,3,3,7,1,2
16847,201600007583,1.0,1,1,1,11.0,0.0,0.0,0.0,1954.0,A01,0.0,7,0,0.0,1.0,2.0,1.0,4,29,1630,1,2,1,1,6,3,7,2,2
16848,201600007583,0.0,4,3,2,0.0,5.0,4.0,1.0,2008.0,A01,0.0,7,0,0.0,1.0,2.0,1.0,4,29,1630,1,2,1,1,6,3,7,2,2
16849,201600007584,1.0,1,3,1,22.0,0.0,0.0,0.0,1998.0,A01,0.0,30,0,0.0,0.0,0.0,1.0,5,2,2115,5,2,1,1,7,4,30,1,1
16850,201600007585,1.0,1,1,2,11.0,0.0,0.0,0.0,1969.0,A01,2.0,7,0,0.0,2.0,3.0,1.0,7,9,1930,1,2,1,1,3,4,2,2,1
16851,201600007585,1.0,1,3,1,21.0,0.0,0.0,0.0,1982.0,B02,1.0,2,0,0.0,2.0,1.0,13.0,7,9,1930,1,2,1,1,3,4,7,1,2
16852,201600007586,1.0,1,3,2,13.0,0.0,0.0,0.0,1971.0,A01,0.0,7,0,2.0,0.0,1.0,1.0,8,5,1030,1,2,1,1,6,1,7,2,2
16853,201600007587,0.0,3,3,1,0.0,4.0,3.0,1.0,1998.0,A01,2.0,7,0,0.0,1.0,1.0,1.0,10,18,2030,5,2,1,2,6,4,7,2,2
16854,201600007587,1.0,1,1,2,11.0,0.0,0.0,0.0,1980.0,A01,2.0,7,0,0.0,1.0,1.0,1.0,10,18,2030,5,2,1,2,6,4,7,2,2
16855,201600007588,1.0,1,4,1,13.0,0.0,0.0,0.0,1974.0,A01,2.0,7,0,0.0,2.0,3.0,1.0,11,22,1315,1,1,1,1,1,2,7,2,2
16856,201600007588,1.0,1,1,2,13.0,0.0,0.0,0.0,1964.0,B02,1.0,7,0,0.0,2.0,3.0,0.0,11,22,1315,1,1,1,1,1,2,7,2,2
16857,201600007588,2.0,2,1,1,13.0,0.0,0.0,0.0,1965.0,B02,1.0,7,0,0.0,2.0,3.0,0.0,11,22,1315,1,1,1,1,1,2,7,2,2
16858,201600007589,1.0,1,3,2,11.0,0.0,0.0,0.0,1976.0,A01,1.0,7,0,0.0,6.0,1.0,13.0,1,5,815,1,1,1,2,1,1,7,2,2
16859,201600007589,1.0,1,3,1,11.0,0.0,0.0,0.0,1974.0,B02,2.0,7,0,0.0,2.0,1.0,1.0,1,5,815,1,1,1,2,1,1,7,2,2
16860,201600007590,1.0,1,2,1,21.0,0.0,0.0,0.0,1955.0,A01,2.0,33,0,13.0,0.0,9.0,1.0,5,15,1200,1,1,1,1,7,2,33,1,1
16861,201600007590,2.0,2,3,2,21.0,0.0,0.0,0.0,1953.0,A01,2.0,33,0,13.0,0.0,9.0,1.0,5,15,1200,1,1,1,1,7,2,33,1,1
16862,201600007591,1.0,1,1,1,11.0,0.0,0.0,0.0,1957.0,A01,2.0,7,0,0.0,2.0,3.0,15.0,5,26,1545,1,2,1,1,3,3,33,2,1
16863,201600007591,1.0,1,3,1,21.0,0.0,0.0,0.0,1967.0,B02,2.0,33,0,0.0,2.0,7.0,17.0,5,26,1545,1,2,1,1,3,3,7,1,2
16864,201600007592,1.0,1,3,1,11.0,0.0,0.0,0.0,1943.0,A01,1.0,7,0,0.0,2.0,1.0,13.0,7,27,1815,1,2,1,1,1,4,7,2,2
16865,201600007592,1.0,1,1,2,11.0,0.0,0.0,0.0,1940.0,B02,2.0,7,0,0.0,2.0,3.0,1.0,7,27,1815,1,2,1,1,1,4,7,2,2
16866,201600007592,2.0,2,1,1,11.0,0.0,0.0,0.0,1932.0,B02,2.0,7,0,0.0,2.0,3.0,1.0,7,27,1815,1,2,1,1,1,4,7,2,2
16867,201600007593,1.0,1,3,1,11.0,0.0,0.0,0.0,1998.0,A01,1.0,7,0,2.0,0.0,7.0,1.0,8,10,1615,1,1,1,1,7,3,7,2,2
16868,201600007593,2.0,2,3,1,11.0,0.0,0.0,0.0,1998.0,A01,1.0,7,0,2.0,0.0,7.0,1.0,8,10,1615,1,1,1,1,7,3,7,2,2
16869,201600007594,1.0,1,1,1,11.0,0.0,0.0,0.0,1995.0,B02,2.0,7,0,0.0,2.0,1.0,1.0,3,17,1930,3,1,1,1,1,4,30,2,1
16870,201600007594,1.0,1,3,1,21.0,0.0,0.0,0.0,1978.0,A01,1.0,30,0,0.0,2.0,1.0,11.0,3,17,1930,3,1,1,1,1,4,7,1,2
16871,201600007595,1.0,1,3,1,11.0,0.0,0.0,0.0,1986.0,A01,1.0,7,0,0.0,2.0,2.0,15.0,6,14,2015,1,1,3,1,3,4,7,2,2
16872,201600007595,2.0,2,2,1,12.0,0.0,0.0,0.0,1972.0,A01,1.0,7,0,0.0,2.0,2.0,15.0,6,14,2015,1,1,3,1,3,4,7,2,2
16873,201600007595,1.0,1,1,2,11.0,0.0,0.0,0.0,1959.0,B02,2.0,7,0,0.0,2.0,2.0,1.0,6,14,2015,1,1,3,1,3,4,7,2,2
16874,201600007596,1.0,1,1,1,13.0,0.0,0.0,0.0,1992.0,A01,0.0,7,0,14.0,1.0,3.0,0.0,7,13,2145,2,2,1,1,6,4,7,2,2
16875,201600007596,0.0,3,3,2,0.0,0.0,2.0,2.0,2006.0,A01,0.0,7,0,14.0,1.0,3.0,0.0,7,13,2145,2,2,1,1,6,4,7,2,2
16876,201600007597,1.0,1,3,1,11.0,0.0,0.0,0.0,1984.0,A01,1.0,7,0,13.0,0.0,2.0,1.0,10,9,30,3,1,1,1,6,0,7,2,2
16877,201600007598,1.0,1,1,1,11.0,0.0,0.0,0.0,1957.0,B02,2.0,7,0,0.0,2.0,3.0,1.0,10,21,730,2,1,1,1,1,1,30,2,1
16878,201600007598,1.0,1,3,2,21.0,0.0,0.0,0.0,2000.0,A01,1.0,30,0,0.0,2.0,3.0,1.0,10,21,730,2,1,1,1,1,1,7,1,2
16879,201600007599,1.0,1,1,1,11.0,0.0,0.0,0.0,1979.0,C03,2.0,7,0,0.0,2.0,1.0,1.0,11,3,2030,3,1,1,1,5,4,10,2,2
16880,201600007599,1.0,1,3,1,11.0,0.0,0.0,0.0,1989.0,B02,2.0,10,0,0.0,2.0,1.0,1.0,11,3,2030,3,1,1,1,5,4,7,2,2
16881,201600007599,1.0,1,2,1,12.0,0.0,0.0,0.0,1973.0,A01,1.0,7,0,0.0,2.0,1.0,13.0,11,3,2030,3,1,1,1,5,4,10,2,2
16882,201600007600,1.0,1,3,1,11.0,0.0,0.0,0.0,1996.0,A01,2.0,7,0,2.0,0.0,9.0,1.0,2,22,900,1,1,1,1,6,1,7,2,2
16883,201600007601,1.0,1,2,1,11.0,0.0,0.0,0.0,1945.0,A01,0.0,7,0,0.0,0.0,9.0,14.0,2,23,2230,5,2,1,9,6,5,7,2,2
16884,201600007602,1.0,1,4,2,21.0,0.0,0.0,0.0,2000.0,A01,1.0,30,0,0.0,2.0,4.0,0.0,4,3,1745,1,2,1,1,2,3,31,1,1
16885,201600007602,1.0,1,4,1,21.0,0.0,0.0,0.0,2001.0,B02,1.0,31,0,0.0,2.0,1.0,0.0,4,3,1745,1,2,1,1,2,3,30,1,1
16886,201600007603,1.0,1,1,2,11.0,0.0,0.0,0.0,1975.0,B02,2.0,7,0,0.0,2.0,1.0,1.0,7,8,1930,1,1,1,1,1,4,2,2,1
16887,201600007603,1.0,1,3,1,21.0,0.0,0.0,0.0,1999.0,A01,1.0,2,0,0.0,2.0,1.0,5.0,7,8,1930,1,1,1,1,1,4,7,1,2
16888,201600007604,1.0,1,3,2,21.0,0.0,0.0,0.0,1976.0,A01,1.0,31,0,3.0,0.0,7.0,1.0,8,8,1945,1,1,1,1,6,4,31,1,1
16889,201600007605,1.0,1,1,1,11.0,0.0,0.0,0.0,1958.0,A01,1.0,7,0,0.0,2.0,3.0,15.0,9,2,2015,3,1,4,1,1,4,7,2,2
16890,201600007605,2.0,2,4,2,11.0,0.0,0.0,0.0,1932.0,A01,1.0,7,0,0.0,2.0,3.0,15.0,9,2,2015,3,1,4,1,1,4,7,2,2
16891,201600007605,1.0,1,1,1,11.0,0.0,0.0,0.0,1981.0,B02,1.0,7,0,0.0,2.0,2.0,1.0,9,2,2015,3,1,4,1,1,4,7,2,2
16892,201600007606,1.0,1,2,1,12.0,0.0,0.0,0.0,1998.0,A01,2.0,7,0,6.0,0.0,1.0,1.0,10,6,400,5,2,1,1,6,0,7,2,2
16893,201600007606,2.0,2,3,1,12.0,0.0,0.0,0.0,1997.0,A01,2.0,7,0,6.0,0.0,1.0,1.0,10,6,400,5,2,1,1,6,0,7,2,2
16894,201600007607,1.0,1,3,1,13.0,0.0,0.0,0.0,1933.0,A01,1.0,7,0,8.0,2.0,1.0,13.0,10,24,1545,1,2,1,1,1,3,7,2,2
16895,201600007607,2.0,2,3,1,13.0,0.0,0.0,0.0,1935.0,A01,1.0,7,0,8.0,2.0,1.0,13.0,10,24,1545,1,2,1,1,1,3,7,2,2
16896,201600007607,4.0,2,3,2,13.0,0.0,0.0,0.0,1933.0,A01,1.0,7,0,8.0,2.0,1.0,13.0,10,24,1545,1,2,1,1,1,3,7,2,2
16897,201600007607,1.0,1,3,2,13.0,0.0,0.0,0.0,1955.0,B02,2.0,7,0,0.0,2.0,1.0,1.0,10,24,1545,1,2,1,1,1,3,7,2,2
16898,201600007608,1.0,1,2,2,11.0,0.0,0.0,0.0,1991.0,A01,1.0,7,0,2.0,0.0,7.0,1.0,12,8,2115,3,1,1,1,6,4,7,2,2
16899,201600007609,1.0,1,1,1,13.0,0.0,0.0,0.0,1973.0,A01,2.0,7,0,0.0,2.0,1.0,1.0,12,29,1645,1,1,1,1,1,3,7,2,2
16900,201600007609,1.0,1,3,1,13.0,0.0,0.0,0.0,1980.0,B02,1.0,7,0,0.0,2.0,1.0,1.0,12,29,1645,1,1,1,1,1,3,7,2,2
16901,201600007610,1.0,1,4,2,11.0,0.0,0.0,0.0,1960.0,A01,2.0,7,0,8.0,0.0,1.0,1.0,1,13,1815,3,1,1,1,6,4,7,2,2
16902,201600007611,1.0,1,2,1,22.0,0.0,0.0,0.0,2008.0,B02,2.0,1,0,0.0,2.0,1.0,1.0,4,12,1730,1,2,1,1,1,3,7,1,2
16903,201600007611,1.0,1,1,1,11.0,0.0,0.0,0.0,1934.0,A01,1.0,7,0,0.0,2.0,2.0,1.0,4,12,1730,1,2,1,1,1,3,1,2,1
16904,201600007612,1.0,1,1,1,13.0,0.0,0.0,0.0,1963.0,A01,2.0,7,0,0.0,0.0,3.0,15.0,5,16,1745,1,2,1,1,3,3,33,2,1
16905,201600007612,1.0,1,2,1,21.0,0.0,0.0,0.0,1987.0,B02,1.0,33,0,0.0,2.0,1.0,1.0,5,16,1745,1,2,1,1,3,3,7,1,2
16906,201600007613,1.0,1,2,1,13.0,0.0,0.0,0.0,1990.0,A01,2.0,7,0,0.0,0.0,9.0,13.0,9,1,115,3,1,1,1,7,0,7,2,2
16907,201600007614,1.0,1,1,1,11.0,0.0,0.0,0.0,1959.0,A01,1.0,7,0,0.0,2.0,2.0,15.0,9,16,1700,1,1,1,1,1,3,1,2,1
16908,201600007614,1.0,1,3,1,21.0,0.0,0.0,0.0,1967.0,B02,2.0,1,0,0.0,2.0,1.0,1.0,9,16,1700,1,1,1,1,1,3,7,1,2
16909,201600007615,1.0,1,3,1,21.0,0.0,0.0,0.0,1975.0,A01,1.0,33,0,0.0,2.0,1.0,1.0,10,7,1330,1,1,3,1,3,2,7,1,2
16910,201600007615,1.0,1,1,1,11.0,0.0,0.0,0.0,1988.0,B02,0.0,7,0,0.0,2.0,3.0,15.0,10,7,1330,1,1,3,1,3,2,33,2,1
16911,201600007616,1.0,1,3,1,13.0,0.0,0.0,0.0,1981.0,A01,1.0,10,0,2.0,0.0,3.0,1.0,11,23,2230,3,1,1,1,6,5,10,2,2
16912,201600007617,1.0,1,2,1,11.0,0.0,0.0,0.0,1947.0,B02,1.0,7,0,0.0,2.0,3.0,1.0,1,12,1200,1,1,1,2,1,2,10,2,2
16913,201600007617,2.0,2,3,1,11.0,0.0,0.0,0.0,1972.0,B02,1.0,7,0,0.0,2.0,3.0,1.0,1,12,1200,1,1,1,2,1,2,10,2,2
16914,201600007617,1.0,1,3,1,11.0,0.0,0.0,0.0,1971.0,A01,2.0,10,0,0.0,2.0,1.0,17.0,1,12,1200,1,1,1,2,1,2,7,2,2
16915,201600007618,1.0,1,3,1,11.0,0.0,0.0,0.0,1989.0,A01,2.0,7,0,0.0,0.0,2.0,1.0,4,15,2300,3,1,1,3,6,5,7,2,2
16916,201600007619,1.0,1,4,2,11.0,0.0,0.0,0.0,1967.0,A01,1.0,7,0,0.0,2.0,1.0,13.0,5,2,715,1,1,1,2,1,1,10,2,2
16917,201600007619,1.0,1,1,1,11.0,0.0,0.0,0.0,1981.0,B02,2.0,10,0,0.0,2.0,1.0,1.0,5,2,715,1,1,1,2,1,1,7,2,2
16918,201600007620,1.0,1,3,1,11.0,0.0,0.0,0.0,1982.0,A01,1.0,7,0,2.0,0.0,1.0,13.0,6,6,2045,1,1,1,2,6,4,7,2,2
16919,201600007621,1.0,1,3,1,21.0,0.0,0.0,0.0,1993.0,A01,1.0,36,0,2.0,0.0,1.0,1.0,6,17,1715,1,2,1,1,6,3,36,1,1
16920,201600007622,1.0,1,1,1,11.0,0.0,0.0,0.0,1980.0,A01,1.0,10,0,0.0,2.0,6.0,19.0,7,13,2330,5,2,1,1,3,5,31,2,1