,Num_Acc,place,catu,grav,sexe,secu,locp,actp,etatp,an_nais,num_veh,senc,catv,occutc,obs,obsm,choc,manv,mois,jour,hrmn,lum,agg,int,atm,col,mom,catvopp,catv_gen,catvopp_gen
17075,201600007685,3.0,2,1,2,11.0,0.0,0.0,0.0,2013.0,B02,2.0,7,0,0.0,0.0,3.0,1.0,8,18,1630,1,1,1,2,1,3,7,2,2
17076,201600007686,2.0,2,1,2,11.0,0.0,0.0,0.0,1989.0,B02,2.0,7,0,0.0,0.0,1.0,1.0,3,4,1430,1,1,2,8,3,3,21,2,0
17077,201600007686,1.0,1,3,1,11.0,0.0,0.0,0.0,1987.0,B02,2.0,7,0,0.0,0.0,1.0,1.0,3,4,1430,1,1,2,8,3,3,21,2,0
17078,201600007686,1.0,1,1,1,93.0,0.0,0.0,0.0,1956.0,A01,1.0,21,0,0.0,0.0,6.0,19.0,3,4,1430,1,1,2,8,3,3,7,0,2
17079,201600007687,1.0,1,3,2,11.0,0.0,0.0,0.0,1996.0,A01,1.0,7,0,0.0,2.0,8.0,15.0,7,1,1815,1,1,3,1,3,4,7,2,2
17080,201600007687,1.0,1,1,1,11.0,0.0,0.0,0.0,1960.0,B02,2.0,7,0,0.0,2.0,1.0,1.0,7,1,1815,1,1,3,1,3,4,7,2,2
17081,201600007688,1.0,1,4,1,11.0,0.0,0.0,0.0,1995.0,A01,1.0,7,0,0.0,2.0,1.0,17.0,7,17,1930,1,1,3,1,3,4,7,2,2
17082,201600007688,1.0,1,2,1,11.0,0.0,0.0,0.0,1981.0,B02,1.0,7,0,0.0,2.0,8.0,15.0,7,17,1930,1,1,3,1,3,4,7,2,2
17083,201600007689,1.0,1,3,1,12.0,0.0,0.0,0.0,1992.0,A01,2.0,7,0,2.0,0.0,7.0,14.0,10,4,2045,3,1,1,1,6,4,7,2,2
17084,201600007690,1.0,1,3,1,21.0,0.0,0.0,0.0,1987.0,B02,1.0,36,0,0.0,2.0,1.0,1.0,12,2,1730,5,2,2,1,3,3,7,1,2
17085,201600007690,1.0,1,1,2,11.0,0.0,0.0,0.0,1947.0,A01,2.0,7,0,0.0,2.0,7.0,15.0,12,2,1730,5,2,2,1,3,3,36,2,1
17086,201600007691,1.0,1,3,1,21.0,0.0,0.0,0.0,1999.0,A01,2.0,2,0,6.0,0.0,1.0,1.0,6,23,1830,1,2,1,1,6,4,2,1,1
17087,201600007692,1.0,1,1,2,11.0,0.0,0.0,0.0,1954.0,A01,0.0,7,0,0.0,1.0,7.0,15.0,9,8,1115,1,2,1,7,6,1,7,2,2
17088,201600007692,0.0,3,3,2,0.0,1.0,3.0,1.0,1958.0,A01,0.0,7,0,0.0,1.0,7.0,15.0,9,8,1115,1,2,1,7,6,1,7,2,2
17089,201600007693,1.0,1,3,2,11.0,0.0,0.0,0.0,1996.0,B02,1.0,7,0,0.0,2.0,1.0,1.0,6,17,715,1,1,2,8,3,1,7,2,2
17090,201600007693,1.0,1,4,2,11.0,0.0,0.0,0.0,1991.0,A01,1.0,7,0,0.0,2.0,2.0,19.0,6,17,715,1,1,2,8,3,1,7,2,2
17091,201600007694,1.0,1,1,1,11.0,0.0,0.0,0.0,1980.0,A01,1.0,7,0,0.0,2.0,1.0,13.0,6,19,1815,1,1,1,8,1,4,7,2,2
17092,201600007694,1.0,1,2,1,11.0,0.0,0.0,0.0,1932.0,B02,2.0,7,0,0.0,2.0,1.0,1.0,6,19,1815,1,1,1,8,1,4,7,2,2
17093,201600007695,1.0,1,2,1,12.0,0.0,0.0,0.0,1957.0,A01,1.0,7,0,13.0,0.0,9.0,13.0,9,10,2030,3,1,1,1,6,4,7,2,2
17094,201600007696,1.0,1,3,1,11.0,0.0,0.0,0.0,1969.0,A01,2.0,7,0,13.0,0.0,3.0,13.0,12,20,2300,3,1,1,1,6,5,7,2,2
17095,201600007697,1.0,1,3,1,11.0,0.0,0.0,0.0,1983.0,A01,1.0,7,0,2.0,0.0,1.0,13.0,7,7,1645,1,1,1,1,6,3,7,2,2
17096,201600007697,2.0,2,3,2,11.0,0.0,0.0,0.0,1984.0,A01,1.0,7,0,2.0,0.0,1.0,13.0,7,7,1645,1,1,1,1,6,3,7,2,2
17097,201600007697,3.0,2,3,1,31.0,0.0,0.0,0.0,2015.0,A01,1.0,7,0,2.0,0.0,1.0,13.0,7,7,1645,1,1,1,1,6,3,7,2,2
17098,201600007697,4.0,2,3,1,31.0,0.0,0.0,0.0,2013.0,A01,1.0,7,0,2.0,0.0,1.0,13.0,7,7,1645,1,1,1,1,6,3,7,2,2
17099,201600007698,1.0,1,1,2,13.0,0.0,0.0,0.0,1986.0,A01,2.0,7,0,0.0,2.0,7.0,1.0,11,30,1200,1,2,6,7,3,2,2,2,1
17100,201600007698,1.0,1,4,2,21.0,0.0,0.0,0.0,2001.0,B02,1.0,2,0,0.0,2.0,1.0,1.0,11,30,1200,1,2,6,7,3,2,7,1,2
17101,201600007699,1.0,1,3,1,11.0,0.0,0.0,0.0,1970.0,A01,2.0,7,0,16.0,0.0,9.0,1.0,1,12,1400,1,1,1,2,7,3,7,2,2
17102,201600007700,1.0,1,1,1,11.0,0.0,0.0,0.0,1996.0,A01,2.0,7,0,0.0,2.0,3.0,5.0,1,25,715,3,2,1,1,1,1,2,2,1
17103,201600007700,1.0,1,3,1,21.0,0.0,0.0,0.0,1999.0,B02,1.0,2,0,0.0,2.0,8.0,1.0,1,25,715,3,2,1,1,1,1,7,1,2
17104,201600007701,1.0,1,3,1,11.0,0.0,0.0,0.0,1997.0,A01,1.0,7,0,2.0,0.0,2.0,1.0,6,18,700,1,1,1,2,6,1,7,2,2
17105,201600007702,1.0,1,3,2,11.0,0.0,0.0,0.0,1935.0,A01,2.0,7,0,13.0,0.0,9.0,0.0,8,14,1715,1,2,1,1,7,3,7,2,2
17106,201600007703,1.0,1,3,1,21.0,0.0,0.0,0.0,1991.0,A01,1.0,33,0,0.0,0.0,9.0,1.0,9,11,1200,1,1,1,1,7,2,33,1,1
17107,201600007703,1.0,1,3,1,21.0,0.0,0.0,0.0,1985.0,B02,1.0,33,0,0.0,0.0,9.0,1.0,9,11,1200,1,1,1,1,7,2,33,1,1
17108,201600007704,2.0,2,1,1,11.0,0.0,0.0,0.0,2000.0,B02,2.0,10,0,0.0,2.0,4.0,2.0,11,18,2015,5,2,1,2,2,4,7,2,2
17109,201600007704,1.0,1,1,1,11.0,0.0,0.0,0.0,1976.0,B02,2.0,10,0,0.0,2.0,4.0,2.0,11,18,2015,5,2,1,2,2,4,7,2,2
17110,201600007704,1.0,1,2,2,13.0,0.0,0.0,0.0,1972.0,A01,2.0,7,0,0.0,2.0,1.0,2.0,11,18,2015,5,2,1,2,2,4,10,2,2
17111,201600007705,1.0,1,3,1,11.0,0.0,0.0,0.0,1997.0,A01,1.0,7,0,3.0,0.0,8.0,1.0,2,6,500,3,1,1,1,6,0,7,2,2
17112,201600007705,2.0,2,4,1,11.0,0.0,0.0,0.0,1997.0,A01,1.0,7,0,3.0,0.0,8.0,1.0,2,6,500,3,1,1,1,6,0,7,2,2
17113,201600007705,3.0,2,2,2,12.0,0.0,0.0,0.0,1999.0,A01,1.0,7,0,3.0,0.0,8.0,1.0,2,6,500,3,1,1,1,6,0,7,2,2
17114,201600007705,4.0,2,3,1,11.0,0.0,0.0,0.0,1997.0,A01,1.0,7,0,3.0,0.0,8.0,1.0,2,6,500,3,1,1,1,6,0,7,2,2
17115,201600007706,1.0,1,1,2,11.0,0.0,0.0,0.0,1966.0,F06,2.0,7,0,0.0,9.0,0.0,1.0,2,6,1645,1,1,1,1,5,3,33,2,1
17116,201600007706,4.0,2,1,2,11.0,0.0,0.0,0.0,2000.0,F06,2.0,7,0,0.0,9.0,0.0,1.0,2,6,1645,1,1,1,1,5,3,33,2,1
17117,201600007706,2.0,2,1,2,11.0,0.0,0.0,0.0,1997.0,F06,2.0,7,0,0.0,9.0,0.0,1.0,2,6,1645,1,1,1,1,5,3,33,2,1
17118,201600007706,2.0,2,1,2,11.0,0.0,0.0,0.0,1982.0,D04,1.0,7,0,0.0,9.0,1.0,1.0,2,6,1645,1,1,1,1,5,3,33,2,1
17119,201600007706,4.0,2,1,1,11.0,0.0,0.0,0.0,2010.0,D04,1.0,7,0,0.0,9.0,1.0,1.0,2,6,1645,1,1,1,1,5,3,33,2,1
17120,201600007706,1.0,1,1,1,11.0,0.0,0.0,0.0,1979.0,D04,1.0,7,0,0.0,9.0,1.0,1.0,2,6,1645,1,1,1,1,5,3,33,2,1
17121,201600007706,2.0,2,1,1,11.0,0.0,0.0,0.0,1998.0,E05,2.0,7,0,0.0,9.0,2.0,1.0,2,6,1645,1,1,1,1,5,3,33,2,1
17122,201600007706,1.0,1,1,1,11.0,0.0,0.0,0.0,1989.0,E05,2.0,7,0,0.0,9.0,2.0,1.0,2,6,1645,1,1,1,1,5,3,33,2,1
17123,201600007706,8.0,2,4,2,11.0,0.0,0.0,0.0,1953.0,A01,2.0,7,0,0.0,2.0,3.0,13.0,2,6,1645,1,1,1,1,5,3,33,2,1
17124,201600007706,3.0,2,4,1,11.0,0.0,0.0,0.0,1942.0,A01,2.0,7,0,0.0,2.0,3.0,13.0,2,6,1645,1,1,1,1,5,3,33,2,1
17125,201600007706,4.0,2,1,1,11.0,0.0,0.0,0.0,1939.0,A01,2.0,7,0,0.0,2.0,3.0,13.0,2,6,1645,1,1,1,1,5,3,33,2,1
17126,201600007706,1.0,1,4,2,11.0,0.0,0.0,0.0,1957.0,A01,2.0,7,0,0.0,2.0,3.0,13.0,2,6,1645,1,1,1,1,5,3,33,2,1
17127,201600007706,2.0,2,4,2,11.0,0.0,0.0,0.0,1943.0,A01,2.0,7,0,0.0,2.0,3.0,13.0,2,6,1645,1,1,1,1,5,3,33,2,1
17128,201600007706,1.0,1,2,1,21.0,0.0,0.0,0.0,1966.0,C03,1.0,33,0,0.0,2.0,0.0,1.0,2,6,1645,1,1,1,1,5,3,7,1,2
17129,201600007706,1.0,1,1,1,11.0,0.0,0.0,0.0,1976.0,B02,1.0,7,0,0.0,2.0,3.0,1.0,2,6,1645,1,1,1,1,5,3,33,2,1
17130,201600007706,2.0,2,1,2,11.0,0.0,0.0,0.0,1975.0,B02,1.0,7,0,0.0,2.0,3.0,1.0,2,6,1645,1,1,1,1,5,3,33,2,1
17131,201600007706,4.0,2,1,1,11.0,0.0,0.0,0.0,2006.0,B02,1.0,7,0,0.0,2.0,3.0,1.0,2,6,1645,1,1,1,1,5,3,33,2,1
17132,201600007706,3.0,2,1,1,11.0,0.0,0.0,0.0,2003.0,B02,1.0,7,0,0.0,2.0,3.0,1.0,2,6,1645,1,1,1,1,5,3,33,2,1
17133,201600007707,1.0,1,3,2,13.0,0.0,0.0,0.0,1973.0,B02,2.0,7,0,0.0,2.0,1.0,1.0,2,27,1430,1,1,1,1,4,3,7,2,2
17134,201600007707,1.0,1,3,1,13.0,0.0,0.0,0.0,1976.0,A01,1.0,7,0,0.0,2.0,1.0,5.0,2,27,1430,1,1,1,1,4,3,7,2,2
17135,201600007707,1.0,1,1,2,13.0,0.0,0.0,0.0,1988.0,C03,2.0,7,0,0.0,2.0,2.0,1.0,2,27,1430,1,1,1,1,4,3,7,2,2
17136,201600007708,1.0,1,1,2,11.0,0.0,0.0,0.0,1978.0,A01,2.0,7,0,0.0,2.0,2.0,15.0,5,3,1300,1,2,3,1,3,2,2,2,1
17137,201600007708,1.0,1,3,1,21.0,0.0,0.0,0.0,1979.0,B02,1.0,2,0,0.0,2.0,1.0,1.0,5,3,1300,1,2,3,1,3,2,7,1,2
17138,201600007709,1.0,1,1,1,11.0,0.0,0.0,0.0,1967.0,A01,2.0,7,0,0.0,9.0,3.0,19.0,7,28,1715,1,2,1,1,3,3,1,2,1
17139,201600007709,1.0,1,3,1,21.0,0.0,0.0,0.0,1933.0,B02,2.0,1,0,0.0,2.0,1.0,1.0,7,28,1715,1,2,1,1,3,3,7,1,2
17140,201600007710,1.0,1,3,1,21.0,0.0,0.0,0.0,1939.0,B02,1.0,1,0,0.0,2.0,4.0,2.0,10,7,1730,1,1,1,1,2,3,7,1,2
17141,201600007710,1.0,1,1,1,11.0,0.0,0.0,0.0,1997.0,A01,1.0,7,0,0.0,2.0,1.0,2.0,10,7,1730,1,1,1,1,2,3,1,2,1
17142,201600007711,1.0,1,4,1,11.0,0.0,0.0,0.0,1976.0,B02,2.0,10,0,0.0,0.0,8.0,1.0,1,5,730,3,1,1,8,3,1,7,2,2
17143,201600007711,1.0,1,3,2,11.0,0.0,0.0,0.0,1987.0,A01,1.0,7,0,0.0,0.0,1.0,1.0,1,5,730,3,1,1,8,3,1,10,2,2
17144,201600007712,1.0,1,3,1,21.0,0.0,0.0,0.0,1953.0,A01,2.0,33,0,0.0,2.0,1.0,13.0,6,9,1430,1,2,1,1,3,3,38,1,3
17145,201600007712,1.0,1,1,1,11.0,0.0,0.0,0.0,1959.0,B02,1.0,38,1,0.0,2.0,8.0,1.0,6,9,1430,1,2,1,1,3,3,33,3,1
17146,201600007713,1.0,1,1,1,11.0,0.0,0.0,0.0,1996.0,A01,2.0,10,0,0.0,2.0,3.0,15.0,7,26,1230,1,2,3,1,3,2,33,2,1
17147,201600007713,1.0,1,3,1,21.0,0.0,0.0,0.0,1988.0,B02,1.0,33,0,0.0,2.0,1.0,1.0,7,26,1230,1,2,3,1,3,2,10,1,2
17148,201600007713,2.0,2,3,2,21.0,0.0,0.0,0.0,1991.0,B02,1.0,33,0,0.0,2.0,1.0,1.0,7,26,1230,1,2,3,1,3,2,10,1,2
17149,201600007714,4.0,2,3,2,11.0,0.0,0.0,0.0,1941.0,B02,1.0,7,0,0.0,2.0,1.0,1.0,2,29,1600,1,2,1,1,1,3,7,2,2
17150,201600007714,2.0,2,4,2,11.0,0.0,0.0,0.0,1971.0,B02,1.0,7,0,0.0,2.0,1.0,1.0,2,29,1600,1,2,1,1,1,3,7,2,2
17151,201600007714,1.0,1,4,1,11.0,0.0,0.0,0.0,1953.0,B02,1.0,7,0,0.0,2.0,1.0,1.0,2,29,1600,1,2,1,1,1,3,7,2,2
17152,201600007714,1.0,1,1,1,11.0,0.0,0.0,0.0,1997.0,A01,2.0,7,0,0.0,2.0,2.0,13.0,2,29,1600,1,2,1,1,1,3,7,2,2
17153,201600007714,2.0,2,4,1,11.0,0.0,0.0,0.0,1998.0,A01,2.0,7,0,0.0,2.0,2.0,13.0,2,29,1600,1,2,1,1,1,3,7,2,2
17154,201600007715,1.0,1,3,1,21.0,0.0,0.0,0.0,1979.0,A01,2.0,33,0,16.0,0.0,0.0,1.0,4,16,1445,1,1,1,2,7,3,33,1,1
17155,201600007716,1.0,1,1,1,13.0,0.0,0.0,0.0,1984.0,A01,2.0,7,0,13.0,0.0,1.0,13.0,9,4,2215,3,1,1,2,6,5,7,2,2
17156,201600007716,5.0,2,3,1,13.0,0.0,0.0,0.0,2014.0,A01,2.0,7,0,13.0,0.0,1.0,13.0,9,4,2215,3,1,1,2,6,5,7,2,2
17157,201600007717,5.0,2,3,1,31.0,0.0,0.0,0.0,2014.0,A01,2.0,7,0,0.0,2.0,8.0,19.0,2,25,1300,1,1,2,1,3,2,10,2,2
17158,201600007717,4.0,2,3,1,11.0,0.0,0.0,0.0,2001.0,A01,2.0,7,0,0.0,2.0,8.0,19.0,2,25,1300,1,1,2,1,3,2,10,2,2
17159,201600007717,3.0,2,3,2,13.0,0.0,0.0,0.0,2003.0,A01,2.0,7,0,0.0,2.0,8.0,19.0,2,25,1300,1,1,2,1,3,2,10,2,2
17160,201600007717,1.0,1,4,1,11.0,0.0,0.0,0.0,1971.0,A01,2.0,7,0,0.0,2.0,8.0,19.0,2,25,1300,1,1,2,1,3,2,10,2,2
17161,201600007717,2.0,2,3,2,11.0,0.0,0.0,0.0,1975.0,A01,2.0,7,0,0.0,2.0,8.0,19.0,2,25,1300,1,1,2,1,3,2,10,2,2
17162,201600007717,1.0,1,4,1,11.0,0.0,0.0,0.0,1965.0,B02,2.0,10,0,0.0,2.0,3.0,1.0,2,25,1300,1,1,2,1,3,2,7,2,2
17163,201600007718,1.0,1,3,1,21.0,0.0,0.0,0.0,1962.0,A01,1.0,33,0,10.0,0.0,1.0,1.0,5,6,1430,1,1,1,1,7,3,33,1,1
17164,201600007719,1.0,1,3,1,21.0,0.0,0.0,0.0,1991.0,A01,2.0,33,0,0.0,2.0,2.0,1.0,4,19,1715,1,1,3,1,3,3,7,1,2
17165,201600007719,1.0,1,1,1,11.0,0.0,0.0,0.0,1960.0,B02,2.0,7,0,0.0,2.0,3.0,15.0,4,19,1715,1,1,3,1,3,3,33,2,1
17166,201600007720,1.0,1,3,1,13.0,0.0,0.0,0.0,1995.0,A01,2.0,7,0,3.0,2.0,7.0,13.0,5,3,1530,1,1,1,3,3,3,10,2,2
17167,201600007720,1.0,1,1,1,13.0,0.0,0.0,0.0,1992.0,B02,1.0,10,0,0.0,2.0,1.0,1.0,5,3,1530,1,1,1,3,3,3,7,2,2
17168,201600007721,1.0,1,1,1,11.0,0.0,0.0,0.0,1978.0,A01,2.0,10,0,0.0,9.0,3.0,1.0,6,1,845,1,1,1,2,1,1,1,2,1
17169,201600007721,1.0,1,3,1,22.0,0.0,0.0,0.0,2008.0,B02,0.0,1,0,0.0,2.0,1.0,9.0,6,1,845,1,1,1,2,1,1,10,1,2
17170,201600007722,5.0,2,2,1,12.0,0.0,0.0,0.0,1975.0,A01,1.0,7,0,2.0,0.0,1.0,13.0,6,25,730,1,1,1,1,6,1,7,2,2
17171,201600007722,1.0,1,3,1,11.0,0.0,0.0,0.0,1976.0,A01,1.0,7,0,2.0,0.0,1.0,13.0,6,25,730,1,1,1,1,6,1,7,2,2
17172,201600007722,2.0,2,2,1,12.0,0.0,0.0,0.0,1982.0,A01,1.0,7,0,2.0,0.0,1.0,13.0,6,25,730,1,1,1,1,6,1,7,2,2
17173,201600007723,1.0,1,2,1,21.0,0.0,0.0,0.0,1967.0,A01,1.0,33,0,6.0,0.0,9.0,1.0,7,10,1000,1,1,1,1,6,1,33,1,1
17174,201600007723,2.0,2,2,2,21.0,0.0,0.0,0.0,1996.0,A01,1.0,33,0,6.0,0.0,9.0,1.0,7,10,1000,1,1,1,1,6,1,33,1,1
17175,201600007724,1.0,1,1,1,11.0,0.0,0.0,0.0,1962.0,B02,2.0,7,0,0.0,2.0,8.0,17.0,7,17,1130,1,1,1,1,3,1,33,2,1
17176,201600007724,1.0,1,3,1,21.0,0.0,0.0,0.0,1962.0,A01,2.0,33,0,0.0,2.0,7.0,17.0,7,17,1130,1,1,1,1,3,1,7,1,2
17177,201600007724,2.0,2,1,2,21.0,0.0,0.0,0.0,1961.0,A01,2.0,33,0,0.0,2.0,7.0,17.0,7,17,1130,1,1,1,1,3,1,7,1,2
17178,201600007725,1.0,1,1,1,93.0,0.0,0.0,0.0,1962.0,B02,0.0,21,0,0.0,2.0,2.0,23.0,8,3,1715,1,1,3,1,3,3,7,0,2
17179,201600007725,1.0,1,3,2,11.0,0.0,0.0,0.0,1981.0,A01,2.0,7,0,0.0,2.0,1.0,13.0,8,3,1715,1,1,3,1,3,3,21,2,0
17180,201600007725,3.0,2,1,1,11.0,0.0,0.0,0.0,2008.0,A01,2.0,7,0,0.0,2.0,1.0,13.0,8,3,1715,1,1,3,1,3,3,21,2,0
17181,201600007726,1.0,1,3,2,22.0,0.0,0.0,0.0,1965.0,B02,2.0,1,0,0.0,2.0,1.0,1.0,8,16,1215,1,1,3,1,3,2,7,1,2
17182,201600007726,1.0,1,1,2,11.0,0.0,0.0,0.0,1993.0,A01,2.0,7,0,0.0,9.0,3.0,15.0,8,16,1215,1,1,3,1,3,2,1,2,1
17183,201600007727,1.0,1,3,1,21.0,0.0,0.0,0.0,1989.0,A01,2.0,33,0,0.0,2.0,1.0,17.0,8,31,1100,1,1,1,1,5,1,14,1,3
17184,201600007727,1.0,1,1,1,11.0,0.0,0.0,0.0,1945.0,B02,1.0,7,0,0.0,2.0,3.0,1.0,8,31,1100,1,1,1,1,5,1,33,2,1
17185,201600007727,1.0,1,1,1,11.0,0.0,0.0,0.0,1967.0,C03,2.0,14,0,0.0,2.0,8.0,1.0,8,31,1100,1,1,1,1,5,1,33,3,1
17186,201600007728,1.0,1,1,2,11.0,0.0,0.0,0.0,1990.0,B02,2.0,14,0,0.0,2.0,1.0,1.0,10,5,1515,1,1,3,1,3,3,7,3,2
17187,201600007728,1.0,1,2,1,11.0,0.0,0.0,0.0,1945.0,A01,2.0,7,0,0.0,2.0,8.0,15.0,10,5,1515,1,1,3,1,3,3,14,2,3
17188,201600007729,1.0,1,2,1,11.0,0.0,0.0,0.0,1970.0,A01,2.0,7,0,2.0,0.0,1.0,14.0,11,2,715,2,1,1,1,6,1,7,2,2
17189,201600007730,1.0,1,1,2,11.0,0.0,0.0,0.0,1981.0,A01,1.0,7,0,0.0,1.0,1.0,1.0,1,12,1700,1,2,1,3,6,3,7,2,2
17190,201600007730,0.0,3,3,2,0.0,2.0,3.0,2.0,2008.0,A01,1.0,7,0,0.0,1.0,1.0,1.0,1,12,1700,1,2,1,3,6,3,7,2,2
17191,201600007731,1.0,1,3,1,21.0,0.0,0.0,0.0,1998.0,A01,1.0,2,0,0.0,0.0,0.0,0.0,2,21,1500,1,2,1,1,6,3,2,1,1
17192,201600007732,1.0,1,3,1,11.0,0.0,0.0,0.0,1963.0,A01,2.0,7,0,0.0,2.0,1.0,1.0,2,20,620,3,1,3,1,1,1,7,2,2
17193,201600007732,1.0,1,3,1,11.0,0.0,0.0,0.0,1967.0,B01,1.0,7,0,0.0,2.0,1.0,13.0,2,20,620,3,1,3,1,1,1,7,2,2
17194,201600007733,1.0,1,2,1,12.0,0.0,0.0,0.0,1971.0,A01,2.0,7,0,15.0,0.0,2.0,14.0,4,15,1655,1,1,1,1,6,3,7,2,2
17195,201600007734,2.0,2,4,2,11.0,0.0,0.0,0.0,1997.0,B01,0.0,7,0,0.0,2.0,1.0,1.0,5,11,1640,1,2,1,8,1,3,7,2,2
17196,201600007734,1.0,1,4,2,11.0,0.0,0.0,0.0,1969.0,B01,0.0,7,0,0.0,2.0,1.0,1.0,5,11,1640,1,2,1,8,1,3,7,2,2
17197,201600007734,4.0,2,4,1,11.0,0.0,0.0,0.0,1997.0,A01,0.0,7,0,0.0,2.0,1.0,1.0,5,11,1640,1,2,1,8,1,3,7,2,2
17198,201600007734,3.0,2,4,1,11.0,0.0,0.0,0.0,1999.0,A01,0.0,7,0,0.0,2.0,1.0,1.0,5,11,1640,1,2,1,8,1,3,7,2,2
17199,201600007734,2.0,2,4,1,11.0,0.0,0.0,0.0,1996.0,A01,0.0,7,0,0.0,2.0,1.0,1.0,5,11,1640,1,2,1,8,1,3,7,2,2
17200,201600007734,1.0,1,3,1,11.0,0.0,0.0,0.0,1997.0,A01,0.0,7,0,0.0,2.0,1.0,1.0,5,11,1640,1,2,1,8,1,3,7,2,2
17201,201600007735,1.0,1,4,1,21.0,0.0,0.0,0.0,1977.0,A01,1.0,33,0,0.0,2.0,2.0,17.0,5,14,2310,5,2,1,1,3,5,7,1,2
17202,201600007735,1.0,1,1,1,11.0,0.0,0.0,0.0,1996.0,B01,1.0,7,0,0.0,0.0,8.0,1.0,5,14,2310,5,2,1,1,3,5,33,2,1
17203,201600007736,1.0,1,3,1,22.0,0.0,0.0,0.0,1995.0,A01,1.0,1,0,0.0,2.0,1.0,2.0,6,22,800,1,2,3,1,3,1,7,1,2
17204,201600007736,1.0,1,1,1,11.0,0.0,0.0,0.0,1955.0,B01,1.0,7,0,0.0,2.0,3.0,9.0,6,22,800,1,2,3,1,3,1,1,2,1
17205,201600007737,1.0,1,1,1,11.0,0.0,0.0,0.0,1956.0,A01,1.0,7,0,0.0,1.0,7.0,2.0,7,2,1255,1,2,1,1,6,2,7,2,2
17206,201600007737,0.0,3,3,2,0.0,3.0,3.0,1.0,1924.0,A01,1.0,7,0,0.0,1.0,7.0,2.0,7,2,1255,1,2,1,1,6,2,7,2,2
17207,201600007738,1.0,1,4,1,21.0,0.0,0.0,0.0,1974.0,A01,1.0,1,0,0.0,2.0,3.0,1.0,8,19,1750,1,2,2,1,3,3,7,1,2
17208,201600007738,1.0,1,1,1,13.0,0.0,0.0,0.0,1986.0,B01,1.0,7,0,0.0,2.0,2.0,1.0,8,19,1750,1,2,2,1,3,3,1,2,1
17209,201600007739,1.0,1,1,1,13.0,0.0,0.0,0.0,1990.0,A01,1.0,7,0,0.0,2.0,2.0,15.0,9,9,2130,5,2,2,1,1,4,31,2,1
17210,201600007739,1.0,1,3,1,21.0,0.0,0.0,0.0,1990.0,B01,2.0,31,0,0.0,2.0,1.0,1.0,9,9,2130,5,2,2,1,1,4,7,1,2
17211,201600007739,2.0,2,3,1,21.0,0.0,0.0,0.0,1993.0,B01,2.0,31,0,0.0,2.0,1.0,1.0,9,9,2130,5,2,2,1,1,4,7,1,2
17212,201600007740,1.0,1,4,2,11.0,0.0,0.0,0.0,1997.0,A01,1.0,7,0,2.0,0.0,2.0,14.0,9,24,630,3,1,1,1,6,1,7,2,2
17213,201600007741,1.0,1,1,2,11.0,0.0,0.0,0.0,1986.0,B01,0.0,7,0,0.0,2.0,0.0,0.0,9,29,855,1,2,3,1,3,1,1,2,1
17214,201600007741,1.0,1,3,1,92.0,0.0,0.0,0.0,1995.0,A01,0.0,1,0,0.0,0.0,0.0,0.0,9,29,855,1,2,3,1,3,1,7,1,2
17215,201600007742,1.0,1,4,1,21.0,0.0,0.0,0.0,1968.0,B01,2.0,33,0,0.0,2.0,7.0,1.0,10,8,2035,5,2,3,1,7,4,7,1,2
17216,201600007742,1.0,1,1,1,11.0,0.0,0.0,0.0,1993.0,A01,1.0,7,0,0.0,2.0,0.0,15.0,10,8,2035,5,2,3,1,7,4,33,2,1
17217,201600007743,1.0,1,4,2,11.0,0.0,0.0,0.0,1990.0,B01,1.0,7,0,0.0,2.0,4.0,23.0,10,22,1225,1,2,3,1,5,2,7,2,2
17218,201600007743,1.0,1,1,1,13.0,0.0,0.0,0.0,1964.0,A01,1.0,7,0,0.0,2.0,1.0,2.0,10,22,1225,1,2,3,1,5,2,7,2,2
17219,201600007743,1.0,1,1,1,11.0,0.0,0.0,0.0,1981.0,C01,2.0,7,0,0.0,2.0,0.0,0.0,10,22,1225,1,2,3,1,5,2,7,2,2
17220,201600007744,1.0,1,1,2,11.0,0.0,0.0,0.0,1972.0,D01,1.0,7,0,0.0,0.0,4.0,23.0,11,8,1150,1,2,1,1,4,1,7,2,2
17221,201600007744,1.0,1,4,2,11.0,0.0,0.0,0.0,1983.0,C01,1.0,7,0,0.0,2.0,9.0,23.0,11,8,1150,1,2,1,1,4,1,7,2,2
17222,201600007744,1.0,1,4,2,11.0,0.0,0.0,0.0,1942.0,B01,1.0,7,0,0.0,2.0,4.0,23.0,11,8,1150,1,2,1,1,4,1,7,2,2
17223,201600007744,1.0,1,1,1,11.0,0.0,0.0,0.0,1983.0,A01,1.0,7,0,0.0,2.0,1.0,2.0,11,8,1150,1,2,1,1,4,1,7,2,2
17224,201600007745,1.0,1,1,1,11.0,0.0,0.0,0.0,1961.0,B01,1.0,38,20,0.0,2.0,8.0,9.0,12,14,1210,1,2,6,1,3,2,2,3,1
17225,201600007745,1.0,1,3,2,92.0,0.0,0.0,0.0,2001.0,A01,2.0,2,0,0.0,2.0,1.0,0.0,12,14,1210,1,2,6,1,3,2,38,1,3
17226,201600007746,1.0,1,1,1,11.0,0.0,0.0,0.0,1986.0,A01,2.0,13,0,0.0,2.0,7.0,2.0,12,8,1400,1,1,1,1,3,3,1,3,1
17227,201600007746,1.0,1,3,1,21.0,0.0,0.0,0.0,1940.0,B01,2.0,1,0,0.0,2.0,8.0,2.0,12,8,1400,1,1,1,1,3,3,13,1,3