,Num_Acc,place,catu,grav,sexe,secu,locp,actp,etatp,an_nais,num_veh,senc,catv,occutc,obs,obsm,choc,manv,mois,jour,hrmn,lum,agg,int,atm,col,mom,catvopp,catv_gen,catvopp_gen
17228,201600007747,2.0,2,3,1,11.0,0.0,0.0,0.0,1957.0,A01,1.0,7,0,0.0,2.0,2.0,1.0,5,12,1245,1,1,3,1,1,2,7,2,2
17229,201600007747,1.0,1,3,2,11.0,0.0,0.0,0.0,1969.0,A01,1.0,7,0,0.0,2.0,2.0,1.0,5,12,1245,1,1,3,1,1,2,7,2,2
17230,201600007747,1.0,1,3,1,11.0,0.0,0.0,0.0,1990.0,B01,1.0,7,0,0.0,2.0,2.0,15.0,5,12,1245,1,1,3,1,1,2,7,2,2
17231,201600007748,1.0,1,4,1,11.0,0.0,0.0,0.0,1947.0,B02,1.0,7,0,0.0,2.0,1.0,15.0,5,12,1340,1,1,2,1,3,2,7,2,2
17232,201600007748,2.0,2,3,2,11.0,0.0,0.0,0.0,1953.0,B02,1.0,7,0,0.0,2.0,1.0,15.0,5,12,1340,1,1,2,1,3,2,7,2,2
17233,201600007748,1.0,1,1,2,11.0,0.0,0.0,0.0,1981.0,A01,1.0,7,0,0.0,2.0,1.0,1.0,5,12,1340,1,1,2,1,3,2,7,2,2
17234,201600007749,1.0,1,1,2,11.0,0.0,0.0,0.0,1958.0,A01,2.0,7,0,0.0,2.0,2.0,2.0,8,25,2230,3,1,1,1,2,5,30,2,1
17235,201600007749,1.0,1,3,2,23.0,0.0,0.0,0.0,1998.0,B02,2.0,30,0,0.0,0.0,4.0,2.0,8,25,2230,3,1,1,1,2,5,7,1,2
17236,201600007749,2.0,2,3,2,23.0,0.0,0.0,0.0,1998.0,B02,2.0,30,0,0.0,0.0,4.0,2.0,8,25,2230,3,1,1,1,2,5,7,1,2
17237,201600007750,1.0,1,3,1,21.0,0.0,0.0,0.0,1968.0,B02,2.0,33,0,0.0,2.0,1.0,1.0,9,3,1815,1,1,2,7,3,4,7,1,2
17238,201600007750,1.0,1,1,2,11.0,0.0,0.0,0.0,1998.0,A01,1.0,7,0,0.0,2.0,8.0,19.0,9,3,1815,1,1,2,7,3,4,33,2,1
17239,201600007750,2.0,2,1,2,11.0,0.0,0.0,0.0,1973.0,A01,1.0,7,0,0.0,2.0,8.0,19.0,9,3,1815,1,1,2,7,3,4,33,2,1
17240,201600007751,1.0,1,1,1,11.0,0.0,0.0,0.0,1977.0,B02,2.0,14,0,0.0,2.0,1.0,1.0,10,12,1400,1,1,1,1,1,3,7,3,2
17241,201600007751,1.0,1,2,2,11.0,0.0,0.0,0.0,1947.0,A01,1.0,7,0,0.0,2.0,1.0,13.0,10,12,1400,1,1,1,1,1,3,14,2,3
17242,201600007751,2.0,2,3,1,11.0,0.0,0.0,0.0,1942.0,A01,1.0,7,0,0.0,2.0,1.0,13.0,10,12,1400,1,1,1,1,1,3,14,2,3
17243,201600007752,2.0,2,3,2,11.0,0.0,0.0,0.0,1992.0,A01,1.0,7,0,6.0,0.0,1.0,0.0,1,24,515,5,2,1,9,6,0,7,2,2
17244,201600007752,1.0,1,3,1,11.0,0.0,0.0,0.0,1991.0,A01,1.0,7,0,6.0,0.0,1.0,0.0,1,24,515,5,2,1,9,6,0,7,2,2
17245,201600007753,1.0,1,1,1,13.0,0.0,0.0,0.0,1923.0,A01,2.0,7,0,0.0,9.0,7.0,2.0,2,6,830,1,2,1,1,3,1,1,2,1
17246,201600007753,1.0,1,3,1,22.0,0.0,0.0,0.0,1951.0,B02,2.0,1,0,0.0,2.0,3.0,2.0,2,6,830,1,2,1,1,3,1,7,1,2
17247,201600007754,1.0,1,2,1,23.0,0.0,0.0,0.0,1941.0,A01,1.0,1,0,0.0,0.0,1.0,2.0,3,15,1400,1,2,1,1,6,3,1,1,1
17248,201600007755,1.0,1,1,1,11.0,0.0,0.0,0.0,1973.0,A01,1.0,10,0,0.0,2.0,5.0,15.0,4,22,1730,1,2,3,1,3,3,31,2,1
17249,201600007755,1.0,1,3,1,21.0,0.0,0.0,0.0,1994.0,B02,2.0,31,0,0.0,2.0,1.0,1.0,4,22,1730,1,2,3,1,3,3,10,1,2
17250,201600007756,1.0,1,3,2,12.0,0.0,0.0,0.0,1932.0,A01,2.0,7,0,13.0,0.0,1.0,1.0,4,23,1145,1,1,1,2,6,1,7,2,2
17251,201600007757,1.0,1,1,2,11.0,0.0,0.0,0.0,1961.0,A01,0.0,7,0,0.0,2.0,2.0,14.0,6,13,1645,1,1,3,1,3,3,7,2,2
17252,201600007757,1.0,1,3,2,11.0,0.0,0.0,0.0,1948.0,B01,0.0,7,0,0.0,2.0,3.0,1.0,6,13,1645,1,1,3,1,3,3,7,2,2
17253,201600007758,1.0,1,4,2,11.0,0.0,0.0,0.0,1998.0,A01,1.0,7,0,2.0,0.0,1.0,21.0,11,20,1845,3,1,1,1,7,4,7,2,2
17254,201600007759,5.0,2,1,2,12.0,0.0,0.0,0.0,2003.0,A01,2.0,38,14,16.0,0.0,7.0,1.0,1,7,1745,3,1,1,8,7,3,38,3,3
17255,201600007759,5.0,2,1,1,12.0,0.0,0.0,0.0,2004.0,A01,2.0,38,14,16.0,0.0,7.0,1.0,1,7,1745,3,1,1,8,7,3,38,3,3
17256,201600007759,5.0,2,1,1,12.0,0.0,0.0,0.0,2003.0,A01,2.0,38,14,16.0,0.0,7.0,1.0,1,7,1745,3,1,1,8,7,3,38,3,3
17257,201600007759,5.0,2,1,2,12.0,0.0,0.0,0.0,2004.0,A01,2.0,38,14,16.0,0.0,7.0,1.0,1,7,1745,3,1,1,8,7,3,38,3,3
17259,201600007759,5.0,2,1,1,12.0,0.0,0.0,0.0,2002.0,A01,2.0,38,14,16.0,0.0,7.0,1.0,1,7,1745,3,1,1,8,7,3,38,3,3
17261,201600007759,5.0,2,1,2,12.0,0.0,0.0,0.0,2002.0,A01,2.0,38,14,16.0,0.0,7.0,1.0,1,7,1745,3,1,1,8,7,3,38,3,3
17263,201600007759,5.0,2,4,2,12.0,0.0,0.0,0.0,2001.0,A01,2.0,38,14,16.0,0.0,7.0,1.0,1,7,1745,3,1,1,8,7,3,38,3,3
17264,201600007759,5.0,2,1,2,12.0,0.0,0.0,0.0,2001.0,A01,2.0,38,14,16.0,0.0,7.0,1.0,1,7,1745,3,1,1,8,7,3,38,3,3
17265,201600007759,5.0,2,1,1,12.0,0.0,0.0,0.0,2001.0,A01,2.0,38,14,16.0,0.0,7.0,1.0,1,7,1745,3,1,1,8,7,3,38,3,3
17266,201600007759,5.0,2,1,2,12.0,0.0,0.0,0.0,2000.0,A01,2.0,38,14,16.0,0.0,7.0,1.0,1,7,1745,3,1,1,8,7,3,38,3,3
17267,201600007759,1.0,1,1,1,11.0,0.0,0.0,0.0,1966.0,A01,2.0,38,14,16.0,0.0,7.0,1.0,1,7,1745,3,1,1,8,7,3,38,3,3
17268,201600007760,1.0,1,1,2,11.0,0.0,0.0,0.0,1965.0,A01,0.0,7,0,0.0,2.0,1.0,1.0,6,5,1415,1,1,2,1,3,3,7,2,2
17269,201600007760,1.0,1,3,2,12.0,0.0,0.0,0.0,1975.0,B01,0.0,7,0,0.0,2.0,8.0,1.0,6,5,1415,1,1,2,1,3,3,7,2,2
17270,201600007761,1.0,1,3,1,11.0,0.0,0.0,0.0,1978.0,A01,2.0,7,0,10.0,0.0,1.0,1.0,6,23,1515,1,2,1,1,6,3,7,2,2
17271,201600007762,5.0,2,4,1,11.0,0.0,0.0,0.0,2010.0,B02,1.0,7,0,0.0,2.0,1.0,1.0,10,28,1700,1,1,4,1,3,3,7,2,2
17272,201600007762,3.0,2,4,2,11.0,0.0,0.0,0.0,2005.0,B02,1.0,7,0,0.0,2.0,1.0,1.0,10,28,1700,1,1,4,1,3,3,7,2,2
17273,201600007762,4.0,2,4,1,11.0,0.0,0.0,0.0,2007.0,B02,1.0,7,0,0.0,2.0,1.0,1.0,10,28,1700,1,1,4,1,3,3,7,2,2
17274,201600007762,1.0,1,4,1,11.0,0.0,0.0,0.0,1966.0,B02,1.0,7,0,0.0,2.0,1.0,1.0,10,28,1700,1,1,4,1,3,3,7,2,2
17275,201600007762,2.0,2,3,2,11.0,0.0,0.0,0.0,1979.0,B02,1.0,7,0,0.0,2.0,1.0,1.0,10,28,1700,1,1,4,1,3,3,7,2,2
17276,201600007762,1.0,1,1,1,11.0,0.0,0.0,0.0,1940.0,A01,2.0,7,0,0.0,2.0,7.0,15.0,10,28,1700,1,1,4,1,3,3,7,2,2
17277,201600007763,1.0,1,4,1,11.0,0.0,0.0,0.0,1978.0,B02,1.0,7,0,0.0,2.0,3.0,1.0,4,10,30,5,2,2,1,3,0,7,2,2
17278,201600007763,3.0,2,4,1,31.0,0.0,0.0,0.0,2012.0,B02,1.0,7,0,0.0,2.0,3.0,1.0,4,10,30,5,2,2,1,3,0,7,2,2
17279,201600007763,4.0,2,4,1,11.0,0.0,0.0,0.0,1994.0,A01,1.0,7,0,0.0,2.0,2.0,1.0,4,10,30,5,2,2,1,3,0,7,2,2
17280,201600007763,2.0,2,4,2,11.0,0.0,0.0,0.0,1996.0,A01,1.0,7,0,0.0,2.0,2.0,1.0,4,10,30,5,2,2,1,3,0,7,2,2
17281,201600007763,1.0,1,4,2,11.0,0.0,0.0,0.0,1997.0,A01,1.0,7,0,0.0,2.0,2.0,1.0,4,10,30,5,2,2,1,3,0,7,2,2
17282,201600007763,3.0,2,4,1,11.0,0.0,0.0,0.0,1977.0,A01,1.0,7,0,0.0,2.0,2.0,1.0,4,10,30,5,2,2,1,3,0,7,2,2
17283,201600007764,1.0,1,3,1,12.0,0.0,0.0,0.0,1997.0,A01,1.0,10,0,0.0,2.0,3.0,13.0,4,15,915,1,1,1,3,1,1,7,2,2
17284,201600007764,2.0,2,1,1,13.0,0.0,0.0,0.0,2000.0,A01,1.0,10,0,0.0,2.0,3.0,13.0,4,15,915,1,1,1,3,1,1,7,2,2
17285,201600007764,5.0,2,1,1,12.0,0.0,0.0,0.0,1998.0,A01,1.0,10,0,0.0,2.0,3.0,13.0,4,15,915,1,1,1,3,1,1,7,2,2
17286,201600007764,1.0,1,3,1,11.0,0.0,0.0,0.0,1946.0,B02,2.0,7,0,0.0,2.0,3.0,1.0,4,15,915,1,1,1,3,1,1,10,2,2
17287,201600007764,2.0,2,3,2,11.0,0.0,0.0,0.0,1946.0,B02,2.0,7,0,0.0,2.0,3.0,1.0,4,15,915,1,1,1,3,1,1,10,2,2
17288,201600007764,5.0,2,1,1,11.0,0.0,0.0,0.0,2012.0,B02,2.0,7,0,0.0,2.0,3.0,1.0,4,15,915,1,1,1,3,1,1,10,2,2
17289,201600007765,5.0,2,4,1,11.0,0.0,0.0,0.0,2008.0,B02,2.0,7,0,0.0,2.0,2.0,1.0,5,8,2230,3,1,1,1,1,5,7,2,2
17290,201600007765,2.0,2,3,2,11.0,0.0,0.0,0.0,1973.0,B02,2.0,7,0,0.0,2.0,2.0,1.0,5,8,2230,3,1,1,1,1,5,7,2,2
17291,201600007765,5.0,2,4,2,11.0,0.0,0.0,0.0,2012.0,B02,2.0,7,0,0.0,2.0,2.0,1.0,5,8,2230,3,1,1,1,1,5,7,2,2
17292,201600007765,1.0,1,1,1,11.0,0.0,0.0,0.0,1978.0,B02,2.0,7,0,0.0,2.0,2.0,1.0,5,8,2230,3,1,1,1,1,5,7,2,2
17293,201600007765,2.0,2,2,2,12.0,0.0,0.0,0.0,1982.0,A01,1.0,7,0,0.0,2.0,2.0,15.0,5,8,2230,3,1,1,1,1,5,7,2,2
17294,201600007765,1.0,1,3,1,11.0,0.0,0.0,0.0,1994.0,A01,1.0,7,0,0.0,2.0,2.0,15.0,5,8,2230,3,1,1,1,1,5,7,2,2
17295,201600007766,1.0,1,3,1,21.0,0.0,0.0,0.0,1998.0,A01,0.0,2,0,0.0,2.0,3.0,17.0,5,28,1545,1,1,1,1,1,3,31,1,1
17296,201600007766,1.0,1,3,1,21.0,0.0,0.0,0.0,2001.0,B02,0.0,31,0,0.0,2.0,3.0,1.0,5,28,1545,1,1,1,1,1,3,2,1,1
17297,201600007767,1.0,1,1,2,11.0,0.0,0.0,0.0,1974.0,A01,2.0,7,0,0.0,2.0,2.0,15.0,9,8,830,1,2,3,1,3,1,1,2,1
17298,201600007767,3.0,2,1,1,31.0,0.0,0.0,0.0,2007.0,A01,2.0,7,0,0.0,2.0,2.0,15.0,9,8,830,1,2,3,1,3,1,1,2,1
17299,201600007767,4.0,2,1,1,31.0,0.0,0.0,0.0,2007.0,A01,2.0,7,0,0.0,2.0,2.0,15.0,9,8,830,1,2,3,1,3,1,1,2,1
17300,201600007767,1.0,1,4,1,21.0,0.0,0.0,0.0,1945.0,B02,1.0,1,0,0.0,2.0,1.0,1.0,9,8,830,1,2,3,1,3,1,7,1,2
17301,201600007768,1.0,1,1,1,11.0,0.0,0.0,0.0,1990.0,A01,1.0,7,0,0.0,2.0,3.0,13.0,10,21,1315,1,1,1,1,1,2,7,2,2
17302,201600007768,1.0,1,3,2,11.0,0.0,0.0,0.0,1962.0,B02,2.0,7,0,0.0,2.0,3.0,1.0,10,21,1315,1,1,1,1,1,2,7,2,2
17303,201600007769,1.0,1,4,1,11.0,0.0,0.0,0.0,1956.0,A01,2.0,7,0,0.0,2.0,8.0,13.0,11,27,1800,3,1,1,1,3,4,7,2,2
17304,201600007769,1.0,1,1,1,11.0,0.0,0.0,0.0,1951.0,B02,1.0,7,0,0.0,2.0,3.0,1.0,11,27,1800,3,1,1,1,3,4,7,2,2
17305,201600007769,2.0,2,4,2,11.0,0.0,0.0,0.0,1952.0,B02,1.0,7,0,0.0,2.0,3.0,1.0,11,27,1800,3,1,1,1,3,4,7,2,2
17306,201600007770,1.0,1,3,1,12.0,0.0,0.0,0.0,1996.0,A01,2.0,7,0,13.0,0.0,1.0,1.0,12,8,530,3,1,1,9,6,0,7,2,2
17307,201600007771,3.0,2,1,2,11.0,0.0,0.0,0.0,2010.0,B02,2.0,7,0,0.0,2.0,3.0,1.0,12,18,345,3,1,1,1,1,0,7,2,2
17308,201600007771,1.0,1,1,1,11.0,0.0,0.0,0.0,1979.0,B02,2.0,7,0,0.0,2.0,3.0,1.0,12,18,345,3,1,1,1,1,0,7,2,2
17309,201600007771,3.0,2,3,1,12.0,0.0,0.0,0.0,1999.0,A01,1.0,7,0,0.0,2.0,4.0,13.0,12,18,345,3,1,1,1,1,0,7,2,2
17310,201600007771,1.0,1,2,1,11.0,0.0,0.0,0.0,1996.0,A01,1.0,7,0,0.0,2.0,4.0,13.0,12,18,345,3,1,1,1,1,0,7,2,2
17311,201600007771,2.0,2,3,1,11.0,0.0,0.0,0.0,1997.0,A01,1.0,7,0,0.0,2.0,4.0,13.0,12,18,345,3,1,1,1,1,0,7,2,2
17312,201600007772,1.0,1,2,1,21.0,0.0,0.0,0.0,1966.0,A01,2.0,33,0,0.0,0.0,7.0,13.0,7,10,1515,1,1,1,1,7,3,33,1,1
17313,201600007773,1.0,1,3,1,11.0,0.0,0.0,0.0,1979.0,A01,1.0,7,0,0.0,2.0,1.0,13.0,8,8,100,3,1,1,1,1,0,7,2,2
17314,201600007773,2.0,2,4,2,11.0,0.0,0.0,0.0,1990.0,A01,1.0,7,0,0.0,2.0,1.0,13.0,8,8,100,3,1,1,1,1,0,7,2,2
17315,201600007773,1.0,1,1,1,11.0,0.0,0.0,0.0,1966.0,B02,2.0,7,0,0.0,2.0,1.0,1.0,8,8,100,3,1,1,1,1,0,7,2,2
17316,201600007773,2.0,2,4,2,11.0,0.0,0.0,0.0,1967.0,B02,2.0,7,0,0.0,2.0,1.0,1.0,8,8,100,3,1,1,1,1,0,7,2,2
17317,201600007773,3.0,2,3,2,11.0,0.0,0.0,0.0,2003.0,B02,2.0,7,0,0.0,2.0,1.0,1.0,8,8,100,3,1,1,1,1,0,7,2,2
17318,201600007774,1.0,1,1,1,1.0,0.0,0.0,0.0,1973.0,B02,0.0,39,11,0.0,2.0,1.0,0.0,9,6,1130,1,1,8,1,3,1,7,3,2
17319,201600007774,1.0,1,3,1,11.0,0.0,0.0,0.0,1933.0,A01,2.0,7,0,0.0,4.0,1.0,1.0,9,6,1130,1,1,8,1,3,1,39,2,3
17320,201600007775,1.0,1,3,2,11.0,0.0,0.0,0.0,1974.0,A01,1.0,7,0,0.0,2.0,1.0,19.0,1,13,1215,1,1,1,1,3,2,7,2,2
17321,201600007775,1.0,1,2,1,11.0,0.0,0.0,0.0,1955.0,B02,2.0,7,0,0.0,2.0,8.0,1.0,1,13,1215,1,1,1,1,3,2,7,2,2
17322,201600007776,1.0,1,3,1,11.0,0.0,0.0,0.0,1963.0,A01,1.0,7,0,0.0,2.0,2.0,2.0,2,27,1030,1,1,1,1,5,1,20,2,0
17323,201600007776,2.0,2,1,1,13.0,0.0,0.0,0.0,1993.0,A01,1.0,7,0,0.0,2.0,2.0,2.0,2,27,1030,1,1,1,1,5,1,20,2,0
17324,201600007776,1.0,1,1,2,13.0,0.0,0.0,0.0,1969.0,B02,1.0,7,0,0.0,2.0,8.0,14.0,2,27,1030,1,1,1,1,5,1,20,2,0
17325,201600007776,2.0,2,1,2,13.0,0.0,0.0,0.0,2002.0,B02,1.0,7,0,0.0,2.0,8.0,14.0,2,27,1030,1,1,1,1,5,1,20,2,0
17326,201600007776,1.0,1,1,1,13.0,0.0,0.0,0.0,1987.0,C03,2.0,20,0,0.0,2.0,3.0,1.0,2,27,1030,1,1,1,1,5,1,7,0,2
17327,201600007777,1.0,1,3,1,21.0,0.0,0.0,0.0,1957.0,B01,2.0,1,0,0.0,2.0,1.0,1.0,7,29,1115,1,1,2,1,3,1,7,1,2
17328,201600007777,2.0,2,1,2,11.0,0.0,0.0,0.0,1996.0,A01,2.0,7,0,0.0,2.0,7.0,19.0,7,29,1115,1,1,2,1,3,1,1,2,1
17329,201600007777,1.0,1,1,2,11.0,0.0,0.0,0.0,1995.0,A01,2.0,7,0,0.0,2.0,7.0,19.0,7,29,1115,1,1,2,1,3,1,1,2,1
17330,201600007778,1.0,1,3,1,22.0,0.0,0.0,0.0,1956.0,A01,0.0,1,0,0.0,2.0,1.0,15.0,9,30,715,2,2,5,1,3,1,7,1,2
17331,201600007778,1.0,1,1,1,11.0,0.0,0.0,0.0,1979.0,B02,0.0,7,0,0.0,2.0,8.0,1.0,9,30,715,2,2,5,1,3,1,1,2,1
17332,201600007779,1.0,1,4,1,12.0,0.0,0.0,0.0,1989.0,A01,0.0,7,0,6.0,0.0,3.0,13.0,1,14,1930,5,2,1,2,7,4,7,2,2
17333,201600007780,1.0,1,4,1,11.0,0.0,0.0,0.0,1979.0,A01,2.0,7,0,0.0,0.0,9.0,1.0,5,7,1845,1,1,1,1,7,4,7,2,2
17334,201600007780,3.0,2,4,2,31.0,0.0,0.0,0.0,2014.0,A01,2.0,7,0,0.0,0.0,9.0,1.0,5,7,1845,1,1,1,1,7,4,7,2,2
17335,201600007780,4.0,2,4,2,31.0,0.0,0.0,0.0,2012.0,A01,2.0,7,0,0.0,0.0,9.0,1.0,5,7,1845,1,1,1,1,7,4,7,2,2
17336,201600007780,8.0,2,3,1,31.0,0.0,0.0,0.0,2009.0,A01,2.0,7,0,0.0,0.0,9.0,1.0,5,7,1845,1,1,1,1,7,4,7,2,2
17337,201600007781,1.0,1,2,1,12.0,0.0,0.0,0.0,1939.0,A01,2.0,7,0,0.0,2.0,8.0,19.0,6,12,1115,1,1,2,2,3,1,7,2,2
17338,201600007781,2.0,2,2,2,12.0,0.0,0.0,0.0,1938.0,A01,2.0,7,0,0.0,2.0,8.0,19.0,6,12,1115,1,1,2,2,3,1,7,2,2
17339,201600007781,1.0,1,3,1,11.0,0.0,0.0,0.0,1947.0,B01,1.0,7,0,0.0,2.0,1.0,1.0,6,12,1115,1,1,2,2,3,1,7,2,2
17340,201600007781,2.0,2,3,2,11.0,0.0,0.0,0.0,1945.0,B01,1.0,7,0,0.0,2.0,1.0,1.0,6,12,1115,1,1,2,2,3,1,7,2,2
17341,201600007782,0.0,3,3,2,0.0,0.0,1.0,1.0,1952.0,A01,0.0,7,0,0.0,1.0,1.0,2.0,7,6,1115,1,2,9,7,6,1,7,2,2
17342,201600007782,1.0,1,1,2,11.0,0.0,0.0,0.0,1972.0,A01,0.0,7,0,0.0,1.0,1.0,2.0,7,6,1115,1,2,9,7,6,1,7,2,2
17343,201600007783,1.0,1,1,1,11.0,0.0,0.0,0.0,1978.0,A01,2.0,7,0,0.0,1.0,3.0,19.0,11,22,730,2,2,1,1,6,1,7,2,2
17344,201600007783,0.0,3,3,1,0.0,2.0,3.0,2.0,2008.0,A01,2.0,7,0,0.0,1.0,3.0,19.0,11,22,730,2,2,1,1,6,1,7,2,2
17345,201600007784,1.0,1,3,1,11.0,0.0,0.0,0.0,1968.0,A01,1.0,7,0,0.0,2.0,2.0,21.0,1,20,700,2,1,1,2,7,1,7,2,2
17346,201600007785,1.0,1,3,1,13.0,0.0,0.0,0.0,1967.0,A01,0.0,7,0,0.0,2.0,3.0,1.0,3,7,1545,1,2,2,2,3,3,7,2,2
17347,201600007785,1.0,1,1,1,11.0,0.0,0.0,0.0,1944.0,B02,0.0,7,0,0.0,2.0,3.0,1.0,3,7,1545,1,2,2,2,3,3,7,2,2
17348,201600007786,9.0,2,1,1,12.0,0.0,0.0,0.0,2004.0,A01,1.0,38,14,0.0,0.0,0.0,0.0,4,8,1730,1,1,1,1,6,3,38,3,3
17349,201600007786,9.0,2,1,2,12.0,0.0,0.0,0.0,2002.0,A01,1.0,38,14,0.0,0.0,0.0,0.0,4,8,1730,1,1,1,1,6,3,38,3,3
17350,201600007786,9.0,2,1,2,12.0,0.0,0.0,0.0,2000.0,A01,1.0,38,14,0.0,0.0,0.0,0.0,4,8,1730,1,1,1,1,6,3,38,3,3
17351,201600007786,8.0,2,1,2,12.0,0.0,0.0,0.0,2003.0,A01,1.0,38,14,0.0,0.0,0.0,0.0,4,8,1730,1,1,1,1,6,3,38,3,3
17352,201600007786,8.0,2,1,2,11.0,0.0,0.0,0.0,2002.0,A01,1.0,38,14,0.0,0.0,0.0,0.0,4,8,1730,1,1,1,1,6,3,38,3,3
17353,201600007786,8.0,2,1,2,12.0,0.0,0.0,0.0,2000.0,A01,1.0,38,14,0.0,0.0,0.0,0.0,4,8,1730,1,1,1,1,6,3,38,3,3
17354,201600007786,9.0,2,1,2,12.0,0.0,0.0,0.0,2003.0,A01,1.0,38,14,0.0,0.0,0.0,0.0,4,8,1730,1,1,1,1,6,3,38,3,3
17355,201600007786,6.0,2,1,2,12.0,0.0,0.0,0.0,2002.0,A01,1.0,38,14,0.0,0.0,0.0,0.0,4,8,1730,1,1,1,1,6,3,38,3,3
17356,201600007786,5.0,2,1,2,12.0,0.0,0.0,0.0,2002.0,A01,1.0,38,14,0.0,0.0,0.0,0.0,4,8,1730,1,1,1,1,6,3,38,3,3
17357,201600007786,4.0,2,1,2,12.0,0.0,0.0,0.0,2004.0,A01,1.0,38,14,0.0,0.0,0.0,0.0,4,8,1730,1,1,1,1,6,3,38,3,3
17358,201600007786,3.0,2,1,2,11.0,0.0,0.0,0.0,2004.0,A01,1.0,38,14,0.0,0.0,0.0,0.0,4,8,1730,1,1,1,1,6,3,38,3,3
17359,201600007786,2.0,2,1,2,12.0,0.0,0.0,0.0,2000.0,A01,1.0,38,14,0.0,0.0,0.0,0.0,4,8,1730,1,1,1,1,6,3,38,3,3
17360,201600007786,7.0,2,1,1,12.0,0.0,0.0,0.0,2000.0,A01,1.0,38,14,0.0,0.0,0.0,0.0,4,8,1730,1,1,1,1,6,3,38,3,3
17361,201600007786,1.0,1,4,1,11.0,0.0,0.0,0.0,1962.0,A01,1.0,38,14,0.0,0.0,0.0,0.0,4,8,1730,1,1,1,1,6,3,38,3,3
17362,201600007787,2.0,2,1,1,11.0,0.0,0.0,0.0,1992.0,A01,0.0,7,0,8.0,0.0,3.0,2.0,1,1,2230,5,2,1,1,6,5,7,2,2
17363,201600007787,1.0,1,3,1,11.0,0.0,0.0,0.0,1990.0,A01,0.0,7,0,8.0,0.0,3.0,2.0,1,1,2230,5,2,1,1,6,5,7,2,2
17364,201600007788,1.0,1,3,1,11.0,0.0,0.0,0.0,1964.0,A01,2.0,7,0,12.0,0.0,3.0,1.0,1,30,1515,1,2,1,3,6,3,7,2,2
17365,201600007789,1.0,1,1,2,11.0,0.0,0.0,0.0,1971.0,A01,1.0,7,0,0.0,1.0,1.0,1.0,2,12,1915,5,2,1,3,7,4,7,2,2
17366,201600007789,0.0,3,3,1,0.0,3.0,3.0,1.0,1997.0,A01,1.0,7,0,0.0,1.0,1.0,1.0,2,12,1915,5,2,1,3,7,4,7,2,2
17367,201600007790,1.0,1,1,2,11.0,0.0,0.0,0.0,1961.0,A01,1.0,38,20,0.0,2.0,7.0,1.0,6,7,815,1,2,3,1,3,1,21,3,0
17368,201600007790,5.0,2,3,2,12.0,0.0,0.0,0.0,1962.0,A01,1.0,38,20,0.0,2.0,7.0,1.0,6,7,815,1,2,3,1,3,1,21,3,0
17369,201600007790,1.0,1,1,1,12.0,0.0,0.0,0.0,1982.0,B01,0.0,21,0,0.0,2.0,1.0,15.0,6,7,815,1,2,3,1,3,1,38,0,3
17370,201600007791,1.0,1,3,2,11.0,0.0,0.0,0.0,1984.0,A01,2.0,7,0,0.0,2.0,3.0,13.0,6,20,700,2,1,1,5,1,1,7,2,2
17371,201600007791,1.0,1,1,1,11.0,0.0,0.0,0.0,1990.0,B02,1.0,7,0,0.0,2.0,2.0,1.0,6,20,700,2,1,1,5,1,1,7,2,2
17372,201600007792,0.0,3,3,2,0.0,1.0,3.0,1.0,1961.0,A01,0.0,10,0,0.0,1.0,8.0,1.0,6,23,1015,1,2,1,1,6,1,10,2,2
17373,201600007792,1.0,1,1,1,11.0,0.0,0.0,0.0,1961.0,A01,0.0,10,0,0.0,1.0,8.0,1.0,6,23,1015,1,2,1,1,6,1,10,2,2
17374,201600007793,1.0,1,4,1,21.0,0.0,0.0,0.0,1999.0,B01,2.0,30,0,0.0,2.0,1.0,1.0,7,6,1400,1,2,3,1,3,3,7,1,2
17375,201600007793,1.0,1,1,1,11.0,0.0,0.0,0.0,1960.0,A02,1.0,7,0,0.0,0.0,5.0,15.0,7,6,1400,1,2,3,1,3,3,30,2,1
17376,201600007794,1.0,1,1,1,11.0,0.0,0.0,0.0,1937.0,A01,1.0,7,0,0.0,1.0,3.0,1.0,7,9,950,1,2,1,1,6,1,7,2,2
17377,201600007794,0.0,3,3,2,0.0,2.0,3.0,1.0,1932.0,A01,1.0,7,0,0.0,1.0,3.0,1.0,7,9,950,1,2,1,1,6,1,7,2,2
17378,201600007795,1.0,1,3,1,13.0,0.0,0.0,0.0,1987.0,A01,2.0,7,0,0.0,2.0,1.0,13.0,7,22,1900,1,1,1,1,1,4,7,2,2
17379,201600007795,1.0,1,3,2,11.0,0.0,0.0,0.0,1994.0,B02,1.0,7,0,0.0,2.0,1.0,1.0,7,22,1900,1,1,1,1,1,4,7,2,2
17380,201600007796,2.0,2,3,1,21.0,0.0,0.0,0.0,2004.0,B02,1.0,33,0,0.0,2.0,1.0,13.0,9,25,1400,1,1,1,1,3,3,3,1,0
17381,201600007796,1.0,1,4,1,21.0,0.0,0.0,0.0,1975.0,B02,1.0,33,0,0.0,2.0,1.0,13.0,9,25,1400,1,1,1,1,3,3,3,1,0
17382,201600007796,1.0,1,1,1,11.0,0.0,0.0,0.0,1965.0,A01,1.0,3,0,0.0,2.0,6.0,15.0,9,25,1400,1,1,1,1,3,3,33,0,1