,Num_Acc,place,catu,grav,sexe,secu,locp,actp,etatp,an_nais,num_veh,senc,catv,occutc,obs,obsm,choc,manv,mois,jour,hrmn,lum,agg,int,atm,col,mom,catvopp,catv_gen,catvopp_gen
17710,201600007905,1.0,1,3,1,11.0,0.0,0.0,0.0,1953.0,A01,2.0,7,0,13.0,0.0,2.0,1.0,8,4,2230,3,1,1,8,7,5,7,2,2
17711,201600007905,5.0,2,3,2,12.0,0.0,0.0,0.0,1925.0,A01,2.0,7,0,13.0,0.0,2.0,1.0,8,4,2230,3,1,1,8,7,5,7,2,2
17712,201600007906,1.0,1,3,1,12.0,0.0,0.0,0.0,1988.0,A01,2.0,7,0,0.0,2.0,1.0,13.0,1,16,630,2,1,1,1,1,1,7,2,2
17713,201600007906,1.0,1,3,1,11.0,0.0,0.0,0.0,1972.0,B02,1.0,7,0,0.0,2.0,1.0,1.0,1,16,630,2,1,1,1,1,1,7,2,2
17714,201600007907,1.0,1,3,1,21.0,0.0,0.0,0.0,2000.0,A01,0.0,30,0,0.0,2.0,1.0,1.0,4,6,1500,1,2,1,1,3,3,7,1,2
17715,201600007907,2.0,2,3,1,21.0,0.0,0.0,0.0,2001.0,A01,0.0,30,0,0.0,2.0,1.0,1.0,4,6,1500,1,2,1,1,3,3,7,1,2
17716,201600007907,1.0,1,4,2,11.0,0.0,0.0,0.0,1955.0,B02,0.0,7,0,0.0,2.0,3.0,1.0,4,6,1500,1,2,1,1,3,3,30,2,1
17717,201600007908,1.0,1,3,1,21.0,0.0,0.0,0.0,1991.0,A01,0.0,33,0,0.0,0.0,1.0,1.0,5,15,1500,1,2,1,1,1,3,7,1,2
17718,201600007908,1.0,1,4,2,11.0,0.0,0.0,0.0,1995.0,B02,0.0,7,0,0.0,0.0,2.0,15.0,5,15,1500,1,2,1,1,1,3,33,2,1
17719,201600007909,1.0,1,1,2,11.0,0.0,0.0,0.0,1951.0,A01,0.0,7,0,0.0,0.0,8.0,1.0,5,31,1800,1,1,1,1,3,4,33,2,1
17720,201600007909,1.0,1,2,1,21.0,0.0,0.0,0.0,1949.0,B02,0.0,33,0,0.0,2.0,1.0,1.0,5,31,1800,1,1,1,1,3,4,7,1,2
17721,201600007910,1.0,1,3,2,11.0,0.0,0.0,0.0,1987.0,B02,1.0,7,0,0.0,2.0,3.0,1.0,6,22,2100,2,1,1,1,1,4,34,2,1
17722,201600007910,1.0,1,3,1,21.0,0.0,0.0,0.0,1994.0,A01,2.0,34,0,0.0,2.0,1.0,13.0,6,22,2100,2,1,1,1,1,4,7,1,2
17723,201600007911,1.0,1,1,1,11.0,0.0,0.0,0.0,1964.0,B02,0.0,7,0,0.0,2.0,2.0,1.0,7,11,1230,1,2,1,1,1,2,7,2,2
17724,201600007911,1.0,1,4,1,11.0,0.0,0.0,0.0,1994.0,A01,0.0,7,0,0.0,2.0,1.0,15.0,7,11,1230,1,2,1,1,1,2,7,2,2
17725,201600007912,1.0,1,1,1,11.0,0.0,0.0,0.0,1991.0,A01,0.0,7,0,0.0,2.0,7.0,15.0,9,17,2015,3,2,1,1,3,4,33,2,1
17726,201600007912,2.0,2,1,2,11.0,0.0,0.0,0.0,1992.0,A01,0.0,7,0,0.0,2.0,7.0,15.0,9,17,2015,3,2,1,1,3,4,33,2,1
17727,201600007912,1.0,1,3,1,21.0,0.0,0.0,0.0,1999.0,B02,0.0,33,0,0.0,2.0,1.0,1.0,9,17,2015,3,2,1,1,3,4,7,1,2
17728,201600007913,1.0,1,2,2,11.0,0.0,0.0,0.0,1994.0,B02,1.0,7,0,0.0,2.0,3.0,1.0,11,15,2245,3,1,1,1,1,5,7,2,2
17729,201600007913,1.0,1,1,2,11.0,0.0,0.0,0.0,1988.0,A01,2.0,7,0,0.0,2.0,3.0,17.0,11,15,2245,3,1,1,1,1,5,7,2,2
17730,201600007914,1.0,1,4,2,13.0,0.0,0.0,0.0,1989.0,A01,1.0,7,0,4.0,0.0,2.0,1.0,12,23,1115,1,1,1,1,6,1,7,2,2
17731,201600007914,2.0,2,3,1,13.0,0.0,0.0,0.0,1989.0,A01,1.0,7,0,4.0,0.0,2.0,1.0,12,23,1115,1,1,1,1,6,1,7,2,2
17732,201600007915,1.0,1,3,2,11.0,0.0,0.0,0.0,1957.0,A01,0.0,7,0,2.0,0.0,7.0,13.0,1,7,1330,1,1,1,2,6,2,7,2,2
17733,201600007916,1.0,1,3,1,21.0,0.0,0.0,0.0,1971.0,B02,2.0,31,0,0.0,0.0,7.0,17.0,3,1,845,1,2,1,1,3,1,7,1,2
17734,201600007916,1.0,1,1,2,11.0,0.0,0.0,0.0,1975.0,A01,2.0,7,0,0.0,2.0,3.0,15.0,3,1,845,1,2,1,1,3,1,31,2,1
17735,201600007917,1.0,1,1,1,13.0,0.0,0.0,0.0,1947.0,B02,1.0,7,0,0.0,2.0,1.0,15.0,3,2,1745,1,2,3,1,3,3,33,2,1
17736,201600007917,1.0,1,3,1,21.0,0.0,0.0,0.0,1993.0,A01,2.0,33,0,0.0,2.0,7.0,17.0,3,2,1745,1,2,3,1,3,3,7,1,2
17737,201600007918,1.0,1,3,1,11.0,0.0,0.0,0.0,1950.0,A01,1.0,7,0,0.0,2.0,1.0,1.0,4,18,1415,1,1,9,1,3,3,10,2,2
17738,201600007918,1.0,1,1,2,11.0,0.0,0.0,0.0,1976.0,B02,1.0,10,0,0.0,0.0,3.0,16.0,4,18,1415,1,1,9,1,3,3,7,2,2
17739,201600007919,1.0,1,1,1,11.0,0.0,0.0,0.0,1966.0,A01,2.0,7,0,0.0,1.0,1.0,1.0,4,20,1730,1,2,1,1,6,3,7,2,2
17740,201600007919,0.0,3,4,2,0.0,2.0,5.0,1.0,2004.0,A01,2.0,7,0,0.0,1.0,1.0,1.0,4,20,1730,1,2,1,1,6,3,7,2,2
17741,201600007920,1.0,1,1,1,21.0,0.0,0.0,0.0,1987.0,A01,2.0,33,0,0.0,1.0,2.0,17.0,6,17,845,1,2,1,1,6,1,33,1,1
17742,201600007920,0.0,3,3,1,0.0,4.0,3.0,1.0,1999.0,A01,2.0,33,0,0.0,1.0,2.0,17.0,6,17,845,1,2,1,1,6,1,33,1,1
17743,201600007921,1.0,1,1,1,11.0,0.0,0.0,0.0,1973.0,A01,1.0,7,0,0.0,0.0,6.0,17.0,8,8,1800,1,1,1,1,2,4,33,2,1
17744,201600007921,1.0,1,3,1,21.0,0.0,0.0,0.0,1984.0,B02,1.0,33,0,0.0,0.0,1.0,17.0,8,8,1800,1,1,1,1,2,4,7,1,2
17745,201600007922,1.0,1,4,2,11.0,0.0,0.0,0.0,1993.0,A01,1.0,7,0,0.0,2.0,2.0,1.0,9,14,1815,1,1,1,1,1,4,7,2,2
17746,201600007922,1.0,1,3,1,11.0,0.0,0.0,0.0,1962.0,B02,2.0,7,0,0.0,2.0,5.0,13.0,9,14,1815,1,1,1,1,1,4,7,2,2
17747,201600007922,2.0,2,4,2,11.0,0.0,0.0,0.0,1965.0,B02,2.0,7,0,0.0,2.0,5.0,13.0,9,14,1815,1,1,1,1,1,4,7,2,2
17748,201600007923,2.0,2,4,1,21.0,0.0,0.0,0.0,2003.0,A01,0.0,33,0,0.0,0.0,7.0,1.0,6,30,1745,1,1,1,7,3,3,7,1,2
17749,201600007923,1.0,1,3,1,21.0,0.0,0.0,0.0,1973.0,A01,0.0,33,0,0.0,0.0,7.0,1.0,6,30,1745,1,1,1,7,3,3,7,1,2
17750,201600007923,1.0,1,1,1,11.0,0.0,0.0,0.0,1976.0,B02,0.0,7,0,0.0,0.0,1.0,1.0,6,30,1745,1,1,1,7,3,3,33,2,1
17751,201600007924,2.0,2,3,1,21.0,0.0,0.0,0.0,2002.0,A01,0.0,33,0,0.0,2.0,2.0,2.0,7,21,1830,1,2,1,1,1,4,10,1,2
17752,201600007924,1.0,1,3,1,21.0,0.0,0.0,0.0,1963.0,A01,0.0,33,0,0.0,2.0,2.0,2.0,7,21,1830,1,2,1,1,1,4,10,1,2
17753,201600007924,1.0,1,4,1,11.0,0.0,0.0,0.0,1975.0,B02,0.0,10,0,0.0,0.0,3.0,10.0,7,21,1830,1,2,1,1,1,4,33,2,1
17754,201600007925,1.0,1,1,1,11.0,0.0,0.0,0.0,1943.0,A01,1.0,7,0,0.0,1.0,1.0,16.0,7,30,930,1,2,1,1,6,1,7,2,2
17755,201600007925,0.0,3,3,1,0.0,2.0,3.0,1.0,1929.0,A01,1.0,7,0,0.0,1.0,1.0,16.0,7,30,930,1,2,1,1,6,1,7,2,2
17756,201600007926,1.0,1,1,2,11.0,0.0,0.0,0.0,1938.0,A01,1.0,7,0,0.0,0.0,7.0,15.0,8,4,800,1,2,1,7,3,1,33,2,1
17757,201600007926,1.0,1,3,1,21.0,0.0,0.0,0.0,1963.0,B02,2.0,33,0,0.0,2.0,1.0,1.0,8,4,800,1,2,1,7,3,1,7,1,2
17758,201600007927,1.0,1,4,2,11.0,0.0,0.0,0.0,1973.0,B02,1.0,7,0,0.0,2.0,3.0,15.0,8,16,1830,1,2,1,1,3,4,33,2,1
17759,201600007927,1.0,1,4,1,21.0,0.0,0.0,0.0,1977.0,A01,1.0,33,0,0.0,2.0,1.0,1.0,8,16,1830,1,2,1,1,3,4,7,1,2
17760,201600007928,1.0,1,1,2,11.0,0.0,0.0,0.0,1956.0,A01,0.0,10,0,0.0,2.0,2.0,15.0,12,5,1730,2,2,1,1,1,3,33,2,1
17761,201600007928,1.0,1,3,1,21.0,0.0,0.0,0.0,1998.0,B02,0.0,33,0,0.0,2.0,1.0,1.0,12,5,1730,2,2,1,1,1,3,10,1,2
17762,201600007928,2.0,2,3,1,21.0,0.0,0.0,0.0,1999.0,B02,0.0,33,0,0.0,2.0,1.0,1.0,12,5,1730,2,2,1,1,1,3,10,1,2
17763,201600007929,1.0,1,1,1,11.0,0.0,0.0,0.0,1989.0,A01,1.0,7,0,0.0,1.0,2.0,13.0,12,8,1930,1,2,1,1,6,4,7,2,2
17764,201600007929,0.0,3,3,1,0.0,2.0,3.0,1.0,1964.0,A01,1.0,7,0,0.0,1.0,2.0,13.0,12,8,1930,1,2,1,1,6,4,7,2,2
17765,201600007930,1.0,1,3,2,13.0,0.0,0.0,0.0,1929.0,A01,0.0,7,0,0.0,2.0,3.0,13.0,5,31,1500,1,1,1,1,3,3,10,2,2
17766,201600007930,2.0,2,3,1,13.0,0.0,0.0,0.0,1928.0,A01,0.0,7,0,0.0,2.0,3.0,13.0,5,31,1500,1,1,1,1,3,3,10,2,2
17767,201600007930,1.0,1,3,1,11.0,0.0,0.0,0.0,1965.0,B02,0.0,10,0,0.0,2.0,8.0,21.0,5,31,1500,1,1,1,1,3,3,7,2,2
17768,201600007931,1.0,1,4,1,11.0,0.0,0.0,0.0,1957.0,B02,0.0,7,0,0.0,0.0,3.0,0.0,7,5,815,1,1,2,1,1,1,7,2,2
17769,201600007931,1.0,1,3,1,11.0,0.0,0.0,0.0,1980.0,A01,0.0,7,0,0.0,0.0,3.0,13.0,7,5,815,1,1,2,1,1,1,7,2,2
17770,201600007932,1.0,1,4,1,21.0,0.0,0.0,0.0,1968.0,B02,0.0,33,0,0.0,2.0,8.0,1.0,7,6,1015,1,2,1,1,1,1,7,1,2
17771,201600007932,1.0,1,1,1,11.0,0.0,0.0,0.0,1947.0,A01,0.0,7,0,0.0,2.0,1.0,15.0,7,6,1015,1,2,1,1,1,1,33,2,1
17772,201600007933,1.0,1,3,1,21.0,0.0,0.0,0.0,1967.0,A01,2.0,1,0,0.0,2.0,8.0,1.0,7,8,900,1,1,1,1,3,1,1,1,1
17773,201600007934,1.0,1,3,1,21.0,0.0,0.0,0.0,1996.0,A01,1.0,33,0,6.0,0.0,1.0,17.0,9,17,1100,1,2,1,1,7,1,33,1,1
17774,201600007935,1.0,1,3,1,21.0,0.0,0.0,0.0,1973.0,A01,0.0,33,0,0.0,2.0,1.0,1.0,10,11,1715,1,1,1,1,2,3,7,1,2
17775,201600007935,1.0,1,1,1,11.0,0.0,0.0,0.0,1964.0,B02,0.0,7,0,0.0,2.0,4.0,1.0,10,11,1715,1,1,1,1,2,3,33,2,1
17776,201600007936,1.0,1,1,1,11.0,0.0,0.0,0.0,1957.0,B02,1.0,15,0,0.0,2.0,4.0,2.0,1,7,1045,1,1,1,1,2,1,10,3,2
17777,201600007936,1.0,1,3,1,11.0,0.0,0.0,0.0,1980.0,A01,1.0,10,0,0.0,2.0,1.0,2.0,1,7,1045,1,1,1,1,2,1,15,2,3
17778,201600007937,1.0,1,2,1,12.0,0.0,0.0,0.0,1986.0,A01,0.0,7,0,13.0,0.0,9.0,13.0,2,1,1500,1,1,1,6,7,3,7,2,2
17779,201600007937,2.0,2,3,1,12.0,0.0,0.0,0.0,1985.0,A01,0.0,7,0,13.0,0.0,9.0,13.0,2,1,1500,1,1,1,6,7,3,7,2,2
17780,201600007937,3.0,2,3,1,12.0,0.0,0.0,0.0,1994.0,A01,0.0,7,0,13.0,0.0,9.0,13.0,2,1,1500,1,1,1,6,7,3,7,2,2
17781,201600007937,4.0,2,3,1,12.0,0.0,0.0,0.0,1995.0,A01,0.0,7,0,13.0,0.0,9.0,13.0,2,1,1500,1,1,1,6,7,3,7,2,2
17782,201600007938,1.0,1,3,2,11.0,0.0,0.0,0.0,1939.0,A01,0.0,7,0,13.0,0.0,1.0,1.0,4,26,1215,1,1,1,1,6,2,7,2,2
17783,201600007939,1.0,1,3,1,11.0,0.0,0.0,0.0,1948.0,A01,2.0,7,0,13.0,0.0,9.0,1.0,5,29,1630,1,1,1,1,6,3,7,2,2
17784,201600007939,2.0,2,3,2,11.0,0.0,0.0,0.0,1947.0,A01,2.0,7,0,13.0,0.0,9.0,1.0,5,29,1630,1,1,1,1,6,3,7,2,2
17785,201600007940,2.0,2,2,2,21.0,0.0,0.0,0.0,1964.0,B02,1.0,33,0,0.0,2.0,1.0,1.0,7,13,1645,1,1,1,1,5,3,7,1,2
17786,201600007940,1.0,1,2,1,21.0,0.0,0.0,0.0,1958.0,B02,1.0,33,0,0.0,2.0,1.0,1.0,7,13,1645,1,1,1,1,5,3,7,1,2
17787,201600007940,1.0,1,1,1,11.0,0.0,0.0,0.0,1995.0,A01,2.0,7,0,0.0,2.0,1.0,13.0,7,13,1645,1,1,1,1,5,3,33,2,1
17788,201600007940,2.0,2,1,2,11.0,0.0,0.0,0.0,1996.0,A01,2.0,7,0,0.0,2.0,1.0,13.0,7,13,1645,1,1,1,1,5,3,33,2,1
17789,201600007940,1.0,1,1,1,11.0,0.0,0.0,0.0,1960.0,C03,1.0,7,0,0.0,2.0,1.0,1.0,7,13,1645,1,1,1,1,5,3,33,2,1
17790,201600007941,1.0,1,4,1,11.0,0.0,0.0,0.0,1963.0,A01,0.0,7,0,0.0,0.0,8.0,10.0,8,15,1845,1,1,1,1,3,4,7,2,2
17791,201600007941,2.0,2,1,1,11.0,0.0,0.0,0.0,1993.0,A01,0.0,7,0,0.0,0.0,8.0,10.0,8,15,1845,1,1,1,1,3,4,7,2,2
17792,201600007941,4.0,2,1,1,11.0,0.0,0.0,0.0,1993.0,A01,0.0,7,0,0.0,0.0,8.0,10.0,8,15,1845,1,1,1,1,3,4,7,2,2
17793,201600007941,1.0,1,1,1,11.0,0.0,0.0,0.0,1980.0,B02,0.0,7,0,0.0,2.0,1.0,17.0,8,15,1845,1,1,1,1,3,4,7,2,2
17794,201600007941,2.0,2,3,2,11.0,0.0,0.0,0.0,1991.0,B02,0.0,7,0,0.0,2.0,1.0,17.0,8,15,1845,1,1,1,1,3,4,7,2,2
17795,201600007942,1.0,1,3,1,13.0,0.0,0.0,0.0,1971.0,A01,2.0,7,0,13.0,0.0,1.0,1.0,9,18,1615,1,1,1,1,7,3,7,2,2
17796,201600007943,1.0,1,4,1,11.0,0.0,0.0,0.0,1946.0,A01,0.0,7,0,0.0,0.0,1.0,1.0,10,19,1630,1,1,1,1,7,3,7,2,2
17797,201600007944,1.0,1,3,1,21.0,0.0,0.0,0.0,1967.0,A01,0.0,32,0,0.0,0.0,7.0,1.0,10,24,1115,1,2,1,1,3,1,7,1,2
17798,201600007944,1.0,1,1,1,11.0,0.0,0.0,0.0,1934.0,B02,0.0,7,0,0.0,2.0,1.0,15.0,10,24,1115,1,2,1,1,3,1,32,2,1
17799,201600007945,1.0,1,1,2,11.0,0.0,0.0,0.0,1989.0,B02,0.0,7,0,0.0,0.0,5.0,15.0,10,26,1645,1,1,1,1,2,3,7,2,2
17800,201600007945,1.0,1,3,1,11.0,0.0,0.0,0.0,1933.0,A01,0.0,7,0,0.0,2.0,3.0,1.0,10,26,1645,1,1,1,1,2,3,7,2,2
17801,201600007945,2.0,2,3,2,11.0,0.0,0.0,0.0,1933.0,A01,0.0,7,0,0.0,2.0,3.0,1.0,10,26,1645,1,1,1,1,2,3,7,2,2
17802,201600007946,1.0,1,1,1,11.0,0.0,0.0,0.0,1981.0,B02,0.0,7,0,0.0,0.0,8.0,20.0,1,28,1200,1,2,1,1,3,2,33,2,1
17803,201600007946,1.0,1,4,1,21.0,0.0,0.0,0.0,1986.0,A01,0.0,33,0,0.0,2.0,7.0,1.0,1,28,1200,1,2,1,1,3,2,7,1,2
17804,201600007947,1.0,1,3,1,21.0,0.0,0.0,0.0,1982.0,A01,1.0,33,0,0.0,1.0,1.0,17.0,1,28,1830,3,1,1,8,6,4,33,1,1
17805,201600007947,0.0,3,3,2,0.0,8.0,3.0,1.0,1998.0,A01,1.0,33,0,0.0,1.0,1.0,17.0,1,28,1830,3,1,1,8,6,4,33,1,1
17806,201600007948,1.0,1,3,1,21.0,0.0,0.0,0.0,1957.0,B02,1.0,33,0,0.0,2.0,7.0,1.0,5,1,1300,1,1,1,1,3,2,10,1,2
17807,201600007948,1.0,1,1,1,11.0,0.0,0.0,0.0,1957.0,A01,1.0,10,0,0.0,2.0,1.0,9.0,5,1,1300,1,1,1,1,3,2,33,2,1
17808,201600007949,1.0,1,3,1,21.0,0.0,0.0,0.0,1994.0,A01,2.0,33,0,2.0,0.0,1.0,0.0,6,15,830,1,2,6,1,6,1,33,1,1
17809,201600007950,1.0,1,4,1,11.0,0.0,0.0,0.0,1996.0,A01,2.0,7,0,13.0,0.0,1.0,17.0,6,17,1630,1,1,1,1,6,3,7,2,2
17810,201600007950,2.0,2,4,1,11.0,0.0,0.0,0.0,1997.0,A01,2.0,7,0,13.0,0.0,1.0,17.0,6,17,1630,1,1,1,1,6,3,7,2,2
17811,201600007950,3.0,2,3,1,12.0,0.0,0.0,0.0,1997.0,A01,2.0,7,0,13.0,0.0,1.0,17.0,6,17,1630,1,1,1,1,6,3,7,2,2
17812,201600007951,1.0,1,1,2,11.0,0.0,0.0,0.0,1997.0,A01,0.0,7,0,0.0,0.0,5.0,15.0,7,10,2200,3,1,1,1,1,5,33,2,1
17813,201600007951,1.0,1,3,1,21.0,0.0,0.0,0.0,1974.0,B02,0.0,33,0,0.0,0.0,1.0,1.0,7,10,2200,3,1,1,1,1,5,7,1,2
17814,201600007952,3.0,2,1,1,11.0,0.0,0.0,0.0,1992.0,B02,1.0,7,0,0.0,2.0,1.0,1.0,8,13,345,3,1,2,1,3,0,7,2,2
17815,201600007952,1.0,1,1,1,11.0,0.0,0.0,0.0,1989.0,B02,1.0,7,0,0.0,2.0,1.0,1.0,8,13,345,3,1,2,1,3,0,7,2,2
17816,201600007952,2.0,2,4,2,11.0,0.0,0.0,0.0,1992.0,B02,1.0,7,0,0.0,2.0,1.0,1.0,8,13,345,3,1,2,1,3,0,7,2,2
17817,201600007952,1.0,1,2,2,12.0,0.0,0.0,0.0,1979.0,A01,1.0,7,0,0.0,2.0,7.0,0.0,8,13,345,3,1,2,1,3,0,7,2,2
17818,201600007953,1.0,1,1,1,11.0,0.0,0.0,0.0,1973.0,A01,2.0,14,0,0.0,2.0,5.0,1.0,8,16,1830,1,1,2,1,3,4,2,3,1
17819,201600007953,1.0,1,3,1,21.0,0.0,0.0,0.0,1999.0,B02,2.0,2,0,0.0,2.0,1.0,1.0,8,16,1830,1,1,2,1,3,4,14,1,3
17820,201600007954,1.0,1,1,1,11.0,0.0,0.0,0.0,1964.0,B02,0.0,7,0,0.0,0.0,8.0,19.0,9,2,1915,1,1,2,1,3,4,33,2,1
17821,201600007954,1.0,1,2,1,21.0,0.0,0.0,0.0,1991.0,A01,0.0,33,0,0.0,2.0,1.0,1.0,9,2,1915,1,1,2,1,3,4,7,1,2
17822,201600007955,1.0,1,3,1,11.0,0.0,0.0,0.0,1995.0,A01,1.0,7,0,13.0,0.0,6.0,13.0,9,7,300,3,1,1,1,6,0,7,2,2
17823,201600007956,1.0,1,3,1,21.0,0.0,0.0,0.0,1987.0,A01,0.0,33,0,0.0,2.0,1.0,0.0,9,22,1900,1,1,2,1,3,4,7,1,2
17824,201600007956,1.0,1,1,2,11.0,0.0,0.0,0.0,1943.0,B02,0.0,7,0,0.0,2.0,8.0,0.0,9,22,1900,1,1,2,1,3,4,33,2,1
17825,201600007957,0.0,3,2,1,0.0,6.0,1.0,1.0,1993.0,A01,1.0,10,0,0.0,1.0,1.0,0.0,11,27,615,3,1,1,1,6,1,10,2,2
17826,201600007958,1.0,1,1,1,21.0,0.0,0.0,0.0,1970.0,A01,0.0,33,0,0.0,2.0,5.0,1.0,3,7,1600,1,2,3,1,1,3,7,1,2
17827,201600007958,2.0,2,3,2,21.0,0.0,0.0,0.0,1967.0,A01,0.0,33,0,0.0,2.0,5.0,1.0,3,7,1600,1,2,3,1,1,3,7,1,2
17828,201600007958,1.0,1,1,2,11.0,0.0,0.0,0.0,1989.0,B02,0.0,7,0,0.0,2.0,2.0,15.0,3,7,1600,1,2,3,1,1,3,33,2,1
17829,201600007959,1.0,1,1,1,11.0,0.0,0.0,0.0,1961.0,B02,2.0,7,0,0.0,2.0,8.0,14.0,3,13,1545,1,1,1,1,4,3,7,2,2
17830,201600007959,1.0,1,3,1,11.0,0.0,0.0,0.0,1986.0,A01,1.0,7,0,0.0,2.0,3.0,13.0,3,13,1545,1,1,1,1,4,3,7,2,2
17831,201600007959,1.0,1,4,2,11.0,0.0,0.0,0.0,1954.0,C03,1.0,7,0,0.0,9.0,3.0,0.0,3,13,1545,1,1,1,1,4,3,7,2,2
17832,201600007960,1.0,1,2,1,1.0,0.0,0.0,0.0,1942.0,B02,1.0,1,0,0.0,2.0,1.0,1.0,6,6,1615,1,1,1,1,5,3,7,1,2
17833,201600007960,1.0,1,4,2,11.0,0.0,0.0,0.0,1962.0,A01,2.0,7,0,0.0,9.0,1.0,5.0,6,6,1615,1,1,1,1,5,3,1,2,1
17834,201600007960,1.0,1,3,2,1.0,0.0,0.0,0.0,1944.0,C03,1.0,1,0,0.0,2.0,1.0,1.0,6,6,1615,1,1,1,1,5,3,7,1,2
17835,201600007961,1.0,1,3,2,11.0,0.0,0.0,0.0,1995.0,A01,0.0,7,0,2.0,0.0,2.0,1.0,9,25,445,3,1,1,1,6,0,7,2,2
17836,201600007962,1.0,1,3,1,21.0,0.0,0.0,0.0,1967.0,A01,2.0,33,0,0.0,6.0,1.0,1.0,2,23,2045,3,1,1,1,6,4,33,1,1
17837,201600007963,1.0,1,1,1,11.0,0.0,0.0,0.0,1990.0,B02,0.0,20,0,0.0,2.0,8.0,10.0,3,1,545,5,2,1,6,1,0,30,0,1
17838,201600007963,1.0,1,3,2,23.0,0.0,0.0,0.0,1998.0,A01,0.0,30,0,0.0,2.0,1.0,1.0,3,1,545,5,2,1,6,1,0,20,1,0
17839,201600007964,1.0,1,4,1,11.0,0.0,0.0,0.0,1988.0,A01,0.0,10,0,2.0,0.0,1.0,1.0,3,23,1700,1,1,6,1,6,3,10,2,2
17840,201600007965,1.0,1,1,1,11.0,0.0,0.0,0.0,1975.0,A01,0.0,10,0,0.0,2.0,1.0,9.0,4,16,1545,1,1,6,1,3,3,33,2,1
17841,201600007965,1.0,1,4,1,21.0,0.0,0.0,0.0,1954.0,B02,0.0,33,0,0.0,2.0,7.0,1.0,4,16,1545,1,1,6,1,3,3,10,1,2
17842,201600007965,2.0,2,3,2,21.0,0.0,0.0,0.0,1967.0,B02,0.0,33,0,0.0,2.0,7.0,1.0,4,16,1545,1,1,6,1,3,3,10,1,2
17843,201600007966,1.0,1,1,2,13.0,0.0,0.0,0.0,1997.0,A01,0.0,7,0,13.0,0.0,1.0,0.0,5,1,445,3,1,1,8,6,0,7,2,2
17844,201600007966,2.0,2,1,1,13.0,0.0,0.0,0.0,1997.0,A01,0.0,7,0,13.0,0.0,1.0,0.0,5,1,445,3,1,1,8,6,0,7,2,2
17845,201600007966,3.0,2,3,1,13.0,0.0,0.0,0.0,1997.0,A01,0.0,7,0,13.0,0.0,1.0,0.0,5,1,445,3,1,1,8,6,0,7,2,2
17846,201600007966,4.0,2,3,1,13.0,0.0,0.0,0.0,1997.0,A01,0.0,7,0,13.0,0.0,1.0,0.0,5,1,445,3,1,1,8,6,0,7,2,2
17847,201600007967,1.0,1,1,1,11.0,0.0,0.0,0.0,1979.0,B02,1.0,14,0,0.0,2.0,3.0,1.0,6,16,1645,1,1,1,1,1,3,7,3,2
17848,201600007967,1.0,1,3,1,11.0,0.0,0.0,0.0,1936.0,A01,1.0,7,0,7.0,0.0,2.0,14.0,6,16,1645,1,1,1,1,1,3,14,2,3
17849,201600007968,1.0,1,3,1,11.0,0.0,0.0,0.0,1989.0,A01,2.0,7,0,2.0,0.0,1.0,13.0,7,19,315,4,2,1,1,6,0,7,2,2
17850,201600007969,3.0,2,3,1,11.0,0.0,0.0,0.0,1984.0,B02,0.0,7,0,0.0,2.0,6.0,21.0,8,3,515,1,1,6,1,3,0,7,2,2
17851,201600007969,2.0,2,1,1,11.0,0.0,0.0,0.0,1975.0,B02,0.0,7,0,0.0,2.0,6.0,21.0,8,3,515,1,1,6,1,3,0,7,2,2
17852,201600007969,1.0,1,1,1,11.0,0.0,0.0,0.0,1969.0,B02,0.0,7,0,0.0,2.0,6.0,21.0,8,3,515,1,1,6,1,3,0,7,2,2
17853,201600007969,1.0,1,1,1,11.0,0.0,0.0,0.0,1936.0,A01,0.0,7,0,0.0,2.0,3.0,11.0,8,3,515,1,1,6,1,3,0,7,2,2
17854,201600007970,1.0,1,3,2,13.0,0.0,0.0,0.0,1970.0,A01,1.0,7,0,0.0,0.0,9.0,6.0,8,17,1900,1,1,1,1,7,4,7,2,2
17855,201600007971,1.0,1,4,1,11.0,0.0,0.0,0.0,1952.0,A01,0.0,7,0,0.0,0.0,0.0,13.0,10,2,1230,1,1,1,1,6,2,7,2,2
17856,201600007972,1.0,1,2,1,12.0,0.0,0.0,0.0,1971.0,A01,2.0,7,0,2.0,0.0,9.0,1.0,10,25,2230,3,1,1,1,6,5,7,2,2
17857,201600007972,2.0,2,2,2,11.0,0.0,0.0,0.0,1986.0,A01,2.0,7,0,2.0,0.0,9.0,1.0,10,25,2230,3,1,1,1,6,5,7,2,2
17858,201600007973,1.0,1,3,2,11.0,0.0,0.0,0.0,1965.0,C03,0.0,7,0,0.0,2.0,1.0,1.0,11,27,1830,3,1,1,1,5,4,7,2,2
17859,201600007973,1.0,1,2,1,11.0,0.0,0.0,0.0,1944.0,B02,0.0,7,0,0.0,2.0,3.0,1.0,11,27,1830,3,1,1,1,5,4,7,2,2
17860,201600007973,2.0,2,3,2,11.0,0.0,0.0,0.0,1946.0,B02,0.0,7,0,0.0,2.0,3.0,1.0,11,27,1830,3,1,1,1,5,4,7,2,2
17861,201600007973,1.0,1,4,1,12.0,0.0,0.0,0.0,1982.0,A01,0.0,7,0,0.0,2.0,1.0,13.0,11,27,1830,3,1,1,1,5,4,7,2,2