,Num_Acc,place,catu,grav,sexe,secu,locp,actp,etatp,an_nais,num_veh,senc,catv,occutc,obs,obsm,choc,manv,mois,jour,hrmn,lum,agg,int,atm,col,mom,catvopp,catv_gen,catvopp_gen
17862,201600007973,2.0,2,4,1,12.0,0.0,0.0,0.0,1996.0,A01,0.0,7,0,0.0,2.0,1.0,13.0,11,27,1830,3,1,1,1,5,4,7,2,2
17863,201600007974,1.0,1,1,1,11.0,0.0,0.0,0.0,1996.0,A01,0.0,7,0,0.0,6.0,2.0,21.0,12,18,545,3,1,1,1,6,0,7,2,2
17864,201600007974,2.0,2,1,1,11.0,0.0,0.0,0.0,1995.0,A01,0.0,7,0,0.0,6.0,2.0,21.0,12,18,545,3,1,1,1,6,0,7,2,2
17865,201600007974,2.0,2,3,1,12.0,0.0,0.0,0.0,1996.0,A01,0.0,7,0,0.0,6.0,2.0,21.0,12,18,545,3,1,1,1,6,0,7,2,2
17866,201600007975,8.0,2,1,1,11.0,0.0,0.0,0.0,2000.0,A01,1.0,7,0,0.0,0.0,7.0,17.0,12,23,145,3,1,1,1,6,0,7,2,2
17867,201600007975,4.0,2,1,1,11.0,0.0,0.0,0.0,1998.0,A01,1.0,7,0,0.0,0.0,7.0,17.0,12,23,145,3,1,1,1,6,0,7,2,2
17868,201600007975,2.0,2,1,2,11.0,0.0,0.0,0.0,1972.0,A01,1.0,7,0,0.0,0.0,7.0,17.0,12,23,145,3,1,1,1,6,0,7,2,2
17869,201600007975,1.0,1,1,1,11.0,0.0,0.0,0.0,1960.0,A01,1.0,7,0,0.0,0.0,7.0,17.0,12,23,145,3,1,1,1,6,0,7,2,2
17870,201600007975,3.0,2,3,2,11.0,0.0,0.0,0.0,2005.0,A01,1.0,7,0,0.0,0.0,7.0,17.0,12,23,145,3,1,1,1,6,0,7,2,2
17871,201600007976,1.0,1,3,1,21.0,0.0,0.0,0.0,1969.0,A01,1.0,33,0,0.0,2.0,1.0,2.0,4,13,1915,1,1,9,8,3,4,7,1,2
17872,201600007976,1.0,1,1,2,11.0,0.0,0.0,0.0,1964.0,B02,1.0,7,0,0.0,2.0,6.0,15.0,4,13,1915,1,1,9,8,3,4,33,2,1
17873,201600007977,1.0,1,4,2,11.0,0.0,0.0,0.0,1983.0,A01,0.0,7,0,0.0,2.0,8.0,1.0,5,27,2015,1,1,2,1,3,4,2,2,1
17874,201600007977,1.0,1,3,1,22.0,0.0,0.0,0.0,1989.0,B02,0.0,2,0,0.0,2.0,1.0,1.0,5,27,2015,1,1,2,1,3,4,7,1,2
17875,201600007978,8.0,2,4,1,11.0,0.0,0.0,0.0,1998.0,A01,2.0,38,0,0.0,2.0,3.0,13.0,6,27,1730,1,1,1,1,1,3,7,3,2
17876,201600007978,1.0,1,4,1,11.0,0.0,0.0,0.0,1984.0,A01,2.0,38,0,0.0,2.0,3.0,13.0,6,27,1730,1,1,1,1,1,3,7,3,2
17877,201600007978,3.0,2,4,1,11.0,0.0,0.0,0.0,1997.0,A01,2.0,38,0,0.0,2.0,3.0,13.0,6,27,1730,1,1,1,1,1,3,7,3,2
17878,201600007978,3.0,2,4,1,11.0,0.0,0.0,0.0,1998.0,A01,2.0,38,0,0.0,2.0,3.0,13.0,6,27,1730,1,1,1,1,1,3,7,3,2
17879,201600007978,4.0,2,4,1,11.0,0.0,0.0,0.0,1991.0,A01,2.0,38,0,0.0,2.0,3.0,13.0,6,27,1730,1,1,1,1,1,3,7,3,2
17880,201600007978,4.0,2,4,1,11.0,0.0,0.0,0.0,1998.0,A01,2.0,38,0,0.0,2.0,3.0,13.0,6,27,1730,1,1,1,1,1,3,7,3,2
17881,201600007978,1.0,1,2,2,11.0,0.0,0.0,0.0,1976.0,B02,1.0,7,0,0.0,2.0,3.0,1.0,6,27,1730,1,1,1,1,1,3,38,2,3
17882,201600007979,0.0,3,3,1,0.0,4.0,3.0,1.0,1962.0,A01,1.0,7,0,0.0,1.0,1.0,1.0,10,30,1015,1,2,1,1,6,1,7,2,2
17883,201600007979,1.0,1,1,2,11.0,0.0,0.0,0.0,1961.0,A01,1.0,7,0,0.0,1.0,1.0,1.0,10,30,1015,1,2,1,1,6,1,7,2,2
17884,201600007980,1.0,1,3,2,11.0,0.0,0.0,0.0,1998.0,A01,0.0,7,0,2.0,0.0,9.0,1.0,12,7,1415,3,2,1,1,6,3,7,2,2
17885,201600007981,1.0,1,4,1,11.0,0.0,0.0,0.0,1953.0,B02,1.0,7,0,0.0,2.0,2.0,0.0,1,31,1715,1,2,1,1,4,3,33,2,1
17886,201600007981,1.0,1,3,1,21.0,0.0,0.0,0.0,1985.0,A01,2.0,33,0,0.0,2.0,1.0,21.0,1,31,1715,1,2,1,1,4,3,7,1,2
17887,201600007981,1.0,1,4,2,11.0,0.0,0.0,0.0,1966.0,C03,1.0,7,0,0.0,2.0,3.0,0.0,1,31,1715,1,2,1,1,4,3,33,2,1
17888,201600007982,1.0,1,4,1,21.0,0.0,0.0,0.0,1984.0,A01,2.0,33,0,0.0,0.0,1.0,1.0,3,18,1100,1,1,1,1,6,1,33,1,1
17889,201600007983,1.0,1,3,1,11.0,0.0,0.0,0.0,1993.0,A01,1.0,7,0,13.0,0.0,1.0,1.0,3,26,515,5,1,1,1,6,0,7,2,2
17890,201600007983,2.0,2,4,1,11.0,0.0,0.0,0.0,1993.0,A01,1.0,7,0,13.0,0.0,1.0,1.0,3,26,515,5,1,1,1,6,0,7,2,2
17891,201600007984,1.0,1,3,1,21.0,0.0,0.0,0.0,1961.0,B02,0.0,33,0,0.0,2.0,1.0,1.0,4,28,1700,1,1,1,1,3,3,7,1,2
17892,201600007984,1.0,1,1,1,11.0,0.0,0.0,0.0,1997.0,A01,1.0,7,0,0.0,2.0,5.0,15.0,4,28,1700,1,1,1,1,3,3,33,2,1
17893,201600007985,1.0,1,4,1,11.0,0.0,0.0,0.0,1986.0,B02,1.0,7,0,0.0,2.0,3.0,1.0,5,29,1130,1,1,1,1,1,1,7,2,2
17894,201600007985,1.0,1,3,2,11.0,0.0,0.0,0.0,1940.0,A01,2.0,7,0,0.0,2.0,1.0,1.0,5,29,1130,1,1,1,1,1,1,7,2,2
17895,201600007986,1.0,1,3,2,11.0,0.0,0.0,0.0,1989.0,A01,1.0,7,0,0.0,2.0,2.0,1.0,9,14,1715,1,1,1,2,3,3,7,2,2
17896,201600007986,1.0,1,4,1,11.0,0.0,0.0,0.0,1971.0,B02,2.0,7,0,0.0,2.0,1.0,1.0,9,14,1715,1,1,1,2,3,3,7,2,2
17897,201600007987,0.0,3,2,1,0.0,1.0,2.0,1.0,1979.0,A01,1.0,33,0,0.0,1.0,1.0,1.0,11,11,1600,1,1,1,1,6,3,33,1,1
17898,201600007987,1.0,1,4,1,21.0,0.0,0.0,0.0,1992.0,A01,1.0,33,0,0.0,1.0,1.0,1.0,11,11,1600,1,1,1,1,6,3,33,1,1
17899,201600007988,1.0,1,1,1,11.0,0.0,0.0,0.0,1958.0,A01,1.0,7,0,0.0,1.0,1.0,1.0,11,28,1400,1,2,1,1,7,3,7,2,2
17900,201600007988,0.0,3,4,2,0.0,1.0,1.0,1.0,1984.0,A01,1.0,7,0,0.0,1.0,1.0,1.0,11,28,1400,1,2,1,1,7,3,7,2,2
17901,201600007989,1.0,1,3,1,21.0,0.0,0.0,0.0,1987.0,A01,2.0,33,0,13.0,0.0,1.0,1.0,12,18,1245,1,1,1,1,7,2,33,1,1
17902,201600007990,1.0,1,4,1,11.0,0.0,0.0,0.0,1938.0,B02,1.0,7,0,0.0,2.0,6.0,24.0,1,31,1645,1,1,1,1,1,3,7,2,2
17903,201600007990,1.0,1,4,1,11.0,0.0,0.0,0.0,1965.0,A01,1.0,7,0,1.0,0.0,2.0,1.0,1,31,1645,1,1,1,1,1,3,7,2,2
17904,201600007991,1.0,1,4,1,11.0,0.0,0.0,0.0,1983.0,A01,2.0,7,0,0.0,2.0,1.0,13.0,2,7,1145,1,1,1,2,1,1,7,2,2
17905,201600007991,1.0,1,3,1,11.0,0.0,0.0,0.0,1959.0,B02,1.0,7,0,0.0,2.0,1.0,1.0,2,7,1145,1,1,1,2,1,1,7,2,2
17906,201600007992,1.0,1,3,1,21.0,0.0,0.0,0.0,1999.0,A01,2.0,2,0,0.0,2.0,1.0,13.0,3,2,1745,1,2,1,1,1,3,7,1,2
17907,201600007992,1.0,1,1,2,11.0,0.0,0.0,0.0,1972.0,B02,1.0,7,0,0.0,2.0,3.0,1.0,3,2,1745,1,2,1,1,1,3,2,2,1
17908,201600007993,1.0,1,1,2,11.0,0.0,0.0,0.0,1935.0,A01,2.0,7,0,0.0,2.0,2.0,15.0,3,10,1645,1,2,1,1,3,3,33,2,1
17909,201600007993,1.0,1,4,1,21.0,0.0,0.0,0.0,1972.0,B02,2.0,33,0,0.0,2.0,1.0,1.0,3,10,1645,1,2,1,1,3,3,7,1,2
17910,201600007994,1.0,1,4,1,11.0,0.0,0.0,0.0,1947.0,A01,1.0,7,0,0.0,2.0,2.0,10.0,3,29,1500,1,1,1,1,1,3,33,2,1
17911,201600007994,1.0,1,1,1,21.0,0.0,0.0,0.0,1985.0,B02,2.0,33,0,0.0,2.0,1.0,1.0,3,29,1500,1,1,1,1,1,3,7,1,2
17912,201600007995,0.0,3,3,2,0.0,2.0,5.0,1.0,1959.0,A01,1.0,10,0,0.0,1.0,3.0,16.0,4,13,900,1,1,1,1,6,1,10,2,2
17913,201600007995,1.0,1,4,1,11.0,0.0,0.0,0.0,1961.0,A01,1.0,10,0,0.0,1.0,3.0,16.0,4,13,900,1,1,1,1,6,1,10,2,2
17914,201600007996,1.0,1,3,1,21.0,0.0,0.0,0.0,1977.0,A01,0.0,30,0,0.0,0.0,1.0,1.0,4,28,2215,5,2,1,1,6,5,30,1,1
17915,201600007997,1.0,1,3,1,21.0,0.0,0.0,0.0,1969.0,B02,1.0,1,0,0.0,2.0,8.0,13.0,5,24,1115,1,1,1,1,1,1,33,1,1
17916,201600007997,1.0,1,1,1,21.0,0.0,0.0,0.0,1966.0,A01,2.0,33,0,0.0,2.0,7.0,14.0,5,24,1115,1,1,1,1,1,1,1,1,1
17917,201600007998,1.0,1,1,1,11.0,0.0,0.0,0.0,1931.0,B02,2.0,7,0,0.0,2.0,1.0,1.0,5,29,1545,1,1,1,1,1,3,33,2,1
17918,201600007998,2.0,2,3,2,11.0,0.0,0.0,0.0,1933.0,B02,2.0,7,0,0.0,2.0,1.0,1.0,5,29,1545,1,1,1,1,1,3,33,2,1
17919,201600007998,1.0,1,1,1,21.0,0.0,0.0,0.0,1992.0,A01,2.0,33,0,0.0,2.0,1.0,13.0,5,29,1545,1,1,1,1,1,3,7,1,2
17920,201600007999,1.0,1,1,1,11.0,0.0,0.0,0.0,1968.0,B02,1.0,37,0,0.0,2.0,4.0,24.0,6,6,1115,1,2,1,1,2,1,30,3,1
17921,201600007999,1.0,1,3,1,21.0,0.0,0.0,0.0,2000.0,A01,1.0,30,0,0.0,2.0,1.0,2.0,6,6,1115,1,2,1,1,2,1,37,1,3
17922,201600008000,1.0,1,1,1,11.0,0.0,0.0,0.0,1985.0,C03,1.0,10,0,0.0,2.0,8.0,2.0,6,30,1300,1,1,1,1,5,2,33,2,1
17923,201600008000,1.0,1,3,1,21.0,0.0,0.0,0.0,1984.0,A01,1.0,33,0,0.0,2.0,3.0,5.0,6,30,1300,1,1,1,1,5,2,10,1,2
17924,201600008000,1.0,1,4,1,11.0,0.0,0.0,0.0,1994.0,B02,2.0,7,0,0.0,2.0,3.0,0.0,6,30,1300,1,1,1,1,5,2,33,2,1
17925,201600008000,2.0,2,4,2,11.0,0.0,0.0,0.0,1995.0,B02,2.0,7,0,0.0,2.0,3.0,0.0,6,30,1300,1,1,1,1,5,2,33,2,1
17926,201600008001,1.0,1,3,1,21.0,0.0,0.0,0.0,1960.0,A01,1.0,33,0,13.0,0.0,2.0,1.0,6,30,1715,2,1,1,1,6,3,33,1,1
17927,201600008002,1.0,1,3,2,1.0,0.0,0.0,0.0,1960.0,B02,0.0,1,0,0.0,2.0,2.0,1.0,7,16,1930,1,2,1,1,3,4,7,1,2
17928,201600008002,1.0,1,1,2,11.0,0.0,0.0,0.0,1990.0,A01,0.0,7,0,0.0,9.0,3.0,14.0,7,16,1930,1,2,1,1,3,4,1,2,1
17929,201600008003,1.0,1,3,1,21.0,0.0,0.0,0.0,1951.0,A01,1.0,1,0,0.0,0.0,7.0,0.0,10,9,900,1,1,1,1,7,1,1,1,1
17930,201600008004,4.0,2,4,1,11.0,0.0,0.0,0.0,1989.0,B02,0.0,7,0,0.0,2.0,1.0,1.0,11,25,1815,3,1,1,1,1,4,7,2,2
17931,201600008004,2.0,2,3,2,11.0,0.0,0.0,0.0,1950.0,B02,0.0,7,0,0.0,2.0,1.0,1.0,11,25,1815,3,1,1,1,1,4,7,2,2
17932,201600008004,1.0,1,4,2,11.0,0.0,0.0,0.0,1969.0,B02,0.0,7,0,0.0,2.0,1.0,1.0,11,25,1815,3,1,1,1,1,4,7,2,2
17933,201600008004,1.0,1,4,1,11.0,0.0,0.0,0.0,1987.0,A01,0.0,7,0,0.0,2.0,1.0,13.0,11,25,1815,3,1,1,1,1,4,7,2,2
17934,201600008005,1.0,1,4,1,11.0,0.0,0.0,0.0,1954.0,A01,0.0,7,0,0.0,2.0,3.0,9.0,12,2,915,1,1,9,1,1,1,33,2,1
17935,201600008005,1.0,1,3,1,21.0,0.0,0.0,0.0,1970.0,B02,0.0,33,0,0.0,2.0,1.0,1.0,12,2,915,1,1,9,1,1,1,7,1,2
17936,201600008006,1.0,1,3,2,21.0,0.0,0.0,0.0,1993.0,A01,2.0,33,0,0.0,2.0,1.0,1.0,6,3,1630,1,1,1,1,1,3,10,1,2
17937,201600008006,1.0,1,3,1,11.0,0.0,0.0,0.0,1996.0,B02,1.0,10,0,0.0,2.0,1.0,1.0,6,3,1630,1,1,1,1,1,3,33,2,1
17938,201600008007,1.0,1,4,2,11.0,0.0,0.0,0.0,1997.0,C03,2.0,7,0,0.0,2.0,3.0,13.0,7,8,1400,1,2,1,1,5,3,10,2,2
17939,201600008007,1.0,1,3,1,21.0,0.0,0.0,0.0,1986.0,B02,1.0,31,0,0.0,2.0,1.0,17.0,7,8,1400,1,2,1,1,5,3,10,1,2
17940,201600008007,1.0,1,1,2,11.0,0.0,0.0,0.0,1976.0,A01,1.0,7,0,0.0,2.0,3.0,1.0,7,8,1400,1,2,1,1,5,3,10,2,2
17941,201600008007,2.0,2,1,2,11.0,0.0,0.0,0.0,1946.0,A01,1.0,7,0,0.0,2.0,3.0,1.0,7,8,1400,1,2,1,1,5,3,10,2,2
17942,201600008007,1.0,1,1,1,11.0,0.0,0.0,0.0,1974.0,D04,1.0,10,0,0.0,2.0,3.0,1.0,7,8,1400,1,2,1,1,5,3,31,2,1
17943,201600008008,1.0,1,4,2,11.0,0.0,0.0,0.0,1975.0,A01,1.0,7,0,0.0,1.0,6.0,1.0,6,8,1930,1,1,1,1,6,4,7,2,2
17944,201600008008,0.0,3,3,1,0.0,0.0,9.0,1.0,1959.0,A01,1.0,7,0,0.0,1.0,6.0,1.0,6,8,1930,1,1,1,1,6,4,7,2,2
17945,201600008009,1.0,1,1,1,11.0,0.0,0.0,0.0,1980.0,B02,2.0,7,0,0.0,2.0,6.0,1.0,7,21,945,1,1,1,1,2,1,33,2,1
17946,201600008009,1.0,1,3,1,21.0,0.0,0.0,0.0,1954.0,A01,1.0,33,0,0.0,2.0,1.0,17.0,7,21,945,1,1,1,1,2,1,7,1,2
17947,201600008010,1.0,1,3,1,11.0,0.0,0.0,0.0,1997.0,A01,0.0,10,0,0.0,2.0,9.0,5.0,9,14,1600,1,1,1,2,5,3,10,2,2
17948,201600008010,1.0,1,1,2,11.0,0.0,0.0,0.0,1962.0,C03,0.0,10,0,0.0,2.0,8.0,1.0,9,14,1600,1,1,1,2,5,3,10,2,2
17949,201600008010,1.0,1,4,2,11.0,0.0,0.0,0.0,1995.0,B02,0.0,10,0,0.0,2.0,1.0,1.0,9,14,1600,1,1,1,2,5,3,10,2,2
17950,201600008010,2.0,2,4,1,11.0,0.0,0.0,0.0,1997.0,B02,0.0,10,0,0.0,2.0,1.0,1.0,9,14,1600,1,1,1,2,5,3,10,2,2
17951,201600008011,1.0,1,1,1,11.0,0.0,0.0,0.0,1987.0,B02,1.0,14,0,0.0,2.0,1.0,1.0,11,3,1030,1,1,1,1,3,1,7,3,2
17952,201600008011,1.0,1,3,2,11.0,0.0,0.0,0.0,1952.0,A01,2.0,7,0,0.0,2.0,2.0,15.0,11,3,1030,1,1,1,1,3,1,14,2,3
17953,201600008012,1.0,1,4,1,11.0,0.0,0.0,0.0,1952.0,A01,1.0,7,0,0.0,2.0,3.0,17.0,12,6,715,2,1,1,1,1,1,7,2,2
17954,201600008012,1.0,1,3,1,11.0,0.0,0.0,0.0,1990.0,B02,2.0,7,0,0.0,2.0,2.0,2.0,12,6,715,2,1,1,1,1,1,7,2,2
17955,201600008013,1.0,1,4,1,11.0,0.0,0.0,0.0,1963.0,A01,0.0,7,0,0.0,2.0,3.0,1.0,3,18,1615,1,1,1,1,1,3,7,2,2
17956,201600008013,5.0,2,1,2,11.0,0.0,0.0,0.0,2010.0,B02,0.0,7,0,0.0,2.0,3.0,1.0,3,18,1615,1,1,1,1,1,3,7,2,2
17957,201600008013,1.0,1,3,2,11.0,0.0,0.0,0.0,1969.0,B02,0.0,7,0,0.0,2.0,3.0,1.0,3,18,1615,1,1,1,1,1,3,7,2,2
17958,201600008013,5.0,2,1,2,11.0,0.0,0.0,0.0,2008.0,B02,0.0,7,0,0.0,2.0,3.0,1.0,3,18,1615,1,1,1,1,1,3,7,2,2
17959,201600008014,1.0,1,1,1,11.0,0.0,0.0,0.0,1994.0,B02,1.0,7,0,0.0,0.0,1.0,0.0,4,19,715,2,1,1,1,1,1,33,2,1
17960,201600008014,1.0,1,3,1,21.0,0.0,0.0,0.0,1991.0,A01,2.0,33,0,0.0,0.0,1.0,0.0,4,19,715,2,1,1,1,1,1,7,1,2
17961,201600008015,1.0,1,3,1,21.0,0.0,0.0,0.0,1993.0,B02,2.0,33,0,0.0,2.0,9.0,1.0,5,21,1000,1,2,1,1,5,1,7,1,2
17962,201600008015,1.0,1,1,2,11.0,0.0,0.0,0.0,1970.0,C03,1.0,7,0,0.0,2.0,8.0,1.0,5,21,1000,1,2,1,1,5,1,33,2,1
17963,201600008015,1.0,1,4,1,11.0,0.0,0.0,0.0,1953.0,A01,1.0,7,0,0.0,2.0,7.0,5.0,5,21,1000,1,2,1,1,5,1,33,2,1
17964,201600008016,1.0,1,4,2,11.0,0.0,0.0,0.0,1980.0,A01,0.0,7,0,0.0,1.0,3.0,1.0,6,24,1700,1,2,1,1,7,3,7,2,2
17965,201600008016,0.0,3,3,1,0.0,2.0,3.0,1.0,1961.0,A01,0.0,7,0,0.0,1.0,3.0,1.0,6,24,1700,1,2,1,1,7,3,7,2,2
17966,201600008017,2.0,2,3,2,21.0,0.0,0.0,0.0,2000.0,B02,0.0,2,0,0.0,2.0,1.0,17.0,7,9,1700,1,1,1,1,5,3,10,1,2
17967,201600008017,1.0,1,3,1,21.0,0.0,0.0,0.0,2000.0,B02,0.0,2,0,0.0,2.0,1.0,17.0,7,9,1700,1,1,1,1,5,3,10,1,2
17968,201600008017,1.0,1,1,1,11.0,0.0,0.0,0.0,1980.0,A01,0.0,7,0,0.0,2.0,0.0,5.0,7,9,1700,1,1,1,1,5,3,2,2,1
17969,201600008017,1.0,1,1,1,11.0,0.0,0.0,0.0,1961.0,C03,0.0,10,0,0.0,2.0,1.0,5.0,7,9,1700,1,1,1,1,5,3,2,2,1
17970,201600008018,5.0,2,4,1,11.0,0.0,0.0,0.0,1998.0,A01,0.0,7,0,6.0,0.0,1.0,21.0,7,28,2300,5,2,1,1,6,5,7,2,2
17971,201600008018,5.0,2,3,1,11.0,0.0,0.0,0.0,1998.0,A01,0.0,7,0,6.0,0.0,1.0,21.0,7,28,2300,5,2,1,1,6,5,7,2,2
17972,201600008018,5.0,2,4,2,11.0,0.0,0.0,0.0,2000.0,A01,0.0,7,0,6.0,0.0,1.0,21.0,7,28,2300,5,2,1,1,6,5,7,2,2
17973,201600008018,5.0,2,3,1,11.0,0.0,0.0,0.0,1997.0,A01,0.0,7,0,6.0,0.0,1.0,21.0,7,28,2300,5,2,1,1,6,5,7,2,2
17974,201600008018,1.0,1,1,1,11.0,0.0,0.0,0.0,1994.0,A01,0.0,7,0,6.0,0.0,1.0,21.0,7,28,2300,5,2,1,1,6,5,7,2,2
17975,201600008018,5.0,2,4,1,12.0,0.0,0.0,0.0,1998.0,A01,0.0,7,0,6.0,0.0,1.0,21.0,7,28,2300,5,2,1,1,6,5,7,2,2
17976,201600008019,1.0,1,3,1,21.0,0.0,0.0,0.0,1978.0,B02,1.0,33,0,0.0,2.0,1.0,1.0,8,13,1615,1,1,1,1,5,3,10,1,2
17977,201600008019,1.0,1,3,1,21.0,0.0,0.0,0.0,1985.0,A01,2.0,33,0,0.0,2.0,1.0,5.0,8,13,1615,1,1,1,1,5,3,10,1,2
17978,201600008019,1.0,1,1,1,11.0,0.0,0.0,0.0,1998.0,C03,1.0,10,0,0.0,2.0,1.0,1.0,8,13,1615,1,1,1,1,5,3,33,2,1
17979,201600008020,1.0,1,1,2,11.0,0.0,0.0,0.0,1979.0,B02,1.0,7,0,0.0,0.0,6.0,15.0,9,17,1245,1,2,9,1,3,2,34,2,1
17980,201600008020,1.0,1,3,1,21.0,0.0,0.0,0.0,1980.0,A01,1.0,34,0,0.0,2.0,1.0,17.0,9,17,1245,1,2,9,1,3,2,7,1,2
17981,201600008020,2.0,2,3,1,21.0,0.0,0.0,0.0,2009.0,A01,1.0,34,0,0.0,2.0,1.0,17.0,9,17,1245,1,2,9,1,3,2,7,1,2
17982,201600008021,1.0,1,1,2,11.0,0.0,0.0,0.0,1981.0,A01,0.0,7,0,0.0,1.0,3.0,15.0,11,23,1100,1,2,1,1,6,1,7,2,2
17983,201600008021,0.0,3,3,1,0.0,2.0,3.0,1.0,1938.0,A01,0.0,7,0,0.0,1.0,3.0,15.0,11,23,1100,1,2,1,1,6,1,7,2,2
17984,201600008022,1.0,1,2,1,21.0,0.0,0.0,0.0,1949.0,B02,2.0,1,0,0.0,2.0,4.0,2.0,6,3,2230,3,1,1,1,2,5,7,1,2
17985,201600008022,1.0,1,4,1,11.0,0.0,0.0,0.0,1997.0,A01,2.0,7,0,0.0,2.0,2.0,2.0,6,3,2230,3,1,1,1,2,5,1,2,1
17986,201600008023,1.0,1,4,2,11.0,0.0,0.0,0.0,1987.0,A01,0.0,7,0,11.0,0.0,1.0,1.0,6,29,2330,3,1,6,1,7,5,7,2,2
17987,201600008023,2.0,2,4,1,11.0,0.0,0.0,0.0,1991.0,A01,0.0,7,0,11.0,0.0,1.0,1.0,6,29,2330,3,1,6,1,7,5,7,2,2
17988,201600008024,1.0,1,3,1,21.0,0.0,0.0,0.0,1964.0,B02,0.0,1,0,1.0,0.0,1.0,1.0,7,7,1000,1,1,1,1,6,1,1,1,1
17989,201600008025,1.0,1,1,1,11.0,0.0,0.0,0.0,1951.0,A01,0.0,7,0,0.0,0.0,2.0,16.0,9,21,1200,1,1,1,1,1,2,7,2,2
17990,201600008025,1.0,1,3,1,11.0,0.0,0.0,0.0,1976.0,B02,0.0,7,0,0.0,0.0,2.0,1.0,9,21,1200,1,1,1,1,1,2,7,2,2
17991,201600008026,1.0,1,1,1,11.0,0.0,0.0,0.0,1946.0,A01,0.0,7,0,0.0,2.0,2.0,15.0,11,3,1845,3,1,1,1,3,4,30,2,1
17992,201600008026,1.0,1,3,1,21.0,0.0,0.0,0.0,1995.0,B02,0.0,30,0,0.0,0.0,1.0,1.0,11,3,1845,3,1,1,1,3,4,7,1,2
17993,201600008027,1.0,1,1,1,11.0,0.0,0.0,0.0,1959.0,A01,0.0,7,0,0.0,9.0,3.0,9.0,11,8,915,1,2,6,1,1,1,1,2,1
17994,201600008027,1.0,1,4,1,1.0,0.0,0.0,0.0,1933.0,B02,0.0,1,0,0.0,2.0,2.0,1.0,11,8,915,1,2,6,1,1,1,7,1,2
17995,201600008028,5.0,2,4,1,11.0,0.0,0.0,0.0,1995.0,A01,0.0,14,0,0.0,0.0,8.0,1.0,6,19,1615,1,1,1,1,7,3,14,3,3
17996,201600008028,5.0,2,4,2,11.0,0.0,0.0,0.0,1981.0,A01,0.0,14,0,0.0,0.0,8.0,1.0,6,19,1615,1,1,1,1,7,3,14,3,3
17997,201600008028,1.0,1,4,1,11.0,0.0,0.0,0.0,1971.0,A01,0.0,14,0,0.0,0.0,8.0,1.0,6,19,1615,1,1,1,1,7,3,14,3,3
17998,201600008028,2.0,2,3,2,11.0,0.0,0.0,0.0,1980.0,A01,0.0,14,0,0.0,0.0,8.0,1.0,6,19,1615,1,1,1,1,7,3,14,3,3
17999,201600008029,1.0,1,1,2,11.0,0.0,0.0,0.0,1968.0,B02,1.0,10,0,0.0,2.0,3.0,1.0,7,13,1645,1,1,1,1,1,3,33,2,1
18000,201600008029,1.0,1,2,1,21.0,0.0,0.0,0.0,1975.0,A01,2.0,33,0,0.0,2.0,8.0,13.0,7,13,1645,1,1,1,1,1,3,10,1,2
18001,201600008030,1.0,1,3,1,11.0,0.0,0.0,0.0,1990.0,A01,2.0,10,0,6.0,0.0,4.0,1.0,12,11,400,3,2,1,1,6,0,10,2,2
18002,201600008030,2.0,2,3,1,12.0,0.0,0.0,0.0,1996.0,A01,2.0,10,0,6.0,0.0,4.0,1.0,12,11,400,3,2,1,1,6,0,10,2,2
18003,201600008030,5.0,2,3,1,12.0,0.0,0.0,0.0,1996.0,A01,2.0,10,0,6.0,0.0,4.0,1.0,12,11,400,3,2,1,1,6,0,10,2,2
18004,201600008031,1.0,1,3,1,11.0,0.0,0.0,0.0,1944.0,A01,1.0,3,0,0.0,2.0,1.0,1.0,3,1,1930,3,1,1,1,1,4,7,0,2
18005,201600008031,1.0,1,1,2,11.0,0.0,0.0,0.0,1965.0,B02,2.0,7,0,0.0,2.0,1.0,1.0,3,1,1930,3,1,1,1,1,4,3,2,0
18006,201600008031,2.0,2,4,2,11.0,0.0,0.0,0.0,1966.0,B02,2.0,7,0,0.0,2.0,1.0,1.0,3,1,1930,3,1,1,1,1,4,3,2,0
18007,201600008032,1.0,1,2,1,11.0,0.0,0.0,0.0,1992.0,A01,1.0,7,0,2.0,0.0,8.0,1.0,6,2,1300,1,1,1,1,6,2,7,2,2
18008,201600008033,1.0,1,1,1,11.0,0.0,0.0,0.0,1974.0,B02,0.0,10,0,0.0,2.0,1.0,1.0,1,12,830,1,1,1,1,3,1,7,2,2
18009,201600008033,1.0,1,3,2,11.0,0.0,0.0,0.0,1972.0,A01,0.0,7,0,0.0,2.0,8.0,19.0,1,12,830,1,1,1,1,3,1,10,2,2
18010,201600008034,5.0,2,3,1,12.0,0.0,0.0,0.0,1991.0,B02,0.0,7,0,0.0,2.0,1.0,19.0,2,1,1500,1,1,1,1,1,3,7,2,2
18011,201600008034,2.0,2,3,1,11.0,0.0,0.0,0.0,1982.0,B02,0.0,7,0,0.0,2.0,1.0,19.0,2,1,1500,1,1,1,1,1,3,7,2,2
18012,201600008034,1.0,1,4,1,11.0,0.0,0.0,0.0,1991.0,B02,0.0,7,0,0.0,2.0,1.0,19.0,2,1,1500,1,1,1,1,1,3,7,2,2
18013,201600008034,1.0,1,3,1,11.0,0.0,0.0,0.0,1969.0,A01,0.0,7,0,0.0,2.0,3.0,2.0,2,1,1500,1,1,1,1,1,3,7,2,2