,Num_Acc,place,catu,grav,sexe,secu,locp,actp,etatp,an_nais,num_veh,senc,catv,occutc,obs,obsm,choc,manv,mois,jour,hrmn,lum,agg,int,atm,col,mom,catvopp,catv_gen,catvopp_gen
18167,201600008103,1.0,1,3,2,21.0,0.0,0.0,0.0,1969.0,B02,2.0,31,0,0.0,2.0,2.0,17.0,5,24,1500,1,1,1,1,3,3,33,1,1
18168,201600008104,1.0,1,2,1,11.0,0.0,0.0,0.0,1995.0,A01,2.0,7,0,0.0,0.0,0.0,0.0,6,27,1100,1,1,1,1,7,1,7,2,2
18169,201600008104,2.0,2,2,2,11.0,0.0,0.0,0.0,1995.0,A01,2.0,7,0,0.0,0.0,0.0,0.0,6,27,1100,1,1,1,1,7,1,7,2,2
18170,201600008104,3.0,2,2,2,11.0,0.0,0.0,0.0,1995.0,A01,2.0,7,0,0.0,0.0,0.0,0.0,6,27,1100,1,1,1,1,7,1,7,2,2
18171,201600008105,1.0,1,4,2,11.0,0.0,0.0,0.0,1995.0,A01,0.0,7,0,0.0,0.0,3.0,9.0,7,8,1530,1,2,3,1,3,3,33,2,1
18172,201600008105,1.0,1,3,1,21.0,0.0,0.0,0.0,1964.0,B02,0.0,33,0,0.0,0.0,2.0,1.0,7,8,1530,1,2,3,1,3,3,7,1,2
18173,201600008106,1.0,1,3,2,11.0,0.0,0.0,0.0,1931.0,A01,1.0,7,0,0.0,2.0,3.0,15.0,7,17,1715,1,1,3,1,1,3,7,2,2
18174,201600008106,4.0,2,3,1,11.0,0.0,0.0,0.0,2004.0,B02,2.0,7,0,0.0,2.0,1.0,1.0,7,17,1715,1,1,3,1,1,3,7,2,2
18175,201600008106,1.0,1,3,1,11.0,0.0,0.0,0.0,1965.0,B02,2.0,7,0,0.0,2.0,1.0,1.0,7,17,1715,1,1,3,1,1,3,7,2,2
18176,201600008106,2.0,2,3,2,11.0,0.0,0.0,0.0,1969.0,B02,2.0,7,0,0.0,2.0,1.0,1.0,7,17,1715,1,1,3,1,1,3,7,2,2
18177,201600008107,1.0,1,3,1,13.0,0.0,0.0,0.0,1960.0,A01,0.0,7,0,0.0,0.0,9.0,1.0,7,18,115,3,1,1,1,6,0,7,2,2
18178,201600008108,1.0,1,3,1,21.0,0.0,0.0,0.0,1960.0,A01,2.0,33,0,0.0,0.0,2.0,13.0,7,30,1115,1,1,1,1,7,1,33,1,1
18179,201600008109,1.0,1,1,1,11.0,0.0,0.0,0.0,1986.0,B02,2.0,10,0,0.0,2.0,3.0,1.0,8,14,1800,1,1,1,1,1,4,33,2,1
18180,201600008109,2.0,2,1,2,11.0,0.0,0.0,0.0,1987.0,B02,2.0,10,0,0.0,2.0,3.0,1.0,8,14,1800,1,1,1,1,1,4,33,2,1
18181,201600008109,1.0,1,3,1,21.0,0.0,0.0,0.0,1985.0,A01,1.0,33,0,0.0,2.0,1.0,13.0,8,14,1800,1,1,1,1,1,4,10,1,2
18182,201600008109,2.0,2,3,2,21.0,0.0,0.0,0.0,1988.0,A01,1.0,33,0,0.0,2.0,1.0,13.0,8,14,1800,1,1,1,1,1,4,10,1,2
18183,201600008110,1.0,1,2,1,11.0,0.0,0.0,0.0,1934.0,A01,1.0,7,0,2.0,0.0,1.0,1.0,9,5,2200,3,1,1,1,7,5,7,2,2
18184,201600008110,2.0,2,2,2,11.0,0.0,0.0,0.0,1934.0,A01,1.0,7,0,2.0,0.0,1.0,1.0,9,5,2200,3,1,1,1,7,5,7,2,2
18185,201600008111,1.0,1,3,1,21.0,0.0,0.0,0.0,1960.0,A01,1.0,33,0,3.0,0.0,7.0,1.0,9,25,1200,1,1,1,1,7,2,33,1,1
18186,201600008111,2.0,2,3,2,21.0,0.0,0.0,0.0,1958.0,A01,1.0,33,0,3.0,0.0,7.0,1.0,9,25,1200,1,1,1,1,7,2,33,1,1
18187,201600008112,2.0,1,1,1,11.0,0.0,0.0,0.0,1949.0,A01,1.0,7,0,0.0,2.0,2.0,17.0,10,8,1215,1,1,1,1,1,2,33,2,1
18188,201600008112,1.0,1,2,1,21.0,0.0,0.0,0.0,1979.0,B02,2.0,33,0,0.0,2.0,2.0,1.0,10,8,1215,1,1,1,1,1,2,7,1,2
18189,201600008113,1.0,1,3,1,11.0,0.0,0.0,0.0,1992.0,A01,2.0,10,0,15.0,0.0,1.0,0.0,10,20,1400,1,1,1,1,6,3,10,2,2
18190,201600008114,1.0,1,3,1,11.0,0.0,0.0,0.0,1955.0,A01,2.0,7,0,2.0,0.0,1.0,1.0,1,21,1615,1,1,1,1,6,3,7,2,2
18191,201600008115,1.0,1,3,1,21.0,0.0,0.0,0.0,1971.0,A01,2.0,33,0,2.0,0.0,4.0,17.0,4,2,1645,1,1,1,8,6,3,33,1,1
18192,201600008116,1.0,1,3,1,11.0,0.0,0.0,0.0,1993.0,A01,2.0,7,0,0.0,0.0,2.0,1.0,4,7,1445,1,1,1,1,7,3,7,2,2
18193,201600008117,1.0,1,2,1,12.0,0.0,0.0,0.0,1974.0,A01,1.0,7,0,9.0,0.0,1.0,0.0,4,10,2230,3,1,1,1,6,5,7,2,2
18194,201600008118,1.0,1,4,1,11.0,0.0,0.0,0.0,1989.0,B02,2.0,7,0,0.0,0.0,4.0,15.0,7,1,1630,1,1,1,1,2,3,33,2,1
18195,201600008118,1.0,1,3,1,21.0,0.0,0.0,0.0,1965.0,A01,2.0,33,0,0.0,2.0,1.0,1.0,7,1,1630,1,1,1,1,2,3,7,1,2
18196,201600008119,1.0,1,3,1,21.0,0.0,0.0,0.0,1988.0,A01,1.0,2,0,0.0,0.0,0.0,17.0,7,2,1545,1,1,1,1,7,3,2,1,1
18197,201600008120,1.0,1,3,1,11.0,0.0,0.0,0.0,1936.0,A01,0.0,7,0,16.0,0.0,9.0,1.0,8,14,1515,1,1,1,1,6,3,7,2,2
18198,201600008120,2.0,2,1,2,11.0,0.0,0.0,0.0,1965.0,A01,0.0,7,0,16.0,0.0,9.0,1.0,8,14,1515,1,1,1,1,6,3,7,2,2
18199,201600008120,3.0,2,1,2,11.0,0.0,0.0,0.0,2006.0,A01,0.0,7,0,16.0,0.0,9.0,1.0,8,14,1515,1,1,1,1,6,3,7,2,2
18200,201600008120,4.0,2,1,2,11.0,0.0,0.0,0.0,2007.0,A01,0.0,7,0,16.0,0.0,9.0,1.0,8,14,1515,1,1,1,1,6,3,7,2,2
18201,201600008120,5.0,2,1,1,11.0,0.0,0.0,0.0,2009.0,A01,0.0,7,0,16.0,0.0,9.0,1.0,8,14,1515,1,1,1,1,6,3,7,2,2
18202,201600008121,1.0,1,3,1,21.0,0.0,0.0,0.0,1966.0,A01,2.0,33,0,0.0,0.0,0.0,13.0,4,10,1145,1,1,1,1,7,1,33,1,1
18203,201600008122,1.0,1,3,1,21.0,0.0,0.0,0.0,1964.0,A01,0.0,33,0,16.0,0.0,1.0,1.0,5,16,1430,1,1,1,1,6,3,33,1,1
18204,201600008123,1.0,1,4,1,21.0,0.0,0.0,0.0,1962.0,A01,1.0,33,0,0.0,0.0,0.0,1.0,9,24,1430,1,1,1,1,6,3,33,1,1
18205,201600008123,2.0,2,3,2,21.0,0.0,0.0,0.0,1977.0,A01,1.0,33,0,0.0,0.0,0.0,1.0,9,24,1430,1,1,1,1,6,3,33,1,1
18206,201600008124,1.0,1,3,2,11.0,0.0,0.0,0.0,1987.0,A01,2.0,7,0,15.0,0.0,1.0,1.0,4,29,1530,1,2,1,1,6,3,7,2,2
18207,201600008125,1.0,1,3,1,21.0,0.0,0.0,0.0,1961.0,A01,2.0,31,0,13.0,0.0,1.0,1.0,6,7,845,1,1,1,1,7,1,31,1,1
18208,201600008126,1.0,1,4,1,21.0,0.0,0.0,0.0,1983.0,A01,1.0,34,0,0.0,1.0,1.0,1.0,7,13,2345,5,2,1,1,6,5,34,1,1
18209,201600008126,0.0,3,3,1,0.0,4.0,3.0,1.0,1973.0,A01,1.0,34,0,0.0,1.0,1.0,1.0,7,13,2345,5,2,1,1,6,5,34,1,1
18210,201600008127,1.0,1,3,1,11.0,0.0,0.0,0.0,1988.0,A01,2.0,7,0,2.0,0.0,3.0,1.0,2,4,2215,3,1,1,1,7,5,7,2,2
18211,201600008128,1.0,1,1,2,11.0,0.0,0.0,0.0,1949.0,A01,2.0,7,0,0.0,2.0,6.0,15.0,6,9,1130,1,1,3,1,3,1,33,2,1
18212,201600008128,1.0,1,3,1,21.0,0.0,0.0,0.0,1956.0,B02,1.0,33,0,0.0,2.0,3.0,1.0,6,9,1130,1,1,3,1,3,1,7,1,2
18213,201600008129,1.0,1,4,1,11.0,0.0,0.0,0.0,1986.0,B02,1.0,7,0,0.0,2.0,3.0,1.0,7,2,1115,1,1,1,1,1,1,7,2,2
18214,201600008129,2.0,2,4,2,11.0,0.0,0.0,0.0,1989.0,B02,1.0,7,0,0.0,2.0,3.0,1.0,7,2,1115,1,1,1,1,1,1,7,2,2
18215,201600008129,1.0,1,3,2,11.0,0.0,0.0,0.0,1968.0,A01,2.0,7,0,0.0,2.0,3.0,13.0,7,2,1115,1,1,1,1,1,1,7,2,2
18216,201600008130,1.0,1,1,2,11.0,0.0,0.0,0.0,1982.0,A01,2.0,7,0,0.0,2.0,3.0,1.0,7,16,1630,1,1,1,1,1,3,33,2,1
18217,201600008130,1.0,1,3,1,21.0,0.0,0.0,0.0,1965.0,B02,1.0,33,0,0.0,2.0,1.0,13.0,7,16,1630,1,1,1,1,1,3,7,1,2
18218,201600008131,1.0,1,3,1,11.0,0.0,0.0,0.0,1978.0,A01,1.0,7,0,0.0,0.0,9.0,13.0,12,21,300,3,2,1,1,7,0,7,2,2
18219,201600008132,1.0,1,4,1,11.0,0.0,0.0,0.0,1943.0,A01,1.0,7,0,15.0,0.0,1.0,0.0,2,17,1145,1,1,1,1,6,1,7,2,2
18220,201600008133,1.0,1,3,1,12.0,0.0,0.0,0.0,1979.0,A01,2.0,7,0,16.0,0.0,9.0,1.0,2,29,1200,1,1,1,1,7,2,7,2,2
18221,201600008134,1.0,1,4,1,11.0,0.0,0.0,0.0,1992.0,A01,1.0,7,0,2.0,0.0,0.0,0.0,7,5,1200,1,1,1,1,6,2,7,2,2
18222,201600008135,1.0,1,3,1,21.0,0.0,0.0,0.0,1969.0,A01,1.0,1,0,0.0,0.0,1.0,1.0,7,6,1530,1,1,1,1,7,3,1,1,1
18223,201600008136,1.0,1,4,1,21.0,0.0,0.0,0.0,1954.0,B02,1.0,1,0,0.0,2.0,3.0,2.0,7,18,1015,1,1,1,1,3,1,1,1,1
18224,201600008137,1.0,1,3,1,11.0,0.0,0.0,0.0,1998.0,A01,2.0,10,0,8.0,0.0,1.0,13.0,8,25,210,3,1,1,1,6,0,10,2,2
18225,201600008138,1.0,1,3,1,21.0,0.0,0.0,0.0,1961.0,A01,1.0,1,0,0.0,2.0,8.0,13.0,9,6,1900,1,1,1,1,1,4,10,1,2
18226,201600008138,1.0,1,1,1,11.0,0.0,0.0,0.0,1958.0,B02,1.0,10,0,0.0,2.0,2.0,17.0,9,6,1900,1,1,1,1,1,4,1,2,1
18227,201600008139,1.0,1,1,1,11.0,0.0,0.0,0.0,1953.0,A01,2.0,10,0,0.0,2.0,1.0,1.0,10,1,1100,1,1,1,3,1,1,7,2,2
18228,201600008139,1.0,1,4,1,11.0,0.0,0.0,0.0,1967.0,B02,1.0,7,0,0.0,2.0,1.0,1.0,10,1,1100,1,1,1,3,1,1,10,2,2
18229,201600008139,2.0,2,4,2,11.0,0.0,0.0,0.0,1961.0,B02,1.0,7,0,0.0,2.0,1.0,1.0,10,1,1100,1,1,1,3,1,1,10,2,2
18230,201600008140,1.0,1,2,1,11.0,0.0,0.0,0.0,1941.0,A01,1.0,7,0,13.0,0.0,9.0,19.0,10,3,1630,1,1,1,1,7,3,7,2,2
18231,201600008141,1.0,1,2,1,21.0,0.0,0.0,0.0,1988.0,A01,1.0,33,0,13.0,9.0,1.0,0.0,11,1,1615,1,1,1,1,6,3,33,1,1
18232,201600008141,2.0,2,1,2,21.0,0.0,0.0,0.0,1991.0,A01,1.0,33,0,13.0,9.0,1.0,0.0,11,1,1615,1,1,1,1,6,3,33,1,1
18233,201600008142,1.0,1,4,2,11.0,0.0,0.0,0.0,1951.0,A01,2.0,7,0,6.0,0.0,2.0,1.0,12,14,1330,1,1,1,1,6,2,7,2,2
18234,201600008143,2.0,2,4,1,11.0,0.0,0.0,0.0,1996.0,A01,0.0,7,0,2.0,0.0,1.0,1.0,3,6,230,3,2,1,1,6,0,7,2,2
18235,201600008143,1.0,1,4,1,11.0,0.0,0.0,0.0,1996.0,A01,0.0,7,0,2.0,0.0,1.0,1.0,3,6,230,3,2,1,1,6,0,7,2,2
18236,201600008143,4.0,2,3,1,11.0,0.0,0.0,0.0,1996.0,A01,0.0,7,0,2.0,0.0,1.0,1.0,3,6,230,3,2,1,1,6,0,7,2,2
18237,201600008144,1.0,1,1,1,11.0,0.0,0.0,0.0,1935.0,A01,2.0,7,0,0.0,2.0,0.0,19.0,3,21,1630,1,1,3,1,5,3,7,2,2
18238,201600008144,1.0,1,4,2,11.0,0.0,0.0,0.0,1996.0,B02,1.0,7,0,0.0,2.0,1.0,1.0,3,21,1630,1,1,3,1,5,3,7,2,2
18239,201600008144,2.0,2,4,2,11.0,0.0,0.0,0.0,1996.0,B02,1.0,7,0,0.0,2.0,1.0,1.0,3,21,1630,1,1,3,1,5,3,7,2,2
18240,201600008144,2.0,2,4,2,11.0,0.0,0.0,0.0,1988.0,C03,2.0,7,0,0.0,2.0,7.0,1.0,3,21,1630,1,1,3,1,5,3,7,2,2
18241,201600008144,1.0,1,4,1,11.0,0.0,0.0,0.0,1995.0,C03,2.0,7,0,0.0,2.0,7.0,1.0,3,21,1630,1,1,3,1,5,3,7,2,2
18242,201600008145,1.0,1,4,1,11.0,0.0,0.0,0.0,1965.0,A01,2.0,3,0,13.0,0.0,3.0,13.0,4,17,2215,3,1,1,1,6,5,3,0,0
18243,201600008146,1.0,1,1,2,11.0,0.0,0.0,0.0,1947.0,B02,1.0,7,0,0.0,2.0,4.0,1.0,5,23,1400,1,1,1,1,2,3,31,2,1
18244,201600008146,1.0,1,3,2,21.0,0.0,0.0,0.0,1982.0,A01,1.0,31,0,0.0,2.0,1.0,2.0,5,23,1400,1,1,1,1,2,3,7,1,2
18245,201600008147,1.0,1,1,1,11.0,0.0,0.0,0.0,1945.0,A01,1.0,7,0,0.0,1.0,2.0,1.0,6,12,1830,1,2,1,1,6,4,7,2,2
18246,201600008147,2.0,2,1,2,11.0,0.0,0.0,0.0,1943.0,A01,1.0,7,0,0.0,1.0,2.0,1.0,6,12,1830,1,2,1,1,6,4,7,2,2
18247,201600008147,0.0,3,4,2,0.0,4.0,3.0,1.0,2000.0,A01,1.0,7,0,0.0,1.0,2.0,1.0,6,12,1830,1,2,1,1,6,4,7,2,2
18248,201600008148,1.0,1,1,1,11.0,0.0,0.0,0.0,1965.0,A01,1.0,7,0,2.0,2.0,1.0,1.0,7,18,1345,1,1,1,1,1,2,7,2,2
18249,201600008148,2.0,2,3,2,11.0,0.0,0.0,0.0,1964.0,A01,1.0,7,0,2.0,2.0,1.0,1.0,7,18,1345,1,1,1,1,1,2,7,2,2
18250,201600008148,3.0,2,3,1,11.0,0.0,0.0,0.0,2002.0,A01,1.0,7,0,2.0,2.0,1.0,1.0,7,18,1345,1,1,1,1,1,2,7,2,2
18251,201600008148,4.0,2,3,1,11.0,0.0,0.0,0.0,2000.0,A01,1.0,7,0,2.0,2.0,1.0,1.0,7,18,1345,1,1,1,1,1,2,7,2,2
18252,201600008148,1.0,1,3,2,11.0,0.0,0.0,0.0,1971.0,B02,2.0,7,0,0.0,2.0,1.0,1.0,7,18,1345,1,1,1,1,1,2,7,2,2
18253,201600008148,3.0,2,4,2,11.0,0.0,0.0,0.0,1966.0,B02,2.0,7,0,0.0,2.0,1.0,1.0,7,18,1345,1,1,1,1,1,2,7,2,2
18254,201600008149,2.0,2,4,2,12.0,0.0,0.0,0.0,1998.0,A01,0.0,7,0,6.0,0.0,2.0,1.0,9,1,145,5,2,1,1,6,0,7,2,2
18255,201600008149,1.0,1,1,2,11.0,0.0,0.0,0.0,1998.0,A01,0.0,7,0,6.0,0.0,2.0,1.0,9,1,145,5,2,1,1,6,0,7,2,2
18256,201600008150,1.0,1,2,2,11.0,0.0,0.0,0.0,1997.0,A01,2.0,7,0,2.0,0.0,8.0,1.0,12,20,2130,3,1,1,1,6,4,7,2,2
18257,201600008150,2.0,2,4,1,13.0,0.0,0.0,0.0,1998.0,A01,2.0,7,0,2.0,0.0,8.0,1.0,12,20,2130,3,1,1,1,6,4,7,2,2
18258,201600008151,1.0,1,1,1,11.0,0.0,0.0,0.0,1981.0,A01,2.0,7,0,0.0,1.0,3.0,1.0,12,22,1600,1,2,1,1,6,3,7,2,2
18259,201600008151,0.0,3,4,2,0.0,4.0,3.0,1.0,1954.0,A01,2.0,7,0,0.0,1.0,3.0,1.0,12,22,1600,1,2,1,1,6,3,7,2,2
18260,201600008152,1.0,1,3,2,11.0,0.0,0.0,0.0,1976.0,A01,1.0,7,0,13.0,0.0,1.0,1.0,6,10,115,3,1,1,1,6,0,7,2,2
18261,201600008153,1.0,1,3,1,21.0,0.0,0.0,0.0,1954.0,A01,1.0,33,0,0.0,0.0,3.0,1.0,7,24,1945,1,1,1,2,7,4,33,1,1
18262,201600008154,1.0,1,1,2,11.0,0.0,0.0,0.0,1956.0,A01,1.0,7,0,0.0,2.0,3.0,1.0,8,28,1215,1,1,1,1,3,2,33,2,1
18263,201600008154,1.0,1,3,1,21.0,0.0,0.0,0.0,1973.0,B02,1.0,33,0,0.0,2.0,6.0,1.0,8,28,1215,1,1,1,1,3,2,7,1,2
18264,201600008155,1.0,1,1,1,11.0,0.0,0.0,0.0,1957.0,B02,1.0,7,0,0.0,2.0,1.0,1.0,9,10,1145,1,2,2,1,1,1,2,2,1
18265,201600008155,1.0,1,4,2,21.0,0.0,0.0,0.0,1980.0,A01,0.0,2,0,0.0,2.0,7.0,1.0,9,10,1145,1,2,2,1,1,1,7,1,2
18266,201600008156,1.0,1,3,1,21.0,0.0,0.0,0.0,1988.0,A01,2.0,33,0,0.0,2.0,1.0,1.0,10,29,1515,1,2,2,1,3,3,7,1,2
18267,201600008156,1.0,1,4,2,11.0,0.0,0.0,0.0,1942.0,B02,1.0,7,0,0.0,2.0,3.0,16.0,10,29,1515,1,2,2,1,3,3,33,2,1
18268,201600008157,1.0,1,3,2,11.0,0.0,0.0,0.0,1968.0,A01,2.0,7,0,0.0,2.0,3.0,17.0,11,2,700,1,1,1,1,1,1,7,2,2
18269,201600008157,1.0,1,1,1,11.0,0.0,0.0,0.0,1964.0,B02,1.0,7,0,0.0,2.0,3.0,1.0,11,2,700,1,1,1,1,1,1,7,2,2
18270,201600008158,1.0,1,3,1,12.0,0.0,0.0,0.0,1997.0,A01,1.0,7,0,2.0,0.0,1.0,1.0,11,25,300,5,1,1,3,6,0,7,2,2
18271,201600008159,1.0,1,3,1,21.0,0.0,0.0,0.0,1970.0,B02,2.0,33,0,0.0,2.0,1.0,1.0,4,17,1830,1,1,1,1,3,4,7,1,2
18272,201600008159,1.0,1,1,1,11.0,0.0,0.0,0.0,1960.0,A01,2.0,7,0,0.0,2.0,6.0,19.0,4,17,1830,1,1,1,1,3,4,33,2,1
18273,201600008160,1.0,1,4,1,21.0,0.0,0.0,0.0,1979.0,A01,1.0,1,0,0.0,2.0,1.0,1.0,5,4,1800,1,1,3,1,3,4,7,1,2
18274,201600008160,1.0,1,1,1,11.0,0.0,0.0,0.0,1948.0,B02,0.0,7,0,0.0,2.0,8.0,15.0,5,4,1800,1,1,3,1,3,4,1,2,1
18275,201600008161,1.0,1,1,2,11.0,0.0,0.0,0.0,1951.0,A01,1.0,7,0,0.0,2.0,8.0,15.0,7,1,1130,1,1,3,1,3,1,33,2,1
18276,201600008161,1.0,1,3,1,21.0,0.0,0.0,0.0,1955.0,B02,1.0,33,0,0.0,2.0,2.0,17.0,7,1,1130,1,1,3,1,3,1,7,1,2
18277,201600008162,1.0,1,2,1,11.0,0.0,0.0,0.0,1996.0,A01,1.0,7,0,8.0,0.0,1.0,1.0,8,25,215,3,1,1,1,6,0,7,2,2
18278,201600008163,1.0,1,3,1,11.0,0.0,0.0,0.0,1975.0,A01,1.0,7,0,0.0,2.0,3.0,1.0,11,18,1730,2,1,1,1,1,3,33,2,1
18279,201600008163,1.0,1,3,1,21.0,0.0,0.0,0.0,1963.0,B02,2.0,33,0,0.0,2.0,3.0,5.0,11,18,1730,2,1,1,1,1,3,7,1,2
18280,201600008164,1.0,1,1,1,11.0,0.0,0.0,0.0,1953.0,A01,0.0,7,0,0.0,1.0,2.0,1.0,11,28,830,1,1,1,7,6,1,7,2,2
18281,201600008164,0.0,3,2,1,0.0,1.0,1.0,1.0,1942.0,A01,0.0,7,0,0.0,1.0,2.0,1.0,11,28,830,1,1,1,7,6,1,7,2,2
18282,201600008165,8.0,2,4,1,11.0,0.0,0.0,0.0,1985.0,A01,2.0,7,0,0.0,2.0,1.0,1.0,12,18,1130,1,1,1,9,3,1,7,2,2
18283,201600008165,3.0,2,4,1,31.0,0.0,0.0,0.0,2014.0,A01,2.0,7,0,0.0,2.0,1.0,1.0,12,18,1130,1,1,1,9,3,1,7,2,2
18284,201600008165,2.0,2,4,2,11.0,0.0,0.0,0.0,1984.0,A01,2.0,7,0,0.0,2.0,1.0,1.0,12,18,1130,1,1,1,9,3,1,7,2,2
18285,201600008165,4.0,2,4,1,31.0,0.0,0.0,0.0,2011.0,A01,2.0,7,0,0.0,2.0,1.0,1.0,12,18,1130,1,1,1,9,3,1,7,2,2
18286,201600008165,1.0,1,4,2,11.0,0.0,0.0,0.0,1990.0,A01,2.0,7,0,0.0,2.0,1.0,1.0,12,18,1130,1,1,1,9,3,1,7,2,2
18287,201600008165,2.0,2,3,2,11.0,0.0,0.0,0.0,1965.0,B02,1.0,7,0,0.0,2.0,7.0,13.0,12,18,1130,1,1,1,9,3,1,7,2,2
18288,201600008165,1.0,1,3,1,11.0,0.0,0.0,0.0,1953.0,B02,1.0,7,0,0.0,2.0,7.0,13.0,12,18,1130,1,1,1,9,3,1,7,2,2
18289,201600008166,1.0,1,4,1,11.0,0.0,0.0,0.0,1981.0,B02,0.0,7,0,0.0,2.0,3.0,13.0,7,15,1030,1,1,3,1,1,1,7,2,2
18290,201600008166,1.0,1,1,1,11.0,0.0,0.0,0.0,1934.0,A01,0.0,7,0,0.0,2.0,3.0,13.0,7,15,1030,1,1,3,1,1,1,7,2,2
18291,201600008166,2.0,2,3,1,11.0,0.0,0.0,0.0,1976.0,A01,0.0,7,0,0.0,2.0,3.0,13.0,7,15,1030,1,1,3,1,1,1,7,2,2
18292,201600008167,1.0,1,2,1,11.0,0.0,0.0,0.0,1931.0,A01,2.0,7,0,13.0,0.0,1.0,14.0,7,22,845,1,1,1,1,6,1,7,2,2
18293,201600008168,5.0,2,4,1,11.0,0.0,0.0,0.0,2005.0,A01,1.0,7,0,0.0,2.0,0.0,17.0,4,15,1415,1,1,1,1,7,3,7,2,2
18294,201600008168,4.0,2,3,2,13.0,0.0,0.0,0.0,2005.0,A01,1.0,7,0,0.0,2.0,0.0,17.0,4,15,1415,1,1,1,1,7,3,7,2,2
18295,201600008168,2.0,2,4,1,11.0,0.0,0.0,0.0,2002.0,A01,1.0,7,0,0.0,2.0,0.0,17.0,4,15,1415,1,1,1,1,7,3,7,2,2
18296,201600008168,1.0,1,4,1,11.0,0.0,0.0,0.0,1971.0,A01,1.0,7,0,0.0,2.0,0.0,17.0,4,15,1415,1,1,1,1,7,3,7,2,2
18297,201600008168,3.0,2,4,1,11.0,0.0,0.0,0.0,2002.0,A01,1.0,7,0,0.0,2.0,0.0,17.0,4,15,1415,1,1,1,1,7,3,7,2,2
18298,201600008169,1.0,1,1,1,11.0,0.0,0.0,0.0,1979.0,B02,2.0,14,0,0.0,0.0,3.0,1.0,1,18,2100,3,1,1,4,1,4,7,3,2
18299,201600008169,1.0,1,3,2,11.0,0.0,0.0,0.0,1964.0,A01,1.0,7,0,0.0,2.0,1.0,1.0,1,18,2100,3,1,1,4,1,4,14,2,3
18300,201600008170,1.0,1,3,2,11.0,0.0,0.0,0.0,1996.0,A01,1.0,7,0,0.0,2.0,6.0,15.0,4,4,1445,1,1,1,1,3,3,7,2,2
18301,201600008170,2.0,2,3,2,11.0,0.0,0.0,0.0,1998.0,A01,1.0,7,0,0.0,2.0,6.0,15.0,4,4,1445,1,1,1,1,3,3,7,2,2
18302,201600008170,1.0,1,1,1,11.0,0.0,0.0,0.0,1966.0,B02,1.0,7,0,0.0,2.0,1.0,17.0,4,4,1445,1,1,1,1,3,3,7,2,2
18303,201600008171,0.0,3,3,1,0.0,4.0,3.0,1.0,1960.0,A01,2.0,7,0,0.0,1.0,1.0,1.0,4,4,1345,1,2,1,1,6,2,7,2,2
18304,201600008171,1.0,1,1,1,11.0,0.0,0.0,0.0,1957.0,A01,2.0,7,0,0.0,1.0,1.0,1.0,4,4,1345,1,2,1,1,6,2,7,2,2
18305,201600008172,1.0,1,3,2,21.0,0.0,0.0,0.0,1999.0,A01,2.0,2,0,0.0,2.0,7.0,1.0,4,16,1430,1,1,4,1,3,3,7,1,2
18306,201600008172,1.0,1,4,2,11.0,0.0,0.0,0.0,1973.0,B02,1.0,7,0,0.0,2.0,1.0,9.0,4,16,1430,1,1,4,1,3,3,2,2,1
18307,201600008173,1.0,1,3,1,11.0,0.0,0.0,0.0,1978.0,A01,1.0,7,0,2.0,0.0,2.0,1.0,4,29,45,3,1,1,1,6,0,7,2,2
18308,201600008173,2.0,2,2,1,12.0,0.0,0.0,0.0,1992.0,A01,1.0,7,0,2.0,0.0,2.0,1.0,4,29,45,3,1,1,1,6,0,7,2,2
18309,201600008174,1.0,1,3,2,11.0,0.0,0.0,0.0,1934.0,B02,2.0,7,0,0.0,2.0,1.0,2.0,7,11,1200,1,2,1,1,2,2,7,2,2
18310,201600008174,1.0,1,1,2,11.0,0.0,0.0,0.0,1939.0,A01,2.0,7,0,0.0,0.0,4.0,2.0,7,11,1200,1,2,1,1,2,2,7,2,2
18311,201600008175,1.0,1,3,2,11.0,0.0,0.0,0.0,1960.0,A01,2.0,7,0,2.0,0.0,1.0,1.0,10,11,1015,1,1,1,1,7,1,7,2,2
18312,201600008176,1.0,1,3,2,11.0,0.0,0.0,0.0,1985.0,A01,2.0,7,0,2.0,0.0,1.0,0.0,11,10,745,2,1,1,1,6,1,7,2,2
18313,201600008177,1.0,1,1,2,11.0,0.0,0.0,0.0,1993.0,A01,2.0,7,0,2.0,0.0,7.0,14.0,12,30,2130,1,1,1,1,6,4,7,2,2
18314,201600008177,2.0,2,3,1,12.0,0.0,0.0,0.0,1990.0,A01,2.0,7,0,2.0,0.0,7.0,14.0,12,30,2130,1,1,1,1,6,4,7,2,2
18315,201600008178,1.0,1,3,2,11.0,0.0,0.0,0.0,1983.0,B02,2.0,7,0,0.0,2.0,2.0,1.0,1,9,1130,1,1,4,2,1,1,7,2,2
18316,201600008178,1.0,1,3,1,11.0,0.0,0.0,0.0,1953.0,A01,1.0,7,0,0.0,0.0,3.0,1.0,1,9,1130,1,1,4,2,1,1,7,2,2
18317,201600008179,1.0,1,1,2,11.0,0.0,0.0,0.0,1971.0,A01,2.0,7,0,0.0,1.0,1.0,21.0,2,3,1300,1,1,1,6,6,2,7,2,2
18318,201600008179,0.0,3,3,1,0.0,1.0,2.0,1.0,1999.0,A01,2.0,7,0,0.0,1.0,1.0,21.0,2,3,1300,1,1,1,6,6,2,7,2,2