,Num_Acc,place,catu,grav,sexe,secu,locp,actp,etatp,an_nais,num_veh,senc,catv,occutc,obs,obsm,choc,manv,mois,jour,hrmn,lum,agg,int,atm,col,mom,catvopp,catv_gen,catvopp_gen
18319,201600008180,1.0,1,3,1,21.0,0.0,0.0,0.0,1981.0,A01,2.0,33,0,0.0,0.0,3.0,1.0,4,27,1130,1,1,1,1,6,1,33,1,1
18320,201600008181,1.0,1,3,1,21.0,0.0,0.0,0.0,2001.0,A01,0.0,30,0,0.0,0.0,2.0,0.0,5,28,1330,1,1,1,1,7,2,30,1,1
18321,201600008182,0.0,3,3,1,0.0,1.0,5.0,1.0,2012.0,A01,0.0,7,0,0.0,1.0,3.0,1.0,7,23,1015,1,2,1,1,6,1,7,2,2
18322,201600008182,1.0,1,1,2,13.0,0.0,0.0,0.0,1980.0,A01,0.0,7,0,0.0,1.0,3.0,1.0,7,23,1015,1,2,1,1,6,1,7,2,2
18323,201600008183,1.0,1,3,1,21.0,0.0,0.0,0.0,1956.0,A01,2.0,33,0,13.0,0.0,1.0,1.0,7,24,1215,1,1,1,1,7,2,33,1,1
18324,201600008184,1.0,1,3,1,23.0,0.0,0.0,0.0,1970.0,A01,0.0,36,0,14.0,0.0,3.0,1.0,9,4,730,1,1,1,1,6,1,36,1,1
18325,201600008185,1.0,1,3,1,21.0,0.0,0.0,0.0,1985.0,A01,2.0,33,0,13.0,0.0,7.0,2.0,9,11,845,1,1,1,1,6,1,33,1,1
18326,201600008186,1.0,1,3,1,23.0,0.0,0.0,0.0,2002.0,A01,1.0,2,0,0.0,0.0,1.0,14.0,11,27,1630,2,1,1,5,7,3,2,1,1
18327,201600008187,1.0,1,1,1,13.0,0.0,0.0,0.0,1987.0,A01,1.0,7,0,0.0,1.0,3.0,1.0,12,15,1745,2,2,1,1,6,3,7,2,2
18328,201600008187,0.0,3,3,2,0.0,1.0,3.0,1.0,2002.0,A01,1.0,7,0,0.0,1.0,3.0,1.0,12,15,1745,2,2,1,1,6,3,7,2,2
18329,201600008188,1.0,1,2,1,12.0,0.0,0.0,0.0,1979.0,A01,2.0,7,0,13.0,0.0,1.0,1.0,12,22,530,3,1,1,9,7,0,7,2,2
18330,201600008189,1.0,1,4,1,21.0,0.0,0.0,0.0,1965.0,B02,1.0,1,0,0.0,2.0,0.0,13.0,8,25,1330,1,2,1,1,3,2,7,1,2
18331,201600008189,1.0,1,1,1,11.0,0.0,0.0,0.0,1989.0,A01,2.0,7,0,0.0,2.0,5.0,1.0,8,25,1330,1,2,1,1,3,2,1,2,1
18332,201600008190,2.0,2,1,1,13.0,0.0,0.0,0.0,1960.0,A01,1.0,10,0,0.0,0.0,0.0,0.0,11,9,1100,1,1,1,4,7,1,10,2,2
18333,201600008190,3.0,2,1,1,13.0,0.0,0.0,0.0,1994.0,A01,1.0,10,0,0.0,0.0,0.0,0.0,11,9,1100,1,1,1,4,7,1,10,2,2
18334,201600008190,1.0,1,3,1,13.0,0.0,0.0,0.0,1962.0,A01,1.0,10,0,0.0,0.0,0.0,0.0,11,9,1100,1,1,1,4,7,1,10,2,2
18335,201600008191,1.0,1,4,1,11.0,0.0,0.0,0.0,1977.0,A01,2.0,7,0,2.0,0.0,7.0,1.0,1,25,745,1,1,1,1,6,1,7,2,2
18336,201600008192,4.0,2,4,1,13.0,0.0,0.0,0.0,1969.0,B02,1.0,10,0,4.0,0.0,3.0,1.0,2,25,900,1,1,1,1,1,1,7,2,2
18337,201600008192,3.0,2,1,1,13.0,0.0,0.0,0.0,1976.0,B02,1.0,10,0,4.0,0.0,3.0,1.0,2,25,900,1,1,1,1,1,1,7,2,2
18338,201600008192,2.0,2,1,1,11.0,0.0,0.0,0.0,1966.0,B02,1.0,10,0,4.0,0.0,3.0,1.0,2,25,900,1,1,1,1,1,1,7,2,2
18339,201600008192,1.0,1,3,1,11.0,0.0,0.0,0.0,1979.0,B02,1.0,10,0,4.0,0.0,3.0,1.0,2,25,900,1,1,1,1,1,1,7,2,2
18340,201600008192,1.0,1,1,2,11.0,0.0,0.0,0.0,1996.0,A01,2.0,7,0,4.0,2.0,3.0,13.0,2,25,900,1,1,1,1,1,1,10,2,2
18341,201600008192,2.0,2,4,2,11.0,0.0,0.0,0.0,1999.0,A01,2.0,7,0,4.0,2.0,3.0,13.0,2,25,900,1,1,1,1,1,1,10,2,2
18342,201600008193,1.0,1,1,1,11.0,0.0,0.0,0.0,1994.0,B02,1.0,7,0,0.0,0.0,5.0,23.0,6,4,1115,1,2,1,1,2,1,2,2,1
18343,201600008193,1.0,1,3,2,21.0,0.0,0.0,0.0,1973.0,A01,1.0,2,0,0.0,2.0,1.0,1.0,6,4,1115,1,2,1,1,2,1,7,1,2
18344,201600008194,1.0,1,1,2,11.0,0.0,0.0,0.0,1988.0,A01,2.0,7,0,0.0,2.0,2.0,17.0,7,13,1815,1,1,1,7,5,4,33,2,1
18345,201600008194,1.0,1,3,1,21.0,0.0,0.0,0.0,1990.0,C03,1.0,33,0,0.0,2.0,1.0,1.0,7,13,1815,1,1,1,7,5,4,7,1,2
18346,201600008194,1.0,1,4,1,11.0,0.0,0.0,0.0,1948.0,B02,2.0,7,0,0.0,0.0,1.0,1.0,7,13,1815,1,1,1,7,5,4,33,2,1
18347,201600008195,1.0,1,2,1,13.0,0.0,0.0,0.0,1989.0,A01,1.0,7,0,13.0,0.0,9.0,1.0,7,24,300,3,1,1,1,7,0,7,2,2
18348,201600008196,1.0,1,2,2,21.0,0.0,0.0,0.0,1965.0,A01,2.0,1,0,0.0,2.0,4.0,1.0,10,30,1610,1,1,1,1,5,3,7,1,2
18349,201600008196,1.0,1,1,1,11.0,0.0,0.0,0.0,1941.0,B02,2.0,7,0,0.0,2.0,7.0,2.0,10,30,1610,1,1,1,1,5,3,1,2,1
18350,201600008196,1.0,1,1,1,11.0,0.0,0.0,0.0,1996.0,C03,2.0,7,0,0.0,2.0,2.0,2.0,10,30,1610,1,1,1,1,5,3,1,2,1
18351,201600008197,1.0,1,3,1,21.0,0.0,0.0,0.0,1999.0,B02,2.0,30,0,0.0,2.0,1.0,2.0,12,1,1700,2,1,1,7,2,3,13,1,3
18352,201600008197,1.0,1,1,1,11.0,0.0,0.0,0.0,1965.0,A01,2.0,13,0,0.0,2.0,4.0,23.0,12,1,1700,2,1,1,7,2,3,30,3,1
18353,201600008198,1.0,1,3,1,11.0,0.0,0.0,0.0,1928.0,A01,2.0,7,0,0.0,2.0,1.0,15.0,12,30,1000,1,1,3,1,1,1,7,2,2
18354,201600008198,1.0,1,4,1,11.0,0.0,0.0,0.0,1948.0,B02,1.0,7,0,8.0,2.0,1.0,1.0,12,30,1000,1,1,3,1,1,1,7,2,2
18355,201600008198,2.0,2,1,2,11.0,0.0,0.0,0.0,1950.0,B02,1.0,7,0,8.0,2.0,1.0,1.0,12,30,1000,1,1,3,1,1,1,7,2,2
18356,201600008199,1.0,1,3,1,21.0,0.0,0.0,0.0,1958.0,A01,1.0,33,0,2.0,0.0,1.0,14.0,7,27,1315,1,1,1,1,7,2,33,1,1
18357,201600008199,2.0,2,3,2,21.0,0.0,0.0,0.0,1958.0,A01,1.0,33,0,2.0,0.0,1.0,14.0,7,27,1315,1,1,1,1,7,2,33,1,1
18358,201600008200,1.0,1,3,1,21.0,0.0,0.0,0.0,1954.0,A01,1.0,33,0,16.0,0.0,7.0,14.0,9,3,1145,1,1,1,1,7,1,33,1,1
18359,201600008201,1.0,1,3,2,11.0,0.0,0.0,0.0,1995.0,A01,1.0,7,0,2.0,0.0,1.0,13.0,1,1,1200,1,1,1,1,6,2,7,2,2
18360,201600008202,1.0,1,1,2,11.0,0.0,0.0,0.0,1951.0,A01,1.0,7,0,0.0,0.0,7.0,19.0,1,26,1130,1,1,3,1,3,1,7,2,2
18361,201600008202,2.0,2,2,2,12.0,0.0,0.0,0.0,1948.0,A01,1.0,7,0,0.0,0.0,7.0,19.0,1,26,1130,1,1,3,1,3,1,7,2,2
18362,201600008202,1.0,1,1,2,11.0,0.0,0.0,0.0,1982.0,B02,2.0,7,0,0.0,2.0,1.0,1.0,1,26,1130,1,1,3,1,3,1,7,2,2
18363,201600008203,1.0,1,4,2,21.0,0.0,0.0,0.0,1962.0,C03,1.0,33,0,0.0,2.0,1.0,1.0,8,8,1745,1,1,1,1,5,3,33,1,1
18364,201600008203,2.0,2,4,2,21.0,0.0,0.0,0.0,1966.0,B02,1.0,33,0,0.0,2.0,1.0,1.0,8,8,1745,1,1,1,1,5,3,33,1,1
18365,201600008203,1.0,1,4,1,21.0,0.0,0.0,0.0,1964.0,B02,1.0,33,0,0.0,2.0,1.0,1.0,8,8,1745,1,1,1,1,5,3,33,1,1
18366,201600008203,1.0,1,4,1,21.0,0.0,0.0,0.0,1964.0,D04,1.0,33,0,0.0,2.0,3.0,1.0,8,8,1745,1,1,1,1,5,3,33,1,1
18367,201600008203,2.0,2,4,2,21.0,0.0,0.0,0.0,1964.0,D04,1.0,33,0,0.0,2.0,3.0,1.0,8,8,1745,1,1,1,1,5,3,33,1,1
18368,201600008203,2.0,2,3,2,21.0,0.0,0.0,0.0,1951.0,A01,2.0,33,0,0.0,2.0,7.0,15.0,8,8,1745,1,1,1,1,5,3,33,1,1
18369,201600008203,1.0,1,3,1,21.0,0.0,0.0,0.0,1947.0,A01,2.0,33,0,0.0,2.0,7.0,15.0,8,8,1745,1,1,1,1,5,3,33,1,1
18370,201600008204,1.0,1,3,2,11.0,0.0,0.0,0.0,1980.0,A01,2.0,7,0,16.0,0.0,1.0,1.0,7,11,700,1,1,1,1,7,1,7,2,2
18371,201600008205,1.0,1,1,2,11.0,0.0,0.0,0.0,1948.0,A01,1.0,7,0,0.0,1.0,2.0,1.0,9,13,830,1,1,1,1,6,1,7,2,2
18372,201600008205,0.0,3,3,2,0.0,4.0,3.0,1.0,1953.0,A01,1.0,7,0,0.0,1.0,2.0,1.0,9,13,830,1,1,1,1,6,1,7,2,2
18373,201600008206,1.0,1,3,1,21.0,0.0,0.0,0.0,1951.0,A01,2.0,33,0,13.0,0.0,1.0,1.0,10,3,1545,1,1,1,1,6,3,33,1,1
18374,201600008206,2.0,2,3,2,21.0,0.0,0.0,0.0,1952.0,A01,2.0,33,0,13.0,0.0,1.0,1.0,10,3,1545,1,1,1,1,6,3,33,1,1
18375,201600008207,1.0,1,3,1,11.0,0.0,0.0,0.0,1934.0,A01,2.0,7,0,12.0,2.0,1.0,1.0,10,24,1630,1,2,1,1,5,3,7,2,2
18376,201600008207,2.0,2,3,2,11.0,0.0,0.0,0.0,1935.0,A01,2.0,7,0,12.0,2.0,1.0,1.0,10,24,1630,1,2,1,1,5,3,7,2,2
18377,201600008207,1.0,1,3,2,11.0,0.0,0.0,0.0,1969.0,B02,1.0,7,0,0.0,2.0,3.0,1.0,10,24,1630,1,2,1,1,5,3,7,2,2
18378,201600008207,1.0,1,1,1,11.0,0.0,0.0,0.0,1983.0,C03,1.0,7,0,0.0,2.0,8.0,1.0,10,24,1630,1,2,1,1,5,3,7,2,2
18379,201600008207,1.0,1,1,1,11.0,0.0,0.0,0.0,1981.0,D04,1.0,7,0,0.0,2.0,1.0,1.0,10,24,1630,1,2,1,1,5,3,7,2,2
18380,201600008207,2.0,2,3,2,11.0,0.0,0.0,0.0,1981.0,D04,1.0,7,0,0.0,2.0,1.0,1.0,10,24,1630,1,2,1,1,5,3,7,2,2
18381,201600008207,3.0,2,1,2,11.0,0.0,0.0,0.0,2009.0,D04,1.0,7,0,0.0,2.0,1.0,1.0,10,24,1630,1,2,1,1,5,3,7,2,2
18382,201600008207,4.0,2,1,1,11.0,0.0,0.0,0.0,2007.0,D04,1.0,7,0,0.0,2.0,1.0,1.0,10,24,1630,1,2,1,1,5,3,7,2,2
18383,201600008208,1.0,1,3,2,11.0,0.0,0.0,0.0,1988.0,A01,2.0,7,0,13.0,0.0,9.0,1.0,12,11,1330,1,1,1,1,7,2,7,2,2
18384,201600008209,1.0,1,3,1,21.0,0.0,0.0,0.0,1954.0,B02,2.0,1,0,0.0,2.0,3.0,1.0,7,30,1730,1,1,1,1,1,3,7,1,2
18385,201600008209,1.0,1,1,2,11.0,0.0,0.0,0.0,1955.0,A01,1.0,7,0,0.0,2.0,3.0,17.0,7,30,1730,1,1,1,1,1,3,1,2,1
18386,201600008210,1.0,1,4,1,11.0,0.0,0.0,0.0,1950.0,B02,1.0,7,0,0.0,0.0,0.0,24.0,8,8,1600,1,2,1,1,2,3,33,2,1
18387,201600008210,1.0,1,4,1,21.0,0.0,0.0,0.0,1964.0,A01,1.0,33,0,1.0,0.0,1.0,1.0,8,8,1600,1,2,1,1,2,3,7,1,2
18388,201600008211,1.0,1,2,1,21.0,0.0,0.0,0.0,1961.0,A01,1.0,33,0,3.0,0.0,9.0,14.0,9,13,1430,1,1,1,1,6,3,33,1,1
18389,201600008212,1.0,1,4,2,11.0,0.0,0.0,0.0,1984.0,B02,1.0,7,0,0.0,2.0,3.0,1.0,2,6,2000,5,1,1,1,3,4,7,2,2
18390,201600008212,1.0,1,1,2,11.0,0.0,0.0,0.0,1975.0,A01,1.0,7,0,0.0,2.0,2.0,19.0,2,6,2000,5,1,1,1,3,4,7,2,2
18391,201600008213,1.0,1,4,1,11.0,0.0,0.0,0.0,1970.0,B02,1.0,7,0,0.0,0.0,4.0,17.0,3,6,1745,2,1,1,1,2,3,7,2,2
18392,201600008213,1.0,1,4,1,11.0,0.0,0.0,0.0,1968.0,A01,1.0,7,0,0.0,2.0,1.0,17.0,3,6,1745,2,1,1,1,2,3,7,2,2
18393,201600008213,2.0,2,4,2,11.0,0.0,0.0,0.0,2002.0,A01,1.0,7,0,0.0,2.0,1.0,17.0,3,6,1745,2,1,1,1,2,3,7,2,2
18394,201600008214,1.0,1,3,2,13.0,0.0,0.0,0.0,1997.0,A01,2.0,7,0,9.0,0.0,2.0,14.0,7,1,115,4,1,1,1,6,0,7,2,2
18395,201600008214,2.0,2,4,2,12.0,0.0,0.0,0.0,1999.0,A01,2.0,7,0,9.0,0.0,2.0,14.0,7,1,115,4,1,1,1,6,0,7,2,2
18396,201600008214,3.0,2,4,1,12.0,0.0,0.0,0.0,1998.0,A01,2.0,7,0,9.0,0.0,2.0,14.0,7,1,115,4,1,1,1,6,0,7,2,2
18397,201600008214,5.0,2,3,2,13.0,0.0,0.0,0.0,1998.0,A01,2.0,7,0,9.0,0.0,2.0,14.0,7,1,115,4,1,1,1,6,0,7,2,2
18398,201600008215,1.0,1,1,1,11.0,0.0,0.0,0.0,1966.0,A01,1.0,14,0,0.0,0.0,3.0,0.0,8,9,915,1,1,1,1,3,1,1,3,1
18399,201600008215,1.0,1,3,1,21.0,0.0,0.0,0.0,1972.0,B02,2.0,1,0,0.0,2.0,2.0,13.0,8,9,915,1,1,1,1,3,1,14,1,3
18400,201600008216,0.0,3,4,2,0.0,2.0,3.0,1.0,2001.0,A01,0.0,7,0,0.0,1.0,0.0,0.0,10,18,745,1,2,6,1,6,1,7,2,2
18401,201600008217,1.0,1,4,2,11.0,0.0,0.0,0.0,1987.0,A01,1.0,10,0,0.0,2.0,5.0,0.0,12,10,2130,5,2,3,1,1,4,10,2,2
18402,201600008217,1.0,1,1,1,11.0,0.0,0.0,0.0,1984.0,B02,1.0,10,0,0.0,2.0,3.0,0.0,12,10,2130,5,2,3,1,1,4,10,2,2
18403,201600008218,1.0,1,4,1,11.0,0.0,0.0,0.0,1978.0,A01,0.0,7,0,13.0,0.0,8.0,1.0,6,25,1045,1,1,1,1,7,1,7,2,2
18404,201600008219,1.0,1,1,1,11.0,0.0,0.0,0.0,1994.0,A01,2.0,7,0,6.0,1.0,1.0,15.0,9,1,1215,1,2,1,1,6,2,7,2,2
18405,201600008219,0.0,3,3,2,0.0,8.0,1.0,2.0,1954.0,A01,2.0,7,0,6.0,1.0,1.0,15.0,9,1,1215,1,2,1,1,6,2,7,2,2
18406,201600008220,1.0,1,3,1,21.0,0.0,0.0,0.0,1983.0,C03,2.0,33,0,0.0,0.0,1.0,1.0,7,30,1800,1,1,1,1,5,4,7,1,2
18407,201600008220,1.0,1,1,2,11.0,0.0,0.0,0.0,1940.0,A01,1.0,7,0,0.0,0.0,3.0,13.0,7,30,1800,1,1,1,1,5,4,33,2,1
18408,201600008220,1.0,1,1,2,11.0,0.0,0.0,0.0,1971.0,B02,2.0,7,0,0.0,0.0,3.0,1.0,7,30,1800,1,1,1,1,5,4,33,2,1
18409,201600008221,1.0,1,4,1,11.0,0.0,0.0,0.0,1977.0,A01,1.0,7,0,0.0,2.0,1.0,2.0,11,19,930,1,1,2,1,1,1,7,2,2
18410,201600008221,2.0,2,3,1,11.0,0.0,0.0,0.0,2000.0,A01,1.0,7,0,0.0,2.0,1.0,2.0,11,19,930,1,1,2,1,1,1,7,2,2
18411,201600008221,1.0,1,3,1,11.0,0.0,0.0,0.0,1976.0,B02,2.0,7,0,0.0,2.0,8.0,19.0,11,19,930,1,1,2,1,1,1,7,2,2
18412,201600008221,2.0,2,4,2,11.0,0.0,0.0,0.0,1948.0,B02,2.0,7,0,0.0,2.0,8.0,19.0,11,19,930,1,1,2,1,1,1,7,2,2
18413,201600008222,1.0,1,2,1,13.0,0.0,0.0,0.0,1983.0,A01,2.0,7,0,0.0,2.0,9.0,13.0,12,16,1930,3,1,1,1,5,4,7,2,2
18414,201600008222,1.0,1,1,2,11.0,0.0,0.0,0.0,1956.0,B02,1.0,7,0,0.0,2.0,3.0,1.0,12,16,1930,3,1,1,1,5,4,7,2,2
18415,201600008222,1.0,1,1,1,11.0,0.0,0.0,0.0,1966.0,C03,1.0,7,0,0.0,2.0,6.0,1.0,12,16,1930,3,1,1,1,5,4,7,2,2
18416,201600008222,2.0,2,1,2,11.0,0.0,0.0,0.0,1960.0,C03,1.0,7,0,0.0,2.0,6.0,1.0,12,16,1930,3,1,1,1,5,4,7,2,2
18417,201600008222,1.0,1,1,1,11.0,0.0,0.0,0.0,1969.0,D04,1.0,7,0,0.0,2.0,1.0,1.0,12,16,1930,3,1,1,1,5,4,7,2,2
18418,201600008222,2.0,2,1,2,11.0,0.0,0.0,0.0,1966.0,D04,1.0,7,0,0.0,2.0,1.0,1.0,12,16,1930,3,1,1,1,5,4,7,2,2
18419,201600008223,1.0,1,1,1,93.0,0.0,0.0,0.0,1964.0,B01,1.0,39,50,0.0,2.0,1.0,1.0,3,27,1245,1,1,8,1,3,2,1,3,1
18420,201600008223,1.0,1,2,1,21.0,0.0,0.0,0.0,1966.0,A02,1.0,1,0,0.0,4.0,9.0,19.0,3,27,1245,1,1,8,1,3,2,39,1,3
18421,201600008224,1.0,1,1,1,11.0,0.0,0.0,0.0,1956.0,A01,2.0,14,0,0.0,2.0,1.0,5.0,5,11,845,1,2,6,2,1,1,7,3,2
18422,201600008224,1.0,1,4,2,11.0,0.0,0.0,0.0,1974.0,B02,1.0,7,0,0.0,0.0,1.0,1.0,5,11,845,1,2,6,2,1,1,14,2,3
18423,201600008225,1.0,1,2,1,11.0,0.0,0.0,0.0,1997.0,A01,2.0,7,0,0.0,0.0,0.0,1.0,6,5,1545,1,1,1,8,7,3,7,2,2
18424,201600008226,1.0,1,3,1,21.0,0.0,0.0,0.0,1975.0,A01,1.0,33,0,0.0,0.0,4.0,2.0,6,10,1200,1,1,1,1,5,2,33,1,1
18425,201600008226,1.0,1,4,1,21.0,0.0,0.0,0.0,1974.0,B02,1.0,33,0,0.0,2.0,1.0,21.0,6,10,1200,1,1,1,1,5,2,33,1,1
18426,201600008226,1.0,1,1,1,21.0,0.0,0.0,0.0,1965.0,C03,1.0,33,0,0.0,0.0,1.0,21.0,6,10,1200,1,1,1,1,5,2,33,1,1
18427,201600008227,1.0,1,3,1,21.0,0.0,0.0,0.0,1952.0,A01,1.0,33,0,3.0,0.0,8.0,1.0,7,9,1345,1,1,1,1,6,2,33,1,1
18428,201600008228,1.0,1,1,2,11.0,0.0,0.0,0.0,1991.0,A01,2.0,10,0,0.0,2.0,3.0,1.0,12,29,830,1,1,1,1,3,1,7,2,2
18429,201600008228,1.0,1,3,1,11.0,0.0,0.0,0.0,1984.0,B02,1.0,7,0,0.0,2.0,8.0,1.0,12,29,830,1,1,1,1,3,1,10,2,2
18430,201600008228,4.0,2,2,1,11.0,0.0,0.0,0.0,2014.0,B02,1.0,7,0,0.0,2.0,8.0,1.0,12,29,830,1,1,1,1,3,1,10,2,2
18431,201600008229,1.0,1,3,1,21.0,0.0,0.0,0.0,1980.0,A01,1.0,33,0,6.0,0.0,8.0,0.0,5,27,2030,5,1,1,1,7,4,33,1,1
18432,201600008230,1.0,1,2,1,21.0,0.0,0.0,0.0,1968.0,A01,2.0,31,0,0.0,2.0,1.0,13.0,7,3,1930,1,1,1,1,1,4,7,1,2
18433,201600008230,1.0,1,1,2,11.0,0.0,0.0,0.0,1971.0,B02,1.0,7,0,0.0,2.0,1.0,1.0,7,3,1930,1,1,1,1,1,4,31,2,1
18434,201600008231,3.0,2,4,2,11.0,0.0,0.0,0.0,1997.0,B02,0.0,7,0,0.0,2.0,0.0,1.0,7,22,2330,4,1,1,1,1,5,7,2,2
18435,201600008231,2.0,2,4,2,11.0,0.0,0.0,0.0,1993.0,B02,0.0,7,0,0.0,2.0,0.0,1.0,7,22,2330,4,1,1,1,1,5,7,2,2
18436,201600008231,1.0,1,1,1,11.0,0.0,0.0,0.0,1993.0,B02,0.0,7,0,0.0,2.0,0.0,1.0,7,22,2330,4,1,1,1,1,5,7,2,2
18437,201600008231,1.0,1,1,1,11.0,0.0,0.0,0.0,1989.0,A01,2.0,7,0,0.0,2.0,3.0,1.0,7,22,2330,4,1,1,1,1,5,7,2,2
18438,201600008232,1.0,1,4,1,21.0,0.0,0.0,0.0,1991.0,A01,0.0,31,0,0.0,2.0,7.0,21.0,11,8,710,1,1,1,1,3,1,10,1,2
18439,201600008232,1.0,1,1,1,11.0,0.0,0.0,0.0,1981.0,B02,0.0,10,0,0.0,2.0,8.0,15.0,11,8,710,1,1,1,1,3,1,31,2,1
18440,201600008233,1.0,1,1,2,13.0,0.0,0.0,0.0,1981.0,A01,2.0,7,0,0.0,2.0,8.0,13.0,11,25,1620,1,2,1,1,3,3,7,2,2
18441,201600008233,1.0,1,4,1,13.0,0.0,0.0,0.0,1938.0,B02,1.0,7,0,0.0,2.0,3.0,1.0,11,25,1620,1,2,1,1,3,3,7,2,2
18442,201600008234,1.0,1,3,1,11.0,0.0,0.0,0.0,1996.0,A01,2.0,7,0,0.0,0.0,9.0,1.0,8,7,1400,1,1,1,1,7,3,7,2,2
18443,201600008235,1.0,1,3,1,21.0,0.0,0.0,0.0,1995.0,A01,0.0,33,0,5.0,0.0,0.0,16.0,8,14,1515,1,2,1,1,7,3,33,1,1
18444,201600008236,1.0,1,3,1,21.0,0.0,0.0,0.0,1964.0,A01,2.0,33,0,0.0,2.0,1.0,1.0,10,3,845,1,2,1,1,1,1,7,1,2
18445,201600008236,1.0,1,1,1,11.0,0.0,0.0,0.0,1949.0,B02,1.0,7,0,0.0,2.0,1.0,15.0,10,3,845,1,2,1,1,1,1,33,2,1
18446,201600008237,1.0,1,3,1,22.0,0.0,0.0,0.0,1963.0,A01,2.0,33,0,0.0,2.0,1.0,1.0,11,28,1700,2,2,9,1,3,3,7,1,2
18447,201600008237,1.0,1,1,2,11.0,0.0,0.0,0.0,1951.0,B01,1.0,7,0,0.0,2.0,3.0,15.0,11,28,1700,2,2,9,1,3,3,33,2,1
18448,201600008238,1.0,1,3,1,21.0,0.0,0.0,0.0,1981.0,A01,0.0,1,0,3.0,0.0,3.0,13.0,4,6,1230,1,1,1,1,6,2,1,1,1
18449,201600008239,1.0,1,1,1,11.0,0.0,0.0,0.0,1954.0,B02,2.0,10,0,0.0,2.0,3.0,1.0,4,14,930,1,2,1,1,1,1,31,2,1
18450,201600008239,2.0,2,1,2,11.0,0.0,0.0,0.0,2010.0,B02,2.0,10,0,0.0,2.0,3.0,1.0,4,14,930,1,2,1,1,1,1,31,2,1
18451,201600008239,1.0,1,3,1,21.0,0.0,0.0,0.0,1999.0,A01,1.0,31,0,0.0,2.0,1.0,13.0,4,14,930,1,2,1,1,1,1,10,1,2
18452,201600008240,1.0,1,4,1,11.0,0.0,0.0,0.0,1973.0,A01,1.0,10,0,8.0,0.0,1.0,1.0,10,13,1550,1,2,1,2,6,3,10,2,2
18453,201600008241,1.0,1,3,1,11.0,0.0,0.0,0.0,1945.0,A01,1.0,7,0,0.0,2.0,3.0,15.0,10,11,740,1,2,3,1,1,1,7,2,2
18454,201600008241,1.0,1,1,1,11.0,0.0,0.0,0.0,1964.0,B02,2.0,7,0,0.0,2.0,1.0,1.0,10,11,740,1,2,3,1,1,1,7,2,2
18455,201600008241,2.0,2,1,2,11.0,0.0,0.0,0.0,1999.0,B02,2.0,7,0,0.0,2.0,1.0,1.0,10,11,740,1,2,3,1,1,1,7,2,2
18456,201600008242,1.0,1,2,1,21.0,0.0,0.0,0.0,1979.0,A01,0.0,33,0,0.0,2.0,1.0,17.0,12,8,1030,1,1,1,1,1,1,38,1,3
18457,201600008242,1.0,1,1,1,11.0,0.0,0.0,0.0,1971.0,B01,0.0,38,10,0.0,2.0,2.0,1.0,12,8,1030,1,1,1,1,1,1,33,3,1
18458,201600008243,1.0,1,4,1,11.0,0.0,0.0,0.0,1965.0,B02,1.0,7,0,0.0,2.0,1.0,1.0,3,7,1530,1,1,1,1,1,3,7,2,2
18459,201600008243,2.0,2,3,2,11.0,0.0,0.0,0.0,1970.0,B02,1.0,7,0,0.0,2.0,1.0,1.0,3,7,1530,1,1,1,1,1,3,7,2,2
18460,201600008243,1.0,1,3,1,11.0,0.0,0.0,0.0,1990.0,A01,2.0,7,0,0.0,2.0,1.0,13.0,3,7,1530,1,1,1,1,1,3,7,2,2
18461,201600008243,3.0,2,4,2,31.0,0.0,0.0,0.0,2013.0,A01,2.0,7,0,0.0,2.0,1.0,13.0,3,7,1530,1,1,1,1,1,3,7,2,2
18462,201600008244,4.0,2,3,2,12.0,0.0,0.0,0.0,1991.0,A01,1.0,7,0,0.0,0.0,7.0,1.0,3,19,2300,3,1,1,1,7,5,7,2,2
18463,201600008244,1.0,1,4,2,12.0,0.0,0.0,0.0,1991.0,A01,1.0,7,0,0.0,0.0,7.0,1.0,3,19,2300,3,1,1,1,7,5,7,2,2
18464,201600008244,2.0,2,3,1,12.0,0.0,0.0,0.0,1988.0,A01,1.0,7,0,0.0,0.0,7.0,1.0,3,19,2300,3,1,1,1,7,5,7,2,2
18465,201600008244,3.0,2,4,1,12.0,0.0,0.0,0.0,1966.0,A01,1.0,7,0,0.0,0.0,7.0,1.0,3,19,2300,3,1,1,1,7,5,7,2,2
18466,201600008245,1.0,1,3,1,13.0,0.0,0.0,0.0,1981.0,A01,0.0,14,0,4.0,0.0,3.0,0.0,9,15,1015,1,1,1,1,6,1,14,3,3
18467,201600008246,1.0,1,4,1,11.0,0.0,0.0,0.0,1970.0,B02,0.0,7,0,0.0,2.0,2.0,1.0,4,7,1745,1,2,1,1,1,3,7,2,2
18468,201600008246,1.0,1,2,1,11.0,0.0,0.0,0.0,1958.0,A01,2.0,7,0,0.0,2.0,2.0,13.0,4,7,1745,1,2,1,1,1,3,7,2,2
18469,201600008247,1.0,1,1,2,11.0,0.0,0.0,0.0,1957.0,E05,1.0,10,0,0.0,2.0,4.0,23.0,4,7,1830,1,1,1,1,4,4,33,2,1
18470,201600008247,1.0,1,1,1,11.0,0.0,0.0,0.0,1995.0,C03,1.0,10,0,0.0,2.0,4.0,23.0,4,7,1830,1,1,1,1,4,4,33,2,1