,Num_Acc,place,catu,grav,sexe,secu,locp,actp,etatp,an_nais,num_veh,senc,catv,occutc,obs,obsm,choc,manv,mois,jour,hrmn,lum,agg,int,atm,col,mom,catvopp,catv_gen,catvopp_gen
18471,201600008247,1.0,1,1,1,11.0,0.0,0.0,0.0,1981.0,B02,1.0,10,0,0.0,2.0,1.0,1.0,4,7,1830,1,1,1,1,4,4,33,2,1
18472,201600008247,1.0,1,3,1,21.0,0.0,0.0,0.0,1932.0,A01,1.0,33,0,3.0,2.0,1.0,21.0,4,7,1830,1,1,1,1,4,4,10,1,2
18473,201600008247,1.0,1,1,1,11.0,0.0,0.0,0.0,1967.0,D04,1.0,10,0,0.0,2.0,4.0,23.0,4,7,1830,1,1,1,1,4,4,33,2,1
18474,201600008248,1.0,1,3,1,21.0,0.0,0.0,0.0,1974.0,A01,1.0,33,0,10.0,0.0,1.0,1.0,6,20,745,1,1,1,1,6,1,33,1,1
18475,201600008249,1.0,1,1,1,11.0,0.0,0.0,0.0,1971.0,B02,0.0,10,0,1.0,0.0,6.0,24.0,7,22,1330,1,1,1,1,1,2,30,2,1
18476,201600008249,1.0,1,3,1,21.0,0.0,0.0,0.0,1999.0,A01,0.0,30,0,1.0,0.0,1.0,21.0,7,22,1330,1,1,1,1,1,2,10,1,2
18477,201600008250,1.0,1,3,1,21.0,0.0,0.0,0.0,1975.0,A01,1.0,1,0,0.0,2.0,1.0,1.0,2,14,1045,1,2,3,1,3,1,7,1,2
18478,201600008250,1.0,1,1,1,11.0,0.0,0.0,0.0,1986.0,B02,0.0,7,0,0.0,2.0,3.0,15.0,2,14,1045,1,2,3,1,3,1,1,2,1
18479,201600008251,2.0,2,1,1,13.0,0.0,0.0,0.0,1970.0,A01,2.0,7,0,0.0,2.0,3.0,17.0,6,18,330,5,2,1,1,1,0,2,2,1
18480,201600008251,1.0,1,3,1,21.0,0.0,0.0,0.0,1995.0,B02,1.0,2,0,0.0,2.0,1.0,2.0,6,18,330,5,2,1,1,1,0,7,1,2
18481,201600008252,1.0,1,3,1,21.0,0.0,0.0,0.0,1989.0,A01,2.0,33,0,12.0,0.0,3.0,0.0,8,14,320,5,2,1,1,6,0,33,1,1
18482,201600008253,1.0,1,3,1,21.0,0.0,0.0,0.0,1996.0,A01,2.0,1,0,12.0,0.0,2.0,1.0,12,4,910,1,2,1,1,7,1,1,1,1
18483,201600008254,1.0,1,3,1,21.0,0.0,0.0,0.0,1994.0,A01,0.0,2,0,12.0,0.0,1.0,0.0,12,18,2330,5,2,1,1,7,5,2,1,1
18484,201600008255,0.0,3,3,2,0.0,4.0,3.0,1.0,1961.0,A01,2.0,7,0,0.0,1.0,1.0,1.0,1,4,800,1,2,6,1,6,1,7,2,2
18485,201600008255,1.0,1,1,2,11.0,0.0,0.0,0.0,1991.0,A01,2.0,7,0,0.0,1.0,1.0,1.0,1,4,800,1,2,6,1,6,1,7,2,2
18486,201600008256,1.0,1,1,2,11.0,0.0,0.0,0.0,1984.0,A01,0.0,7,0,0.0,1.0,4.0,4.0,1,22,1630,1,2,1,1,6,3,7,2,2
18487,201600008256,0.0,3,3,2,0.0,4.0,3.0,1.0,1964.0,A01,0.0,7,0,0.0,1.0,4.0,4.0,1,22,1630,1,2,1,1,6,3,7,2,2
18488,201600008257,1.0,1,4,1,21.0,0.0,0.0,0.0,1967.0,A01,2.0,34,0,0.0,2.0,1.0,1.0,2,26,2015,5,2,1,1,6,4,34,1,1
18489,201600008258,1.0,1,2,2,21.0,0.0,0.0,0.0,1934.0,A01,0.0,30,0,8.0,0.0,1.0,1.0,2,29,2000,5,2,1,1,6,4,30,1,1
18490,201600008259,1.0,1,3,1,21.0,0.0,0.0,0.0,1998.0,A01,0.0,32,0,6.0,0.0,1.0,1.0,3,11,1845,5,2,1,1,6,4,32,1,1
18491,201600008260,1.0,1,3,2,21.0,0.0,0.0,0.0,1997.0,B02,0.0,30,0,0.0,2.0,3.0,18.0,3,27,1545,1,2,1,8,3,3,7,1,2
18492,201600008260,1.0,1,1,1,11.0,0.0,0.0,0.0,1953.0,A01,0.0,7,0,0.0,0.0,7.0,16.0,3,27,1545,1,2,1,8,3,3,30,2,1
18493,201600008261,1.0,1,3,1,11.0,0.0,0.0,0.0,1987.0,A01,2.0,7,0,5.0,0.0,2.0,1.0,4,1,115,5,2,1,1,6,0,7,2,2
18494,201600008262,1.0,1,3,1,21.0,0.0,0.0,0.0,1993.0,A01,2.0,33,0,13.0,0.0,1.0,1.0,4,16,1945,2,1,1,1,6,4,33,1,1
18495,201600008263,1.0,1,3,1,21.0,0.0,0.0,0.0,1993.0,A01,0.0,33,0,12.0,0.0,7.0,14.0,4,24,1800,1,1,1,1,6,4,33,1,1
18496,201600008263,2.0,2,1,2,21.0,0.0,0.0,0.0,1960.0,A01,0.0,33,0,12.0,0.0,7.0,14.0,4,24,1800,1,1,1,1,6,4,33,1,1
18497,201600008264,0.0,4,3,1,0.0,4.0,3.0,2.0,2006.0,A01,1.0,3,0,0.0,1.0,1.0,1.0,4,23,1600,1,2,1,1,6,3,3,0,0
18498,201600008264,1.0,1,1,1,11.0,0.0,0.0,0.0,1988.0,A01,1.0,3,0,0.0,1.0,1.0,1.0,4,23,1600,1,2,1,1,6,3,3,0,0
18499,201600008265,1.0,1,3,1,21.0,0.0,0.0,0.0,2000.0,A01,0.0,30,0,0.0,0.0,1.0,1.0,5,9,2145,5,2,1,2,6,4,30,1,1
18500,201600008266,0.0,3,4,2,0.0,4.0,3.0,1.0,1954.0,A01,0.0,7,0,0.0,1.0,1.0,15.0,5,25,1045,1,2,1,1,6,1,7,2,2
18501,201600008266,1.0,1,1,1,11.0,0.0,0.0,0.0,1978.0,A01,0.0,7,0,0.0,1.0,1.0,15.0,5,25,1045,1,2,1,1,6,1,7,2,2
18502,201600008267,1.0,1,4,1,21.0,0.0,0.0,0.0,1957.0,B02,1.0,33,0,0.0,2.0,3.0,1.0,6,17,1530,1,2,1,1,1,3,10,1,2
18503,201600008267,1.0,1,4,1,11.0,0.0,0.0,0.0,1980.0,A01,2.0,10,0,0.0,2.0,3.0,15.0,6,17,1530,1,2,1,1,1,3,33,2,1
18504,201600008268,1.0,1,3,1,21.0,0.0,0.0,0.0,1996.0,A01,0.0,33,0,0.0,2.0,1.0,1.0,7,17,1830,1,2,1,1,6,4,33,1,1
18505,201600008269,1.0,1,1,1,11.0,0.0,0.0,0.0,1973.0,A01,1.0,7,0,0.0,1.0,2.0,1.0,8,16,900,1,2,1,1,6,1,7,2,2
18506,201600008269,0.0,3,3,1,0.0,3.0,3.0,2.0,1975.0,A01,1.0,7,0,0.0,1.0,2.0,1.0,8,16,900,1,2,1,1,6,1,7,2,2
18507,201600008270,1.0,1,3,2,21.0,0.0,0.0,0.0,1965.0,A01,0.0,30,0,0.0,0.0,1.0,1.0,8,21,1130,1,2,1,1,1,1,7,1,2
18508,201600008270,1.0,1,4,1,11.0,0.0,0.0,0.0,1960.0,B02,0.0,7,0,0.0,0.0,3.0,10.0,8,21,1130,1,2,1,1,1,1,30,2,1
18509,201600008271,1.0,1,1,1,11.0,0.0,0.0,0.0,1929.0,A01,0.0,7,0,0.0,1.0,3.0,15.0,9,7,1715,1,2,1,1,6,3,7,2,2
18510,201600008271,0.0,3,4,2,0.0,4.0,3.0,1.0,2000.0,A01,0.0,7,0,0.0,1.0,3.0,15.0,9,7,1715,1,2,1,1,6,3,7,2,2
18511,201600008272,1.0,1,1,1,11.0,0.0,0.0,0.0,1981.0,A01,0.0,10,0,0.0,1.0,4.0,4.0,9,9,1130,1,1,9,1,6,1,10,2,2
18512,201600008272,0.0,3,3,2,0.0,4.0,3.0,1.0,1981.0,A01,0.0,10,0,0.0,1.0,4.0,4.0,9,9,1130,1,1,9,1,6,1,10,2,2
18513,201600008273,1.0,1,1,1,11.0,0.0,0.0,0.0,1955.0,A01,0.0,10,0,0.0,1.0,0.0,4.0,9,29,1145,1,2,1,1,6,1,10,2,2
18514,201600008273,0.0,3,3,1,0.0,0.0,0.0,1.0,1948.0,A01,0.0,10,0,0.0,1.0,0.0,4.0,9,29,1145,1,2,1,1,6,1,10,2,2
18515,201600008274,1.0,1,1,1,11.0,0.0,0.0,0.0,1940.0,A01,1.0,7,0,0.0,1.0,2.0,1.0,9,25,1500,1,2,1,1,6,3,7,2,2
18516,201600008274,0.0,3,3,1,0.0,5.0,0.0,2.0,1959.0,A01,1.0,7,0,0.0,1.0,2.0,1.0,9,25,1500,1,2,1,1,6,3,7,2,2
18517,201600008275,1.0,1,3,2,13.0,0.0,0.0,0.0,1971.0,A01,2.0,7,0,10.0,0.0,9.0,1.0,2,15,1430,1,1,1,1,6,3,7,2,2
18518,201600008276,1.0,1,3,1,21.0,0.0,0.0,0.0,1953.0,B02,2.0,33,0,0.0,2.0,7.0,1.0,9,9,1845,1,1,1,1,3,4,10,1,2
18519,201600008276,2.0,2,3,2,21.0,0.0,0.0,0.0,1951.0,B02,2.0,33,0,0.0,2.0,7.0,1.0,9,9,1845,1,1,1,1,3,4,10,1,2
18520,201600008276,1.0,1,1,1,11.0,0.0,0.0,0.0,1928.0,A01,1.0,10,0,0.0,0.0,7.0,15.0,9,9,1845,1,1,1,1,3,4,33,2,1
18521,201600008276,2.0,2,1,2,11.0,0.0,0.0,0.0,1933.0,A01,1.0,10,0,0.0,0.0,7.0,15.0,9,9,1845,1,1,1,1,3,4,33,2,1
18522,201600008277,1.0,1,1,1,11.0,0.0,0.0,0.0,1957.0,A01,0.0,10,0,0.0,1.0,5.0,1.0,11,7,1635,1,2,1,1,6,3,10,2,2
18523,201600008277,0.0,3,3,1,92.0,6.0,1.0,2.0,1972.0,A01,0.0,10,0,0.0,1.0,5.0,1.0,11,7,1635,1,2,1,1,6,3,10,2,2
18524,201600008278,1.0,1,3,1,21.0,0.0,0.0,0.0,1995.0,A01,2.0,33,0,0.0,0.0,1.0,0.0,1,15,1330,1,1,1,1,6,2,33,1,1
18525,201600008279,1.0,1,4,1,21.0,0.0,0.0,0.0,1978.0,A01,2.0,33,0,0.0,1.0,7.0,16.0,5,8,915,1,1,6,1,6,1,33,1,1
18526,201600008279,0.0,3,3,2,0.0,2.0,3.0,1.0,1940.0,A01,2.0,33,0,0.0,1.0,7.0,16.0,5,8,915,1,1,6,1,6,1,33,1,1
18527,201600008280,1.0,1,3,1,21.0,0.0,0.0,0.0,1995.0,A01,1.0,33,0,0.0,2.0,3.0,5.0,8,6,1715,1,1,1,1,1,3,7,1,2
18528,201600008280,1.0,1,4,2,11.0,0.0,0.0,0.0,1996.0,B02,2.0,7,0,0.0,2.0,3.0,2.0,8,6,1715,1,1,1,1,1,3,33,2,1
18529,201600008281,1.0,1,1,1,21.0,0.0,0.0,0.0,1998.0,A01,0.0,32,0,0.0,2.0,5.0,2.0,9,1,1830,1,2,1,1,2,4,7,1,2
18530,201600008281,2.0,2,3,2,21.0,0.0,0.0,0.0,1997.0,A01,0.0,32,0,0.0,2.0,5.0,2.0,9,1,1830,1,2,1,1,2,4,7,1,2
18531,201600008281,1.0,1,1,1,13.0,0.0,0.0,0.0,1941.0,B02,0.0,7,0,0.0,2.0,6.0,2.0,9,1,1830,1,2,1,1,2,4,32,2,1
18532,201600008282,1.0,1,3,1,21.0,0.0,0.0,0.0,1993.0,B02,1.0,33,0,0.0,2.0,3.0,1.0,9,14,800,1,2,1,1,3,1,7,1,2
18533,201600008282,1.0,1,1,1,11.0,0.0,0.0,0.0,1932.0,A01,2.0,7,0,0.0,2.0,3.0,15.0,9,14,800,1,2,1,1,3,1,33,2,1
18534,201600008283,1.0,1,3,1,21.0,0.0,0.0,0.0,1999.0,A01,2.0,30,0,0.0,2.0,2.0,19.0,9,30,1515,1,2,9,1,1,3,30,1,1
18535,201600008283,1.0,1,4,1,21.0,0.0,0.0,0.0,1996.0,B02,1.0,30,0,0.0,2.0,3.0,1.0,9,30,1515,1,2,9,1,1,3,30,1,1
18536,201600008284,1.0,1,1,1,11.0,0.0,0.0,0.0,1950.0,B02,0.0,7,0,0.0,2.0,8.0,1.0,10,6,1820,1,1,1,1,3,4,33,2,1
18537,201600008284,2.0,2,4,2,11.0,0.0,0.0,0.0,1966.0,B02,0.0,7,0,0.0,2.0,8.0,1.0,10,6,1820,1,1,1,1,3,4,33,2,1
18538,201600008284,1.0,1,1,1,21.0,0.0,0.0,0.0,1982.0,A01,0.0,33,0,0.0,2.0,8.0,11.0,10,6,1820,1,1,1,1,3,4,7,1,2
18539,201600008285,1.0,1,3,2,11.0,0.0,0.0,0.0,1952.0,A01,1.0,7,0,2.0,0.0,1.0,2.0,10,15,1515,1,2,1,1,6,3,7,2,2
18540,201600008286,1.0,1,4,2,21.0,0.0,0.0,0.0,1965.0,A01,0.0,2,0,0.0,0.0,1.0,1.0,10,26,630,3,1,1,8,6,1,2,1,1
18541,201600008287,1.0,1,3,1,21.0,0.0,0.0,0.0,1973.0,A01,0.0,2,0,0.0,0.0,2.0,0.0,11,29,1630,1,1,6,1,6,3,2,1,1
18542,201600008288,1.0,1,1,1,13.0,0.0,0.0,0.0,1996.0,A01,1.0,7,0,0.0,2.0,2.0,0.0,12,15,1620,2,2,1,1,1,3,7,2,2
18543,201600008288,1.0,1,1,1,11.0,0.0,0.0,0.0,1979.0,B01,2.0,7,0,0.0,2.0,1.0,1.0,12,15,1620,2,2,1,1,1,3,7,2,2
18544,201600008288,2.0,2,4,1,11.0,0.0,0.0,0.0,2007.0,B01,2.0,7,0,0.0,2.0,1.0,1.0,12,15,1620,2,2,1,1,1,3,7,2,2
18545,201600008289,1.0,1,4,1,11.0,0.0,0.0,0.0,1963.0,A01,1.0,7,0,8.0,0.0,3.0,2.0,12,19,1320,1,2,1,2,6,2,7,2,2
18546,201600008290,1.0,1,4,2,11.0,0.0,0.0,0.0,1996.0,B01,2.0,7,0,0.0,2.0,8.0,15.0,12,19,1500,1,2,4,2,5,3,7,2,2
18547,201600008290,1.0,1,1,1,11.0,0.0,0.0,0.0,1952.0,C01,2.0,7,0,0.0,2.0,3.0,15.0,12,19,1500,1,2,4,2,5,3,7,2,2
18548,201600008290,1.0,1,1,1,11.0,0.0,0.0,0.0,1993.0,A01,1.0,7,0,0.0,2.0,3.0,2.0,12,19,1500,1,2,4,2,5,3,7,2,2
18549,201600008291,1.0,1,4,1,11.0,0.0,0.0,0.0,1993.0,A01,2.0,7,0,0.0,0.0,4.0,1.0,6,19,2000,1,1,6,1,2,4,7,2,2
18550,201600008291,2.0,2,4,2,11.0,0.0,0.0,0.0,1993.0,A01,2.0,7,0,0.0,0.0,4.0,1.0,6,19,2000,1,1,6,1,2,4,7,2,2
18551,201600008291,1.0,1,1,1,11.0,0.0,0.0,0.0,1989.0,B02,2.0,7,0,7.0,2.0,1.0,1.0,6,19,2000,1,1,6,1,2,4,7,2,2
18552,201600008292,1.0,1,3,1,21.0,0.0,0.0,0.0,1964.0,A01,0.0,33,0,0.0,2.0,1.0,1.0,9,4,845,2,1,1,1,2,1,1,1,1
18553,201600008292,1.0,1,3,1,43.0,0.0,0.0,0.0,1958.0,B02,0.0,1,0,0.0,0.0,4.0,11.0,9,4,845,2,1,1,1,2,1,33,1,1
18554,201600008293,1.0,1,1,1,11.0,0.0,0.0,0.0,1981.0,A01,0.0,10,0,0.0,2.0,3.0,19.0,8,4,2045,1,1,1,1,5,4,33,2,1
18555,201600008293,1.0,1,3,1,21.0,0.0,0.0,0.0,1991.0,B02,0.0,33,0,0.0,2.0,1.0,1.0,8,4,2045,1,1,1,1,5,4,10,1,2
18556,201600008293,2.0,2,3,1,21.0,0.0,0.0,0.0,1994.0,B02,0.0,33,0,0.0,2.0,1.0,1.0,8,4,2045,1,1,1,1,5,4,10,1,2
18557,201600008293,1.0,1,3,1,21.0,0.0,0.0,0.0,1990.0,C03,0.0,30,0,0.0,2.0,7.0,1.0,8,4,2045,1,1,1,1,5,4,33,1,1
18558,201600008293,2.0,2,1,1,21.0,0.0,0.0,0.0,1987.0,C03,0.0,30,0,0.0,2.0,7.0,1.0,8,4,2045,1,1,1,1,5,4,33,1,1
18559,201600008294,1.0,1,3,1,21.0,0.0,0.0,0.0,1992.0,A01,1.0,33,0,3.0,0.0,1.0,13.0,4,16,1130,1,1,1,1,7,1,33,1,1
18560,201600008295,1.0,1,2,1,21.0,0.0,0.0,0.0,1962.0,A01,2.0,33,0,15.0,0.0,1.0,1.0,8,6,1430,1,1,1,1,6,3,33,1,1
18561,201600008296,2.0,2,4,2,11.0,0.0,0.0,0.0,1944.0,B02,0.0,7,0,0.0,2.0,3.0,1.0,1,15,2000,5,2,1,1,5,4,7,2,2
18562,201600008296,1.0,1,4,1,11.0,0.0,0.0,0.0,1939.0,B02,0.0,7,0,0.0,2.0,3.0,1.0,1,15,2000,5,2,1,1,5,4,7,2,2
18563,201600008296,2.0,2,1,1,11.0,0.0,0.0,0.0,1963.0,A01,0.0,7,0,0.0,2.0,2.0,17.0,1,15,2000,5,2,1,1,5,4,7,2,2
18564,201600008296,1.0,1,1,1,11.0,0.0,0.0,0.0,1989.0,A01,0.0,7,0,0.0,2.0,2.0,17.0,1,15,2000,5,2,1,1,5,4,7,2,2
18565,201600008296,3.0,2,1,2,11.0,0.0,0.0,0.0,2001.0,C03,0.0,7,0,0.0,2.0,8.0,1.0,1,15,2000,5,2,1,1,5,4,7,2,2
18566,201600008296,1.0,1,1,1,11.0,0.0,0.0,0.0,1967.0,C03,0.0,7,0,0.0,2.0,8.0,1.0,1,15,2000,5,2,1,1,5,4,7,2,2
18567,201600008297,1.0,1,3,1,21.0,0.0,0.0,0.0,1963.0,A01,1.0,1,0,1.0,0.0,2.0,2.0,1,22,715,1,2,1,1,1,1,10,1,2
18568,201600008297,1.0,1,1,1,11.0,0.0,0.0,0.0,1965.0,B02,1.0,10,0,0.0,0.0,6.0,23.0,1,22,715,1,2,1,1,1,1,1,2,1
18569,201600008298,1.0,1,3,1,21.0,0.0,0.0,0.0,1974.0,B02,1.0,30,0,0.0,2.0,8.0,1.0,1,28,1445,1,1,1,1,3,3,7,1,2
18570,201600008298,1.0,1,1,1,11.0,0.0,0.0,0.0,1967.0,A01,1.0,7,0,0.0,2.0,7.0,17.0,1,28,1445,1,1,1,1,3,3,30,2,1
18571,201600008299,1.0,1,3,1,21.0,0.0,0.0,0.0,1975.0,A01,2.0,33,0,0.0,2.0,1.0,1.0,2,17,815,1,2,1,8,5,1,7,1,2
18572,201600008299,1.0,1,1,1,11.0,0.0,0.0,0.0,1990.0,B02,1.0,7,0,0.0,2.0,3.0,1.0,2,17,815,1,2,1,8,5,1,33,2,1
18573,201600008299,1.0,1,1,1,11.0,0.0,0.0,0.0,1970.0,C03,2.0,7,0,0.0,0.0,6.0,1.0,2,17,815,1,2,1,8,5,1,33,2,1
18574,201600008300,1.0,1,1,1,11.0,0.0,0.0,0.0,1985.0,A01,1.0,7,0,0.0,2.0,8.0,10.0,2,20,1830,5,2,1,1,3,4,34,2,1
18575,201600008300,1.0,1,1,1,21.0,0.0,0.0,0.0,1960.0,B02,1.0,34,0,0.0,2.0,7.0,21.0,2,20,1830,5,2,1,1,3,4,7,1,2
18576,201600008300,2.0,2,4,2,21.0,0.0,0.0,0.0,1963.0,B02,1.0,34,0,0.0,2.0,7.0,21.0,2,20,1830,5,2,1,1,3,4,7,1,2
18577,201600008301,1.0,1,1,1,11.0,0.0,0.0,0.0,1993.0,A01,1.0,7,0,2.0,0.0,1.0,1.0,3,27,315,5,2,1,1,6,0,7,2,2
18578,201600008301,4.0,2,3,2,11.0,0.0,0.0,0.0,1995.0,A01,1.0,7,0,2.0,0.0,1.0,1.0,3,27,315,5,2,1,1,6,0,7,2,2
18579,201600008302,1.0,1,1,2,11.0,0.0,0.0,0.0,1974.0,A01,2.0,7,0,0.0,2.0,2.0,2.0,4,5,1730,1,1,1,1,2,3,34,2,1
18580,201600008302,1.0,1,4,1,21.0,0.0,0.0,0.0,1983.0,B02,2.0,34,0,0.0,2.0,4.0,23.0,4,5,1730,1,1,1,1,2,3,7,1,2
18581,201600008303,1.0,1,3,1,21.0,0.0,0.0,0.0,1993.0,A01,1.0,32,0,0.0,2.0,1.0,0.0,6,3,1600,1,2,1,1,3,3,7,1,2
18582,201600008303,2.0,2,3,1,21.0,0.0,0.0,0.0,1995.0,A01,1.0,32,0,0.0,2.0,1.0,0.0,6,3,1600,1,2,1,1,3,3,7,1,2
18583,201600008303,1.0,1,1,1,11.0,0.0,0.0,0.0,1961.0,B02,0.0,7,0,0.0,2.0,3.0,23.0,6,3,1600,1,2,1,1,3,3,32,2,1
18584,201600008304,1.0,1,4,1,21.0,0.0,0.0,0.0,1996.0,A01,2.0,34,0,6.0,0.0,2.0,1.0,6,24,1730,1,1,1,1,6,3,34,1,1
18585,201600008304,2.0,2,3,2,21.0,0.0,0.0,0.0,1995.0,A01,2.0,34,0,6.0,0.0,2.0,1.0,6,24,1730,1,1,1,1,6,3,34,1,1
18586,201600008305,1.0,1,4,1,21.0,0.0,0.0,0.0,1984.0,A01,0.0,34,0,0.0,2.0,1.0,2.0,6,29,1400,1,1,1,1,3,3,7,1,2
18587,201600008305,1.0,1,1,2,11.0,0.0,0.0,0.0,1948.0,B02,0.0,7,0,0.0,2.0,8.0,6.0,6,29,1400,1,1,1,1,3,3,34,2,1
18588,201600008306,1.0,1,2,1,21.0,0.0,0.0,0.0,1964.0,A01,1.0,32,0,0.0,2.0,3.0,5.0,8,20,945,1,2,1,1,1,1,7,1,2
18589,201600008306,1.0,1,4,1,11.0,0.0,0.0,0.0,1983.0,B02,2.0,7,0,0.0,2.0,3.0,1.0,8,20,945,1,2,1,1,1,1,32,2,1
18590,201600008307,1.0,1,1,1,21.0,0.0,0.0,0.0,1989.0,A01,0.0,31,0,0.0,1.0,1.0,1.0,9,7,1730,1,2,1,1,6,3,31,1,1
18591,201600008307,0.0,3,3,1,0.0,4.0,3.0,1.0,1932.0,A01,0.0,31,0,0.0,1.0,1.0,1.0,9,7,1730,1,2,1,1,6,3,31,1,1
18592,201600008308,1.0,1,2,1,21.0,0.0,0.0,0.0,1964.0,A01,1.0,33,0,13.0,0.0,2.0,14.0,9,25,1200,1,1,1,1,6,2,33,1,1
18593,201600008309,1.0,1,3,1,21.0,0.0,0.0,0.0,1976.0,A01,1.0,33,0,0.0,2.0,1.0,17.0,8,17,1745,1,2,1,1,3,3,7,1,2
18594,201600008309,1.0,1,1,1,11.0,0.0,0.0,0.0,1973.0,B02,1.0,7,0,0.0,2.0,8.0,15.0,8,17,1745,1,2,1,1,3,3,33,2,1
18595,201600008310,1.0,1,3,2,11.0,0.0,0.0,0.0,1976.0,A01,0.0,7,0,0.0,2.0,1.0,13.0,9,18,1000,1,1,1,1,1,1,7,2,2
18596,201600008310,2.0,2,3,2,11.0,0.0,0.0,0.0,1949.0,B02,2.0,7,0,0.0,0.0,1.0,1.0,9,18,1000,1,1,1,1,1,1,7,2,2
18597,201600008310,1.0,1,2,1,11.0,0.0,0.0,0.0,1946.0,B02,2.0,7,0,0.0,0.0,1.0,1.0,9,18,1000,1,1,1,1,1,1,7,2,2
18598,201600008311,1.0,1,1,1,11.0,0.0,0.0,0.0,2000.0,A01,2.0,7,0,0.0,2.0,3.0,13.0,11,26,2300,3,1,1,5,3,5,7,2,2
18599,201600008311,7.0,2,4,1,93.0,0.0,0.0,0.0,1999.0,A01,2.0,7,0,0.0,2.0,3.0,13.0,11,26,2300,3,1,1,5,3,5,7,2,2
18600,201600008311,8.0,2,1,1,93.0,0.0,0.0,0.0,1999.0,A01,2.0,7,0,0.0,2.0,3.0,13.0,11,26,2300,3,1,1,5,3,5,7,2,2
18601,201600008311,1.0,1,1,1,11.0,0.0,0.0,0.0,1958.0,B02,1.0,7,0,0.0,2.0,8.0,1.0,11,26,2300,3,1,1,5,3,5,7,2,2
18602,201600008312,1.0,1,3,1,21.0,0.0,0.0,0.0,1951.0,A01,1.0,33,0,0.0,0.0,7.0,1.0,6,4,1815,1,1,1,8,7,4,33,1,1
18603,201600008313,1.0,1,4,1,21.0,0.0,0.0,0.0,1962.0,A01,0.0,33,0,0.0,2.0,1.0,1.0,8,28,1700,1,1,1,1,1,3,33,1,1
18604,201600008313,2.0,2,4,2,21.0,0.0,0.0,0.0,1966.0,A01,0.0,33,0,0.0,2.0,1.0,1.0,8,28,1700,1,1,1,1,1,3,33,1,1
18605,201600008313,1.0,1,4,1,21.0,0.0,0.0,0.0,1962.0,B02,0.0,33,0,0.0,2.0,1.0,1.0,8,28,1700,1,1,1,1,1,3,33,1,1
18606,201600008313,2.0,2,4,1,21.0,0.0,0.0,0.0,1966.0,B02,0.0,33,0,0.0,2.0,1.0,1.0,8,28,1700,1,1,1,1,1,3,33,1,1
18607,201600008314,1.0,1,3,1,21.0,0.0,0.0,0.0,1993.0,A01,0.0,33,0,14.0,0.0,1.0,0.0,7,28,1715,1,2,1,1,7,3,33,1,1
18608,201600008315,2.0,2,4,2,11.0,0.0,0.0,0.0,1999.0,B02,2.0,7,0,0.0,2.0,1.0,0.0,10,23,1320,1,1,1,2,1,2,7,2,2
18609,201600008315,1.0,1,4,1,11.0,0.0,0.0,0.0,1957.0,B02,2.0,7,0,0.0,2.0,1.0,0.0,10,23,1320,1,1,1,2,1,2,7,2,2
18610,201600008315,1.0,1,1,2,11.0,0.0,0.0,0.0,1996.0,A01,1.0,7,0,0.0,2.0,1.0,13.0,10,23,1320,1,1,1,2,1,2,7,2,2
18611,201600008315,2.0,2,1,1,11.0,0.0,0.0,0.0,1991.0,A01,1.0,7,0,0.0,2.0,1.0,13.0,10,23,1320,1,1,1,2,1,2,7,2,2
18612,201600008316,2.0,2,4,2,11.0,0.0,0.0,0.0,1947.0,B02,2.0,7,0,0.0,0.0,3.0,0.0,2,14,830,1,1,1,1,1,1,7,2,2
18613,201600008316,1.0,1,4,1,11.0,0.0,0.0,0.0,1944.0,B02,2.0,7,0,0.0,0.0,3.0,0.0,2,14,830,1,1,1,1,1,1,7,2,2
18614,201600008316,1.0,1,1,1,11.0,0.0,0.0,0.0,1968.0,A01,1.0,7,0,0.0,0.0,3.0,0.0,2,14,830,1,1,1,1,1,1,7,2,2
18615,201600008317,1.0,1,3,1,21.0,0.0,0.0,0.0,1978.0,A01,1.0,33,0,0.0,0.0,8.0,0.0,9,25,1515,1,1,1,1,7,3,33,1,1
18616,201600008318,1.0,1,3,2,11.0,0.0,0.0,0.0,1979.0,B02,2.0,10,0,0.0,2.0,8.0,1.0,7,10,1945,1,1,1,1,3,4,10,2,2
18617,201600008318,2.0,2,1,2,11.0,0.0,0.0,0.0,1954.0,B02,2.0,10,0,0.0,2.0,8.0,1.0,7,10,1945,1,1,1,1,3,4,10,2,2
18618,201600008318,4.0,2,3,1,11.0,0.0,0.0,0.0,1951.0,B02,2.0,10,0,0.0,2.0,8.0,1.0,7,10,1945,1,1,1,1,3,4,10,2,2
18619,201600008318,1.0,1,1,2,11.0,0.0,0.0,0.0,1954.0,A01,1.0,10,0,0.0,2.0,2.0,13.0,7,10,1945,1,1,1,1,3,4,10,2,2
18620,201600008318,2.0,2,1,2,11.0,0.0,0.0,0.0,1927.0,A01,1.0,10,0,0.0,2.0,2.0,13.0,7,10,1945,1,1,1,1,3,4,10,2,2
18621,201600008319,1.0,1,4,2,21.0,0.0,0.0,0.0,1984.0,A01,1.0,31,0,0.0,2.0,1.0,17.0,8,9,945,1,1,1,1,3,1,7,1,2
18622,201600008319,1.0,1,1,2,11.0,0.0,0.0,0.0,1986.0,B02,1.0,7,0,0.0,2.0,6.0,17.0,8,9,945,1,1,1,1,3,1,31,2,1