,Num_Acc,place,catu,grav,sexe,secu,locp,actp,etatp,an_nais,num_veh,senc,catv,occutc,obs,obsm,choc,manv,mois,jour,hrmn,lum,agg,int,atm,col,mom,catvopp,catv_gen,catvopp_gen
18623,201600008320,1.0,1,3,1,13.0,0.0,0.0,0.0,1956.0,A01,1.0,13,0,2.0,0.0,1.0,13.0,8,24,2215,3,1,1,1,7,5,13,3,3
18624,201600008321,1.0,1,3,1,21.0,0.0,0.0,0.0,1987.0,B02,1.0,33,0,0.0,2.0,1.0,1.0,9,9,1045,1,1,1,1,3,1,7,1,2
18625,201600008321,1.0,1,1,1,11.0,0.0,0.0,0.0,1938.0,A01,1.0,7,0,0.0,2.0,3.0,10.0,9,9,1045,1,1,1,1,3,1,33,2,1
18626,201600008322,1.0,1,2,2,21.0,0.0,0.0,0.0,1998.0,A01,2.0,2,0,2.0,0.0,1.0,13.0,9,28,2230,3,1,1,1,6,5,2,1,1
18627,201600008323,1.0,1,3,1,11.0,0.0,0.0,0.0,1996.0,A01,2.0,7,0,0.0,2.0,1.0,13.0,10,15,545,3,1,1,8,1,0,10,2,2
18628,201600008323,1.0,1,3,1,11.0,0.0,0.0,0.0,1991.0,B02,1.0,10,0,0.0,2.0,1.0,0.0,10,15,545,3,1,1,8,1,0,7,2,2
18629,201600008324,2.0,2,1,2,11.0,0.0,0.0,0.0,1995.0,A01,1.0,7,0,0.0,2.0,1.0,13.0,10,16,1515,2,1,1,1,1,3,7,2,2
18630,201600008324,1.0,1,1,1,11.0,0.0,0.0,0.0,1989.0,A01,1.0,7,0,0.0,2.0,1.0,13.0,10,16,1515,2,1,1,1,1,3,7,2,2
18631,201600008324,1.0,1,3,2,11.0,0.0,0.0,0.0,1955.0,B02,2.0,7,0,0.0,2.0,1.0,1.0,10,16,1515,2,1,1,1,1,3,7,2,2
18632,201600008325,1.0,1,3,2,11.0,0.0,0.0,0.0,1955.0,B02,2.0,7,0,0.0,2.0,2.0,1.0,10,20,1345,1,1,1,1,2,2,7,2,2
18633,201600008325,1.0,1,1,2,11.0,0.0,0.0,0.0,1989.0,A01,2.0,7,0,0.0,2.0,6.0,4.0,10,20,1345,1,1,1,1,2,2,7,2,2
18634,201600008325,2.0,2,1,2,11.0,0.0,0.0,0.0,1997.0,A01,2.0,7,0,0.0,2.0,6.0,4.0,10,20,1345,1,1,1,1,2,2,7,2,2
18635,201600008326,1.0,1,3,1,21.0,0.0,0.0,0.0,1957.0,A01,1.0,30,0,0.0,0.0,0.0,1.0,11,7,1445,1,1,1,1,7,3,30,1,1
18636,201600008327,1.0,1,3,1,11.0,0.0,0.0,0.0,1983.0,A01,1.0,7,0,1.0,0.0,1.0,14.0,11,9,2230,3,1,1,1,6,5,7,2,2
18637,201600008328,1.0,1,1,1,11.0,0.0,0.0,0.0,1946.0,A01,1.0,7,0,0.0,9.0,7.0,2.0,11,13,1115,1,1,1,1,1,1,1,2,1
18638,201600008328,1.0,1,3,1,21.0,0.0,0.0,0.0,1936.0,B02,1.0,1,0,0.0,2.0,6.0,13.0,11,13,1115,1,1,1,1,1,1,7,1,2
18639,201600008329,1.0,1,1,1,11.0,0.0,0.0,0.0,1982.0,B02,2.0,15,0,0.0,2.0,1.0,2.0,12,26,1900,3,1,1,1,2,4,7,3,2
18640,201600008329,1.0,1,3,2,11.0,0.0,0.0,0.0,1963.0,A01,2.0,7,0,0.0,2.0,4.0,15.0,12,26,1900,3,1,1,1,2,4,15,2,3
18641,201600008330,1.0,1,2,1,11.0,0.0,0.0,0.0,1970.0,A01,2.0,7,0,2.0,0.0,2.0,1.0,2,13,545,3,1,1,1,7,0,7,2,2
18642,201600008331,1.0,1,3,2,11.0,0.0,0.0,0.0,1982.0,A01,0.0,7,0,9.0,0.0,5.0,1.0,2,22,1100,1,2,1,1,6,1,7,2,2
18643,201600008332,1.0,1,3,1,21.0,0.0,0.0,0.0,1983.0,B02,1.0,30,0,0.0,2.0,1.0,1.0,4,23,1045,1,2,1,1,3,1,7,1,2
18644,201600008332,1.0,1,1,1,11.0,0.0,0.0,0.0,1942.0,A01,2.0,7,0,0.0,2.0,6.0,19.0,4,23,1045,1,2,1,1,3,1,30,2,1
18645,201600008333,1.0,1,3,1,21.0,0.0,0.0,0.0,1972.0,A01,2.0,33,0,10.0,0.0,0.0,1.0,6,25,1230,1,1,1,1,7,2,33,1,1
18646,201600008334,1.0,1,3,1,21.0,0.0,0.0,0.0,1996.0,A01,1.0,33,0,16.0,0.0,2.0,1.0,6,30,2145,3,1,1,1,7,4,33,1,1
18647,201600008335,1.0,1,3,1,21.0,0.0,0.0,0.0,1960.0,A01,2.0,33,0,0.0,0.0,8.0,1.0,7,24,1945,1,1,1,2,7,4,33,1,1
18648,201600008336,1.0,1,3,1,23.0,0.0,0.0,0.0,1991.0,A01,1.0,36,0,6.0,0.0,3.0,17.0,7,31,1145,1,1,9,1,6,1,36,1,1
18649,201600008337,1.0,1,3,1,21.0,0.0,0.0,0.0,1993.0,B02,1.0,33,0,0.0,2.0,0.0,1.0,9,13,1730,1,1,1,1,1,3,7,1,2
18650,201600008337,1.0,1,4,1,13.0,0.0,0.0,0.0,1950.0,A01,2.0,7,0,0.0,2.0,3.0,1.0,9,13,1730,1,1,1,1,1,3,33,2,1
18651,201600008338,1.0,1,3,1,21.0,0.0,0.0,0.0,1967.0,A01,2.0,33,0,0.0,2.0,8.0,13.0,9,22,1645,1,1,9,1,3,3,7,1,2
18652,201600008338,1.0,1,1,2,11.0,0.0,0.0,0.0,1975.0,B02,1.0,7,0,0.0,2.0,8.0,1.0,9,22,1645,1,1,9,1,3,3,33,2,1
18653,201600008339,1.0,1,1,1,11.0,0.0,0.0,0.0,1996.0,A01,2.0,7,0,0.0,2.0,1.0,2.0,10,20,1715,1,1,1,1,2,3,7,2,2
18654,201600008339,1.0,1,4,2,11.0,0.0,0.0,0.0,1954.0,B02,2.0,7,0,0.0,0.0,4.0,23.0,10,20,1715,1,1,1,1,2,3,7,2,2
18655,201600008340,1.0,1,3,2,11.0,0.0,0.0,0.0,1984.0,A01,1.0,7,0,2.0,0.0,3.0,13.0,11,17,2015,3,1,1,1,6,4,7,2,2
18656,201600008341,1.0,1,1,1,11.0,0.0,0.0,0.0,1982.0,A01,1.0,7,0,0.0,2.0,6.0,17.0,11,19,745,1,1,1,1,3,1,7,2,2
18657,201600008341,1.0,1,3,1,11.0,0.0,0.0,0.0,1968.0,B02,2.0,7,0,0.0,2.0,3.0,1.0,11,19,745,1,1,1,1,3,1,7,2,2
18658,201600008342,1.0,1,4,1,11.0,0.0,0.0,0.0,1991.0,A01,2.0,20,0,3.0,0.0,7.0,1.0,11,30,1115,1,1,1,1,6,1,20,0,0
18659,201600008342,2.0,2,3,1,11.0,0.0,0.0,0.0,1984.0,A01,2.0,20,0,3.0,0.0,7.0,1.0,11,30,1115,1,1,1,1,6,1,20,0,0
18660,201600008343,1.0,1,3,2,11.0,0.0,0.0,0.0,1951.0,B02,2.0,7,0,0.0,2.0,3.0,1.0,2,16,1230,1,2,9,1,3,2,7,2,2
18661,201600008343,2.0,2,4,1,11.0,0.0,0.0,0.0,1947.0,B02,2.0,7,0,0.0,2.0,3.0,1.0,2,16,1230,1,2,9,1,3,2,7,2,2
18662,201600008343,1.0,1,4,1,11.0,0.0,0.0,0.0,1971.0,A01,1.0,7,0,0.0,2.0,3.0,15.0,2,16,1230,1,2,9,1,3,2,7,2,2
18663,201600008344,1.0,1,2,1,21.0,0.0,0.0,0.0,1998.0,A01,1.0,30,0,15.0,0.0,1.0,1.0,3,7,745,1,1,1,1,6,1,30,1,1
18664,201600008345,1.0,1,1,1,11.0,0.0,0.0,0.0,1991.0,B02,1.0,7,0,0.0,2.0,5.0,1.0,4,11,1815,1,1,9,1,2,4,33,2,1
18665,201600008345,2.0,2,4,2,11.0,0.0,0.0,0.0,1994.0,B02,1.0,7,0,0.0,2.0,5.0,1.0,4,11,1815,1,1,9,1,2,4,33,2,1
18666,201600008345,1.0,1,3,1,21.0,0.0,0.0,0.0,1992.0,A01,1.0,33,0,0.0,2.0,1.0,2.0,4,11,1815,1,1,9,1,2,4,7,1,2
18667,201600008346,1.0,1,3,1,12.0,0.0,0.0,0.0,1970.0,A01,1.0,7,0,6.0,0.0,1.0,1.0,4,24,1245,1,1,1,1,7,2,7,2,2
18668,201600008347,1.0,1,3,1,21.0,0.0,0.0,0.0,1976.0,A01,2.0,33,0,0.0,9.0,0.0,0.0,4,28,1030,1,1,1,1,6,1,33,1,1
18669,201600008348,0.0,3,3,2,0.0,2.0,3.0,1.0,2000.0,A01,2.0,7,0,0.0,1.0,2.0,11.0,5,8,645,1,1,6,1,6,1,7,2,2
18670,201600008348,1.0,1,1,1,11.0,0.0,0.0,0.0,1995.0,A01,2.0,7,0,0.0,1.0,2.0,11.0,5,8,645,1,1,6,1,6,1,7,2,2
18671,201600008349,1.0,1,4,1,11.0,0.0,0.0,0.0,1988.0,A01,1.0,7,0,0.0,2.0,8.0,1.0,5,22,1530,1,1,1,1,3,3,7,2,2
18672,201600008349,2.0,2,1,2,11.0,0.0,0.0,0.0,1974.0,A01,1.0,7,0,0.0,2.0,8.0,1.0,5,22,1530,1,1,1,1,3,3,7,2,2
18673,201600008349,1.0,1,3,1,11.0,0.0,0.0,0.0,1968.0,B02,2.0,7,0,0.0,2.0,3.0,13.0,5,22,1530,1,1,1,1,3,3,7,2,2
18674,201600008350,1.0,1,1,1,13.0,0.0,0.0,0.0,1965.0,A01,2.0,7,0,0.0,2.0,3.0,15.0,5,25,1430,1,2,1,1,3,3,33,2,1
18675,201600008350,1.0,1,3,1,21.0,0.0,0.0,0.0,1959.0,B02,2.0,33,0,0.0,2.0,1.0,17.0,5,25,1430,1,2,1,1,3,3,7,1,2
18676,201600008351,1.0,1,4,2,11.0,0.0,0.0,0.0,1954.0,B02,1.0,7,0,0.0,2.0,3.0,1.0,5,27,1615,1,1,1,1,1,3,10,2,2
18677,201600008351,1.0,1,1,1,11.0,0.0,0.0,0.0,1985.0,A01,2.0,10,0,0.0,2.0,3.0,1.0,5,27,1615,1,1,1,1,1,3,7,2,2
18678,201600008352,1.0,1,1,1,11.0,0.0,0.0,0.0,1962.0,B02,1.0,38,1,0.0,2.0,1.0,1.0,6,6,1645,1,1,1,1,1,3,31,3,1
18679,201600008352,1.0,1,3,1,21.0,0.0,0.0,0.0,1995.0,A01,2.0,31,0,0.0,2.0,1.0,13.0,6,6,1645,1,1,1,1,1,3,38,1,3
18680,201600008353,1.0,1,3,1,11.0,0.0,0.0,0.0,1958.0,B02,1.0,7,0,0.0,2.0,2.0,1.0,6,18,1745,1,1,1,1,1,3,7,2,2
18681,201600008353,2.0,2,3,2,11.0,0.0,0.0,0.0,1960.0,B02,1.0,7,0,0.0,2.0,2.0,1.0,6,18,1745,1,1,1,1,1,3,7,2,2
18682,201600008353,1.0,1,3,1,11.0,0.0,0.0,0.0,1989.0,A01,2.0,7,0,0.0,2.0,3.0,17.0,6,18,1745,1,1,1,1,1,3,7,2,2
18683,201600008354,1.0,1,1,1,13.0,0.0,0.0,0.0,1969.0,A01,2.0,7,0,0.0,2.0,3.0,9.0,6,30,1330,1,1,1,1,3,2,33,2,1
18684,201600008354,1.0,1,3,1,21.0,0.0,0.0,0.0,1957.0,B02,2.0,33,0,0.0,2.0,8.0,15.0,6,30,1330,1,1,1,1,3,2,7,1,2
18685,201600008355,1.0,1,3,1,21.0,0.0,0.0,0.0,1972.0,B02,1.0,33,0,0.0,2.0,1.0,1.0,7,8,1545,1,1,1,1,3,3,10,1,2
18686,201600008355,2.0,2,3,2,21.0,0.0,0.0,0.0,1982.0,B02,1.0,33,0,0.0,2.0,1.0,1.0,7,8,1545,1,1,1,1,3,3,10,1,2
18687,201600008355,1.0,1,1,1,11.0,0.0,0.0,0.0,1948.0,A01,2.0,10,0,0.0,0.0,7.0,15.0,7,8,1545,1,1,1,1,3,3,33,2,1
18688,201600008356,1.0,1,3,1,21.0,0.0,0.0,0.0,1968.0,B02,2.0,33,0,0.0,2.0,1.0,1.0,8,1,2000,2,1,2,1,3,4,7,1,2
18689,201600008356,1.0,1,1,1,11.0,0.0,0.0,0.0,1980.0,A01,2.0,7,0,0.0,2.0,7.0,1.0,8,1,2000,2,1,2,1,3,4,33,2,1
18690,201600008357,1.0,1,3,1,21.0,0.0,0.0,0.0,1966.0,A01,2.0,1,0,0.0,2.0,3.0,1.0,8,20,930,1,2,2,1,3,1,1,1,1
18691,201600008357,1.0,1,3,1,22.0,0.0,0.0,0.0,1998.0,B02,0.0,1,0,0.0,2.0,1.0,1.0,8,20,930,1,2,2,1,3,1,1,1,1
18692,201600008358,1.0,1,3,1,21.0,0.0,0.0,0.0,1972.0,A01,1.0,30,0,0.0,0.0,7.0,15.0,8,25,730,1,1,1,1,7,1,30,1,1
18693,201600008359,1.0,1,3,1,11.0,0.0,0.0,0.0,1989.0,A01,2.0,7,0,13.0,0.0,1.0,14.0,8,30,445,3,2,1,2,7,0,7,2,2
18694,201600008360,2.0,2,3,1,13.0,0.0,0.0,0.0,1977.0,A01,2.0,7,0,0.0,0.0,1.0,13.0,9,25,345,3,1,1,1,7,0,7,2,2
18695,201600008360,1.0,1,3,1,13.0,0.0,0.0,0.0,1986.0,A01,2.0,7,0,0.0,0.0,1.0,13.0,9,25,345,3,1,1,1,7,0,7,2,2
18696,201600008361,1.0,1,1,1,13.0,0.0,0.0,0.0,1963.0,B02,0.0,7,0,0.0,2.0,2.0,0.0,11,14,1700,2,2,1,1,3,3,33,2,1
18697,201600008361,1.0,1,3,1,23.0,0.0,0.0,0.0,1994.0,A01,0.0,33,0,0.0,2.0,1.0,21.0,11,14,1700,2,2,1,1,3,3,7,1,2
18698,201600008362,1.0,1,3,1,11.0,0.0,0.0,0.0,1985.0,A01,2.0,7,0,2.0,0.0,3.0,1.0,12,26,1930,3,1,1,1,6,4,7,2,2
18699,201600008363,1.0,1,1,1,11.0,0.0,0.0,0.0,1994.0,B02,2.0,7,0,0.0,2.0,3.0,15.0,1,8,1715,1,2,3,1,3,3,30,2,1
18700,201600008363,1.0,1,3,1,1.0,0.0,0.0,0.0,1996.0,A01,1.0,30,0,0.0,2.0,1.0,1.0,1,8,1715,1,2,3,1,3,3,7,1,2
18701,201600008364,1.0,1,3,2,22.0,0.0,0.0,0.0,1930.0,B02,2.0,1,0,0.0,2.0,1.0,15.0,1,12,1000,1,2,1,1,1,1,7,1,2
18702,201600008364,1.0,1,1,2,11.0,0.0,0.0,0.0,1989.0,A01,1.0,7,0,0.0,2.0,1.0,1.0,1,12,1000,1,2,1,1,1,1,1,2,1
18703,201600008365,1.0,1,1,2,11.0,0.0,0.0,0.0,1959.0,A01,1.0,10,0,0.0,0.0,6.0,10.0,3,4,945,1,1,1,1,2,1,7,2,2
18704,201600008365,1.0,1,1,1,11.0,0.0,0.0,0.0,1979.0,B02,1.0,7,0,0.0,2.0,2.0,1.0,3,4,945,1,1,1,1,2,1,10,2,2
18705,201600008365,2.0,2,3,2,11.0,0.0,0.0,0.0,1979.0,B02,1.0,7,0,0.0,2.0,2.0,1.0,3,4,945,1,1,1,1,2,1,10,2,2
18706,201600008366,1.0,1,3,1,21.0,0.0,0.0,0.0,1961.0,A01,2.0,33,0,14.0,2.0,1.0,1.0,4,6,1700,1,1,1,7,2,3,7,1,2
18707,201600008366,1.0,1,1,1,11.0,0.0,0.0,0.0,1948.0,B02,2.0,7,0,0.0,2.0,4.0,1.0,4,6,1700,1,1,1,7,2,3,33,2,1
18708,201600008367,1.0,1,2,1,23.0,0.0,0.0,0.0,1964.0,B02,2.0,34,0,0.0,2.0,1.0,1.0,4,10,1545,1,1,1,1,1,3,7,1,2
18709,201600008367,2.0,2,3,2,21.0,0.0,0.0,0.0,1993.0,B02,2.0,34,0,0.0,2.0,1.0,1.0,4,10,1545,1,1,1,1,1,3,7,1,2
18710,201600008367,1.0,1,4,2,11.0,0.0,0.0,0.0,1994.0,A01,1.0,7,0,0.0,2.0,3.0,1.0,4,10,1545,1,1,1,1,1,3,34,2,1
18711,201600008368,1.0,1,2,2,11.0,0.0,0.0,0.0,1936.0,C03,1.0,7,0,0.0,2.0,8.0,1.0,4,18,830,1,1,1,1,5,1,10,2,2
18712,201600008368,2.0,2,2,2,11.0,0.0,0.0,0.0,1932.0,C03,1.0,7,0,0.0,2.0,8.0,1.0,4,18,830,1,1,1,1,5,1,10,2,2
18713,201600008368,1.0,1,4,2,11.0,0.0,0.0,0.0,1975.0,A01,2.0,7,0,0.0,2.0,3.0,13.0,4,18,830,1,1,1,1,5,1,10,2,2
18714,201600008368,1.0,1,4,2,11.0,0.0,0.0,0.0,1971.0,B02,2.0,10,0,0.0,2.0,1.0,1.0,4,18,830,1,1,1,1,5,1,7,2,2
18715,201600008369,1.0,1,3,1,21.0,0.0,0.0,0.0,1988.0,A01,1.0,2,0,0.0,2.0,1.0,17.0,5,25,1815,1,1,1,1,3,4,7,1,2
18716,201600008369,1.0,1,1,2,11.0,0.0,0.0,0.0,1993.0,B02,1.0,7,0,0.0,0.0,6.0,15.0,5,25,1815,1,1,1,1,3,4,2,2,1
18717,201600008370,1.0,1,1,2,11.0,0.0,0.0,0.0,1951.0,A01,1.0,7,0,0.0,2.0,3.0,9.0,7,29,1415,1,2,1,1,3,3,30,2,1
18718,201600008370,1.0,1,3,1,21.0,0.0,0.0,0.0,1956.0,B02,2.0,30,0,0.0,2.0,2.0,1.0,7,29,1415,1,2,1,1,3,3,7,1,2
18719,201600008371,1.0,1,4,1,11.0,0.0,0.0,0.0,1985.0,B02,2.0,7,0,0.0,2.0,1.0,0.0,8,26,1800,1,1,1,1,1,4,31,2,1
18720,201600008371,1.0,1,3,1,21.0,0.0,0.0,0.0,1977.0,A01,1.0,31,0,0.0,2.0,1.0,17.0,8,26,1800,1,1,1,1,1,4,7,1,2
18721,201600008372,1.0,1,1,1,11.0,0.0,0.0,0.0,1979.0,C03,2.0,7,0,0.0,2.0,2.0,0.0,9,9,1500,1,2,1,1,5,3,7,2,2
18722,201600008372,1.0,1,4,2,11.0,0.0,0.0,0.0,1950.0,A01,1.0,7,0,0.0,2.0,3.0,1.0,9,9,1500,1,2,1,1,5,3,7,2,2
18723,201600008372,1.0,1,1,2,11.0,0.0,0.0,0.0,1980.0,B02,2.0,7,0,0.0,2.0,8.0,0.0,9,9,1500,1,2,1,1,5,3,7,2,2
18724,201600008373,1.0,1,3,1,23.0,0.0,0.0,0.0,1991.0,A01,2.0,2,0,6.0,0.0,1.0,1.0,9,10,2000,3,1,1,1,6,4,2,1,1
18725,201600008374,1.0,1,3,2,11.0,0.0,0.0,0.0,1995.0,A01,2.0,7,0,0.0,2.0,5.0,1.0,10,16,2215,3,1,1,1,7,5,7,2,2
18726,201600008375,1.0,1,3,1,11.0,0.0,0.0,0.0,1937.0,A01,1.0,7,0,2.0,0.0,1.0,1.0,11,18,1045,1,1,1,1,6,1,7,2,2
18727,201600008375,2.0,2,3,2,11.0,0.0,0.0,0.0,1942.0,A01,1.0,7,0,2.0,0.0,1.0,1.0,11,18,1045,1,1,1,1,6,1,7,2,2
18728,201600008376,1.0,1,3,1,21.0,0.0,0.0,0.0,2000.0,A01,2.0,2,0,0.0,2.0,1.0,1.0,1,13,1630,1,2,1,1,1,3,7,1,2
18729,201600008376,1.0,1,1,1,11.0,0.0,0.0,0.0,1958.0,B02,1.0,7,0,0.0,2.0,3.0,15.0,1,13,1630,1,2,1,1,1,3,2,2,1
18730,201600008377,1.0,1,4,1,11.0,0.0,0.0,0.0,1985.0,A01,2.0,7,0,0.0,2.0,3.0,17.0,2,1,1715,1,1,1,1,1,3,7,2,2
18731,201600008377,1.0,1,3,2,11.0,0.0,0.0,0.0,1945.0,B02,2.0,7,0,0.0,2.0,3.0,1.0,2,1,1715,1,1,1,1,1,3,7,2,2
18732,201600008378,1.0,1,2,1,13.0,0.0,0.0,0.0,1956.0,A01,2.0,7,0,2.0,0.0,1.0,0.0,3,17,1545,1,1,1,1,6,3,7,2,2
18733,201600008379,1.0,1,3,1,21.0,0.0,0.0,0.0,1946.0,A01,2.0,33,0,3.0,0.0,7.0,1.0,3,26,1615,1,1,1,7,7,3,33,1,1
18734,201600008380,1.0,1,3,1,13.0,0.0,0.0,0.0,1991.0,A01,2.0,7,0,2.0,0.0,7.0,1.0,4,10,130,3,1,1,1,6,0,7,2,2
18735,201600008381,1.0,1,1,1,11.0,0.0,0.0,0.0,1957.0,A01,1.0,7,0,0.0,2.0,7.0,1.0,4,10,1130,1,1,1,1,1,1,33,2,1
18736,201600008381,1.0,1,3,1,21.0,0.0,0.0,0.0,1963.0,B02,2.0,33,0,0.0,2.0,1.0,15.0,4,10,1130,1,1,1,1,1,1,7,1,2
18737,201600008382,1.0,1,3,1,12.0,0.0,0.0,0.0,1961.0,A01,1.0,7,0,6.0,0.0,9.0,0.0,8,18,1230,1,1,1,7,7,2,7,2,2
18738,201600008383,1.0,1,1,2,11.0,0.0,0.0,0.0,1941.0,B02,1.0,7,0,0.0,2.0,3.0,1.0,9,21,1630,1,1,1,1,2,3,33,2,1
18739,201600008383,1.0,1,3,1,21.0,0.0,0.0,0.0,1969.0,A01,2.0,33,0,0.0,2.0,3.0,13.0,9,21,1630,1,1,1,1,2,3,7,1,2
18740,201600008384,0.0,3,2,1,0.0,1.0,9.0,1.0,1940.0,A01,1.0,7,0,0.0,1.0,7.0,1.0,11,15,1000,1,2,1,7,6,1,7,2,2
18741,201600008384,1.0,1,1,1,11.0,0.0,0.0,0.0,1940.0,A01,1.0,7,0,0.0,1.0,7.0,1.0,11,15,1000,1,2,1,7,6,1,7,2,2
18742,201600008385,1.0,1,1,2,11.0,0.0,0.0,0.0,1991.0,A01,1.0,7,0,0.0,2.0,1.0,1.0,12,3,2100,5,2,3,1,3,4,31,2,1
18743,201600008385,2.0,2,1,1,11.0,0.0,0.0,0.0,1975.0,A01,1.0,7,0,0.0,2.0,1.0,1.0,12,3,2100,5,2,3,1,3,4,31,2,1
18744,201600008385,1.0,1,3,1,23.0,0.0,0.0,0.0,1999.0,B02,2.0,31,0,0.0,2.0,8.0,15.0,12,3,2100,5,2,3,1,3,4,7,1,2
18745,201600008386,1.0,1,4,1,11.0,0.0,0.0,0.0,1954.0,A01,1.0,7,0,13.0,0.0,2.0,0.0,2,6,2100,3,1,1,2,7,4,7,2,2
18746,201600008386,2.0,2,3,1,11.0,0.0,0.0,0.0,1958.0,A01,1.0,7,0,13.0,0.0,2.0,0.0,2,6,2100,3,1,1,2,7,4,7,2,2
18747,201600008386,5.0,2,4,1,11.0,0.0,0.0,0.0,1946.0,A01,1.0,7,0,13.0,0.0,2.0,0.0,2,6,2100,3,1,1,2,7,4,7,2,2
18748,201600008387,1.0,1,1,1,11.0,0.0,0.0,0.0,1981.0,A01,1.0,10,0,0.0,1.0,2.0,1.0,2,20,1730,1,2,1,1,6,3,10,2,2
18749,201600008387,0.0,3,4,1,0.0,0.0,0.0,0.0,1934.0,A01,1.0,10,0,0.0,1.0,2.0,1.0,2,20,1730,1,2,1,1,6,3,10,2,2
18750,201600008388,1.0,1,1,1,11.0,0.0,0.0,0.0,1969.0,A01,2.0,15,0,0.0,2.0,1.0,1.0,3,7,845,1,1,1,1,4,1,7,3,2
18751,201600008388,1.0,1,4,2,11.0,0.0,0.0,0.0,1992.0,B02,2.0,7,0,6.0,0.0,4.0,2.0,3,7,845,1,1,1,1,4,1,15,2,3
18752,201600008388,1.0,1,3,1,11.0,0.0,0.0,0.0,1973.0,C03,2.0,7,0,6.0,2.0,0.0,2.0,3,7,845,1,1,1,1,4,1,15,2,3
18753,201600008389,1.0,1,3,1,21.0,0.0,0.0,0.0,1955.0,A01,1.0,31,0,0.0,2.0,1.0,2.0,4,25,1330,1,1,1,1,2,2,7,1,2
18754,201600008389,1.0,1,1,2,11.0,0.0,0.0,0.0,1957.0,B02,1.0,7,0,0.0,0.0,4.0,0.0,4,25,1330,1,1,1,1,2,2,31,2,1
18755,201600008390,1.0,1,1,1,11.0,0.0,0.0,0.0,1982.0,A01,1.0,7,0,0.0,2.0,4.0,1.0,5,4,830,1,1,1,1,2,1,33,2,1
18756,201600008390,1.0,1,3,1,21.0,0.0,0.0,0.0,1969.0,B02,1.0,33,0,0.0,2.0,2.0,2.0,5,4,830,1,1,1,1,2,1,7,1,2
18757,201600008391,2.0,2,3,1,11.0,0.0,0.0,0.0,1998.0,A01,1.0,7,0,0.0,2.0,1.0,21.0,6,12,1815,1,1,1,1,1,4,7,2,2
18758,201600008391,1.0,1,3,1,11.0,0.0,0.0,0.0,1960.0,A01,1.0,7,0,0.0,2.0,1.0,21.0,6,12,1815,1,1,1,1,1,4,7,2,2
18759,201600008391,1.0,1,3,1,11.0,0.0,0.0,0.0,1952.0,B02,2.0,7,0,0.0,2.0,1.0,13.0,6,12,1815,1,1,1,1,1,4,7,2,2
18760,201600008392,1.0,1,4,2,11.0,0.0,0.0,0.0,1973.0,B02,1.0,7,0,0.0,6.0,4.0,1.0,6,26,2145,2,1,1,1,2,4,7,2,2
18761,201600008392,2.0,2,1,1,11.0,0.0,0.0,0.0,1972.0,B02,1.0,7,0,0.0,6.0,4.0,1.0,6,26,2145,2,1,1,1,2,4,7,2,2
18762,201600008392,1.0,1,1,1,11.0,0.0,0.0,0.0,1975.0,A01,1.0,7,0,0.0,2.0,1.0,2.0,6,26,2145,2,1,1,1,2,4,7,2,2
18763,201600008393,1.0,1,3,2,11.0,0.0,0.0,0.0,1992.0,B02,2.0,7,0,0.0,2.0,3.0,1.0,7,13,1130,1,1,1,1,3,1,7,2,2
18764,201600008394,1.0,1,4,1,11.0,0.0,0.0,0.0,1989.0,A01,1.0,7,0,13.0,6.0,3.0,1.0,9,12,2145,3,1,1,1,6,4,7,2,2
18765,201600008395,1.0,1,1,2,11.0,0.0,0.0,0.0,1993.0,A01,0.0,7,0,9.0,1.0,1.0,1.0,9,14,1800,1,2,1,2,6,4,7,2,2
18766,201600008395,0.0,3,4,2,0.0,5.0,1.0,2.0,1994.0,A01,0.0,7,0,9.0,1.0,1.0,1.0,9,14,1800,1,2,1,2,6,4,7,2,2
18767,201600008395,0.0,3,3,2,0.0,5.0,1.0,2.0,2004.0,A01,0.0,7,0,9.0,1.0,1.0,1.0,9,14,1800,1,2,1,2,6,4,7,2,2
18768,201600008396,1.0,1,3,1,11.0,0.0,0.0,0.0,1997.0,A01,1.0,7,0,6.0,2.0,1.0,5.0,9,27,2245,3,1,1,1,1,5,7,2,2
18769,201600008396,2.0,2,4,1,11.0,0.0,0.0,0.0,1995.0,A01,1.0,7,0,6.0,2.0,1.0,5.0,9,27,2245,3,1,1,1,1,5,7,2,2
18770,201600008396,8.0,2,3,1,12.0,0.0,0.0,0.0,1997.0,A01,1.0,7,0,6.0,2.0,1.0,5.0,9,27,2245,3,1,1,1,1,5,7,2,2
18771,201600008396,1.0,1,3,1,11.0,0.0,0.0,0.0,1983.0,B02,2.0,7,0,0.0,2.0,1.0,1.0,9,27,2245,3,1,1,1,1,5,7,2,2
18772,201600008396,2.0,2,3,1,11.0,0.0,0.0,0.0,2007.0,B02,2.0,7,0,0.0,2.0,1.0,1.0,9,27,2245,3,1,1,1,1,5,7,2,2
18773,201600008397,1.0,1,3,1,11.0,0.0,0.0,0.0,1981.0,A01,1.0,7,0,0.0,2.0,1.0,13.0,9,30,1545,1,1,1,1,1,3,7,2,2
18774,201600008397,1.0,1,4,1,11.0,0.0,0.0,0.0,1971.0,B02,2.0,7,0,0.0,2.0,1.0,2.0,9,30,1545,1,1,1,1,1,3,7,2,2