,Num_Acc,place,catu,grav,sexe,secu,locp,actp,etatp,an_nais,num_veh,senc,catv,occutc,obs,obsm,choc,manv,mois,jour,hrmn,lum,agg,int,atm,col,mom,catvopp,catv_gen,catvopp_gen
19234,201600008607,0.0,3,3,2,0.0,2.0,3.0,1.0,1961.0,A01,0.0,7,0,0.0,1.0,1.0,16.0,7,15,1900,1,2,1,1,6,4,7,2,2
19235,201600008608,1.0,1,3,2,11.0,0.0,0.0,0.0,1945.0,A01,2.0,7,0,2.0,0.0,3.0,1.0,8,29,1545,1,1,1,1,6,3,7,2,2
19236,201600008608,2.0,2,4,2,11.0,0.0,0.0,0.0,1965.0,A01,2.0,7,0,2.0,0.0,3.0,1.0,8,29,1545,1,1,1,1,6,3,7,2,2
19237,201600008608,3.0,2,4,2,11.0,0.0,0.0,0.0,1997.0,A01,2.0,7,0,2.0,0.0,3.0,1.0,8,29,1545,1,1,1,1,6,3,7,2,2
19238,201600008608,4.0,2,4,1,11.0,0.0,0.0,0.0,2002.0,A01,2.0,7,0,2.0,0.0,3.0,1.0,8,29,1545,1,1,1,1,6,3,7,2,2
19239,201600008609,1.0,1,4,2,11.0,0.0,0.0,0.0,1989.0,A01,2.0,7,0,0.0,2.0,1.0,17.0,9,6,1300,1,1,1,1,3,2,7,2,2
19240,201600008609,1.0,1,4,2,11.0,0.0,0.0,0.0,1973.0,B02,2.0,7,0,0.0,0.0,8.0,15.0,9,6,1300,1,1,1,1,3,2,7,2,2
19241,201600008610,4.0,2,1,2,11.0,0.0,0.0,0.0,2012.0,A01,1.0,7,0,2.0,0.0,2.0,1.0,11,19,1100,1,1,1,1,7,1,7,2,2
19242,201600008610,1.0,1,4,2,11.0,0.0,0.0,0.0,1977.0,A01,1.0,7,0,2.0,0.0,2.0,1.0,11,19,1100,1,1,1,1,7,1,7,2,2
19243,201600008610,2.0,2,4,2,11.0,0.0,0.0,0.0,1968.0,A01,1.0,7,0,2.0,0.0,2.0,1.0,11,19,1100,1,1,1,1,7,1,7,2,2
19244,201600008610,3.0,2,4,2,11.0,0.0,0.0,0.0,2003.0,A01,1.0,7,0,2.0,0.0,2.0,1.0,11,19,1100,1,1,1,1,7,1,7,2,2
19245,201600008611,1.0,1,3,1,11.0,0.0,0.0,0.0,1984.0,A01,1.0,7,0,13.0,0.0,3.0,1.0,12,14,730,2,1,1,8,6,1,7,2,2
19246,201600008612,0.0,3,3,1,0.0,1.0,3.0,1.0,1970.0,A01,1.0,14,0,0.0,1.0,3.0,1.0,11,10,1315,1,1,1,1,6,2,14,3,3
19247,201600008612,1.0,1,1,1,11.0,0.0,0.0,0.0,1956.0,A01,1.0,14,0,0.0,1.0,3.0,1.0,11,10,1315,1,1,1,1,6,2,14,3,3
19248,201600008613,1.0,1,3,2,11.0,0.0,0.0,0.0,1984.0,B02,2.0,7,0,0.0,2.0,3.0,1.0,12,4,1915,3,1,1,1,5,4,7,2,2
19249,201600008613,2.0,2,3,1,11.0,0.0,0.0,0.0,1991.0,B02,2.0,7,0,0.0,2.0,3.0,1.0,12,4,1915,3,1,1,1,5,4,7,2,2
19250,201600008613,1.0,1,1,1,13.0,0.0,0.0,0.0,1960.0,C03,2.0,7,0,0.0,2.0,1.0,1.0,12,4,1915,3,1,1,1,5,4,7,2,2
19251,201600008613,1.0,1,1,1,13.0,0.0,0.0,0.0,1991.0,A01,1.0,7,0,0.0,2.0,3.0,1.0,12,4,1915,3,1,1,1,5,4,7,2,2
19252,201600008614,1.0,1,3,1,11.0,0.0,0.0,0.0,1962.0,A01,1.0,7,0,0.0,2.0,1.0,1.0,12,18,1430,1,1,2,1,3,3,10,2,2
19253,201600008614,1.0,1,2,1,11.0,0.0,0.0,0.0,1967.0,B02,0.0,10,0,0.0,2.0,7.0,15.0,12,18,1430,1,1,2,1,3,3,7,2,2
19254,201600008615,1.0,1,3,1,11.0,0.0,0.0,0.0,1995.0,A01,1.0,7,0,0.0,2.0,8.0,13.0,12,31,2115,3,1,1,1,1,4,7,2,2
19255,201600008615,1.0,1,3,2,11.0,0.0,0.0,0.0,1991.0,B02,2.0,7,0,0.0,2.0,1.0,1.0,12,31,2115,3,1,1,1,1,4,7,2,2
19256,201600008616,1.0,1,2,1,0.0,0.0,0.0,0.0,1959.0,A01,0.0,21,0,0.0,0.0,0.0,1.0,6,14,1845,1,1,1,1,7,4,21,0,0
19257,201600008617,1.0,1,2,1,12.0,0.0,0.0,0.0,1978.0,A01,1.0,7,0,8.0,0.0,9.0,13.0,7,24,900,1,1,1,1,6,1,7,2,2
19258,201600008618,1.0,1,3,1,21.0,0.0,0.0,0.0,1995.0,A01,1.0,33,0,0.0,0.0,7.0,21.0,1,28,1830,3,1,2,1,6,4,33,1,1
19259,201600008619,1.0,1,3,1,21.0,0.0,0.0,0.0,1947.0,A01,1.0,33,0,8.0,0.0,1.0,19.0,3,6,1200,1,1,1,6,6,2,33,1,1
19260,201600008620,1.0,1,1,1,11.0,0.0,0.0,0.0,1991.0,B02,0.0,7,0,0.0,0.0,1.0,1.0,6,3,1830,1,1,3,1,3,4,7,2,2
19261,201600008620,1.0,1,3,2,11.0,0.0,0.0,0.0,1958.0,A01,0.0,7,0,0.0,0.0,6.0,1.0,6,3,1830,1,1,3,1,3,4,7,2,2
19262,201600008621,1.0,1,3,1,21.0,0.0,0.0,0.0,1996.0,A01,0.0,33,0,0.0,0.0,0.0,1.0,6,25,745,1,2,1,1,7,1,33,1,1
19263,201600008622,1.0,1,3,1,21.0,0.0,0.0,0.0,1965.0,A01,1.0,33,0,0.0,9.0,1.0,1.0,8,17,1640,1,1,2,1,1,3,1,1,1
19264,201600008622,1.0,1,3,1,0.0,0.0,0.0,0.0,1959.0,B02,1.0,1,0,0.0,2.0,8.0,19.0,8,17,1640,1,1,2,1,1,3,33,1,1
19265,201600008623,1.0,1,3,1,13.0,0.0,0.0,0.0,1990.0,A01,1.0,7,0,2.0,0.0,9.0,1.0,12,27,2315,3,1,1,1,7,5,7,2,2
19266,201600008624,1.0,1,4,1,12.0,0.0,0.0,0.0,1969.0,B02,2.0,15,0,13.0,2.0,3.0,1.0,6,29,1700,1,1,1,1,1,3,7,3,2
19267,201600008624,1.0,1,2,2,11.0,0.0,0.0,0.0,1946.0,A01,1.0,7,0,0.0,2.0,3.0,13.0,6,29,1700,1,1,1,1,1,3,15,2,3
19268,201600008625,1.0,1,2,1,21.0,0.0,0.0,0.0,1966.0,A01,2.0,33,0,0.0,2.0,1.0,1.0,3,8,1545,1,1,3,9,3,3,7,1,2
19269,201600008625,1.0,1,3,2,11.0,0.0,0.0,0.0,1948.0,B02,1.0,7,0,0.0,2.0,8.0,15.0,3,8,1545,1,1,3,9,3,3,33,2,1
19270,201600008626,1.0,1,3,2,11.0,0.0,0.0,0.0,1997.0,A01,1.0,7,0,6.0,0.0,2.0,1.0,1,11,1445,1,1,1,1,6,3,7,2,2
19271,201600008626,2.0,2,3,1,11.0,0.0,0.0,0.0,2003.0,A01,1.0,7,0,6.0,0.0,2.0,1.0,1,11,1445,1,1,1,1,6,3,7,2,2
19272,201600008627,1.0,1,1,1,11.0,0.0,0.0,0.0,1962.0,A01,1.0,7,0,0.0,1.0,2.0,1.0,1,15,1145,1,2,1,1,6,1,7,2,2
19273,201600008627,0.0,3,3,1,0.0,7.0,3.0,1.0,1947.0,A01,1.0,7,0,0.0,1.0,2.0,1.0,1,15,1145,1,2,1,1,6,1,7,2,2
19274,201600008628,1.0,1,3,1,21.0,0.0,0.0,0.0,1999.0,A01,0.0,31,0,0.0,0.0,2.0,1.0,2,25,1500,1,2,1,1,3,3,7,1,2
19275,201600008628,1.0,1,1,1,11.0,0.0,0.0,0.0,1995.0,B02,0.0,7,0,0.0,0.0,1.0,9.0,2,25,1500,1,2,1,1,3,3,31,2,1
19276,201600008629,2.0,2,3,1,11.0,0.0,0.0,0.0,1990.0,A01,2.0,7,0,13.0,0.0,1.0,1.0,4,3,1830,1,2,1,2,6,4,7,2,2
19277,201600008629,1.0,1,2,1,11.0,0.0,0.0,0.0,1968.0,A01,2.0,7,0,13.0,0.0,1.0,1.0,4,3,1830,1,2,1,2,6,4,7,2,2
19278,201600008629,3.0,2,1,2,11.0,0.0,0.0,0.0,1999.0,A01,2.0,7,0,13.0,0.0,1.0,1.0,4,3,1830,1,2,1,2,6,4,7,2,2
19279,201600008630,1.0,1,3,1,11.0,0.0,0.0,0.0,1980.0,A01,1.0,7,0,2.0,0.0,1.0,1.0,4,4,2115,1,1,1,1,6,4,7,2,2
19280,201600008631,1.0,1,4,1,11.0,0.0,0.0,0.0,1986.0,B02,1.0,7,0,1.0,0.0,2.0,12.0,4,18,1630,1,1,6,1,4,3,7,2,2
19281,201600008631,1.0,1,3,2,11.0,0.0,0.0,0.0,1987.0,A01,1.0,7,0,0.0,0.0,8.0,23.0,4,18,1630,1,1,6,1,4,3,7,2,2
19282,201600008631,1.0,1,4,1,11.0,0.0,0.0,0.0,1985.0,C03,0.0,7,0,0.0,2.0,6.0,23.0,4,18,1630,1,1,6,1,4,3,7,2,2
19283,201600008632,1.0,1,1,1,11.0,0.0,0.0,0.0,1937.0,A01,0.0,7,0,0.0,1.0,3.0,1.0,6,5,845,1,2,1,1,6,1,7,2,2
19284,201600008632,0.0,3,3,1,0.0,2.0,3.0,1.0,1960.0,A01,0.0,7,0,0.0,1.0,3.0,1.0,6,5,845,1,2,1,1,6,1,7,2,2
19285,201600008633,1.0,1,3,1,11.0,0.0,0.0,0.0,1950.0,A01,2.0,99,0,8.0,0.0,3.0,1.0,7,9,1545,1,1,1,1,7,3,99,0,0
19286,201600008633,2.0,2,2,2,11.0,0.0,0.0,0.0,1952.0,A01,2.0,99,0,8.0,0.0,3.0,1.0,7,9,1545,1,1,1,1,7,3,99,0,0
19287,201600008633,5.0,2,3,1,11.0,0.0,0.0,0.0,2002.0,A01,2.0,99,0,8.0,0.0,3.0,1.0,7,9,1545,1,1,1,1,7,3,99,0,0
19288,201600008633,5.0,2,3,2,11.0,0.0,0.0,0.0,2004.0,A01,2.0,99,0,8.0,0.0,3.0,1.0,7,9,1545,1,1,1,1,7,3,99,0,0
19289,201600008634,1.0,1,1,1,11.0,0.0,0.0,0.0,1991.0,A01,0.0,7,0,2.0,0.0,1.0,1.0,7,31,1030,2,2,1,1,6,1,7,2,2
19290,201600008634,2.0,2,3,1,11.0,0.0,0.0,0.0,1983.0,A01,0.0,7,0,2.0,0.0,1.0,1.0,7,31,1030,2,2,1,1,6,1,7,2,2
19291,201600008635,1.0,1,1,2,11.0,0.0,0.0,0.0,1957.0,A01,0.0,7,0,0.0,0.0,3.0,9.0,10,1,1630,1,2,1,3,3,3,34,2,1
19292,201600008635,1.0,1,2,1,21.0,0.0,0.0,0.0,1958.0,B02,0.0,34,0,0.0,0.0,1.0,1.0,10,1,1630,1,2,1,3,3,3,7,1,2
19293,201600008636,1.0,1,3,1,21.0,0.0,0.0,0.0,1972.0,B02,0.0,33,0,0.0,2.0,8.0,2.0,10,18,715,1,1,9,1,3,1,7,1,2
19294,201600008636,1.0,1,1,1,11.0,0.0,0.0,0.0,1960.0,A01,0.0,7,0,0.0,2.0,8.0,15.0,10,18,715,1,1,9,1,3,1,33,2,1
19295,201600008637,3.0,2,3,1,12.0,0.0,0.0,0.0,2007.0,A01,0.0,99,0,0.0,0.0,0.0,0.0,10,30,1100,1,1,6,1,7,1,99,0,0
19296,201600008637,1.0,1,4,2,11.0,0.0,0.0,0.0,1979.0,A01,0.0,99,0,0.0,0.0,0.0,0.0,10,30,1100,1,1,6,1,7,1,99,0,0
19297,201600008638,1.0,1,1,1,13.0,0.0,0.0,0.0,1934.0,A01,0.0,7,0,0.0,1.0,2.0,16.0,12,6,1415,1,2,1,1,6,3,7,2,2
19298,201600008638,0.0,3,3,2,0.0,4.0,3.0,1.0,1957.0,A01,0.0,7,0,0.0,1.0,2.0,16.0,12,6,1415,1,2,1,1,6,3,7,2,2
19299,201600008639,1.0,1,4,1,11.0,0.0,0.0,0.0,1987.0,A01,0.0,7,0,0.0,0.0,3.0,19.0,12,13,715,2,1,1,1,3,1,31,2,1
19300,201600008639,1.0,1,3,1,21.0,0.0,0.0,0.0,1999.0,B02,0.0,31,0,0.0,0.0,7.0,1.0,12,13,715,2,1,1,1,3,1,7,1,2
19301,201600008640,1.0,1,3,2,11.0,0.0,0.0,0.0,1949.0,B02,0.0,7,0,0.0,2.0,7.0,1.0,12,20,1030,1,2,1,2,3,1,7,2,2
19302,201600008640,4.0,2,2,2,13.0,0.0,0.0,0.0,1929.0,B02,0.0,7,0,0.0,2.0,7.0,1.0,12,20,1030,1,2,1,2,3,1,7,2,2
19303,201600008640,1.0,1,3,1,11.0,0.0,0.0,0.0,1938.0,A01,0.0,7,0,0.0,2.0,1.0,12.0,12,20,1030,1,2,1,2,3,1,7,2,2
19304,201600008640,2.0,2,3,2,11.0,0.0,0.0,0.0,1941.0,A01,0.0,7,0,0.0,2.0,1.0,12.0,12,20,1030,1,2,1,2,3,1,7,2,2
19305,201600008641,1.0,1,3,1,21.0,0.0,0.0,0.0,1950.0,B02,2.0,1,0,0.0,2.0,1.0,1.0,8,14,1245,1,1,1,1,3,2,7,1,2
19306,201600008641,1.0,1,1,2,11.0,0.0,0.0,0.0,1967.0,A01,1.0,7,0,0.0,0.0,3.0,1.0,8,14,1245,1,1,1,1,3,2,1,2,1
19307,201600008642,1.0,1,3,1,1.0,0.0,0.0,0.0,1966.0,A01,0.0,1,0,0.0,0.0,0.0,1.0,9,29,1600,1,1,1,6,7,3,1,1,1
19308,201600008643,1.0,1,2,1,11.0,0.0,0.0,0.0,1991.0,A01,1.0,7,0,2.0,0.0,7.0,1.0,12,10,900,3,1,1,1,6,1,7,2,2
19309,201600008644,1.0,1,3,1,11.0,0.0,0.0,0.0,1988.0,A01,2.0,7,0,16.0,0.0,9.0,13.0,4,13,215,3,1,1,1,6,0,7,2,2
19310,201600008644,2.0,2,4,1,11.0,0.0,0.0,0.0,1996.0,A01,2.0,7,0,16.0,0.0,9.0,13.0,4,13,215,3,1,1,1,6,0,7,2,2
19311,201600008645,1.0,1,3,2,11.0,0.0,0.0,0.0,1973.0,B02,1.0,7,0,0.0,2.0,3.0,1.0,4,25,745,1,1,1,1,3,1,7,2,2
19312,201600008645,1.0,1,1,2,11.0,0.0,0.0,0.0,1984.0,A01,2.0,7,0,0.0,2.0,3.0,1.0,4,25,745,1,1,1,1,3,1,7,2,2
19313,201600008646,1.0,1,3,1,11.0,0.0,0.0,0.0,1962.0,A01,2.0,7,0,0.0,2.0,1.0,2.0,5,4,1745,1,1,2,1,6,3,7,2,2
19314,201600008646,1.0,1,4,2,11.0,0.0,0.0,0.0,1979.0,B02,2.0,7,0,0.0,2.0,3.0,1.0,5,4,1745,1,1,2,1,6,3,7,2,2
19315,201600008647,1.0,1,4,1,11.0,0.0,0.0,0.0,1973.0,A01,1.0,7,0,0.0,2.0,8.0,1.0,5,18,445,3,1,1,1,1,0,7,2,2
19316,201600008647,1.0,1,3,2,11.0,0.0,0.0,0.0,1995.0,B02,2.0,7,0,0.0,2.0,1.0,13.0,5,18,445,3,1,1,1,1,0,7,2,2
19317,201600008648,1.0,1,1,2,11.0,0.0,0.0,0.0,1956.0,C03,2.0,7,0,0.0,2.0,1.0,1.0,6,13,1500,1,1,1,1,5,3,7,2,2
19318,201600008648,1.0,1,3,1,11.0,0.0,0.0,0.0,1954.0,B02,1.0,7,0,0.0,2.0,3.0,0.0,6,13,1500,1,1,1,1,5,3,7,2,2
19319,201600008648,3.0,2,2,2,11.0,0.0,0.0,0.0,1953.0,B02,1.0,7,0,0.0,2.0,3.0,0.0,6,13,1500,1,1,1,1,5,3,7,2,2
19320,201600008648,1.0,1,1,2,11.0,0.0,0.0,0.0,1959.0,D04,2.0,7,0,0.0,2.0,1.0,0.0,6,13,1500,1,1,1,1,5,3,7,2,2
19321,201600008648,1.0,1,4,2,11.0,0.0,0.0,0.0,1956.0,A01,2.0,7,0,0.0,2.0,3.0,1.0,6,13,1500,1,1,1,1,5,3,7,2,2
19322,201600008649,1.0,1,1,1,11.0,0.0,0.0,0.0,1996.0,A01,0.0,7,0,0.0,1.0,1.0,1.0,7,30,2000,2,2,1,7,6,4,7,2,2
19323,201600008649,0.0,3,2,2,0.0,4.0,3.0,2.0,1933.0,A01,0.0,7,0,0.0,1.0,1.0,1.0,7,30,2000,2,2,1,7,6,4,7,2,2
19324,201600008649,0.0,3,3,1,0.0,4.0,3.0,2.0,1956.0,A01,0.0,7,0,0.0,1.0,1.0,1.0,7,30,2000,2,2,1,7,6,4,7,2,2
19325,201600008649,0.0,3,3,1,0.0,4.0,3.0,2.0,1963.0,A01,0.0,7,0,0.0,1.0,1.0,1.0,7,30,2000,2,2,1,7,6,4,7,2,2
19326,201600008650,0.0,3,3,1,0.0,6.0,1.0,1.0,1952.0,A01,2.0,14,0,0.0,1.0,7.0,1.0,8,23,1830,1,2,1,1,6,4,14,3,3
19327,201600008650,1.0,1,1,1,11.0,0.0,0.0,0.0,1995.0,A01,2.0,14,0,0.0,1.0,7.0,1.0,8,23,1830,1,2,1,1,6,4,14,3,3
19328,201600008651,1.0,1,3,1,21.0,0.0,0.0,0.0,1968.0,A01,1.0,33,0,0.0,0.0,3.0,2.0,9,20,2015,3,1,1,6,7,4,33,1,1
19329,201600008652,1.0,1,3,1,21.0,0.0,0.0,0.0,1967.0,A01,0.0,33,0,0.0,4.0,8.0,19.0,2,19,1700,1,2,1,1,3,3,40,1,3
19330,201600008652,1.0,1,1,1,11.0,0.0,0.0,0.0,1966.0,B02,0.0,40,0,0.0,2.0,1.0,1.0,2,19,1700,1,2,1,1,3,3,33,3,1
19331,201600008653,1.0,1,2,1,1.0,0.0,0.0,0.0,1950.0,B02,0.0,1,0,0.0,4.0,0.0,0.0,8,10,1645,1,2,1,1,1,3,40,1,3
19332,201600008653,1.0,1,1,2,1.0,0.0,0.0,0.0,1976.0,A01,1.0,40,0,0.0,2.0,2.0,1.0,8,10,1645,1,2,1,1,1,3,1,3,1
19333,201600008654,1.0,1,3,1,21.0,0.0,0.0,0.0,1966.0,A01,0.0,31,0,0.0,2.0,1.0,11.0,8,23,1815,1,1,1,1,1,4,7,1,2
19334,201600008654,1.0,1,1,1,11.0,0.0,0.0,0.0,1981.0,B02,0.0,7,0,0.0,2.0,3.0,1.0,8,23,1815,1,1,1,1,1,4,31,2,1
19335,201600008655,1.0,1,1,1,1.0,0.0,0.0,0.0,1983.0,A01,0.0,40,0,0.0,1.0,2.0,1.0,9,29,1200,1,2,1,1,6,2,40,3,3
19336,201600008655,0.0,3,2,2,0.0,0.0,3.0,1.0,1965.0,A01,0.0,40,0,0.0,1.0,2.0,1.0,9,29,1200,1,2,1,1,6,2,40,3,3
19337,201600008656,1.0,1,3,1,21.0,0.0,0.0,0.0,1993.0,A01,0.0,31,0,0.0,2.0,1.0,1.0,11,15,1845,2,2,1,1,3,4,7,1,2
19338,201600008656,1.0,1,4,2,11.0,0.0,0.0,0.0,1988.0,B02,0.0,7,0,0.0,2.0,2.0,1.0,11,15,1845,2,2,1,1,3,4,31,2,1
19339,201600008657,1.0,1,1,2,11.0,0.0,0.0,0.0,1969.0,A01,1.0,7,0,0.0,1.0,1.0,1.0,12,20,800,2,2,1,3,6,1,7,2,2
19340,201600008657,0.0,3,2,1,0.0,4.0,3.0,1.0,1946.0,A01,1.0,7,0,0.0,1.0,1.0,1.0,12,20,800,2,2,1,3,6,1,7,2,2
19341,201600008658,1.0,1,1,2,11.0,0.0,0.0,0.0,1944.0,A01,0.0,7,0,0.0,0.0,1.0,13.0,1,3,1345,1,2,1,1,5,2,7,2,2
19342,201600008658,1.0,1,3,2,11.0,0.0,0.0,0.0,1966.0,B02,0.0,7,0,0.0,0.0,1.0,0.0,1,3,1345,1,2,1,1,5,2,7,2,2
19343,201600008658,1.0,1,1,1,11.0,0.0,0.0,0.0,1963.0,C03,0.0,7,0,0.0,0.0,1.0,0.0,1,3,1345,1,2,1,1,5,2,7,2,2
19344,201600008659,1.0,1,4,1,11.0,0.0,0.0,0.0,1969.0,A01,1.0,7,0,0.0,2.0,3.0,5.0,1,5,2030,3,2,6,1,1,4,7,2,2
19345,201600008659,1.0,1,3,1,11.0,0.0,0.0,0.0,1967.0,B02,2.0,7,0,0.0,2.0,1.0,1.0,1,5,2030,3,2,6,1,1,4,7,2,2
19346,201600008660,1.0,1,4,1,21.0,0.0,0.0,0.0,1995.0,B02,2.0,30,0,0.0,2.0,1.0,21.0,1,21,1215,1,1,1,1,1,2,7,1,2
19347,201600008660,1.0,1,1,1,11.0,0.0,0.0,0.0,1984.0,A01,1.0,7,0,0.0,2.0,8.0,10.0,1,21,1215,1,1,1,1,1,2,30,2,1
19348,201600008661,1.0,1,4,1,21.0,0.0,0.0,0.0,1969.0,A01,0.0,33,0,0.0,1.0,2.0,1.0,1,29,745,1,2,1,1,6,1,33,1,1
19349,201600008661,0.0,3,3,1,0.0,2.0,3.0,1.0,1932.0,A01,0.0,33,0,0.0,1.0,2.0,1.0,1,29,745,1,2,1,1,6,1,33,1,1
19350,201600008662,1.0,1,1,2,11.0,0.0,0.0,0.0,1943.0,B02,2.0,7,0,0.0,0.0,6.0,16.0,2,4,1415,1,2,1,1,1,3,30,2,1
19351,201600008662,1.0,1,1,1,21.0,0.0,0.0,0.0,1991.0,A01,1.0,30,0,0.0,2.0,2.0,2.0,2,4,1415,1,2,1,1,1,3,7,1,2
19352,201600008662,2.0,2,3,2,21.0,0.0,0.0,0.0,1990.0,A01,1.0,30,0,0.0,2.0,2.0,2.0,2,4,1415,1,2,1,1,1,3,7,1,2
19353,201600008663,1.0,1,3,2,11.0,0.0,0.0,0.0,1944.0,B02,0.0,7,0,0.0,2.0,2.0,1.0,3,3,1200,1,1,2,1,3,2,10,2,2
19354,201600008663,1.0,1,1,1,11.0,0.0,0.0,0.0,1983.0,A01,0.0,10,0,0.0,2.0,1.0,1.0,3,3,1200,1,1,2,1,3,2,7,2,2
19355,201600008664,1.0,1,2,1,21.0,0.0,0.0,0.0,1990.0,A01,0.0,33,0,2.0,0.0,1.0,1.0,3,5,1300,1,1,1,1,6,2,33,1,1
19356,201600008665,1.0,1,3,1,21.0,0.0,0.0,0.0,1980.0,A01,2.0,33,0,0.0,2.0,1.0,1.0,3,18,2045,3,1,1,1,3,4,7,1,2
19357,201600008665,1.0,1,1,2,11.0,0.0,0.0,0.0,1986.0,B02,1.0,7,0,0.0,0.0,5.0,19.0,3,18,2045,3,1,1,1,3,4,33,2,1
19358,201600008666,1.0,1,4,1,11.0,0.0,0.0,0.0,1976.0,B02,0.0,10,0,0.0,2.0,3.0,1.0,3,24,1530,1,2,1,1,5,3,7,2,2
19359,201600008666,1.0,1,3,1,11.0,0.0,0.0,0.0,1927.0,A01,0.0,7,0,0.0,2.0,2.0,19.0,3,24,1530,1,2,1,1,5,3,10,2,2
19360,201600008666,1.0,1,4,1,11.0,0.0,0.0,0.0,1962.0,C03,0.0,7,0,0.0,2.0,1.0,1.0,3,24,1530,1,2,1,1,5,3,10,2,2
19361,201600008667,1.0,1,3,1,21.0,0.0,0.0,0.0,1996.0,A01,0.0,33,0,0.0,2.0,2.0,17.0,4,23,1630,1,1,1,1,1,3,7,1,2
19362,201600008667,1.0,1,1,1,11.0,0.0,0.0,0.0,1978.0,B02,0.0,7,0,0.0,0.0,3.0,15.0,4,23,1630,1,1,1,1,1,3,33,2,1
19363,201600008668,1.0,1,4,1,21.0,0.0,0.0,0.0,1982.0,B02,0.0,31,0,0.0,2.0,1.0,1.0,4,29,2215,5,2,9,1,3,5,7,1,2
19364,201600008668,1.0,1,1,1,11.0,0.0,0.0,0.0,1992.0,A01,0.0,7,0,0.0,2.0,3.0,16.0,4,29,2215,5,2,9,1,3,5,31,2,1
19365,201600008669,1.0,1,1,1,11.0,0.0,0.0,0.0,1979.0,A01,0.0,13,0,0.0,2.0,1.0,1.0,5,21,530,3,1,1,1,1,0,7,3,2
19366,201600008669,1.0,1,3,1,13.0,0.0,0.0,0.0,1994.0,B02,0.0,7,0,0.0,2.0,1.0,6.0,5,21,530,3,1,1,1,1,0,13,2,3
19367,201600008670,0.0,3,3,2,0.0,4.0,3.0,1.0,1948.0,A01,0.0,30,0,0.0,1.0,2.0,17.0,5,25,1700,1,2,9,1,6,3,30,1,1
19368,201600008670,1.0,1,3,2,21.0,0.0,0.0,0.0,1990.0,A01,0.0,30,0,0.0,1.0,2.0,17.0,5,25,1700,1,2,9,1,6,3,30,1,1
19369,201600008671,1.0,1,1,1,11.0,0.0,0.0,0.0,1954.0,B02,1.0,7,0,0.0,2.0,3.0,15.0,5,31,900,1,1,1,1,1,1,33,2,1
19370,201600008671,1.0,1,2,1,21.0,0.0,0.0,0.0,1972.0,A01,2.0,33,0,0.0,2.0,1.0,1.0,5,31,900,1,1,1,1,1,1,7,1,2
19371,201600008672,1.0,1,3,2,11.0,0.0,0.0,0.0,1997.0,A01,0.0,7,0,0.0,2.0,1.0,1.0,6,25,2015,1,1,1,1,1,4,7,2,2
19372,201600008672,3.0,2,3,2,31.0,0.0,0.0,0.0,2016.0,A01,0.0,7,0,0.0,2.0,1.0,1.0,6,25,2015,1,1,1,1,1,4,7,2,2
19373,201600008672,1.0,1,1,1,11.0,0.0,0.0,0.0,1987.0,B02,0.0,7,0,0.0,2.0,1.0,1.0,6,25,2015,1,1,1,1,1,4,7,2,2
19374,201600008673,0.0,3,3,2,0.0,0.0,9.0,2.0,1955.0,A01,1.0,7,0,0.0,1.0,3.0,1.0,7,3,1500,1,1,1,1,7,3,7,2,2
19375,201600008673,1.0,1,4,2,11.0,0.0,0.0,0.0,1939.0,A01,1.0,7,0,0.0,1.0,3.0,1.0,7,3,1500,1,1,1,1,7,3,7,2,2
19376,201600008674,1.0,1,3,1,23.0,0.0,0.0,0.0,1996.0,A01,1.0,31,0,12.0,0.0,1.0,1.0,7,16,930,1,2,1,1,6,1,31,1,1
19377,201600008675,1.0,1,2,1,11.0,0.0,0.0,0.0,1988.0,A01,1.0,7,0,2.0,0.0,8.0,1.0,8,16,1830,1,1,1,1,6,4,7,2,2
19378,201600008676,1.0,1,3,1,11.0,0.0,0.0,0.0,1980.0,A01,1.0,7,0,2.0,0.0,8.0,13.0,8,31,845,1,1,1,1,6,1,7,2,2
19379,201600008677,1.0,1,4,1,11.0,0.0,0.0,0.0,1972.0,B02,0.0,7,0,0.0,2.0,3.0,1.0,9,2,845,1,1,1,1,3,1,7,2,2
19380,201600008677,2.0,2,3,2,11.0,0.0,0.0,0.0,1952.0,B02,0.0,7,0,0.0,2.0,3.0,1.0,9,2,845,1,1,1,1,3,1,7,2,2
19381,201600008677,1.0,1,4,2,11.0,0.0,0.0,0.0,1987.0,A01,0.0,7,0,0.0,2.0,2.0,15.0,9,2,845,1,1,1,1,3,1,7,2,2
19382,201600008678,1.0,1,3,1,11.0,0.0,0.0,0.0,1985.0,A01,0.0,7,0,0.0,2.0,1.0,1.0,10,23,615,5,2,1,3,3,1,7,2,2
19383,201600008678,1.0,1,3,1,11.0,0.0,0.0,0.0,1993.0,B02,0.0,7,0,4.0,2.0,6.0,19.0,10,23,615,5,2,1,3,3,1,7,2,2
19384,201600008679,1.0,1,1,2,11.0,0.0,0.0,0.0,1965.0,B02,0.0,7,0,0.0,2.0,3.0,15.0,12,9,1145,1,2,1,1,3,1,33,2,1
19385,201600008679,1.0,1,3,1,21.0,0.0,0.0,0.0,1955.0,A01,0.0,33,0,0.0,2.0,1.0,1.0,12,9,1145,1,2,1,1,3,1,7,1,2
19386,201600008680,1.0,1,1,1,11.0,0.0,0.0,0.0,1960.0,B02,0.0,7,0,0.0,2.0,3.0,0.0,2,3,1630,1,2,1,1,1,3,7,2,2