,Num_Acc,place,catu,grav,sexe,secu,locp,actp,etatp,an_nais,num_veh,senc,catv,occutc,obs,obsm,choc,manv,mois,jour,hrmn,lum,agg,int,atm,col,mom,catvopp,catv_gen,catvopp_gen
19387,201600008680,2.0,2,4,2,11.0,0.0,0.0,0.0,1968.0,B02,0.0,7,0,0.0,2.0,3.0,0.0,2,3,1630,1,2,1,1,1,3,7,2,2
19388,201600008680,1.0,1,1,1,11.0,0.0,0.0,0.0,1982.0,A01,0.0,7,0,0.0,1.0,1.0,21.0,2,3,1630,1,2,1,1,1,3,7,2,2
19389,201600008680,0.0,3,3,2,0.0,4.0,3.0,2.0,1935.0,A01,0.0,7,0,0.0,1.0,1.0,21.0,2,3,1630,1,2,1,1,1,3,7,2,2
19390,201600008681,1.0,1,3,2,1.0,0.0,0.0,0.0,1947.0,B02,0.0,1,0,0.0,2.0,1.0,5.0,6,20,1745,1,2,1,1,3,3,7,1,2
19391,201600008681,1.0,1,1,2,11.0,0.0,0.0,0.0,1977.0,A01,0.0,7,0,0.0,2.0,2.0,9.0,6,20,1745,1,2,1,1,3,3,1,2,1
19392,201600008682,1.0,1,1,1,11.0,0.0,0.0,0.0,1965.0,A01,1.0,7,0,0.0,2.0,5.0,23.0,7,1,2015,1,1,1,1,3,4,33,2,1
19393,201600008682,1.0,1,2,1,21.0,0.0,0.0,0.0,1969.0,B02,1.0,33,0,0.0,2.0,1.0,23.0,7,1,2015,1,1,1,1,3,4,7,1,2
19394,201600008683,1.0,1,1,1,11.0,0.0,0.0,0.0,1956.0,A01,0.0,7,0,0.0,9.0,1.0,9.0,7,12,1700,1,2,6,1,2,3,1,2,1
19395,201600008683,1.0,1,4,1,1.0,0.0,0.0,0.0,2000.0,B02,0.0,1,0,0.0,2.0,4.0,1.0,7,12,1700,1,2,6,1,2,3,7,1,2
19396,201600008684,1.0,1,1,1,11.0,0.0,0.0,0.0,1975.0,A01,0.0,7,0,0.0,1.0,1.0,1.0,7,21,2245,5,2,1,1,6,5,7,2,2
19397,201600008684,0.0,3,3,1,0.0,2.0,3.0,1.0,1981.0,A01,0.0,7,0,0.0,1.0,1.0,1.0,7,21,2245,5,2,1,1,6,5,7,2,2
19398,201600008685,1.0,1,1,1,11.0,0.0,0.0,0.0,1972.0,A01,0.0,7,0,0.0,0.0,2.0,0.0,8,15,2130,5,2,1,1,3,4,30,2,1
19399,201600008685,1.0,1,3,1,21.0,0.0,0.0,0.0,1959.0,B02,0.0,30,0,0.0,0.0,1.0,1.0,8,15,2130,5,2,1,1,3,4,7,1,2
19400,201600008686,1.0,1,4,2,11.0,0.0,0.0,0.0,1981.0,A01,1.0,7,0,0.0,2.0,3.0,1.0,9,2,1300,1,2,1,1,3,2,7,2,2
19401,201600008686,1.0,1,1,1,11.0,0.0,0.0,0.0,1993.0,B02,2.0,7,0,0.0,2.0,2.0,1.0,9,2,1300,1,2,1,1,3,2,7,2,2
19402,201600008686,2.0,2,4,2,11.0,0.0,0.0,0.0,1996.0,B02,2.0,7,0,0.0,2.0,2.0,1.0,9,2,1300,1,2,1,1,3,2,7,2,2
19403,201600008687,1.0,1,1,1,11.0,0.0,0.0,0.0,1985.0,A01,0.0,7,0,0.0,1.0,4.0,4.0,9,5,815,1,1,9,1,6,1,7,2,2
19404,201600008687,0.0,3,3,2,0.0,4.0,3.0,1.0,1946.0,A01,0.0,7,0,0.0,1.0,4.0,4.0,9,5,815,1,1,9,1,6,1,7,2,2
19405,201600008688,1.0,1,3,1,21.0,0.0,0.0,0.0,1992.0,B02,1.0,33,0,0.0,0.0,8.0,1.0,10,2,1830,1,1,1,7,3,4,7,1,2
19406,201600008688,2.0,2,3,1,21.0,0.0,0.0,0.0,1991.0,B02,1.0,33,0,0.0,0.0,8.0,1.0,10,2,1830,1,1,1,7,3,4,7,1,2
19407,201600008688,1.0,1,1,1,11.0,0.0,0.0,0.0,1989.0,A01,1.0,7,0,0.0,0.0,7.0,14.0,10,2,1830,1,1,1,7,3,4,33,2,1
19408,201600008689,1.0,1,1,2,11.0,0.0,0.0,0.0,1954.0,A01,0.0,7,0,0.0,1.0,3.0,0.0,10,18,830,5,2,1,1,6,1,7,2,2
19409,201600008689,0.0,3,3,1,0.0,4.0,3.0,1.0,1935.0,A01,0.0,7,0,0.0,1.0,3.0,0.0,10,18,830,5,2,1,1,6,1,7,2,2
19410,201600008690,1.0,1,3,2,11.0,0.0,0.0,0.0,1935.0,B02,0.0,7,0,0.0,2.0,7.0,1.0,12,18,1415,1,2,1,1,3,3,7,2,2
19411,201600008690,1.0,1,1,1,11.0,0.0,0.0,0.0,1935.0,A01,0.0,7,0,0.0,2.0,2.0,1.0,12,18,1415,1,2,1,1,3,3,7,2,2
19412,201600008691,1.0,1,1,1,11.0,0.0,0.0,0.0,1956.0,A01,0.0,7,0,0.0,1.0,1.0,1.0,1,13,1600,1,2,1,1,6,3,7,2,2
19413,201600008691,0.0,3,3,2,0.0,2.0,3.0,2.0,1936.0,A01,0.0,7,0,0.0,1.0,1.0,1.0,1,13,1600,1,2,1,1,6,3,7,2,2
19414,201600008691,0.0,3,3,1,0.0,2.0,3.0,2.0,1975.0,A01,0.0,7,0,0.0,1.0,1.0,1.0,1,13,1600,1,2,1,1,6,3,7,2,2
19415,201600008692,1.0,1,4,1,21.0,0.0,0.0,0.0,1979.0,A01,1.0,1,0,0.0,0.0,4.0,2.0,1,25,745,2,1,9,1,2,1,7,1,2
19416,201600008692,1.0,1,1,1,13.0,0.0,0.0,0.0,1989.0,B02,1.0,7,0,0.0,0.0,2.0,9.0,1,25,745,2,1,9,1,2,1,1,2,1
19417,201600008693,1.0,1,1,1,21.0,0.0,0.0,0.0,1956.0,A01,2.0,34,0,0.0,0.0,2.0,1.0,2,7,1530,1,1,1,1,7,3,34,1,1
19418,201600008693,2.0,2,3,1,21.0,0.0,0.0,0.0,2001.0,A01,2.0,34,0,0.0,0.0,2.0,1.0,2,7,1530,1,1,1,1,7,3,34,1,1
19419,201600008694,1.0,1,3,1,21.0,0.0,0.0,0.0,1972.0,B02,2.0,33,0,13.0,0.0,9.0,21.0,3,19,1300,1,1,1,1,1,2,7,1,2
19420,201600008694,1.0,1,1,1,11.0,0.0,0.0,0.0,1942.0,A01,1.0,7,0,0.0,0.0,0.0,17.0,3,19,1300,1,1,1,1,1,2,33,2,1
19421,201600008695,1.0,1,3,1,13.0,0.0,0.0,0.0,1987.0,A01,2.0,7,0,0.0,2.0,7.0,13.0,3,26,730,1,1,1,1,3,1,7,2,2
19422,201600008695,1.0,1,1,2,13.0,0.0,0.0,0.0,1956.0,B02,1.0,7,0,0.0,2.0,7.0,21.0,3,26,730,1,1,1,1,3,1,7,2,2
19423,201600008696,1.0,1,3,1,11.0,0.0,0.0,0.0,1962.0,A01,0.0,10,0,2.0,0.0,1.0,14.0,4,11,1000,1,1,1,1,6,1,10,2,2
19424,201600008697,1.0,1,3,1,21.0,0.0,0.0,0.0,1985.0,A01,0.0,30,0,0.0,2.0,1.0,1.0,6,8,1645,1,1,1,1,5,3,7,1,2
19425,201600008697,1.0,1,1,1,11.0,0.0,0.0,0.0,1982.0,B02,0.0,7,0,0.0,2.0,2.0,12.0,6,8,1645,1,1,1,1,5,3,30,2,1
19426,201600008697,1.0,1,1,2,11.0,0.0,0.0,0.0,1967.0,C03,0.0,7,0,0.0,2.0,3.0,1.0,6,8,1645,1,1,1,1,5,3,30,2,1
19427,201600008698,1.0,1,3,1,21.0,0.0,0.0,0.0,1981.0,A01,1.0,32,0,0.0,2.0,1.0,1.0,7,15,1300,1,1,3,1,3,2,7,1,2
19428,201600008698,1.0,1,1,2,11.0,0.0,0.0,0.0,1962.0,B02,0.0,7,0,0.0,2.0,7.0,19.0,7,15,1300,1,1,3,1,3,2,32,2,1
19429,201600008699,1.0,1,3,2,11.0,0.0,0.0,0.0,1968.0,A01,1.0,7,0,0.0,2.0,8.0,13.0,7,31,1315,1,1,1,1,3,2,7,2,2
19430,201600008699,1.0,1,3,2,11.0,0.0,0.0,0.0,1977.0,B02,1.0,7,0,0.0,2.0,3.0,1.0,7,31,1315,1,1,1,1,3,2,7,2,2
19431,201600008699,2.0,2,3,1,11.0,0.0,0.0,0.0,1957.0,B02,1.0,7,0,0.0,2.0,3.0,1.0,7,31,1315,1,1,1,1,3,2,7,2,2
19432,201600008700,1.0,1,3,1,21.0,0.0,0.0,0.0,1947.0,B02,0.0,30,0,0.0,2.0,8.0,1.0,8,20,645,1,2,1,1,3,1,7,1,2
19433,201600008700,1.0,1,1,1,13.0,0.0,0.0,0.0,1984.0,A01,0.0,7,0,0.0,2.0,3.0,15.0,8,20,645,1,2,1,1,3,1,30,2,1
19434,201600008701,1.0,1,1,2,11.0,0.0,0.0,0.0,1983.0,A01,0.0,7,0,0.0,2.0,3.0,15.0,9,6,1300,1,2,1,1,3,2,31,2,1
19435,201600008701,1.0,1,3,1,21.0,0.0,0.0,0.0,1981.0,B02,0.0,31,0,0.0,2.0,2.0,1.0,9,6,1300,1,2,1,1,3,2,7,1,2
19436,201600008702,1.0,1,1,2,11.0,0.0,0.0,0.0,1971.0,A01,0.0,7,0,0.0,0.0,7.0,1.0,9,8,1215,1,2,1,1,3,2,1,2,1
19437,201600008702,1.0,1,3,2,22.0,0.0,0.0,0.0,1981.0,B02,0.0,1,0,0.0,0.0,1.0,1.0,9,8,1215,1,2,1,1,3,2,7,1,2
19438,201600008703,1.0,1,1,1,11.0,0.0,0.0,0.0,1979.0,A01,2.0,7,0,0.0,2.0,1.0,13.0,9,23,1230,1,1,1,1,1,2,7,2,2
19439,201600008703,1.0,1,3,1,11.0,0.0,0.0,0.0,1963.0,B02,1.0,7,0,0.0,2.0,1.0,1.0,9,23,1230,1,1,1,1,1,2,7,2,2
19440,201600008704,0.0,3,3,2,0.0,2.0,3.0,1.0,1950.0,A01,0.0,7,0,0.0,1.0,1.0,19.0,11,2,1530,1,1,1,1,6,3,7,2,2
19441,201600008704,1.0,1,1,2,11.0,0.0,0.0,0.0,1950.0,A01,0.0,7,0,0.0,1.0,1.0,19.0,11,2,1530,1,1,1,1,6,3,7,2,2
19442,201600008705,1.0,1,1,1,11.0,0.0,0.0,0.0,1969.0,A01,0.0,10,0,0.0,2.0,1.0,1.0,11,17,1930,3,1,1,1,5,4,7,2,2
19443,201600008705,1.0,1,3,2,11.0,0.0,0.0,0.0,1971.0,C03,0.0,7,0,0.0,2.0,1.0,1.0,11,17,1930,3,1,1,1,5,4,10,2,2
19444,201600008705,1.0,1,1,1,11.0,0.0,0.0,0.0,1956.0,B02,0.0,7,0,0.0,2.0,1.0,1.0,11,17,1930,3,1,1,1,5,4,10,2,2
19445,201600008706,1.0,1,2,2,11.0,0.0,0.0,0.0,1997.0,A01,1.0,7,0,2.0,0.0,7.0,1.0,12,4,845,1,1,1,8,6,1,7,2,2
19446,201600008707,1.0,1,3,1,11.0,0.0,0.0,0.0,1980.0,A01,0.0,7,0,0.0,2.0,8.0,10.0,12,5,2030,2,1,1,1,3,4,7,2,2
19447,201600008707,1.0,1,1,1,11.0,0.0,0.0,0.0,1981.0,B02,1.0,7,0,0.0,2.0,1.0,1.0,12,5,2030,2,1,1,1,3,4,7,2,2
19448,201600008708,1.0,1,4,1,21.0,0.0,0.0,0.0,1948.0,A01,0.0,34,0,0.0,2.0,1.0,1.0,12,8,1000,1,1,1,1,2,1,10,1,2
19449,201600008708,1.0,1,1,1,11.0,0.0,0.0,0.0,1986.0,B02,0.0,10,0,0.0,2.0,4.0,1.0,12,8,1000,1,1,1,1,2,1,34,2,1
19450,201600008709,1.0,1,1,1,11.0,0.0,0.0,0.0,1977.0,A01,1.0,7,0,0.0,2.0,3.0,1.0,12,26,1945,2,1,1,1,2,4,1,2,1
19451,201600008709,1.0,1,3,1,1.0,0.0,0.0,0.0,1938.0,B02,1.0,1,0,0.0,2.0,0.0,13.0,12,26,1945,2,1,1,1,2,4,7,1,2
19452,201600008710,2.0,2,2,2,11.0,0.0,0.0,0.0,1990.0,A01,0.0,7,0,0.0,2.0,7.0,13.0,12,28,1830,3,1,1,1,3,4,10,2,2
19453,201600008710,1.0,1,2,1,11.0,0.0,0.0,0.0,1992.0,A01,0.0,7,0,0.0,2.0,7.0,13.0,12,28,1830,3,1,1,1,3,4,10,2,2
19454,201600008710,1.0,1,4,1,11.0,0.0,0.0,0.0,1957.0,B02,0.0,10,0,0.0,2.0,1.0,1.0,12,28,1830,3,1,1,1,3,4,7,2,2
19455,201600008710,2.0,2,4,2,11.0,0.0,0.0,0.0,1959.0,B02,0.0,10,0,0.0,2.0,1.0,1.0,12,28,1830,3,1,1,1,3,4,7,2,2
19456,201600008711,1.0,1,1,1,11.0,0.0,0.0,0.0,1962.0,A01,2.0,10,0,0.0,0.0,8.0,10.0,1,5,800,2,1,1,1,3,1,33,2,1
19457,201600008711,1.0,1,4,2,21.0,0.0,0.0,0.0,1982.0,B02,2.0,33,0,0.0,2.0,1.0,17.0,1,5,800,2,1,1,1,3,1,10,1,2
19458,201600008712,1.0,1,4,1,11.0,0.0,0.0,0.0,1990.0,B02,2.0,7,0,0.0,0.0,0.0,0.0,1,3,2000,4,2,6,2,3,4,30,2,1
19459,201600008712,1.0,1,3,1,21.0,0.0,0.0,0.0,1956.0,A01,1.0,30,0,0.0,2.0,7.0,1.0,1,3,2000,4,2,6,2,3,4,7,1,2
19460,201600008713,1.0,1,3,1,11.0,0.0,0.0,0.0,1968.0,A01,1.0,7,0,0.0,2.0,1.0,5.0,1,14,845,1,1,1,1,1,1,7,2,2
19461,201600008713,1.0,1,3,2,11.0,0.0,0.0,0.0,1991.0,B02,2.0,7,0,0.0,2.0,1.0,1.0,1,14,845,1,1,1,1,1,1,7,2,2
19462,201600008714,1.0,1,4,1,11.0,0.0,0.0,0.0,1983.0,B02,0.0,14,0,0.0,2.0,3.0,1.0,3,29,830,1,1,2,1,3,1,34,3,1
19463,201600008714,1.0,1,3,1,21.0,0.0,0.0,0.0,1977.0,A01,1.0,34,0,0.0,2.0,1.0,17.0,3,29,830,1,1,2,1,3,1,14,1,3
19464,201600008715,1.0,1,1,1,13.0,0.0,0.0,0.0,1991.0,B02,1.0,21,0,0.0,2.0,3.0,1.0,4,22,1715,1,1,3,2,3,3,7,0,2
19465,201600008715,1.0,1,3,1,11.0,0.0,0.0,0.0,1986.0,A01,1.0,7,0,0.0,2.0,6.0,19.0,4,22,1715,1,1,3,2,3,3,21,2,0
19466,201600008716,1.0,1,3,1,11.0,0.0,0.0,0.0,1993.0,A01,1.0,7,0,13.0,0.0,2.0,14.0,5,16,415,3,1,1,1,6,0,7,2,2
19467,201600008716,2.0,2,3,1,11.0,0.0,0.0,0.0,1986.0,A01,1.0,7,0,13.0,0.0,2.0,14.0,5,16,415,3,1,1,1,6,0,7,2,2
19468,201600008717,1.0,1,4,1,21.0,0.0,0.0,0.0,1960.0,A01,1.0,32,0,0.0,2.0,3.0,18.0,5,19,830,1,1,6,1,6,1,32,1,1
19469,201600008718,1.0,1,4,2,11.0,0.0,0.0,0.0,1994.0,B02,1.0,7,0,0.0,2.0,9.0,1.0,7,18,1130,1,1,1,1,4,1,7,2,2
19470,201600008718,1.0,1,1,2,11.0,0.0,0.0,0.0,1960.0,A01,1.0,7,0,0.0,0.0,4.0,1.0,7,18,1130,1,1,1,1,4,1,7,2,2
19471,201600008718,1.0,1,1,2,11.0,0.0,0.0,0.0,1994.0,C03,1.0,7,0,0.0,0.0,4.0,1.0,7,18,1130,1,1,1,1,4,1,7,2,2
19472,201600008719,1.0,1,3,1,21.0,0.0,0.0,0.0,1990.0,B02,1.0,31,0,0.0,2.0,1.0,1.0,8,12,845,1,2,1,1,1,1,10,1,2
19473,201600008719,1.0,1,1,1,11.0,0.0,0.0,0.0,1996.0,A01,2.0,10,0,0.0,2.0,3.0,15.0,8,12,845,1,2,1,1,1,1,31,2,1
19474,201600008720,1.0,1,3,1,21.0,0.0,0.0,0.0,1933.0,A01,1.0,1,0,12.0,0.0,6.0,1.0,10,21,1630,1,2,1,1,6,3,1,1,1
19475,201600008721,1.0,1,1,2,11.0,0.0,0.0,0.0,1979.0,A01,2.0,7,0,0.0,2.0,3.0,1.0,11,10,815,1,1,1,1,5,1,33,2,1
19476,201600008721,1.0,1,1,1,11.0,0.0,0.0,0.0,1978.0,C03,2.0,7,0,0.0,2.0,1.0,1.0,11,10,815,1,1,1,1,5,1,33,2,1
19477,201600008721,1.0,1,1,1,11.0,0.0,0.0,0.0,1995.0,B02,1.0,7,0,0.0,2.0,6.0,1.0,11,10,815,1,1,1,1,5,1,33,2,1
19478,201600008721,1.0,1,3,1,21.0,0.0,0.0,0.0,1990.0,D04,1.0,33,0,0.0,2.0,1.0,17.0,11,10,815,1,1,1,1,5,1,7,1,2
19479,201600008722,1.0,1,2,1,12.0,0.0,0.0,0.0,1990.0,A01,2.0,7,0,0.0,2.0,7.0,13.0,12,8,2230,3,1,1,1,3,5,7,2,2
19480,201600008722,1.0,1,3,1,11.0,0.0,0.0,0.0,1976.0,B02,1.0,7,0,0.0,2.0,1.0,1.0,12,8,2230,3,1,1,1,3,5,7,2,2
19481,201600008722,2.0,2,3,2,11.0,0.0,0.0,0.0,1981.0,B02,1.0,7,0,0.0,2.0,1.0,1.0,12,8,2230,3,1,1,1,3,5,7,2,2
19482,201600008723,1.0,1,3,1,13.0,0.0,0.0,0.0,1991.0,A01,2.0,7,0,0.0,6.0,1.0,1.0,3,14,630,1,1,1,1,6,1,7,2,2
19483,201600008724,1.0,1,3,1,12.0,0.0,0.0,0.0,1984.0,A01,1.0,10,0,5.0,0.0,3.0,19.0,6,29,1215,1,1,1,1,6,2,10,2,2
19484,201600008725,1.0,1,4,2,11.0,0.0,0.0,0.0,1992.0,A01,1.0,7,0,5.0,0.0,1.0,1.0,7,10,245,3,1,1,1,6,0,7,2,2
19485,201600008726,1.0,1,1,2,11.0,0.0,0.0,0.0,1965.0,A01,1.0,7,0,0.0,9.0,1.0,1.0,7,23,1130,1,1,2,1,1,1,1,2,1
19486,201600008726,1.0,1,3,1,21.0,0.0,0.0,0.0,1932.0,B02,1.0,1,0,0.0,2.0,2.0,1.0,7,23,1130,1,1,2,1,1,1,7,1,2
19487,201600008727,1.0,1,3,1,21.0,0.0,0.0,0.0,1991.0,B02,0.0,33,0,0.0,2.0,1.0,1.0,8,15,2045,1,1,3,1,3,4,7,1,2
19488,201600008727,1.0,1,1,2,11.0,0.0,0.0,0.0,1975.0,A01,2.0,7,0,0.0,2.0,2.0,15.0,8,15,2045,1,1,3,1,3,4,33,2,1
19489,201600008728,1.0,1,3,1,21.0,0.0,0.0,0.0,1981.0,B02,0.0,31,0,0.0,0.0,3.0,21.0,9,3,2045,2,2,9,1,3,4,7,1,2
19490,201600008728,1.0,1,1,1,11.0,0.0,0.0,0.0,1968.0,A01,0.0,7,0,0.0,0.0,3.0,1.0,9,3,2045,2,2,9,1,3,4,31,2,1
19491,201600008729,1.0,1,3,1,11.0,0.0,0.0,0.0,1997.0,A01,2.0,7,0,0.0,2.0,3.0,1.0,9,19,1745,1,1,1,1,5,3,7,2,2
19492,201600008729,1.0,1,3,2,11.0,0.0,0.0,0.0,1952.0,B02,1.0,7,0,0.0,2.0,3.0,1.0,9,19,1745,1,1,1,1,5,3,7,2,2
19493,201600008729,1.0,1,1,2,11.0,0.0,0.0,0.0,1961.0,C03,1.0,7,0,0.0,2.0,6.0,1.0,9,19,1745,1,1,1,1,5,3,7,2,2
19494,201600008730,1.0,1,1,2,11.0,0.0,0.0,0.0,1967.0,A01,0.0,7,0,0.0,1.0,7.0,1.0,2,8,1330,1,2,1,1,6,2,7,2,2
19495,201600008730,0.0,3,3,1,0.0,1.0,4.0,2.0,2007.0,A01,0.0,7,0,0.0,1.0,7.0,1.0,2,8,1330,1,2,1,1,6,2,7,2,2
19496,201600008731,1.0,1,1,2,11.0,0.0,0.0,0.0,1957.0,A01,0.0,7,0,0.0,2.0,7.0,16.0,4,13,1600,1,1,1,1,3,3,1,2,1
19497,201600008731,1.0,1,3,1,1.0,0.0,0.0,0.0,1931.0,B02,2.0,1,0,0.0,2.0,8.0,1.0,4,13,1600,1,1,1,1,3,3,7,1,2
19498,201600008732,1.0,1,2,2,11.0,0.0,0.0,0.0,1984.0,A01,2.0,7,0,0.0,0.0,8.0,1.0,5,22,1545,1,1,1,3,3,3,10,2,2
19499,201600008732,1.0,1,3,1,11.0,0.0,0.0,0.0,1987.0,B02,1.0,10,0,0.0,0.0,1.0,1.0,5,22,1545,1,1,1,3,3,3,7,2,2
19500,201600008733,1.0,1,2,1,21.0,0.0,0.0,0.0,1950.0,A01,2.0,33,0,0.0,2.0,1.0,13.0,6,5,1130,1,1,1,1,3,1,7,1,2
19501,201600008733,1.0,1,1,1,11.0,0.0,0.0,0.0,1946.0,B02,1.0,7,0,0.0,2.0,3.0,1.0,6,5,1130,1,1,1,1,3,1,33,2,1
19502,201600008734,1.0,1,2,1,11.0,0.0,0.0,0.0,1934.0,A01,2.0,7,0,0.0,2.0,8.0,15.0,6,30,945,1,1,1,1,3,1,7,2,2
19503,201600008734,1.0,1,1,1,11.0,0.0,0.0,0.0,1987.0,B02,1.0,7,0,0.0,2.0,3.0,1.0,6,30,945,1,1,1,1,3,1,7,2,2
19504,201600008735,1.0,1,3,1,21.0,0.0,0.0,0.0,1970.0,A01,2.0,33,0,3.0,0.0,1.0,1.0,7,9,2330,3,1,1,1,6,5,33,1,1
19505,201600008736,1.0,1,4,1,21.0,0.0,0.0,0.0,1987.0,A01,1.0,33,0,0.0,2.0,1.0,13.0,10,9,1500,1,2,1,1,1,3,7,1,2
19506,201600008736,1.0,1,1,1,11.0,0.0,0.0,0.0,1961.0,B02,2.0,7,0,0.0,2.0,3.0,1.0,10,9,1500,1,2,1,1,1,3,33,2,1
19507,201600008737,2.0,2,3,2,21.0,0.0,0.0,0.0,1998.0,B02,1.0,33,0,0.0,0.0,1.0,1.0,10,16,1715,1,1,1,1,1,3,33,1,1
19508,201600008737,1.0,1,3,1,21.0,0.0,0.0,0.0,1992.0,B02,1.0,33,0,0.0,0.0,1.0,1.0,10,16,1715,1,1,1,1,1,3,33,1,1
19509,201600008737,1.0,1,1,1,21.0,0.0,0.0,0.0,1982.0,A01,2.0,33,0,0.0,0.0,0.0,1.0,10,16,1715,1,1,1,1,1,3,33,1,1
19510,201600008738,1.0,1,1,2,11.0,0.0,0.0,0.0,1959.0,A01,2.0,7,0,0.0,1.0,3.0,1.0,11,15,1130,1,2,1,1,6,1,7,2,2
19511,201600008738,0.0,3,3,1,0.0,2.0,3.0,1.0,1952.0,A01,2.0,7,0,0.0,1.0,3.0,1.0,11,15,1130,1,2,1,1,6,1,7,2,2
19512,201600008739,1.0,1,2,1,11.0,0.0,0.0,0.0,1997.0,A01,1.0,7,0,0.0,2.0,7.0,13.0,11,24,1215,1,1,1,3,3,2,15,2,3
19513,201600008739,1.0,1,1,1,11.0,0.0,0.0,0.0,1951.0,B02,2.0,15,0,0.0,0.0,1.0,0.0,11,24,1215,1,1,1,3,3,2,7,3,2
19514,201600008740,1.0,1,1,1,1.0,0.0,0.0,0.0,1979.0,A01,0.0,7,0,0.0,0.0,0.0,0.0,11,29,1300,1,1,1,5,6,2,7,2,2
19515,201600008740,2.0,2,3,1,13.0,0.0,0.0,0.0,2016.0,A01,0.0,7,0,0.0,0.0,0.0,0.0,11,29,1300,1,1,1,5,6,2,7,2,2
19516,201600008741,1.0,1,1,1,11.0,0.0,0.0,0.0,1991.0,C03,2.0,7,0,0.0,2.0,3.0,1.0,2,15,1700,2,1,4,1,5,3,33,2,1
19517,201600008741,1.0,1,1,1,11.0,0.0,0.0,0.0,1961.0,A01,1.0,7,0,0.0,0.0,6.0,1.0,2,15,1700,2,1,4,1,5,3,33,2,1
19518,201600008741,1.0,1,2,1,21.0,0.0,0.0,0.0,1946.0,B02,1.0,33,0,0.0,2.0,1.0,0.0,2,15,1700,2,1,4,1,5,3,7,1,2
19519,201600008742,1.0,1,4,2,11.0,0.0,0.0,0.0,1966.0,B02,0.0,7,0,0.0,2.0,2.0,1.0,3,16,1245,1,2,2,1,3,2,13,2,3
19520,201600008742,2.0,2,4,2,11.0,0.0,0.0,0.0,2004.0,B02,0.0,7,0,0.0,2.0,2.0,1.0,3,16,1245,1,2,2,1,3,2,13,2,3
19521,201600008742,1.0,1,1,1,11.0,0.0,0.0,0.0,1987.0,A01,0.0,13,0,0.0,2.0,1.0,1.0,3,16,1245,1,2,2,1,3,2,7,3,2
19522,201600008743,2.0,2,1,1,11.0,0.0,0.0,0.0,1971.0,A01,0.0,7,0,0.0,2.0,2.0,1.0,3,25,2300,5,1,1,1,3,5,31,2,1
19523,201600008743,1.0,1,1,2,11.0,0.0,0.0,0.0,1973.0,A01,0.0,7,0,0.0,2.0,2.0,1.0,3,25,2300,5,1,1,1,3,5,31,2,1
19524,201600008743,2.0,2,3,2,21.0,0.0,0.0,0.0,1997.0,B02,0.0,31,0,0.0,2.0,1.0,1.0,3,25,2300,5,1,1,1,3,5,7,1,2
19525,201600008743,1.0,1,1,1,21.0,0.0,0.0,0.0,1998.0,B02,0.0,31,0,0.0,2.0,1.0,1.0,3,25,2300,5,1,1,1,3,5,7,1,2
19526,201600008744,1.0,1,4,1,11.0,0.0,0.0,0.0,1975.0,A01,0.0,7,0,14.0,0.0,1.0,1.0,6,11,1545,1,1,1,1,6,3,7,2,2
19527,201600008745,1.0,1,3,2,11.0,0.0,0.0,0.0,1980.0,A01,1.0,7,0,13.0,0.0,8.0,1.0,6,18,45,3,2,1,3,6,0,7,2,2
19528,201600008746,1.0,1,3,1,21.0,0.0,0.0,0.0,1970.0,A01,1.0,33,0,8.0,0.0,2.0,1.0,7,5,1815,1,1,1,1,6,4,33,1,1
19529,201600008746,2.0,2,3,1,21.0,0.0,0.0,0.0,1970.0,A01,1.0,33,0,8.0,0.0,2.0,1.0,7,5,1815,1,1,1,1,6,4,33,1,1
19530,201600008747,1.0,1,4,1,11.0,0.0,0.0,0.0,1980.0,A01,1.0,7,0,0.0,2.0,3.0,13.0,7,29,1030,1,1,1,1,5,1,10,2,2
19531,201600008747,1.0,1,3,1,11.0,0.0,0.0,0.0,1964.0,B02,2.0,10,0,0.0,2.0,2.0,1.0,7,29,1030,1,1,1,1,5,1,7,2,2
19532,201600008747,1.0,1,4,1,11.0,0.0,0.0,0.0,1982.0,C03,2.0,7,0,0.0,2.0,8.0,1.0,7,29,1030,1,1,1,1,5,1,10,2,2
19533,201600008748,1.0,1,2,2,11.0,0.0,0.0,0.0,1928.0,A01,1.0,7,0,0.0,2.0,1.0,13.0,12,6,1645,1,1,1,1,1,3,7,2,2
19534,201600008748,1.0,1,3,2,11.0,0.0,0.0,0.0,1988.0,B02,2.0,7,0,0.0,2.0,3.0,1.0,12,6,1645,1,1,1,1,1,3,7,2,2
19535,201600008749,1.0,1,3,1,11.0,0.0,0.0,0.0,1968.0,A01,2.0,7,0,13.0,0.0,9.0,1.0,11,29,1700,2,1,1,1,6,3,7,2,2
19536,201600008750,1.0,1,3,1,21.0,0.0,0.0,0.0,1992.0,A01,1.0,33,0,0.0,2.0,1.0,17.0,2,8,1015,1,1,1,1,2,1,7,1,2
19537,201600008750,1.0,1,1,1,11.0,0.0,0.0,0.0,1944.0,B02,1.0,7,0,0.0,2.0,6.0,15.0,2,8,1015,1,1,1,1,2,1,33,2,1
19538,201600008751,1.0,1,4,1,11.0,0.0,0.0,0.0,1954.0,A01,0.0,10,0,0.0,0.0,1.0,0.0,5,18,1515,1,1,1,2,1,3,10,2,2