,Num_Acc,place,catu,grav,sexe,secu,locp,actp,etatp,an_nais,num_veh,senc,catv,occutc,obs,obsm,choc,manv,mois,jour,hrmn,lum,agg,int,atm,col,mom,catvopp,catv_gen,catvopp_gen
19539,201600008751,1.0,1,3,1,11.0,0.0,0.0,0.0,1945.0,B02,0.0,10,0,0.0,2.0,1.0,1.0,5,18,1515,1,1,1,2,1,3,10,2,2
19540,201600008752,1.0,1,3,1,11.0,0.0,0.0,0.0,1972.0,A01,0.0,7,0,13.0,0.0,1.0,1.0,6,20,945,1,1,1,1,6,1,7,2,2
19541,201600008753,1.0,1,3,1,21.0,0.0,0.0,0.0,1955.0,B02,2.0,1,0,0.0,2.0,7.0,15.0,6,28,1030,1,2,1,1,3,1,21,1,0
19542,201600008753,1.0,1,1,1,1.0,0.0,0.0,0.0,1966.0,A01,1.0,21,0,0.0,9.0,2.0,16.0,6,28,1030,1,2,1,1,3,1,1,0,1
19543,201600008754,1.0,1,3,1,21.0,0.0,0.0,0.0,1971.0,A01,1.0,31,0,0.0,0.0,1.0,1.0,7,13,1600,1,1,6,1,6,3,31,1,1
19544,201600008755,1.0,1,1,1,11.0,0.0,0.0,0.0,1996.0,A01,0.0,7,0,0.0,2.0,3.0,13.0,7,18,1215,1,1,1,1,1,2,7,2,2
19545,201600008755,1.0,1,3,2,11.0,0.0,0.0,0.0,1971.0,B02,0.0,7,0,0.0,2.0,3.0,0.0,7,18,1215,1,1,1,1,1,2,7,2,2
19546,201600008755,2.0,2,1,1,11.0,0.0,0.0,0.0,1973.0,B02,0.0,7,0,0.0,2.0,3.0,0.0,7,18,1215,1,1,1,1,1,2,7,2,2
19547,201600008756,1.0,1,1,1,11.0,0.0,0.0,0.0,1993.0,A01,2.0,7,0,0.0,1.0,1.0,1.0,7,28,2030,1,2,6,1,6,4,7,2,2
19548,201600008756,0.0,3,3,1,0.0,4.0,3.0,1.0,1965.0,A01,2.0,7,0,0.0,1.0,1.0,1.0,7,28,2030,1,2,6,1,6,4,7,2,2
19549,201600008757,1.0,1,1,1,11.0,0.0,0.0,0.0,1979.0,C03,2.0,7,0,0.0,2.0,1.0,1.0,8,19,1600,1,1,1,1,4,3,7,2,2
19550,201600008757,1.0,1,3,1,11.0,0.0,0.0,0.0,1994.0,B02,2.0,7,0,0.0,2.0,1.0,1.0,8,19,1600,1,1,1,1,4,3,7,2,2
19551,201600008757,2.0,2,3,2,11.0,0.0,0.0,0.0,1995.0,B02,2.0,7,0,0.0,2.0,1.0,1.0,8,19,1600,1,1,1,1,4,3,7,2,2
19552,201600008757,1.0,1,3,1,12.0,0.0,0.0,0.0,1982.0,A01,1.0,7,0,2.0,2.0,1.0,17.0,8,19,1600,1,1,1,1,4,3,7,2,2
19553,201600008757,2.0,2,2,2,11.0,0.0,0.0,0.0,2000.0,A01,1.0,7,0,2.0,2.0,1.0,17.0,8,19,1600,1,1,1,1,4,3,7,2,2
19554,201600008758,1.0,1,3,2,11.0,0.0,0.0,0.0,1994.0,A01,1.0,7,0,12.0,0.0,1.0,1.0,11,19,2045,3,1,1,1,6,4,7,2,2
19555,201600008758,2.0,2,3,1,11.0,0.0,0.0,0.0,1997.0,A01,1.0,7,0,12.0,0.0,1.0,1.0,11,19,2045,3,1,1,1,6,4,7,2,2
19556,201600008758,5.0,2,4,2,12.0,0.0,0.0,0.0,2004.0,A01,1.0,7,0,12.0,0.0,1.0,1.0,11,19,2045,3,1,1,1,6,4,7,2,2
19557,201600008759,1.0,1,3,1,11.0,0.0,0.0,0.0,1931.0,A01,2.0,7,0,0.0,0.0,0.0,1.0,11,21,1830,3,1,1,1,7,4,7,2,2
19558,201600008760,1.0,1,3,1,11.0,0.0,0.0,0.0,1991.0,A01,0.0,7,0,2.0,0.0,1.0,1.0,3,27,530,5,2,1,2,6,0,7,2,2
19559,201600008761,1.0,1,3,2,11.0,0.0,0.0,0.0,1959.0,A01,1.0,7,0,2.0,0.0,1.0,0.0,4,4,900,1,1,1,1,6,1,7,2,2
19560,201600008762,1.0,1,1,2,11.0,0.0,0.0,0.0,1939.0,A01,0.0,7,0,0.0,1.0,3.0,1.0,5,30,1445,1,2,1,1,6,3,7,2,2
19561,201600008762,0.0,3,3,1,0.0,1.0,3.0,1.0,1942.0,A01,0.0,7,0,0.0,1.0,3.0,1.0,5,30,1445,1,2,1,1,6,3,7,2,2
19562,201600008763,1.0,1,3,2,11.0,0.0,0.0,0.0,1953.0,A01,1.0,7,0,2.0,0.0,3.0,1.0,5,31,1530,1,1,1,1,6,3,7,2,2
19563,201600008763,2.0,2,1,1,11.0,0.0,0.0,0.0,1927.0,A01,1.0,7,0,2.0,0.0,3.0,1.0,5,31,1530,1,1,1,1,6,3,7,2,2
19564,201600008764,1.0,1,2,1,11.0,0.0,0.0,0.0,1945.0,A01,1.0,7,0,0.0,2.0,3.0,1.0,11,14,1115,1,1,1,1,1,1,7,2,2
19565,201600008764,1.0,1,3,2,11.0,0.0,0.0,0.0,1963.0,B02,2.0,7,0,0.0,2.0,3.0,13.0,11,14,1115,1,1,1,1,1,1,7,2,2
19566,201600008765,1.0,1,2,1,11.0,0.0,0.0,0.0,1971.0,A01,1.0,7,0,6.0,0.0,2.0,1.0,7,15,2000,1,1,1,1,6,4,7,2,2
19567,201600008766,1.0,1,3,2,11.0,0.0,0.0,0.0,1993.0,A01,0.0,7,0,2.0,0.0,1.0,1.0,8,3,100,3,1,1,1,6,0,7,2,2
19568,201600008767,1.0,1,3,1,11.0,0.0,0.0,0.0,1996.0,A01,1.0,7,0,0.0,2.0,7.0,16.0,2,10,2015,3,1,1,1,3,4,15,2,3
19569,201600008767,1.0,1,1,1,11.0,0.0,0.0,0.0,1966.0,B02,2.0,15,0,0.0,2.0,1.0,1.0,2,10,2015,3,1,1,1,3,4,7,3,2
19570,201600008768,1.0,1,3,1,21.0,0.0,0.0,0.0,1948.0,A01,2.0,30,0,0.0,0.0,8.0,0.0,8,7,1400,1,1,1,1,7,3,30,1,1
19571,201600008769,3.0,2,3,1,11.0,0.0,0.0,0.0,1998.0,A01,0.0,7,0,2.0,0.0,1.0,13.0,8,9,1930,1,2,1,1,6,4,7,2,2
19572,201600008769,4.0,2,3,2,11.0,0.0,0.0,0.0,1999.0,A01,0.0,7,0,2.0,0.0,1.0,13.0,8,9,1930,1,2,1,1,6,4,7,2,2
19573,201600008769,1.0,1,3,2,11.0,0.0,0.0,0.0,1963.0,A01,0.0,7,0,2.0,0.0,1.0,13.0,8,9,1930,1,2,1,1,6,4,7,2,2
19574,201600008769,2.0,2,3,1,11.0,0.0,0.0,0.0,2001.0,A01,0.0,7,0,2.0,0.0,1.0,13.0,8,9,1930,1,2,1,1,6,4,7,2,2
19575,201600008770,1.0,1,3,1,11.0,0.0,0.0,0.0,1964.0,A01,0.0,7,0,2.0,0.0,3.0,1.0,8,28,1500,1,1,1,1,6,3,7,2,2
19576,201600008770,2.0,2,4,1,11.0,0.0,0.0,0.0,1985.0,A01,0.0,7,0,2.0,0.0,3.0,1.0,8,28,1500,1,1,1,1,6,3,7,2,2
19577,201600008771,1.0,1,4,1,11.0,0.0,0.0,0.0,1986.0,A01,2.0,7,0,0.0,2.0,4.0,2.0,8,26,1500,1,1,1,1,2,3,33,2,1
19578,201600008771,1.0,1,3,1,21.0,0.0,0.0,0.0,1960.0,B02,0.0,33,0,0.0,2.0,1.0,2.0,8,26,1500,1,1,1,1,2,3,7,1,2
19579,201600008772,1.0,1,1,2,13.0,0.0,0.0,0.0,1961.0,A01,0.0,7,0,0.0,2.0,6.0,4.0,10,18,1545,1,2,1,1,2,3,33,2,1
19580,201600008772,1.0,1,1,1,21.0,0.0,0.0,0.0,1957.0,B02,0.0,33,0,0.0,2.0,5.0,1.0,10,18,1545,1,2,1,1,2,3,7,1,2
19581,201600008772,2.0,2,3,2,21.0,0.0,0.0,0.0,1956.0,B02,0.0,33,0,0.0,2.0,5.0,1.0,10,18,1545,1,2,1,1,2,3,7,1,2
19582,201600008773,1.0,1,1,1,11.0,0.0,0.0,0.0,1995.0,A01,0.0,7,0,0.0,1.0,1.0,15.0,10,25,1545,1,2,1,1,6,3,7,2,2
19583,201600008773,0.0,3,3,2,0.0,4.0,3.0,1.0,1934.0,A01,0.0,7,0,0.0,1.0,1.0,15.0,10,25,1545,1,2,1,1,6,3,7,2,2
19584,201600008774,1.0,1,1,1,11.0,0.0,0.0,0.0,1971.0,B02,1.0,20,0,0.0,0.0,2.0,15.0,5,18,1045,1,1,1,1,2,1,7,0,2
19585,201600008774,1.0,1,3,2,11.0,0.0,0.0,0.0,1947.0,A01,1.0,7,0,0.0,2.0,3.0,1.0,5,18,1045,1,1,1,1,2,1,20,2,0
19586,201600008775,3.0,2,1,1,11.0,0.0,0.0,0.0,2006.0,A01,2.0,7,0,13.0,0.0,9.0,1.0,6,23,1800,1,1,1,1,7,4,7,2,2
19587,201600008775,4.0,2,1,2,11.0,0.0,0.0,0.0,2004.0,A01,2.0,7,0,13.0,0.0,9.0,1.0,6,23,1800,1,1,1,1,7,4,7,2,2
19588,201600008775,1.0,1,1,1,12.0,0.0,0.0,0.0,1985.0,A01,2.0,7,0,13.0,0.0,9.0,1.0,6,23,1800,1,1,1,1,7,4,7,2,2
19589,201600008775,2.0,2,3,2,11.0,0.0,0.0,0.0,2005.0,A01,2.0,7,0,13.0,0.0,9.0,1.0,6,23,1800,1,1,1,1,7,4,7,2,2
19590,201600008776,1.0,1,2,1,11.0,0.0,0.0,0.0,1957.0,A01,1.0,7,0,6.0,0.0,3.0,1.0,1,28,1530,1,1,1,1,6,3,7,2,2
19591,201600008777,1.0,1,3,1,11.0,0.0,0.0,0.0,1978.0,A01,2.0,7,0,2.0,0.0,2.0,1.0,3,12,215,3,1,1,1,6,0,7,2,2
19592,201600008777,2.0,2,3,2,13.0,0.0,0.0,0.0,1968.0,A01,2.0,7,0,2.0,0.0,2.0,1.0,3,12,215,3,1,1,1,6,0,7,2,2
19593,201600008778,1.0,1,3,1,21.0,0.0,0.0,0.0,1980.0,A01,1.0,33,0,4.0,0.0,7.0,14.0,6,6,1815,1,1,1,1,7,4,33,1,1
19594,201600008779,1.0,1,2,1,21.0,0.0,0.0,0.0,1986.0,A01,2.0,33,0,10.0,0.0,1.0,15.0,7,17,1630,1,1,1,1,6,3,33,1,1
19595,201600008780,1.0,1,3,1,21.0,0.0,0.0,0.0,1969.0,B02,2.0,33,0,6.0,0.0,1.0,1.0,7,19,1630,1,1,1,1,1,3,33,1,1
19596,201600008780,1.0,1,1,1,21.0,0.0,0.0,0.0,1996.0,A01,2.0,33,0,6.0,0.0,7.0,1.0,7,19,1630,1,1,1,1,1,3,33,1,1
19597,201600008781,1.0,1,3,1,11.0,0.0,0.0,0.0,1982.0,A01,1.0,7,0,2.0,0.0,1.0,1.0,8,5,2045,1,1,1,1,6,4,7,2,2
19598,201600008782,1.0,1,2,1,11.0,0.0,0.0,0.0,1928.0,A01,1.0,7,0,6.0,0.0,2.0,1.0,8,21,1600,1,1,1,1,7,3,7,2,2
19599,201600008782,2.0,2,2,2,11.0,0.0,0.0,0.0,1932.0,A01,1.0,7,0,6.0,0.0,2.0,1.0,8,21,1600,1,1,1,1,7,3,7,2,2
19600,201600008783,1.0,1,1,1,11.0,0.0,0.0,0.0,1971.0,A01,2.0,7,0,0.0,2.0,2.0,13.0,9,10,945,1,1,1,1,1,1,7,2,2
19601,201600008783,1.0,1,3,1,11.0,0.0,0.0,0.0,1958.0,B02,1.0,7,0,0.0,2.0,1.0,1.0,9,10,945,1,1,1,1,1,1,7,2,2
19602,201600008783,2.0,2,3,2,11.0,0.0,0.0,0.0,1951.0,B02,1.0,7,0,0.0,2.0,1.0,1.0,9,10,945,1,1,1,1,1,1,7,2,2
19603,201600008784,0.0,3,3,1,0.0,2.0,3.0,1.0,1929.0,A01,1.0,7,0,0.0,1.0,3.0,1.0,11,18,1000,1,2,1,1,6,1,7,2,2
19604,201600008784,1.0,1,1,1,11.0,0.0,0.0,0.0,1970.0,A01,1.0,7,0,0.0,1.0,3.0,1.0,11,18,1000,1,2,1,1,6,1,7,2,2
19605,201600008785,1.0,1,2,2,11.0,0.0,0.0,0.0,1992.0,A01,2.0,7,0,2.0,0.0,7.0,1.0,1,21,830,1,2,1,5,6,1,7,2,2
19606,201600008786,1.0,1,2,2,13.0,0.0,0.0,0.0,1988.0,A01,2.0,7,0,2.0,0.0,1.0,1.0,7,2,1830,1,1,1,1,6,4,7,2,2
19607,201600008787,1.0,1,4,2,11.0,0.0,0.0,0.0,1986.0,B02,1.0,7,0,0.0,2.0,6.0,1.0,7,6,1500,1,1,1,1,2,3,33,2,1
19608,201600008787,1.0,1,3,1,21.0,0.0,0.0,0.0,1980.0,A01,1.0,33,0,0.0,2.0,2.0,17.0,7,6,1500,1,1,1,1,2,3,7,1,2
19609,201600008788,1.0,1,3,1,21.0,0.0,0.0,0.0,2000.0,B02,2.0,30,0,0.0,2.0,4.0,23.0,7,7,545,3,1,1,1,5,0,17,1,3
19610,201600008788,1.0,1,1,1,11.0,0.0,0.0,0.0,1978.0,C03,1.0,17,0,0.0,2.0,3.0,1.0,7,7,545,3,1,1,1,5,0,10,3,2
19611,201600008788,1.0,1,1,1,11.0,0.0,0.0,0.0,1966.0,A01,2.0,10,0,0.0,2.0,3.0,1.0,7,7,545,3,1,1,1,5,0,17,2,3
19612,201600008789,1.0,1,3,1,11.0,0.0,0.0,0.0,1987.0,A01,2.0,7,0,2.0,0.0,8.0,1.0,8,5,1845,1,1,1,1,6,4,7,2,2
19613,201600008790,1.0,1,4,1,21.0,0.0,0.0,0.0,2002.0,A01,2.0,30,0,0.0,0.0,0.0,21.0,8,17,1300,1,2,6,1,7,2,30,1,1
19614,201600008791,1.0,1,4,2,11.0,0.0,0.0,0.0,1983.0,B02,1.0,7,0,1.0,0.0,1.0,1.0,9,11,215,3,1,1,1,3,0,33,2,1
19615,201600008791,1.0,1,3,1,21.0,0.0,0.0,0.0,1974.0,A01,2.0,33,0,2.0,0.0,2.0,1.0,9,11,215,3,1,1,1,3,0,7,1,2
19616,201600008792,1.0,1,1,1,11.0,0.0,0.0,0.0,1981.0,A01,0.0,10,0,0.0,0.0,3.0,0.0,10,13,1030,1,1,1,3,1,1,30,2,1
19617,201600008792,1.0,1,3,1,21.0,0.0,0.0,0.0,1982.0,B02,0.0,30,0,0.0,0.0,8.0,0.0,10,13,1030,1,1,1,3,1,1,10,1,2
19618,201600008793,1.0,1,4,1,21.0,0.0,0.0,0.0,2000.0,A01,1.0,30,0,1.0,0.0,1.0,1.0,10,31,1800,2,2,1,1,6,4,30,1,1
19619,201600008793,2.0,2,3,2,21.0,0.0,0.0,0.0,2001.0,A01,1.0,30,0,1.0,0.0,1.0,1.0,10,31,1800,2,2,1,1,6,4,30,1,1
19620,201600008794,1.0,1,3,1,11.0,0.0,0.0,0.0,1990.0,A01,1.0,7,0,6.0,0.0,1.0,1.0,10,22,815,1,2,1,1,6,1,7,2,2
19621,201600008795,5.0,2,3,1,12.0,0.0,0.0,0.0,1993.0,A01,2.0,7,0,13.0,0.0,1.0,1.0,6,18,1915,1,1,1,1,7,4,7,2,2
19622,201600008795,5.0,2,3,1,12.0,0.0,0.0,0.0,1996.0,A01,2.0,7,0,13.0,0.0,1.0,1.0,6,18,1915,1,1,1,1,7,4,7,2,2
19623,201600008795,5.0,2,3,1,12.0,0.0,0.0,0.0,1994.0,A01,2.0,7,0,13.0,0.0,1.0,1.0,6,18,1915,1,1,1,1,7,4,7,2,2
19624,201600008795,5.0,2,3,1,12.0,0.0,0.0,0.0,1992.0,A01,2.0,7,0,13.0,0.0,1.0,1.0,6,18,1915,1,1,1,1,7,4,7,2,2
19625,201600008795,2.0,2,2,1,12.0,0.0,0.0,0.0,1984.0,A01,2.0,7,0,13.0,0.0,1.0,1.0,6,18,1915,1,1,1,1,7,4,7,2,2
19626,201600008795,2.0,2,3,1,12.0,0.0,0.0,0.0,1995.0,A01,2.0,7,0,13.0,0.0,1.0,1.0,6,18,1915,1,1,1,1,7,4,7,2,2
19627,201600008795,1.0,1,3,1,11.0,0.0,0.0,0.0,1997.0,A01,2.0,7,0,13.0,0.0,1.0,1.0,6,18,1915,1,1,1,1,7,4,7,2,2
19628,201600008795,5.0,2,3,1,12.0,0.0,0.0,0.0,1982.0,A01,2.0,7,0,13.0,0.0,1.0,1.0,6,18,1915,1,1,1,1,7,4,7,2,2
19629,201600008796,1.0,1,3,1,21.0,0.0,0.0,0.0,1967.0,B02,1.0,33,0,0.0,2.0,1.0,1.0,6,20,815,1,1,1,1,3,1,7,1,2
19630,201600008796,1.0,1,1,2,11.0,0.0,0.0,0.0,1976.0,A01,2.0,7,0,0.0,2.0,3.0,9.0,6,20,815,1,1,1,1,3,1,33,2,1
19631,201600008797,1.0,1,3,1,11.0,0.0,0.0,0.0,1963.0,A01,0.0,7,0,6.0,0.0,3.0,1.0,10,16,1845,2,1,1,1,6,4,7,2,2
19632,201600008798,1.0,1,1,1,11.0,0.0,0.0,0.0,1979.0,A01,0.0,10,0,0.0,1.0,5.0,4.0,7,5,830,1,2,1,1,6,1,10,2,2
19633,201600008798,0.0,3,3,2,0.0,1.0,3.0,1.0,1932.0,A01,0.0,10,0,0.0,1.0,5.0,4.0,7,5,830,1,2,1,1,6,1,10,2,2
19634,201600008799,1.0,1,4,1,21.0,0.0,0.0,0.0,1993.0,A01,1.0,33,0,0.0,0.0,1.0,15.0,7,9,100,3,1,1,1,7,0,33,1,1
19635,201600008800,1.0,1,3,1,21.0,0.0,0.0,0.0,1973.0,A01,0.0,30,0,6.0,0.0,1.0,1.0,7,15,430,3,1,1,1,6,0,30,1,1
19636,201600008801,1.0,1,1,2,11.0,0.0,0.0,0.0,1970.0,A01,0.0,7,0,0.0,2.0,3.0,1.0,7,21,1200,1,1,1,1,3,2,1,2,1
19637,201600008801,1.0,1,4,1,21.0,0.0,0.0,0.0,1973.0,B02,0.0,1,0,0.0,2.0,3.0,1.0,7,21,1200,1,1,1,1,3,2,7,1,2
19638,201600008802,1.0,1,3,1,21.0,0.0,0.0,0.0,1975.0,A01,0.0,31,0,0.0,0.0,7.0,1.0,7,25,1930,1,1,1,1,7,4,31,1,1
19639,201600008803,1.0,1,3,1,21.0,0.0,0.0,0.0,1939.0,A01,0.0,33,0,0.0,0.0,2.0,0.0,11,14,1630,1,2,1,1,2,3,99,1,0
19640,201600008803,1.0,1,1,2,11.0,0.0,0.0,0.0,1941.0,B02,0.0,99,0,0.0,0.0,6.0,0.0,11,14,1630,1,2,1,1,2,3,33,0,1
19641,201600008804,1.0,1,3,2,11.0,0.0,0.0,0.0,1958.0,A01,2.0,7,0,13.0,0.0,1.0,1.0,11,18,1300,1,1,1,2,6,2,7,2,2
19642,201600008805,1.0,1,2,1,11.0,0.0,0.0,0.0,1957.0,A01,2.0,7,0,2.0,0.0,9.0,1.0,2,23,1845,2,1,1,1,6,4,7,2,2
19643,201600008806,1.0,1,1,1,11.0,0.0,0.0,0.0,1963.0,B02,1.0,7,0,0.0,2.0,2.0,15.0,6,21,1700,1,1,1,1,1,3,2,2,1
19644,201600008806,1.0,1,3,1,21.0,0.0,0.0,0.0,2001.0,A01,1.0,2,0,0.0,2.0,1.0,1.0,6,21,1700,1,1,1,1,1,3,7,1,2
19645,201600008807,1.0,1,4,1,11.0,0.0,0.0,0.0,1978.0,B02,2.0,7,0,0.0,2.0,1.0,0.0,6,30,1015,1,1,1,1,1,1,7,2,2
19646,201600008807,1.0,1,1,2,11.0,0.0,0.0,0.0,1999.0,A01,1.0,7,0,0.0,2.0,1.0,13.0,6,30,1015,1,1,1,1,1,1,7,2,2
19647,201600008807,2.0,2,3,2,11.0,0.0,0.0,0.0,1969.0,A01,1.0,7,0,0.0,2.0,1.0,13.0,6,30,1015,1,1,1,1,1,1,7,2,2
19648,201600008808,1.0,1,3,2,13.0,0.0,0.0,0.0,1986.0,A01,0.0,7,0,13.0,0.0,9.0,1.0,9,5,545,3,1,1,1,6,0,7,2,2
19649,201600008809,1.0,1,3,1,13.0,0.0,0.0,0.0,1964.0,A01,2.0,10,0,6.0,0.0,2.0,1.0,11,14,1930,3,1,1,1,6,4,10,2,2
19650,201600008810,1.0,1,1,1,11.0,0.0,0.0,0.0,1986.0,B02,0.0,15,0,0.0,2.0,3.0,1.0,12,7,1345,1,1,1,1,3,2,7,3,2
19651,201600008810,1.0,1,2,1,12.0,0.0,0.0,0.0,1933.0,A01,0.0,7,0,0.0,2.0,6.0,19.0,12,7,1345,1,1,1,1,3,2,15,2,3
19652,201600008811,1.0,1,3,1,21.0,0.0,0.0,0.0,1984.0,A01,0.0,30,0,8.0,0.0,1.0,0.0,1,23,715,2,2,1,2,6,1,30,1,1
19653,201600008812,1.0,1,3,1,22.0,0.0,0.0,0.0,1992.0,A01,2.0,31,0,0.0,0.0,0.0,1.0,2,8,1830,1,2,1,1,6,4,31,1,1
19654,201600008813,3.0,2,3,2,31.0,0.0,0.0,0.0,2007.0,A01,2.0,7,0,2.0,0.0,1.0,0.0,2,13,1630,1,1,1,1,6,3,7,2,2
19655,201600008813,1.0,1,4,1,11.0,0.0,0.0,0.0,1965.0,A01,2.0,7,0,2.0,0.0,1.0,0.0,2,13,1630,1,1,1,1,6,3,7,2,2
19656,201600008814,1.0,1,3,1,21.0,0.0,0.0,0.0,2000.0,A01,0.0,2,0,0.0,2.0,1.0,17.0,3,30,1715,1,2,1,1,2,3,7,1,2
19657,201600008814,1.0,1,1,1,11.0,0.0,0.0,0.0,1965.0,B02,0.0,7,0,0.0,2.0,6.0,15.0,3,30,1715,1,2,1,1,2,3,2,2,1
19658,201600008815,1.0,1,1,1,11.0,0.0,0.0,0.0,1989.0,A01,0.0,7,0,0.0,0.0,5.0,2.0,5,6,1730,1,1,1,1,2,3,33,2,1
19659,201600008815,2.0,2,1,2,11.0,0.0,0.0,0.0,1989.0,A01,0.0,7,0,0.0,0.0,5.0,2.0,5,6,1730,1,1,1,1,2,3,33,2,1
19660,201600008815,1.0,1,2,1,21.0,0.0,0.0,0.0,1952.0,B02,0.0,33,0,0.0,2.0,3.0,2.0,5,6,1730,1,1,1,1,2,3,7,1,2
19661,201600008815,2.0,2,3,2,21.0,0.0,0.0,0.0,1961.0,B02,0.0,33,0,0.0,2.0,3.0,2.0,5,6,1730,1,1,1,1,2,3,7,1,2
19662,201600008816,1.0,1,3,2,11.0,0.0,0.0,0.0,1996.0,A01,0.0,7,0,0.0,2.0,1.0,0.0,6,14,845,1,1,1,1,1,1,7,2,2
19663,201600008816,1.0,1,4,1,11.0,0.0,0.0,0.0,1934.0,B02,0.0,7,0,0.0,0.0,0.0,0.0,6,14,845,1,1,1,1,1,1,7,2,2
19664,201600008816,2.0,2,4,1,11.0,0.0,0.0,0.0,1936.0,B02,0.0,7,0,0.0,0.0,0.0,0.0,6,14,845,1,1,1,1,1,1,7,2,2
19665,201600008817,1.0,1,1,1,11.0,0.0,0.0,0.0,1995.0,A01,0.0,7,0,0.0,0.0,7.0,1.0,7,3,1530,1,1,1,1,6,3,7,2,2
19666,201600008817,2.0,2,1,2,11.0,0.0,0.0,0.0,1998.0,A01,0.0,7,0,0.0,0.0,7.0,1.0,7,3,1530,1,1,1,1,6,3,7,2,2
19667,201600008817,3.0,2,3,2,11.0,0.0,0.0,0.0,1997.0,A01,0.0,7,0,0.0,0.0,7.0,1.0,7,3,1530,1,1,1,1,6,3,7,2,2
19668,201600008817,4.0,2,4,1,11.0,0.0,0.0,0.0,1997.0,A01,0.0,7,0,0.0,0.0,7.0,1.0,7,3,1530,1,1,1,1,6,3,7,2,2
19669,201600008817,5.0,2,3,1,11.0,0.0,0.0,0.0,1997.0,A01,0.0,7,0,0.0,0.0,7.0,1.0,7,3,1530,1,1,1,1,6,3,7,2,2
19670,201600008818,1.0,1,3,1,12.0,0.0,0.0,0.0,1985.0,A01,0.0,7,0,0.0,0.0,0.0,1.0,8,26,2345,3,1,1,1,7,5,7,2,2
19671,201600008819,1.0,1,3,1,21.0,0.0,0.0,0.0,1994.0,A01,0.0,34,0,0.0,9.0,1.0,11.0,9,2,2215,5,2,1,1,6,5,34,1,1
19672,201600008820,1.0,1,4,1,11.0,0.0,0.0,0.0,1977.0,A01,0.0,14,0,0.0,0.0,3.0,15.0,9,20,2045,5,2,1,1,3,4,31,3,1
19673,201600008820,1.0,1,3,1,21.0,0.0,0.0,0.0,2000.0,B02,0.0,31,0,0.0,2.0,8.0,1.0,9,20,2045,5,2,1,1,3,4,14,1,3
19674,201600008821,1.0,1,4,1,11.0,0.0,0.0,0.0,1995.0,A01,0.0,10,0,0.0,2.0,1.0,13.0,10,25,1200,1,2,1,8,1,2,7,2,2
19675,201600008821,1.0,1,3,2,11.0,0.0,0.0,0.0,1959.0,B02,0.0,7,0,0.0,2.0,1.0,1.0,10,25,1200,1,2,1,8,1,2,10,2,2
19676,201600008821,2.0,2,3,2,11.0,0.0,0.0,0.0,1954.0,B02,0.0,7,0,0.0,2.0,1.0,1.0,10,25,1200,1,2,1,8,1,2,10,2,2
19677,201600008822,1.0,1,1,1,3.0,0.0,0.0,0.0,1990.0,A01,0.0,7,0,0.0,1.0,2.0,0.0,10,31,1845,3,1,1,1,6,4,7,2,2
19678,201600008822,0.0,3,2,1,0.0,7.0,1.0,2.0,1939.0,A01,0.0,7,0,0.0,1.0,2.0,0.0,10,31,1845,3,1,1,1,6,4,7,2,2
19679,201600008823,1.0,1,4,1,11.0,0.0,0.0,0.0,1989.0,B02,0.0,7,0,0.0,0.0,3.0,0.0,11,30,1745,3,1,1,1,1,3,7,2,2
19680,201600008823,1.0,1,2,1,12.0,0.0,0.0,0.0,1985.0,A01,0.0,7,0,0.0,2.0,3.0,17.0,11,30,1745,3,1,1,1,1,3,7,2,2
19681,201600008824,1.0,1,2,1,12.0,0.0,0.0,0.0,1987.0,A01,2.0,7,0,2.0,0.0,3.0,1.0,1,12,2130,3,1,1,1,6,4,7,2,2
19682,201600008825,1.0,1,3,1,21.0,0.0,0.0,0.0,1957.0,A01,2.0,33,0,0.0,0.0,1.0,1.0,5,22,1330,1,1,1,2,7,2,33,1,1
19683,201600008826,1.0,1,2,1,13.0,0.0,0.0,0.0,1972.0,A01,2.0,7,0,2.0,0.0,3.0,1.0,7,15,2345,3,1,1,1,6,5,7,2,2
19684,201600008827,1.0,1,3,1,21.0,0.0,0.0,0.0,1969.0,A01,0.0,33,0,0.0,0.0,0.0,2.0,7,31,1945,1,2,1,1,6,4,33,1,1
19685,201600008828,1.0,1,1,1,11.0,0.0,0.0,0.0,1936.0,A01,0.0,10,0,0.0,2.0,1.0,1.0,8,12,1700,1,2,1,1,1,3,30,2,1
19686,201600008828,1.0,1,2,2,21.0,0.0,0.0,0.0,2000.0,B02,0.0,30,0,0.0,2.0,2.0,13.0,8,12,1700,1,2,1,1,1,3,10,1,2
19687,201600008828,2.0,2,3,2,21.0,0.0,0.0,0.0,2000.0,B02,0.0,30,0,0.0,2.0,2.0,13.0,8,12,1700,1,2,1,1,1,3,10,1,2
19688,201600008829,1.0,1,1,1,13.0,0.0,0.0,0.0,1994.0,B02,0.0,7,0,0.0,2.0,1.0,1.0,8,22,1030,1,1,1,1,1,1,1,2,1
19689,201600008829,1.0,1,3,1,22.0,0.0,0.0,0.0,1951.0,A01,0.0,1,0,0.0,2.0,7.0,1.0,8,22,1030,1,1,1,1,1,1,7,1,2
19690,201600008830,1.0,1,3,2,11.0,0.0,0.0,0.0,1962.0,A01,1.0,7,0,0.0,2.0,1.0,5.0,9,12,1515,1,2,1,1,1,3,7,2,2
19691,201600008830,1.0,1,1,1,11.0,0.0,0.0,0.0,1972.0,B02,2.0,7,0,0.0,2.0,1.0,1.0,9,12,1515,1,2,1,1,1,3,7,2,2