,Num_Acc,place,catu,grav,sexe,secu,locp,actp,etatp,an_nais,num_veh,senc,catv,occutc,obs,obsm,choc,manv,mois,jour,hrmn,lum,agg,int,atm,col,mom,catvopp,catv_gen,catvopp_gen
20760,201600009299,1.0,1,4,1,11.0,0.0,0.0,0.0,1974.0,A01,2.0,7,0,0.0,0.0,3.0,13.0,9,19,1430,1,2,1,1,5,3,7,2,2
20761,201600009299,1.0,1,4,1,11.0,0.0,0.0,0.0,1935.0,B02,1.0,7,0,0.0,2.0,3.0,1.0,9,19,1430,1,2,1,1,5,3,7,2,2
20762,201600009299,2.0,2,4,1,11.0,0.0,0.0,0.0,1934.0,B02,1.0,7,0,0.0,2.0,3.0,1.0,9,19,1430,1,2,1,1,5,3,7,2,2
20763,201600009300,1.0,1,3,1,23.0,0.0,0.0,0.0,1986.0,A01,0.0,33,0,15.0,0.0,7.0,1.0,10,26,1,3,2,1,5,7,0,33,1,1
20764,201600009301,1.0,1,1,1,11.0,0.0,0.0,0.0,1995.0,A01,1.0,7,0,0.0,2.0,3.0,1.0,10,29,800,1,2,1,1,3,1,30,2,1
20765,201600009301,1.0,1,2,1,22.0,0.0,0.0,0.0,1966.0,B02,1.0,30,0,0.0,2.0,2.0,9.0,10,29,800,1,2,1,1,3,1,7,1,2
20766,201600009302,1.0,1,3,1,11.0,0.0,0.0,0.0,1951.0,A01,1.0,7,0,0.0,2.0,1.0,1.0,11,19,800,1,1,1,2,1,1,7,2,2
20767,201600009302,2.0,2,3,2,11.0,0.0,0.0,0.0,1957.0,A01,1.0,7,0,0.0,2.0,1.0,1.0,11,19,800,1,1,1,2,1,1,7,2,2
20768,201600009302,1.0,1,3,2,11.0,0.0,0.0,0.0,1965.0,B02,2.0,7,0,0.0,2.0,1.0,1.0,11,19,800,1,1,1,2,1,1,7,2,2
20769,201600009302,2.0,2,3,1,11.0,0.0,0.0,0.0,2001.0,B02,2.0,7,0,0.0,2.0,1.0,1.0,11,19,800,1,1,1,2,1,1,7,2,2
20770,201600009302,3.0,2,4,1,11.0,0.0,0.0,0.0,2006.0,B02,2.0,7,0,0.0,2.0,1.0,1.0,11,19,800,1,1,1,2,1,1,7,2,2
20771,201600009303,1.0,1,4,1,11.0,0.0,0.0,0.0,1980.0,A01,1.0,7,0,0.0,0.0,9.0,1.0,11,19,1030,1,1,1,8,7,1,7,2,2
20772,201600009304,1.0,1,4,1,21.0,0.0,0.0,0.0,1982.0,A01,0.0,33,0,0.0,0.0,0.0,21.0,11,29,815,1,1,1,1,7,1,33,1,1
20773,201600009305,1.0,1,4,2,11.0,0.0,0.0,0.0,1998.0,A01,1.0,7,0,0.0,0.0,9.0,1.0,12,4,1330,1,1,1,1,7,2,7,2,2
20774,201600009306,1.0,1,4,1,21.0,0.0,0.0,0.0,1996.0,A01,2.0,33,0,16.0,2.0,0.0,1.0,12,30,1145,1,1,1,1,1,1,7,1,2
20775,201600009306,2.0,2,3,1,21.0,0.0,0.0,0.0,1997.0,A01,2.0,33,0,16.0,2.0,0.0,1.0,12,30,1145,1,1,1,1,1,1,7,1,2
20776,201600009306,1.0,1,4,1,11.0,0.0,0.0,0.0,1964.0,B02,1.0,7,0,0.0,2.0,1.0,1.0,12,30,1145,1,1,1,1,1,1,33,2,1
20777,201600009306,2.0,2,4,1,11.0,0.0,0.0,0.0,1993.0,B02,1.0,7,0,0.0,2.0,1.0,1.0,12,30,1145,1,1,1,1,1,1,33,2,1
20778,201600009307,1.0,1,4,2,11.0,0.0,0.0,0.0,1978.0,B02,2.0,7,0,0.0,2.0,3.0,13.0,3,15,1600,1,2,1,1,1,3,10,2,2
20779,201600009307,1.0,1,4,1,11.0,0.0,0.0,0.0,1953.0,A01,2.0,10,0,0.0,2.0,3.0,1.0,3,15,1600,1,2,1,1,1,3,7,2,2
20780,201600009308,1.0,1,3,2,0.0,0.0,0.0,0.0,1989.0,A01,0.0,1,0,0.0,2.0,1.0,1.0,5,26,1730,1,1,1,1,1,3,7,1,2
20781,201600009308,1.0,1,1,2,11.0,0.0,0.0,0.0,1969.0,B02,0.0,7,0,0.0,9.0,3.0,23.0,5,26,1730,1,1,1,1,1,3,1,2,1
20782,201600009309,1.0,1,3,1,21.0,0.0,0.0,0.0,1972.0,A01,1.0,33,0,0.0,2.0,3.0,21.0,8,17,1700,1,2,1,1,3,3,7,1,2
20783,201600009309,1.0,1,1,2,11.0,0.0,0.0,0.0,1984.0,B02,2.0,7,0,0.0,2.0,3.0,9.0,8,17,1700,1,2,1,1,3,3,33,2,1
20784,201600009310,1.0,1,3,1,21.0,0.0,0.0,0.0,1980.0,A01,0.0,33,0,12.0,0.0,8.0,1.0,9,11,930,1,1,1,1,6,1,33,1,1
20785,201600009311,1.0,1,1,1,11.0,0.0,0.0,0.0,1988.0,A01,2.0,10,0,0.0,2.0,7.0,15.0,9,13,1030,1,1,1,1,3,1,33,2,1
20786,201600009311,2.0,2,1,1,11.0,0.0,0.0,0.0,1984.0,A01,2.0,10,0,0.0,2.0,7.0,15.0,9,13,1030,1,1,1,1,3,1,33,2,1
20787,201600009311,8.0,2,1,1,11.0,0.0,0.0,0.0,1998.0,A01,2.0,10,0,0.0,2.0,7.0,15.0,9,13,1030,1,1,1,1,3,1,33,2,1
20788,201600009311,1.0,1,3,1,21.0,0.0,0.0,0.0,1953.0,B02,1.0,33,0,0.0,2.0,3.0,1.0,9,13,1030,1,1,1,1,3,1,10,1,2
20789,201600009312,1.0,1,4,2,11.0,0.0,0.0,0.0,1972.0,A01,2.0,7,0,0.0,2.0,8.0,19.0,12,5,730,2,2,1,1,3,1,33,2,1
20790,201600009312,1.0,1,3,1,21.0,0.0,0.0,0.0,1983.0,B02,1.0,33,0,0.0,2.0,1.0,1.0,12,5,730,2,2,1,1,3,1,7,1,2
20791,201600009313,1.0,1,4,1,21.0,0.0,0.0,0.0,1989.0,B02,1.0,33,0,0.0,2.0,1.0,5.0,6,26,1600,1,1,1,1,3,3,7,1,2
20792,201600009313,1.0,1,1,1,11.0,0.0,0.0,0.0,1966.0,A01,2.0,7,0,0.0,2.0,8.0,13.0,6,26,1600,1,1,1,1,3,3,33,2,1
20793,201600009314,2.0,2,3,2,21.0,0.0,0.0,0.0,1975.0,A01,1.0,33,0,6.0,0.0,1.0,14.0,10,6,1045,1,1,1,1,6,1,33,1,1
20794,201600009314,1.0,1,3,1,21.0,0.0,0.0,0.0,1978.0,A01,1.0,33,0,6.0,0.0,1.0,14.0,10,6,1045,1,1,1,1,6,1,33,1,1
20795,201600009315,1.0,1,3,1,21.0,0.0,0.0,0.0,1957.0,A01,2.0,31,0,16.0,0.0,1.0,13.0,2,1,1530,1,1,1,1,7,3,31,1,1
20796,201600009316,1.0,1,3,1,21.0,0.0,0.0,0.0,1966.0,A01,2.0,1,0,0.0,0.0,0.0,1.0,4,2,1500,1,1,1,1,7,3,1,1,1
20797,201600009317,1.0,1,2,1,12.0,0.0,0.0,0.0,1973.0,A01,0.0,10,0,13.0,0.0,1.0,13.0,4,24,930,1,1,1,1,7,1,10,2,2
20798,201600009318,1.0,1,3,1,21.0,0.0,0.0,0.0,1965.0,A01,2.0,33,0,0.0,2.0,7.0,13.0,5,3,1745,1,1,1,1,1,3,7,1,2
20799,201600009318,1.0,1,1,2,11.0,0.0,0.0,0.0,1994.0,B02,1.0,7,0,0.0,2.0,1.0,1.0,5,3,1745,1,1,1,1,1,3,33,2,1
20800,201600009319,1.0,1,3,1,21.0,0.0,0.0,0.0,1984.0,A01,1.0,33,0,0.0,2.0,3.0,1.0,5,7,1630,1,1,1,1,1,3,33,1,1
20801,201600009319,1.0,1,3,1,21.0,0.0,0.0,0.0,1977.0,B02,2.0,33,0,0.0,2.0,3.0,1.0,5,7,1630,1,1,1,1,1,3,33,1,1
20802,201600009320,1.0,1,1,1,13.0,0.0,0.0,0.0,1966.0,A01,2.0,7,0,0.0,2.0,7.0,17.0,5,19,1615,1,2,1,1,1,3,2,2,1
20803,201600009320,1.0,1,3,1,21.0,0.0,0.0,0.0,1931.0,B02,1.0,2,0,0.0,0.0,8.0,1.0,5,19,1615,1,2,1,1,1,3,7,1,2
20804,201600009321,1.0,1,3,1,21.0,0.0,0.0,0.0,1970.0,A01,1.0,33,0,1.0,0.0,1.0,0.0,5,20,1215,1,2,1,1,6,2,33,1,1
20805,201600009322,1.0,1,2,1,21.0,0.0,0.0,0.0,1968.0,B02,2.0,33,0,0.0,2.0,2.0,17.0,5,22,1215,1,1,1,1,3,2,7,1,2
20806,201600009322,1.0,1,1,1,11.0,0.0,0.0,0.0,1965.0,A01,2.0,7,0,0.0,2.0,6.0,17.0,5,22,1215,1,1,1,1,3,2,33,2,1
20807,201600009323,1.0,1,1,1,11.0,0.0,0.0,0.0,1952.0,A01,1.0,10,0,0.0,2.0,3.0,5.0,5,22,1500,1,1,1,1,1,3,1,2,1
20808,201600009323,1.0,1,3,1,21.0,0.0,0.0,0.0,1977.0,B02,2.0,1,0,0.0,2.0,3.0,5.0,5,22,1500,1,1,1,1,1,3,10,1,2
20809,201600009324,1.0,1,3,1,21.0,0.0,0.0,0.0,1978.0,A01,1.0,33,0,13.0,0.0,8.0,1.0,5,30,1745,1,1,1,1,6,3,33,1,1
20810,201600009325,1.0,1,1,1,11.0,0.0,0.0,0.0,1946.0,B02,2.0,7,0,0.0,0.0,3.0,1.0,6,5,1900,1,2,1,1,1,4,31,2,1
20811,201600009325,1.0,1,3,1,21.0,0.0,0.0,0.0,1978.0,A01,1.0,31,0,0.0,2.0,1.0,13.0,6,5,1900,1,2,1,1,1,4,7,1,2
20812,201600009326,1.0,1,1,1,11.0,0.0,0.0,0.0,1964.0,A01,2.0,7,0,0.0,2.0,3.0,9.0,7,28,1845,1,2,1,1,3,4,30,2,1
20813,201600009326,1.0,1,3,1,21.0,0.0,0.0,0.0,1945.0,B02,1.0,30,0,0.0,2.0,7.0,17.0,7,28,1845,1,2,1,1,3,4,7,1,2
20814,201600009327,1.0,1,1,1,11.0,0.0,0.0,0.0,1977.0,A01,0.0,7,0,0.0,1.0,4.0,4.0,9,20,600,5,2,1,1,6,1,7,2,2
20815,201600009327,0.0,3,3,1,0.0,1.0,3.0,1.0,1946.0,A01,0.0,7,0,0.0,1.0,4.0,4.0,9,20,600,5,2,1,1,6,1,7,2,2
20816,201600009328,1.0,1,1,2,11.0,0.0,0.0,0.0,1989.0,A01,2.0,10,0,0.0,2.0,8.0,1.0,9,23,1100,1,1,1,7,3,1,1,2,1
20817,201600009328,2.0,2,1,1,11.0,0.0,0.0,0.0,1981.0,A01,2.0,10,0,0.0,2.0,8.0,1.0,9,23,1100,1,1,1,7,3,1,1,2,1
20818,201600009328,1.0,1,4,2,41.0,0.0,0.0,0.0,1951.0,B02,1.0,1,0,0.0,2.0,3.0,1.0,9,23,1100,1,1,1,7,3,1,10,1,2
20819,201600009329,1.0,1,1,2,11.0,0.0,0.0,0.0,1932.0,A01,0.0,7,0,0.0,1.0,3.0,1.0,10,3,1130,1,2,1,1,6,1,7,2,2
20820,201600009329,0.0,3,3,1,0.0,0.0,0.0,1.0,1939.0,A01,0.0,7,0,0.0,1.0,3.0,1.0,10,3,1130,1,2,1,1,6,1,7,2,2
20821,201600009330,1.0,1,4,1,11.0,0.0,0.0,0.0,1955.0,B02,0.0,7,0,0.0,2.0,3.0,0.0,12,30,1815,3,1,1,1,1,4,7,2,2
20822,201600009330,1.0,1,4,1,11.0,0.0,0.0,0.0,1981.0,A01,2.0,7,0,0.0,2.0,3.0,13.0,12,30,1815,3,1,1,1,1,4,7,2,2
20823,201600009331,1.0,1,3,1,11.0,0.0,0.0,0.0,1958.0,A01,2.0,7,0,0.0,5.0,1.0,1.0,1,19,715,2,1,1,1,6,1,7,2,2
20824,201600009332,0.0,3,4,1,0.0,6.0,9.0,1.0,1958.0,A01,1.0,33,0,0.0,1.0,1.0,1.0,6,11,1030,1,1,1,1,6,1,33,1,1
20825,201600009332,1.0,1,1,1,21.0,0.0,0.0,0.0,1992.0,A01,1.0,33,0,0.0,1.0,1.0,1.0,6,11,1030,1,1,1,1,6,1,33,1,1
20826,201600009332,2.0,2,1,1,21.0,0.0,0.0,0.0,1994.0,A01,1.0,33,0,0.0,1.0,1.0,1.0,6,11,1030,1,1,1,1,6,1,33,1,1
20827,201600009333,1.0,1,4,1,11.0,0.0,0.0,0.0,1997.0,A01,1.0,7,0,0.0,2.0,2.0,1.0,8,30,1845,1,1,1,2,1,4,7,2,2
20828,201600009333,1.0,1,3,1,11.0,0.0,0.0,0.0,1940.0,B02,2.0,7,0,0.0,2.0,2.0,1.0,8,30,1845,1,1,1,2,1,4,7,2,2
20829,201600009333,2.0,2,3,1,11.0,0.0,0.0,0.0,1934.0,B02,2.0,7,0,0.0,2.0,2.0,1.0,8,30,1845,1,1,1,2,1,4,7,2,2
20830,201600009333,3.0,2,3,1,11.0,0.0,0.0,0.0,1937.0,B02,2.0,7,0,0.0,2.0,2.0,1.0,8,30,1845,1,1,1,2,1,4,7,2,2
20831,201600009333,4.0,2,3,2,11.0,0.0,0.0,0.0,1955.0,B02,2.0,7,0,0.0,2.0,2.0,1.0,8,30,1845,1,1,1,2,1,4,7,2,2
20832,201600009333,5.0,2,3,2,11.0,0.0,0.0,0.0,1944.0,B02,2.0,7,0,0.0,2.0,2.0,1.0,8,30,1845,1,1,1,2,1,4,7,2,2
20833,201600009333,5.0,2,3,2,11.0,0.0,0.0,0.0,1950.0,B02,2.0,7,0,0.0,2.0,2.0,1.0,8,30,1845,1,1,1,2,1,4,7,2,2
20834,201600009334,1.0,1,1,1,11.0,0.0,0.0,0.0,1972.0,A01,1.0,10,0,0.0,2.0,1.0,1.0,9,14,1000,1,2,1,1,5,1,33,2,1
20835,201600009334,1.0,1,4,1,11.0,0.0,0.0,0.0,1953.0,B02,1.0,7,0,0.0,2.0,9.0,15.0,9,14,1000,1,2,1,1,5,1,33,2,1
20836,201600009334,1.0,1,3,1,21.0,0.0,0.0,0.0,1977.0,C03,2.0,33,0,0.0,2.0,1.0,1.0,9,14,1000,1,2,1,1,5,1,10,1,2
20837,201600009335,1.0,1,3,1,21.0,0.0,0.0,0.0,1948.0,A01,1.0,33,0,4.0,0.0,2.0,1.0,10,16,1730,1,1,1,1,6,3,33,1,1
20838,201600009336,1.0,1,1,1,11.0,0.0,0.0,0.0,1994.0,A01,1.0,7,0,0.0,2.0,2.0,9.0,5,10,730,1,1,1,1,3,1,31,2,1
20839,201600009336,1.0,1,3,1,21.0,0.0,0.0,0.0,1985.0,B02,1.0,31,0,0.0,2.0,1.0,1.0,5,10,730,1,1,1,1,3,1,7,1,2
20840,201600009337,1.0,1,4,1,21.0,0.0,0.0,0.0,1966.0,A01,0.0,33,0,0.0,9.0,1.0,1.0,6,14,1645,1,2,1,6,7,3,33,1,1
20841,201600009337,2.0,2,3,2,21.0,0.0,0.0,0.0,1967.0,A01,0.0,33,0,0.0,9.0,1.0,1.0,6,14,1645,1,2,1,6,7,3,33,1,1
20842,201600009338,0.0,3,3,2,0.0,4.0,3.0,1.0,1950.0,A01,0.0,7,0,0.0,1.0,2.0,1.0,8,26,1330,1,2,1,1,6,2,7,2,2
20843,201600009338,1.0,1,1,1,11.0,0.0,0.0,0.0,1962.0,A01,0.0,7,0,0.0,1.0,2.0,1.0,8,26,1330,1,2,1,1,6,2,7,2,2
20844,201600009339,1.0,1,3,1,21.0,0.0,0.0,0.0,1990.0,A01,1.0,34,0,6.0,0.0,8.0,1.0,11,4,400,5,2,1,1,6,0,34,1,1
20845,201600009340,1.0,1,2,1,91.0,0.0,0.0,0.0,1950.0,B02,1.0,14,0,0.0,2.0,1.0,1.0,11,19,915,1,1,1,1,3,1,10,3,2
20846,201600009340,1.0,1,1,1,11.0,0.0,0.0,0.0,1981.0,A01,2.0,10,0,0.0,2.0,7.0,13.0,11,19,915,1,1,1,1,3,1,14,2,3
20847,201600009341,1.0,1,3,1,21.0,0.0,0.0,0.0,1988.0,A01,0.0,30,0,0.0,2.0,1.0,1.0,11,19,1645,1,1,1,1,1,3,7,1,2
20848,201600009341,1.0,1,1,2,13.0,0.0,0.0,0.0,1980.0,B02,0.0,7,0,0.0,2.0,1.0,1.0,11,19,1645,1,1,1,1,1,3,30,2,1
20849,201600009341,3.0,2,1,2,13.0,0.0,0.0,0.0,2013.0,B02,0.0,7,0,0.0,2.0,1.0,1.0,11,19,1645,1,1,1,1,1,3,30,2,1
20850,201600009342,1.0,1,1,1,11.0,0.0,0.0,0.0,1962.0,A01,2.0,10,0,0.0,2.0,3.0,1.0,11,23,1815,3,1,1,1,1,4,7,2,2
20851,201600009342,1.0,1,1,1,11.0,0.0,0.0,0.0,1957.0,B02,1.0,7,0,0.0,2.0,3.0,1.0,11,23,1815,3,1,1,1,1,4,10,2,2
20852,201600009342,2.0,2,3,2,11.0,0.0,0.0,0.0,1946.0,B02,1.0,7,0,0.0,2.0,3.0,1.0,11,23,1815,3,1,1,1,1,4,10,2,2
20853,201600009343,1.0,1,1,2,11.0,0.0,0.0,0.0,1970.0,A01,0.0,7,0,0.0,2.0,3.0,15.0,11,25,1030,1,2,1,1,3,1,2,2,1
20854,201600009343,1.0,1,3,1,22.0,0.0,0.0,0.0,2002.0,B02,0.0,2,0,0.0,2.0,1.0,1.0,11,25,1030,1,2,1,1,3,1,7,1,2
20855,201600009344,1.0,1,3,2,11.0,0.0,0.0,0.0,1929.0,B02,0.0,7,0,0.0,2.0,3.0,1.0,12,10,1700,2,2,1,1,1,3,7,2,2
20856,201600009344,1.0,1,3,1,11.0,0.0,0.0,0.0,1975.0,A01,0.0,7,0,0.0,2.0,3.0,13.0,12,10,1700,2,2,1,1,1,3,7,2,2
20857,201600009345,1.0,1,2,1,12.0,0.0,0.0,0.0,1964.0,A01,0.0,7,0,10.0,0.0,1.0,1.0,2,26,1,3,1,1,1,6,0,7,2,2
20858,201600009346,1.0,1,3,2,11.0,0.0,0.0,0.0,1995.0,A01,1.0,7,0,0.0,0.0,9.0,1.0,3,11,1215,1,1,1,1,7,2,7,2,2
20859,201600009347,1.0,1,3,1,11.0,0.0,0.0,0.0,1945.0,A01,0.0,10,0,0.0,2.0,3.0,9.0,3,22,2015,3,1,1,1,3,4,7,2,2
20860,201600009347,1.0,1,1,1,11.0,0.0,0.0,0.0,1994.0,B02,2.0,7,0,0.0,2.0,2.0,1.0,3,22,2015,3,1,1,1,3,4,10,2,2
20861,201600009348,1.0,1,3,1,11.0,0.0,0.0,0.0,1996.0,A01,2.0,7,0,10.0,0.0,1.0,2.0,4,9,2100,5,2,1,2,6,4,7,2,2
20862,201600009349,1.0,1,3,1,11.0,0.0,0.0,0.0,1942.0,A01,1.0,7,0,0.0,2.0,3.0,13.0,5,11,1100,1,1,1,8,1,1,7,2,2
20863,201600009349,1.0,1,4,1,11.0,0.0,0.0,0.0,1967.0,B02,2.0,7,0,0.0,2.0,3.0,1.0,5,11,1100,1,1,1,8,1,1,7,2,2
20864,201600009350,1.0,1,2,1,21.0,0.0,0.0,0.0,1956.0,A01,1.0,34,0,0.0,6.0,1.0,1.0,5,13,945,1,1,1,1,6,1,34,1,1
20865,201600009351,1.0,1,1,1,11.0,0.0,0.0,0.0,1968.0,B02,1.0,7,0,0.0,2.0,3.0,1.0,5,25,1345,1,1,1,1,5,2,33,2,1
20866,201600009351,1.0,1,1,1,11.0,0.0,0.0,0.0,1947.0,C03,2.0,7,0,0.0,2.0,1.0,1.0,5,25,1345,1,1,1,1,5,2,33,2,1
20867,201600009351,1.0,1,2,2,21.0,0.0,0.0,0.0,1970.0,A01,1.0,33,0,0.0,2.0,1.0,13.0,5,25,1345,1,1,1,1,5,2,7,1,2
20868,201600009352,1.0,1,1,2,11.0,0.0,0.0,0.0,1965.0,A01,1.0,7,0,0.0,2.0,8.0,15.0,5,28,1345,1,1,1,1,3,2,33,2,1
20869,201600009352,2.0,2,1,1,11.0,0.0,0.0,0.0,1998.0,A01,1.0,7,0,0.0,2.0,8.0,15.0,5,28,1345,1,1,1,1,3,2,33,2,1
20870,201600009352,1.0,1,3,1,21.0,0.0,0.0,0.0,1976.0,B02,2.0,33,0,0.0,2.0,1.0,1.0,5,28,1345,1,1,1,1,3,2,7,1,2
20871,201600009353,1.0,1,4,1,11.0,0.0,0.0,0.0,1996.0,A01,2.0,7,0,0.0,0.0,9.0,21.0,5,31,830,1,1,1,1,7,1,7,2,2
20872,201600009354,1.0,1,1,2,11.0,0.0,0.0,0.0,1955.0,A01,2.0,7,0,0.0,2.0,2.0,15.0,6,5,1915,1,2,1,1,3,4,7,2,2
20873,201600009354,1.0,1,1,1,11.0,0.0,0.0,0.0,1987.0,B02,0.0,7,0,0.0,2.0,7.0,1.0,6,5,1915,1,2,1,1,3,4,7,2,2
20874,201600009354,2.0,2,4,1,11.0,0.0,0.0,0.0,1991.0,B02,0.0,7,0,0.0,2.0,7.0,1.0,6,5,1915,1,2,1,1,3,4,7,2,2
20875,201600009355,4.0,2,1,2,11.0,0.0,0.0,0.0,2001.0,B02,0.0,7,0,0.0,2.0,4.0,1.0,6,30,1130,1,2,1,1,2,1,7,2,2
20876,201600009355,1.0,1,3,2,11.0,0.0,0.0,0.0,1970.0,B02,0.0,7,0,0.0,2.0,4.0,1.0,6,30,1130,1,2,1,1,2,1,7,2,2
20877,201600009355,2.0,2,1,2,11.0,0.0,0.0,0.0,1962.0,B02,0.0,7,0,0.0,2.0,4.0,1.0,6,30,1130,1,2,1,1,2,1,7,2,2
20878,201600009355,3.0,2,1,1,11.0,0.0,0.0,0.0,2000.0,B02,0.0,7,0,0.0,2.0,4.0,1.0,6,30,1130,1,2,1,1,2,1,7,2,2
20879,201600009355,1.0,1,1,1,11.0,0.0,0.0,0.0,1955.0,A01,0.0,7,0,0.0,2.0,1.0,1.0,6,30,1130,1,2,1,1,2,1,7,2,2
20880,201600009355,2.0,2,1,2,11.0,0.0,0.0,0.0,1973.0,A01,0.0,7,0,0.0,2.0,1.0,1.0,6,30,1130,1,2,1,1,2,1,7,2,2
20881,201600009356,2.0,2,4,2,21.0,0.0,0.0,0.0,1961.0,A01,1.0,33,0,0.0,5.0,8.0,1.0,8,20,930,1,2,1,1,6,1,33,1,1
20882,201600009356,1.0,1,4,1,21.0,0.0,0.0,0.0,1957.0,A01,1.0,33,0,0.0,5.0,8.0,1.0,8,20,930,1,2,1,1,6,1,33,1,1
20883,201600009357,1.0,1,3,1,21.0,0.0,0.0,0.0,1945.0,A01,2.0,33,0,0.0,2.0,7.0,17.0,9,9,845,1,1,1,2,3,1,14,1,3
20884,201600009357,1.0,1,1,1,11.0,0.0,0.0,0.0,1960.0,B02,2.0,14,0,0.0,2.0,8.0,1.0,9,9,845,1,1,1,2,3,1,33,3,1
20885,201600009358,1.0,1,3,1,22.0,0.0,0.0,0.0,1948.0,A01,0.0,36,0,9.0,0.0,1.0,1.0,9,26,930,1,2,1,1,6,1,36,1,1
20886,201600009359,1.0,1,1,1,11.0,0.0,0.0,0.0,1994.0,A01,2.0,7,0,0.0,2.0,3.0,13.0,11,14,1130,1,1,1,3,6,1,7,2,2
20887,201600009359,1.0,1,4,2,11.0,0.0,0.0,0.0,1986.0,A02,1.0,7,0,0.0,2.0,3.0,1.0,11,14,1130,1,1,1,3,6,1,7,2,2
20888,201600009360,1.0,1,1,1,11.0,0.0,0.0,0.0,1952.0,A01,0.0,7,0,0.0,1.0,3.0,15.0,12,5,1500,1,2,1,2,6,3,7,2,2
20889,201600009360,0.0,3,3,2,0.0,4.0,3.0,1.0,1983.0,A01,0.0,7,0,0.0,1.0,3.0,15.0,12,5,1500,1,2,1,2,6,3,7,2,2
20890,201600009361,1.0,1,3,1,11.0,0.0,0.0,0.0,1986.0,A01,1.0,7,0,16.0,0.0,9.0,21.0,5,8,2200,3,1,1,1,7,5,7,2,2
20891,201600009362,1.0,1,3,1,13.0,0.0,0.0,0.0,1995.0,A01,2.0,10,0,0.0,0.0,0.0,1.0,8,14,645,2,1,1,1,7,1,10,2,2
20892,201600009362,2.0,2,3,1,13.0,0.0,0.0,0.0,1997.0,A01,2.0,10,0,0.0,0.0,0.0,1.0,8,14,645,2,1,1,1,7,1,10,2,2
20893,201600009362,5.0,2,3,1,12.0,0.0,0.0,0.0,1999.0,A01,2.0,10,0,0.0,0.0,0.0,1.0,8,14,645,2,1,1,1,7,1,10,2,2
20894,201600009363,1.0,1,3,2,11.0,0.0,0.0,0.0,1992.0,A01,0.0,7,0,13.0,0.0,1.0,1.0,9,10,630,1,1,1,1,7,1,7,2,2
20895,201600009364,1.0,1,3,1,11.0,0.0,0.0,0.0,1993.0,A01,1.0,7,0,6.0,0.0,3.0,1.0,5,28,300,3,1,1,1,6,0,7,2,2
20896,201600009365,1.0,1,1,1,11.0,0.0,0.0,0.0,1967.0,B02,0.0,7,0,0.0,0.0,3.0,1.0,6,16,1400,1,1,1,1,1,3,33,2,1
20897,201600009365,2.0,2,1,2,11.0,0.0,0.0,0.0,1970.0,B02,0.0,7,0,0.0,0.0,3.0,1.0,6,16,1400,1,1,1,1,1,3,33,2,1
20898,201600009365,1.0,1,3,1,21.0,0.0,0.0,0.0,1967.0,A01,0.0,33,0,0.0,2.0,3.0,1.0,6,16,1400,1,1,1,1,1,3,7,1,2
20899,201600009366,1.0,1,2,1,11.0,0.0,0.0,0.0,1990.0,A01,0.0,7,0,13.0,0.0,1.0,1.0,9,7,800,2,1,1,1,6,1,7,2,2
20900,201600009367,1.0,1,4,1,11.0,0.0,0.0,0.0,1953.0,A01,2.0,7,0,0.0,2.0,3.0,1.0,10,27,815,1,1,1,2,1,1,7,2,2
20901,201600009367,1.0,1,3,1,12.0,0.0,0.0,0.0,1944.0,B02,1.0,7,0,0.0,2.0,3.0,1.0,10,27,815,1,1,1,2,1,1,7,2,2
20902,201600009368,1.0,1,2,1,12.0,0.0,0.0,0.0,1989.0,A01,0.0,7,0,13.0,0.0,1.0,13.0,11,2,1630,3,1,1,1,6,3,7,2,2
20903,201600009369,1.0,1,3,1,11.0,0.0,0.0,0.0,1984.0,A01,2.0,15,0,13.0,0.0,3.0,1.0,12,12,1500,1,1,1,1,7,3,15,3,3
20904,201600009370,1.0,1,3,1,11.0,0.0,0.0,0.0,1921.0,A01,2.0,10,0,2.0,0.0,1.0,1.0,12,27,1145,1,1,1,1,7,1,10,2,2
20905,201600009371,1.0,1,1,2,11.0,0.0,0.0,0.0,1986.0,A01,2.0,7,0,8.0,0.0,9.0,19.0,2,7,630,5,1,1,2,7,1,7,2,2
20906,201600009371,3.0,2,1,1,12.0,0.0,0.0,0.0,1973.0,A01,2.0,7,0,8.0,0.0,9.0,19.0,2,7,630,5,1,1,2,7,1,7,2,2
20907,201600009371,4.0,2,4,1,12.0,0.0,0.0,0.0,1998.0,A01,2.0,7,0,8.0,0.0,9.0,19.0,2,7,630,5,1,1,2,7,1,7,2,2
20908,201600009371,5.0,2,4,2,12.0,0.0,0.0,0.0,1966.0,A01,2.0,7,0,8.0,0.0,9.0,19.0,2,7,630,5,1,1,2,7,1,7,2,2
20909,201600009372,1.0,1,3,1,11.0,0.0,0.0,0.0,1968.0,A01,2.0,10,0,0.0,0.0,3.0,1.0,3,14,730,1,1,1,1,1,1,10,2,2
20910,201600009372,1.0,1,4,1,12.0,0.0,0.0,0.0,1991.0,B02,1.0,10,0,0.0,0.0,3.0,1.0,3,14,730,1,1,1,1,1,1,10,2,2
20911,201600009373,0.0,3,3,1,0.0,1.0,5.0,1.0,1970.0,A01,0.0,36,0,0.0,1.0,2.0,1.0,3,28,1730,1,1,1,1,6,3,36,1,1