,Num_Acc,place,catu,grav,sexe,secu,locp,actp,etatp,an_nais,num_veh,senc,catv,occutc,obs,obsm,choc,manv,mois,jour,hrmn,lum,agg,int,atm,col,mom,catvopp,catv_gen,catvopp_gen
20912,201600009373,1.0,1,1,1,23.0,0.0,0.0,0.0,1968.0,A01,0.0,36,0,0.0,1.0,2.0,1.0,3,28,1730,1,1,1,1,6,3,36,1,1
20913,201600009374,1.0,1,3,2,23.0,0.0,0.0,0.0,1974.0,B02,1.0,30,0,0.0,2.0,3.0,1.0,7,2,1045,1,1,1,1,3,1,7,1,2
20914,201600009374,1.0,1,3,2,13.0,0.0,0.0,0.0,1940.0,A01,2.0,7,0,0.0,2.0,3.0,13.0,7,2,1045,1,1,1,1,3,1,30,2,1
20915,201600009375,1.0,1,2,1,1.0,0.0,0.0,0.0,2006.0,A01,0.0,1,0,0.0,0.0,0.0,0.0,7,10,1715,1,2,1,1,7,3,1,1,1
20916,201600009376,1.0,1,3,1,21.0,0.0,0.0,0.0,2000.0,A01,0.0,31,0,0.0,0.0,8.0,1.0,8,23,2000,3,1,1,1,7,4,31,1,1
20917,201600009377,1.0,1,1,1,11.0,0.0,0.0,0.0,1981.0,A01,1.0,7,0,0.0,2.0,1.0,1.0,9,17,1130,1,1,1,1,5,1,7,2,2
20918,201600009377,1.0,1,1,1,11.0,0.0,0.0,0.0,1983.0,C03,1.0,7,0,0.0,2.0,4.0,1.0,9,17,1130,1,1,1,1,5,1,7,2,2
20919,201600009377,1.0,1,1,1,11.0,0.0,0.0,0.0,1968.0,B02,1.0,7,0,0.0,2.0,9.0,1.0,9,17,1130,1,1,1,1,5,1,7,2,2
20920,201600009377,2.0,2,4,2,11.0,0.0,0.0,0.0,1968.0,B02,1.0,7,0,0.0,2.0,9.0,1.0,9,17,1130,1,1,1,1,5,1,7,2,2
20921,201600009378,1.0,1,4,1,11.0,0.0,0.0,0.0,1980.0,A01,2.0,7,0,0.0,2.0,2.0,1.0,9,20,1015,1,1,2,1,3,1,7,2,2
20922,201600009378,1.0,1,3,2,11.0,0.0,0.0,0.0,1933.0,B02,0.0,7,0,0.0,2.0,3.0,19.0,9,20,1015,1,1,2,1,3,1,7,2,2
20923,201600009379,1.0,1,4,2,11.0,0.0,0.0,0.0,1986.0,A01,2.0,7,0,0.0,2.0,1.0,1.0,11,22,900,1,2,1,1,2,1,7,2,2
20924,201600009379,1.0,1,1,1,11.0,0.0,0.0,0.0,1959.0,B02,2.0,7,0,0.0,2.0,4.0,1.0,11,22,900,1,2,1,1,2,1,7,2,2
20925,201600009379,2.0,2,3,2,11.0,0.0,0.0,0.0,1982.0,B02,2.0,7,0,0.0,2.0,4.0,1.0,11,22,900,1,2,1,1,2,1,7,2,2
20926,201600009379,3.0,2,1,1,31.0,0.0,0.0,0.0,2016.0,B02,2.0,7,0,0.0,2.0,4.0,1.0,11,22,900,1,2,1,1,2,1,7,2,2
20927,201600009380,1.0,1,1,1,11.0,0.0,0.0,0.0,1968.0,A01,0.0,7,0,0.0,2.0,5.0,15.0,11,29,1945,3,1,1,1,2,4,7,2,2
20928,201600009380,1.0,1,3,2,11.0,0.0,0.0,0.0,1991.0,B02,0.0,7,0,0.0,2.0,1.0,1.0,11,29,1945,3,1,1,1,2,4,7,2,2
20929,201600009381,1.0,1,3,1,11.0,0.0,0.0,0.0,1958.0,B02,0.0,7,0,0.0,0.0,4.0,15.0,12,5,1600,1,1,1,1,2,3,7,2,2
20930,201600009381,1.0,1,1,1,11.0,0.0,0.0,0.0,1951.0,A01,0.0,7,0,0.0,2.0,1.0,17.0,12,5,1600,1,1,1,1,2,3,7,2,2
20931,201600009382,1.0,1,3,2,11.0,0.0,0.0,0.0,1939.0,A01,2.0,7,0,6.0,0.0,1.0,0.0,12,17,1515,1,1,1,1,6,3,7,2,2
20932,201600009383,1.0,1,1,1,21.0,0.0,0.0,0.0,1960.0,A01,1.0,33,0,0.0,2.0,3.0,1.0,6,2,1030,1,2,1,1,3,1,7,1,2
20933,201600009383,2.0,2,3,2,21.0,0.0,0.0,0.0,1961.0,A01,1.0,33,0,0.0,2.0,3.0,1.0,6,2,1030,1,2,1,1,3,1,7,1,2
20934,201600009383,1.0,1,1,1,11.0,0.0,0.0,0.0,1982.0,B02,2.0,7,0,0.0,2.0,8.0,1.0,6,2,1030,1,2,1,1,3,1,33,2,1
20935,201600009384,1.0,1,3,2,13.0,0.0,0.0,0.0,1966.0,B02,1.0,7,0,0.0,0.0,3.0,1.0,6,4,945,1,2,1,1,3,1,10,2,2
20936,201600009384,1.0,1,1,1,13.0,0.0,0.0,0.0,1981.0,A01,2.0,10,0,0.0,0.0,2.0,15.0,6,4,945,1,2,1,1,3,1,7,2,2
20937,201600009385,1.0,1,4,1,21.0,0.0,0.0,0.0,1993.0,A01,2.0,33,0,0.0,2.0,7.0,1.0,2,5,730,1,1,1,1,3,1,10,1,2
20938,201600009385,1.0,1,1,1,11.0,0.0,0.0,0.0,1951.0,B02,1.0,10,0,0.0,2.0,2.0,15.0,2,5,730,1,1,1,1,3,1,33,2,1
20939,201600009386,1.0,1,3,1,13.0,0.0,0.0,0.0,1963.0,A01,2.0,7,0,0.0,2.0,1.0,17.0,2,28,1445,1,1,1,3,3,3,7,2,2
20940,201600009386,1.0,1,4,2,13.0,0.0,0.0,0.0,1982.0,B02,2.0,7,0,0.0,0.0,8.0,15.0,2,28,1445,1,1,1,3,3,3,7,2,2
20941,201600009387,1.0,1,3,1,11.0,0.0,0.0,0.0,1992.0,B02,2.0,10,0,2.0,2.0,7.0,1.0,3,2,2115,5,1,1,1,3,4,7,2,2
20942,201600009387,1.0,1,1,1,11.0,0.0,0.0,0.0,1948.0,A01,0.0,7,0,0.0,2.0,1.0,19.0,3,2,2115,5,1,1,1,3,4,10,2,2
20943,201600009388,1.0,1,3,1,91.0,0.0,0.0,0.0,2001.0,A01,0.0,99,0,10.0,0.0,1.0,1.0,5,5,1030,1,2,1,1,6,1,99,0,0
20944,201600009389,2.0,2,1,1,11.0,0.0,0.0,0.0,1988.0,A01,1.0,7,0,6.0,0.0,1.0,14.0,6,13,1515,1,1,1,1,6,3,7,2,2
20945,201600009389,1.0,1,3,1,11.0,0.0,0.0,0.0,1983.0,A01,1.0,7,0,6.0,0.0,1.0,14.0,6,13,1515,1,1,1,1,6,3,7,2,2
20946,201600009390,2.0,2,4,2,13.0,0.0,0.0,0.0,1990.0,A01,1.0,7,0,8.0,0.0,1.0,14.0,7,1,715,2,1,1,1,6,1,7,2,2
20947,201600009390,1.0,1,1,1,11.0,0.0,0.0,0.0,1988.0,A01,1.0,7,0,8.0,0.0,1.0,14.0,7,1,715,2,1,1,1,6,1,7,2,2
20948,201600009391,1.0,1,3,1,21.0,0.0,0.0,0.0,1975.0,A01,1.0,33,0,0.0,2.0,7.0,21.0,7,11,1100,1,1,1,1,3,1,7,1,2
20949,201600009391,1.0,1,1,1,11.0,0.0,0.0,0.0,1933.0,B02,0.0,7,0,0.0,2.0,2.0,19.0,7,11,1100,1,1,1,1,3,1,33,2,1
20950,201600009392,1.0,1,4,1,21.0,0.0,0.0,0.0,1954.0,A01,1.0,32,0,0.0,2.0,8.0,17.0,8,12,1200,1,2,1,1,3,2,7,1,2
20951,201600009392,1.0,1,1,1,11.0,0.0,0.0,0.0,1974.0,B02,2.0,7,0,0.0,2.0,3.0,9.0,8,12,1200,1,2,1,1,3,2,32,2,1
20952,201600009393,1.0,1,2,1,21.0,0.0,0.0,0.0,1957.0,A01,1.0,33,0,0.0,2.0,8.0,1.0,10,2,1445,1,2,1,3,1,3,14,1,3
20953,201600009393,1.0,1,1,1,11.0,0.0,0.0,0.0,1955.0,B02,2.0,14,0,0.0,2.0,1.0,1.0,10,2,1445,1,2,1,3,1,3,33,3,1
20954,201600009394,1.0,1,1,1,11.0,0.0,0.0,0.0,1957.0,A01,2.0,7,0,0.0,9.0,2.0,15.0,10,25,830,1,2,1,2,3,1,1,2,1
20955,201600009394,1.0,1,4,1,21.0,0.0,0.0,0.0,1944.0,B02,1.0,1,0,0.0,2.0,1.0,1.0,10,25,830,1,2,1,2,3,1,7,1,2
20956,201600009395,1.0,1,4,1,11.0,0.0,0.0,0.0,1994.0,A01,1.0,7,0,16.0,0.0,1.0,17.0,3,4,445,3,1,1,1,7,0,7,2,2
20957,201600009395,2.0,2,4,1,11.0,0.0,0.0,0.0,1981.0,A01,1.0,7,0,16.0,0.0,1.0,17.0,3,4,445,3,1,1,1,7,0,7,2,2
20958,201600009396,1.0,1,3,2,11.0,0.0,0.0,0.0,1991.0,A01,2.0,7,0,0.0,2.0,1.0,2.0,3,2,1245,1,1,1,1,2,2,7,2,2
20959,201600009396,1.0,1,3,2,11.0,0.0,0.0,0.0,1983.0,B02,2.0,7,0,0.0,2.0,4.0,2.0,3,2,1245,1,1,1,1,2,2,7,2,2
20960,201600009397,1.0,1,1,2,11.0,0.0,0.0,0.0,1989.0,A01,0.0,7,0,0.0,2.0,3.0,15.0,11,1,1815,5,2,1,1,3,4,32,2,1
20961,201600009397,1.0,1,3,1,21.0,0.0,0.0,0.0,1999.0,B02,0.0,32,0,0.0,2.0,1.0,1.0,11,1,1815,5,2,1,1,3,4,7,1,2
20962,201600009398,1.0,1,2,1,11.0,0.0,0.0,0.0,1931.0,A01,2.0,7,0,13.0,0.0,2.0,1.0,11,1,1515,1,1,1,1,6,3,7,2,2
20963,201600009399,1.0,1,3,1,21.0,0.0,0.0,0.0,1960.0,A01,0.0,33,0,0.0,0.0,1.0,0.0,12,1,1015,3,1,1,1,7,1,33,1,1
20964,201600009400,1.0,1,1,2,13.0,0.0,0.0,0.0,1985.0,C03,2.0,7,0,0.0,2.0,1.0,2.0,12,1,915,1,2,1,1,4,1,10,2,2
20965,201600009400,1.0,1,1,1,13.0,0.0,0.0,0.0,1995.0,B02,2.0,10,0,0.0,2.0,1.0,2.0,12,1,915,1,2,1,1,4,1,7,2,2
20966,201600009400,1.0,1,4,1,13.0,0.0,0.0,0.0,1957.0,A01,2.0,7,0,0.0,0.0,4.0,1.0,12,1,915,1,2,1,1,4,1,10,2,2
20967,201600009400,2.0,2,4,1,11.0,0.0,0.0,0.0,1966.0,A01,2.0,7,0,0.0,0.0,4.0,1.0,12,1,915,1,2,1,1,4,1,10,2,2
20968,201600009401,1.0,1,1,2,13.0,0.0,0.0,0.0,1989.0,A01,1.0,7,0,0.0,0.0,1.0,1.0,12,13,1615,1,1,1,1,6,3,7,2,2
20969,201600009401,3.0,2,4,1,31.0,0.0,0.0,0.0,2014.0,A01,1.0,7,0,0.0,0.0,1.0,1.0,12,13,1615,1,1,1,1,6,3,7,2,2
20970,201600009402,0.0,3,4,1,0.0,3.0,3.0,2.0,1935.0,A01,2.0,7,0,0.0,1.0,7.0,1.0,1,13,1549,1,2,1,1,6,3,7,2,2
20971,201600009403,1.0,1,1,1,13.0,0.0,0.0,0.0,1941.0,A01,1.0,7,0,0.0,1.0,1.0,9.0,4,8,845,1,2,1,1,6,1,7,2,2
20972,201600009403,0.0,3,3,2,0.0,3.0,3.0,1.0,1934.0,A01,1.0,7,0,0.0,1.0,1.0,9.0,4,8,845,1,2,1,1,6,1,7,2,2
20973,201600009404,1.0,1,1,1,11.0,0.0,0.0,0.0,1964.0,A01,1.0,10,0,0.0,2.0,1.0,1.0,4,15,2130,5,2,3,1,1,4,2,2,1
20974,201600009404,1.0,1,3,1,21.0,0.0,0.0,0.0,2000.0,B01,2.0,2,0,0.0,2.0,3.0,9.0,4,15,2130,5,2,3,1,1,4,10,1,2
20975,201600009405,1.0,1,4,1,11.0,0.0,0.0,0.0,1989.0,B01,1.0,7,0,0.0,0.0,3.0,1.0,4,17,1739,1,2,1,2,1,3,7,2,2
20976,201600009405,1.0,1,1,1,13.0,0.0,0.0,0.0,1974.0,A01,2.0,7,0,0.0,2.0,3.0,13.0,4,17,1739,1,2,1,2,1,3,7,2,2
20977,201600009406,1.0,1,1,1,11.0,0.0,0.0,0.0,1995.0,A01,2.0,7,0,0.0,0.0,2.0,15.0,7,20,2230,5,2,4,1,3,5,31,2,1
20978,201600009406,2.0,2,1,1,11.0,0.0,0.0,0.0,1996.0,A01,2.0,7,0,0.0,0.0,2.0,15.0,7,20,2230,5,2,4,1,3,5,31,2,1
20979,201600009406,1.0,1,4,1,21.0,0.0,0.0,0.0,1978.0,B01,1.0,31,0,0.0,2.0,2.0,1.0,7,20,2230,5,2,4,1,3,5,7,1,2
20980,201600009407,1.0,1,4,1,11.0,0.0,0.0,0.0,1952.0,A01,1.0,7,0,5.0,2.0,2.0,14.0,9,18,1025,1,1,1,8,6,1,33,2,1
20981,201600009407,1.0,1,4,1,21.0,0.0,0.0,0.0,1988.0,B01,1.0,33,0,0.0,2.0,0.0,2.0,9,18,1025,1,1,1,8,6,1,7,1,2
20982,201600009408,1.0,1,1,1,11.0,0.0,0.0,0.0,1935.0,A01,2.0,7,0,0.0,1.0,8.0,1.0,10,29,1715,1,2,1,1,6,3,7,2,2
20983,201600009408,0.0,3,4,1,0.0,3.0,3.0,1.0,1958.0,A01,2.0,7,0,0.0,1.0,8.0,1.0,10,29,1715,1,2,1,1,6,3,7,2,2
20984,201600009409,1.0,1,4,2,11.0,0.0,0.0,0.0,1991.0,A01,2.0,7,0,16.0,0.0,1.0,14.0,11,5,800,1,2,1,7,7,1,7,2,2
20985,201600009410,1.0,1,1,2,11.0,0.0,0.0,0.0,1960.0,A01,2.0,7,0,0.0,1.0,1.0,1.0,11,29,1145,1,2,1,7,6,1,7,2,2
20986,201600009410,0.0,3,4,2,0.0,3.0,3.0,1.0,2000.0,A01,2.0,7,0,0.0,1.0,1.0,1.0,11,29,1145,1,2,1,7,6,1,7,2,2
20987,201600009411,1.0,1,1,2,11.0,0.0,0.0,0.0,1948.0,A01,1.0,7,0,0.0,1.0,2.0,1.0,12,9,1040,1,2,8,7,6,1,7,2,2
20988,201600009411,0.0,3,3,2,0.0,4.0,3.0,1.0,1943.0,A01,1.0,7,0,0.0,1.0,2.0,1.0,12,9,1040,1,2,8,7,6,1,7,2,2
20989,201600009412,2.0,2,4,2,11.0,0.0,0.0,0.0,1941.0,B01,2.0,7,0,0.0,2.0,4.0,1.0,12,21,1645,2,1,6,1,2,3,7,2,2
20990,201600009412,1.0,1,4,1,11.0,0.0,0.0,0.0,1934.0,B01,2.0,7,0,0.0,2.0,4.0,1.0,12,21,1645,2,1,6,1,2,3,7,2,2
20991,201600009412,4.0,2,4,1,11.0,0.0,0.0,0.0,2007.0,B01,2.0,7,0,0.0,2.0,4.0,1.0,12,21,1645,2,1,6,1,2,3,7,2,2
20992,201600009412,1.0,1,4,2,11.0,0.0,0.0,0.0,1936.0,A01,2.0,7,0,0.0,2.0,1.0,2.0,12,21,1645,2,1,6,1,2,3,7,2,2
20993,201600009412,2.0,2,1,2,11.0,0.0,0.0,0.0,1999.0,A01,2.0,7,0,0.0,2.0,1.0,2.0,12,21,1645,2,1,6,1,2,3,7,2,2
20994,201600009413,1.0,1,1,1,11.0,0.0,0.0,0.0,1963.0,A01,1.0,7,0,0.0,2.0,8.0,0.0,1,13,1935,5,2,1,1,3,4,7,2,2
20995,201600009413,1.0,1,4,2,11.0,0.0,0.0,0.0,1963.0,B01,2.0,7,0,0.0,0.0,8.0,1.0,1,13,1935,5,2,1,1,3,4,7,2,2
20996,201600009413,2.0,2,4,2,11.0,0.0,0.0,0.0,1971.0,B01,2.0,7,0,0.0,0.0,8.0,1.0,1,13,1935,5,2,1,1,3,4,7,2,2
20997,201600009413,3.0,2,3,2,11.0,0.0,0.0,0.0,1984.0,B01,2.0,7,0,0.0,0.0,8.0,1.0,1,13,1935,5,2,1,1,3,4,7,2,2
20998,201600009413,4.0,2,4,2,11.0,0.0,0.0,0.0,2001.0,B01,2.0,7,0,0.0,0.0,8.0,1.0,1,13,1935,5,2,1,1,3,4,7,2,2
20999,201600009414,0.0,3,3,2,0.0,3.0,3.0,1.0,1933.0,A01,2.0,7,0,0.0,1.0,2.0,15.0,12,27,1750,5,2,3,1,6,3,7,2,2
21000,201600009414,1.0,1,1,1,11.0,0.0,0.0,0.0,1969.0,A01,2.0,7,0,0.0,1.0,2.0,15.0,12,27,1750,5,2,3,1,6,3,7,2,2
21001,201600009415,1.0,1,1,2,11.0,0.0,0.0,0.0,1957.0,B01,2.0,7,0,0.0,2.0,4.0,2.0,1,18,2017,5,2,1,1,2,4,7,2,2
21002,201600009415,1.0,1,4,1,11.0,0.0,0.0,0.0,1962.0,A01,2.0,7,0,0.0,2.0,1.0,2.0,1,18,2017,5,2,1,1,2,4,7,2,2
21003,201600009415,2.0,2,2,1,11.0,0.0,0.0,0.0,1936.0,A01,2.0,7,0,0.0,2.0,1.0,2.0,1,18,2017,5,2,1,1,2,4,7,2,2
21004,201600009415,4.0,2,4,2,11.0,0.0,0.0,0.0,1964.0,A01,2.0,7,0,0.0,2.0,1.0,2.0,1,18,2017,5,2,1,1,2,4,7,2,2
21005,201600009416,1.0,1,1,1,11.0,0.0,0.0,0.0,1985.0,A01,1.0,7,0,0.0,2.0,2.0,15.0,1,24,120,5,2,1,1,1,0,7,2,2
21006,201600009416,1.0,1,4,1,11.0,0.0,0.0,0.0,1983.0,B01,2.0,7,0,9.0,2.0,1.0,1.0,1,24,120,5,2,1,1,1,0,7,2,2
21007,201600009417,4.0,2,3,2,11.0,0.0,0.0,0.0,1987.0,A01,1.0,7,0,0.0,2.0,8.0,13.0,1,31,1535,1,1,1,1,5,3,7,2,2
21008,201600009417,2.0,2,3,2,11.0,0.0,0.0,0.0,1995.0,A01,1.0,7,0,0.0,2.0,8.0,13.0,1,31,1535,1,1,1,1,5,3,7,2,2
21009,201600009417,3.0,2,3,1,11.0,0.0,0.0,0.0,1988.0,A01,1.0,7,0,0.0,2.0,8.0,13.0,1,31,1535,1,1,1,1,5,3,7,2,2
21010,201600009417,1.0,1,4,1,11.0,0.0,0.0,0.0,1989.0,A01,1.0,7,0,0.0,2.0,8.0,13.0,1,31,1535,1,1,1,1,5,3,7,2,2
21011,201600009417,1.0,1,4,2,11.0,0.0,0.0,0.0,1988.0,B01,2.0,7,0,0.0,2.0,8.0,1.0,1,31,1535,1,1,1,1,5,3,7,2,2
21012,201600009417,1.0,1,3,2,11.0,0.0,0.0,0.0,1954.0,C01,2.0,7,0,0.0,2.0,2.0,1.0,1,31,1535,1,1,1,1,5,3,7,2,2
21013,201600009418,1.0,1,1,1,11.0,0.0,0.0,0.0,1945.0,A01,2.0,7,0,0.0,2.0,1.0,1.0,3,30,1820,1,2,4,1,3,4,32,2,1
21014,201600009418,1.0,1,3,1,21.0,0.0,0.0,0.0,1949.0,B01,1.0,32,0,0.0,0.0,1.0,1.0,3,30,1820,1,2,4,1,3,4,7,1,2
21015,201600009419,1.0,1,1,1,11.0,0.0,0.0,0.0,1956.0,A01,2.0,7,0,0.0,2.0,3.0,1.0,3,24,1448,1,2,6,1,2,3,1,2,1
21016,201600009419,1.0,1,3,1,43.0,0.0,0.0,0.0,1970.0,B01,2.0,1,0,0.0,0.0,7.0,1.0,3,24,1448,1,2,6,1,2,3,7,1,2
21017,201600009420,1.0,1,1,2,11.0,0.0,0.0,0.0,1990.0,A01,1.0,7,0,0.0,1.0,2.0,1.0,4,1,1559,1,2,1,1,6,3,7,2,2
21018,201600009420,0.0,3,3,2,0.0,3.0,3.0,1.0,1944.0,A01,1.0,7,0,0.0,1.0,2.0,1.0,4,1,1559,1,2,1,1,6,3,7,2,2
21019,201600009421,1.0,1,1,1,11.0,0.0,0.0,0.0,1998.0,A01,1.0,7,0,9.0,0.0,1.0,15.0,4,6,2230,5,1,1,1,7,5,7,2,2
21020,201600009421,2.0,2,1,1,11.0,0.0,0.0,0.0,1998.0,A01,1.0,7,0,9.0,0.0,1.0,15.0,4,6,2230,5,1,1,1,7,5,7,2,2
21021,201600009421,3.0,2,3,2,11.0,0.0,0.0,0.0,1999.0,A01,1.0,7,0,9.0,0.0,1.0,15.0,4,6,2230,5,1,1,1,7,5,7,2,2
21022,201600009421,4.0,2,4,2,11.0,0.0,0.0,0.0,1998.0,A01,1.0,7,0,9.0,0.0,1.0,15.0,4,6,2230,5,1,1,1,7,5,7,2,2
21023,201600009421,5.0,2,4,2,11.0,0.0,0.0,0.0,1998.0,A01,1.0,7,0,9.0,0.0,1.0,15.0,4,6,2230,5,1,1,1,7,5,7,2,2
21024,201600009422,1.0,1,4,2,11.0,0.0,0.0,0.0,1979.0,B01,2.0,7,0,0.0,2.0,2.0,1.0,5,11,5,5,2,1,1,3,0,7,2,2
21025,201600009423,3.0,2,4,1,11.0,0.0,0.0,0.0,1998.0,B01,1.0,7,0,0.0,2.0,4.0,23.0,5,9,1715,1,2,1,1,4,3,7,2,2
21026,201600009423,2.0,2,4,2,11.0,0.0,0.0,0.0,1976.0,B01,1.0,7,0,0.0,2.0,4.0,23.0,5,9,1715,1,2,1,1,4,3,7,2,2
21027,201600009423,1.0,1,4,1,11.0,0.0,0.0,0.0,1961.0,B01,1.0,7,0,0.0,2.0,4.0,23.0,5,9,1715,1,2,1,1,4,3,7,2,2
21028,201600009423,1.0,1,1,1,11.0,0.0,0.0,0.0,1980.0,C01,1.0,7,0,0.0,2.0,0.0,0.0,5,9,1715,1,2,1,1,4,3,7,2,2
21029,201600009423,1.0,1,4,2,11.0,0.0,0.0,0.0,1963.0,A01,1.0,7,0,0.0,2.0,0.0,0.0,5,9,1715,1,2,1,1,4,3,7,2,2
21030,201600009424,1.0,1,3,1,11.0,0.0,0.0,0.0,1997.0,A01,2.0,7,0,0.0,2.0,1.0,13.0,5,15,607,1,2,1,1,1,1,7,2,2
21031,201600009424,1.0,1,1,1,11.0,0.0,0.0,0.0,1996.0,B01,1.0,7,0,0.0,2.0,1.0,1.0,5,15,607,1,2,1,1,1,1,7,2,2
21032,201600009425,1.0,1,1,1,11.0,0.0,0.0,0.0,1974.0,A01,1.0,7,0,0.0,1.0,1.0,1.0,5,25,1414,1,2,1,1,6,3,7,2,2
21033,201600009425,0.0,3,3,2,0.0,3.0,3.0,1.0,1934.0,A01,1.0,7,0,0.0,1.0,1.0,1.0,5,25,1414,1,2,1,1,6,3,7,2,2
21034,201600009426,1.0,1,3,2,11.0,0.0,0.0,0.0,1934.0,A01,2.0,7,0,0.0,2.0,1.0,13.0,7,8,1615,1,1,1,1,3,3,7,2,2
21035,201600009426,1.0,1,4,1,11.0,0.0,0.0,0.0,1960.0,B01,1.0,7,0,0.0,0.0,3.0,1.0,7,8,1615,1,1,1,1,3,3,7,2,2
21036,201600009427,2.0,2,4,1,21.0,0.0,0.0,0.0,2007.0,B01,2.0,33,0,0.0,0.0,8.0,21.0,7,10,1840,1,1,1,1,6,4,7,1,2
21037,201600009427,1.0,1,3,1,21.0,0.0,0.0,0.0,1963.0,B01,2.0,33,0,0.0,0.0,8.0,21.0,7,10,1840,1,1,1,1,6,4,7,1,2
21038,201600009427,4.0,2,1,1,11.0,0.0,0.0,0.0,2001.0,A01,1.0,7,0,0.0,2.0,3.0,13.0,7,10,1840,1,1,1,1,6,4,33,2,1
21039,201600009427,1.0,1,1,2,11.0,0.0,0.0,0.0,1996.0,A01,1.0,7,0,0.0,2.0,3.0,13.0,7,10,1840,1,1,1,1,6,4,33,2,1
21040,201600009427,2.0,2,1,1,11.0,0.0,0.0,0.0,1963.0,A01,1.0,7,0,0.0,2.0,3.0,13.0,7,10,1840,1,1,1,1,6,4,33,2,1
21041,201600009427,3.0,2,1,1,11.0,0.0,0.0,0.0,1964.0,A01,1.0,7,0,0.0,2.0,3.0,13.0,7,10,1840,1,1,1,1,6,4,33,2,1
21042,201600009428,1.0,1,1,1,11.0,0.0,0.0,0.0,1989.0,A01,1.0,7,0,0.0,2.0,2.0,12.0,7,15,1055,1,2,1,1,3,1,2,2,1
21043,201600009428,1.0,1,3,1,21.0,0.0,0.0,0.0,1995.0,B01,1.0,2,0,1.0,0.0,8.0,1.0,7,15,1055,1,2,1,1,3,1,7,1,2
21044,201600009429,1.0,1,3,1,22.0,0.0,0.0,0.0,1963.0,B01,2.0,1,0,0.0,0.0,8.0,1.0,7,12,1939,1,2,9,1,3,4,7,1,2
21045,201600009429,1.0,1,4,1,11.0,0.0,0.0,0.0,1996.0,A01,1.0,7,0,0.0,2.0,8.0,19.0,7,12,1939,1,2,9,1,3,4,1,2,1
21046,201600009430,1.0,1,1,1,11.0,0.0,0.0,0.0,1945.0,A01,1.0,7,0,0.0,2.0,5.0,15.0,7,26,1750,1,2,1,1,1,3,32,2,1
21047,201600009430,1.0,1,4,1,21.0,0.0,0.0,0.0,1948.0,B01,2.0,32,0,0.0,0.0,8.0,1.0,7,26,1750,1,2,1,1,1,3,7,1,2
21048,201600009431,1.0,1,4,2,11.0,0.0,0.0,0.0,1965.0,A01,1.0,7,0,0.0,0.0,5.0,1.0,8,7,2245,5,2,2,1,3,5,7,2,2
21049,201600009432,1.0,1,1,1,11.0,0.0,0.0,0.0,1940.0,A01,2.0,7,0,0.0,2.0,1.0,9.0,8,8,1420,1,2,9,1,3,3,33,2,1
21050,201600009432,1.0,1,4,1,21.0,0.0,0.0,0.0,1955.0,B01,1.0,33,0,0.0,2.0,7.0,1.0,8,8,1420,1,2,9,1,3,3,7,1,2
21051,201600009433,1.0,1,3,1,21.0,0.0,0.0,0.0,1964.0,A01,2.0,33,0,0.0,2.0,7.0,12.0,8,26,1228,1,2,6,1,3,2,7,1,2
21052,201600009433,2.0,2,4,1,21.0,0.0,0.0,0.0,1961.0,A01,2.0,33,0,0.0,2.0,7.0,12.0,8,26,1228,1,2,6,1,3,2,7,1,2
21053,201600009433,1.0,1,1,1,13.0,0.0,0.0,0.0,1958.0,B01,2.0,7,0,0.0,0.0,8.0,1.0,8,26,1228,1,2,6,1,3,2,33,2,1
21054,201600009434,1.0,1,1,1,11.0,0.0,0.0,0.0,1998.0,A01,1.0,7,0,0.0,2.0,7.0,16.0,9,1,1920,1,1,6,1,3,4,1,2,1
21055,201600009434,2.0,2,1,1,11.0,0.0,0.0,0.0,1998.0,A01,1.0,7,0,0.0,2.0,7.0,16.0,9,1,1920,1,1,6,1,3,4,1,2,1
21056,201600009434,4.0,2,1,1,11.0,0.0,0.0,0.0,1999.0,A01,1.0,7,0,0.0,2.0,7.0,16.0,9,1,1920,1,1,6,1,3,4,1,2,1
21057,201600009434,1.0,1,4,1,22.0,0.0,0.0,0.0,1973.0,B01,1.0,1,0,0.0,2.0,8.0,1.0,9,1,1920,1,1,6,1,3,4,7,1,2
21058,201600009435,2.0,2,1,1,11.0,0.0,0.0,0.0,1959.0,A01,1.0,7,0,0.0,2.0,3.0,1.0,9,7,1630,1,1,3,1,3,3,7,2,2
21059,201600009435,1.0,1,1,1,11.0,0.0,0.0,0.0,1973.0,A01,1.0,7,0,0.0,2.0,3.0,1.0,9,7,1630,1,1,3,1,3,3,7,2,2
21060,201600009435,1.0,1,4,1,11.0,0.0,0.0,0.0,1937.0,B01,2.0,7,0,0.0,0.0,6.0,15.0,9,7,1630,1,1,3,1,3,3,7,2,2
21061,201600009435,3.0,2,3,2,11.0,0.0,0.0,0.0,1957.0,B01,2.0,7,0,0.0,0.0,6.0,15.0,9,7,1630,1,1,3,1,3,3,7,2,2
21062,201600009436,1.0,1,1,1,11.0,0.0,0.0,0.0,1991.0,A01,2.0,10,0,0.0,2.0,8.0,15.0,9,14,930,1,2,4,1,3,1,33,2,1
21063,201600009436,1.0,1,3,1,21.0,0.0,0.0,0.0,1990.0,B01,1.0,33,0,0.0,2.0,2.0,1.0,9,14,930,1,2,4,1,3,1,10,1,2