,Num_Acc,place,catu,grav,sexe,secu,locp,actp,etatp,an_nais,num_veh,senc,catv,occutc,obs,obsm,choc,manv,mois,jour,hrmn,lum,agg,int,atm,col,mom,catvopp,catv_gen,catvopp_gen
21370,201600009591,1.0,1,4,2,11.0,0.0,0.0,0.0,1963.0,A01,2.0,7,0,0.0,2.0,8.0,1.0,1,16,800,1,1,1,9,3,1,7,2,2
21371,201600009592,1.0,1,4,1,11.0,0.0,0.0,0.0,1977.0,A01,2.0,7,0,0.0,2.0,7.0,1.0,5,23,615,1,1,1,3,3,1,7,2,2
21372,201600009592,1.0,1,1,1,11.0,0.0,0.0,0.0,1979.0,B02,1.0,7,0,0.0,2.0,1.0,1.0,5,23,615,1,1,1,3,3,1,7,2,2
21373,201600009593,1.0,1,4,1,23.0,0.0,0.0,0.0,1984.0,A01,2.0,1,0,12.0,2.0,1.0,1.0,6,13,2015,2,2,1,8,1,4,1,1,1
21374,201600009594,1.0,1,4,2,11.0,0.0,0.0,0.0,1953.0,A01,2.0,7,0,0.0,2.0,1.0,1.0,6,24,1145,1,1,2,1,1,1,7,2,2
21375,201600009594,1.0,1,4,2,11.0,0.0,0.0,0.0,1973.0,B02,1.0,7,0,0.0,2.0,1.0,1.0,6,24,1145,1,1,2,1,1,1,7,2,2
21376,201600009595,1.0,1,3,1,11.0,0.0,0.0,0.0,1990.0,A01,2.0,7,0,0.0,2.0,1.0,1.0,7,27,1230,1,1,1,1,3,2,7,2,2
21377,201600009595,1.0,1,3,2,11.0,0.0,0.0,0.0,1957.0,B02,1.0,7,0,0.0,2.0,8.0,15.0,7,27,1230,1,1,1,1,3,2,7,2,2
21378,201600009595,2.0,2,3,2,11.0,0.0,0.0,0.0,1954.0,B02,1.0,7,0,0.0,2.0,8.0,15.0,7,27,1230,1,1,1,1,3,2,7,2,2
21379,201600009596,1.0,1,1,1,11.0,0.0,0.0,0.0,1984.0,B02,0.0,38,1,12.0,2.0,3.0,2.0,8,31,715,2,2,1,1,1,1,7,3,2
21380,201600009596,1.0,1,4,2,11.0,0.0,0.0,0.0,1987.0,A01,0.0,7,0,12.0,2.0,3.0,1.0,8,31,715,2,2,1,1,1,1,38,2,3
21381,201600009597,1.0,1,3,1,11.0,0.0,0.0,0.0,1950.0,C03,2.0,7,0,0.0,2.0,1.0,1.0,9,23,1545,1,1,1,1,5,3,10,2,2
21382,201600009597,1.0,1,1,1,11.0,0.0,0.0,0.0,1984.0,B02,2.0,10,0,0.0,2.0,3.0,1.0,9,23,1545,1,1,1,1,5,3,7,2,2
21383,201600009597,1.0,1,3,1,11.0,0.0,0.0,0.0,1966.0,A01,1.0,7,0,0.0,2.0,3.0,13.0,9,23,1545,1,1,1,1,5,3,10,2,2
21384,201600009598,1.0,1,4,1,13.0,0.0,0.0,0.0,1992.0,A01,2.0,7,0,0.0,2.0,3.0,17.0,10,15,2000,3,1,1,1,3,4,31,2,1
21385,201600009598,2.0,2,4,1,13.0,0.0,0.0,0.0,1992.0,A01,2.0,7,0,0.0,2.0,3.0,17.0,10,15,2000,3,1,1,1,3,4,31,2,1
21386,201600009598,1.0,1,3,1,23.0,0.0,0.0,0.0,1999.0,B02,1.0,31,0,0.0,2.0,1.0,1.0,10,15,2000,3,1,1,1,3,4,7,1,2
21387,201600009599,1.0,1,4,1,11.0,0.0,0.0,0.0,1996.0,A01,2.0,7,0,16.0,0.0,0.0,1.0,12,28,615,3,1,1,9,7,1,7,2,2
21388,201600009600,1.0,1,1,1,13.0,0.0,0.0,0.0,1982.0,B02,2.0,7,0,0.0,2.0,2.0,2.0,5,11,145,3,1,1,5,2,0,2,2,1
21389,201600009600,1.0,1,2,1,22.0,0.0,0.0,0.0,1971.0,A01,2.0,2,0,0.0,2.0,4.0,1.0,5,11,145,3,1,1,5,2,0,7,1,2
21390,201600009601,1.0,1,2,1,23.0,0.0,0.0,0.0,1973.0,B02,0.0,2,0,0.0,2.0,4.0,2.0,6,28,315,3,1,1,1,2,0,7,1,2
21391,201600009601,1.0,1,1,1,13.0,0.0,0.0,0.0,1990.0,A01,0.0,7,0,0.0,2.0,2.0,1.0,6,28,315,3,1,1,1,2,0,2,2,1
21392,201600009602,1.0,1,4,1,11.0,0.0,0.0,0.0,1981.0,A01,2.0,7,0,0.0,2.0,1.0,1.0,8,29,1915,1,1,1,1,1,4,7,2,2
21393,201600009603,1.0,1,1,1,11.0,0.0,0.0,0.0,1967.0,A01,0.0,7,0,0.0,2.0,1.0,9.0,11,23,630,5,2,6,2,1,1,7,2,2
21394,201600009603,1.0,1,4,1,11.0,0.0,0.0,0.0,1989.0,B02,0.0,7,0,0.0,2.0,8.0,1.0,11,23,630,5,2,6,2,1,1,7,2,2
21395,201600009604,1.0,1,4,1,21.0,0.0,0.0,0.0,1953.0,B02,1.0,33,0,0.0,2.0,1.0,18.0,11,23,1915,3,1,1,8,3,4,10,1,2
21396,201600009604,1.0,1,1,1,11.0,0.0,0.0,0.0,1950.0,A01,1.0,10,0,0.0,2.0,2.0,12.0,11,23,1915,3,1,1,8,3,4,33,2,1
21397,201600009605,1.0,1,1,1,11.0,0.0,0.0,0.0,1957.0,A01,2.0,10,0,0.0,1.0,1.0,1.0,11,29,1015,1,1,1,1,6,1,10,2,2
21398,201600009605,0.0,3,3,2,0.0,2.0,3.0,1.0,1935.0,A01,2.0,10,0,0.0,1.0,1.0,1.0,11,29,1015,1,1,1,1,6,1,10,2,2
21399,201600009606,1.0,1,1,1,13.0,0.0,0.0,0.0,1992.0,B02,1.0,7,0,0.0,2.0,6.0,2.0,11,29,1745,3,1,1,1,3,3,33,2,1
21400,201600009606,1.0,1,3,1,21.0,0.0,0.0,0.0,1996.0,A01,1.0,33,0,0.0,2.0,7.0,1.0,11,29,1745,3,1,1,1,3,3,7,1,2
21401,201600009607,1.0,1,1,2,11.0,0.0,0.0,0.0,1983.0,B02,1.0,7,0,0.0,2.0,4.0,2.0,11,29,1900,3,1,1,1,2,4,33,2,1
21402,201600009607,1.0,1,3,1,21.0,0.0,0.0,0.0,1985.0,A01,1.0,33,0,0.0,2.0,1.0,1.0,11,29,1900,3,1,1,1,2,4,7,1,2
21403,201600009608,1.0,1,1,1,11.0,0.0,0.0,0.0,1981.0,A01,0.0,7,0,0.0,2.0,1.0,1.0,5,19,2045,1,1,1,1,3,4,7,2,2
21404,201600009608,1.0,1,4,1,11.0,0.0,0.0,0.0,1985.0,B02,0.0,7,0,0.0,2.0,8.0,15.0,5,19,2045,1,1,1,1,3,4,7,2,2
21405,201600009609,1.0,1,1,2,11.0,0.0,0.0,0.0,1985.0,B02,2.0,7,0,0.0,2.0,6.0,2.0,7,29,1200,1,1,1,1,2,2,33,2,1
21406,201600009609,1.0,1,3,1,21.0,0.0,0.0,0.0,1960.0,A01,2.0,33,0,0.0,2.0,1.0,1.0,7,29,1200,1,1,1,1,2,2,7,1,2
21407,201600009610,1.0,1,1,1,11.0,0.0,0.0,0.0,1941.0,A01,0.0,7,0,0.0,2.0,3.0,1.0,10,28,1900,2,1,1,8,3,4,1,2,1
21408,201600009610,1.0,1,3,2,41.0,0.0,0.0,0.0,1998.0,B02,0.0,1,0,0.0,2.0,5.0,14.0,10,28,1900,2,1,1,8,3,4,7,1,2
21409,201600009611,1.0,1,1,1,11.0,0.0,0.0,0.0,1948.0,A01,1.0,7,0,0.0,2.0,1.0,13.0,11,20,1730,3,1,1,3,3,3,7,2,2
21410,201600009611,1.0,1,4,2,11.0,0.0,0.0,0.0,1965.0,B02,2.0,7,0,0.0,2.0,8.0,21.0,11,20,1730,3,1,1,3,3,3,7,2,2
21411,201600009612,1.0,1,3,1,21.0,0.0,0.0,0.0,1973.0,A01,0.0,33,0,0.0,2.0,1.0,1.0,12,15,1730,2,1,1,8,1,3,7,1,2
21412,201600009612,1.0,1,1,1,11.0,0.0,0.0,0.0,1985.0,B02,0.0,7,0,0.0,2.0,1.0,1.0,12,15,1730,2,1,1,8,1,3,33,2,1
21413,201600009613,1.0,1,4,1,11.0,0.0,0.0,0.0,1978.0,A01,0.0,7,0,0.0,2.0,3.0,1.0,2,17,1330,1,2,1,1,1,2,7,2,2
21414,201600009613,1.0,1,3,2,11.0,0.0,0.0,0.0,1961.0,B02,0.0,7,0,0.0,2.0,3.0,1.0,2,17,1330,1,2,1,1,1,2,7,2,2
21415,201600009614,1.0,1,4,1,11.0,0.0,0.0,0.0,1970.0,A01,0.0,7,0,0.0,2.0,1.0,8.0,3,29,930,1,2,9,1,3,1,7,2,2
21416,201600009614,1.0,1,4,2,11.0,0.0,0.0,0.0,1989.0,B02,0.0,7,0,0.0,2.0,8.0,16.0,3,29,930,1,2,9,1,3,1,7,2,2
21417,201600009615,1.0,1,3,1,21.0,0.0,0.0,0.0,1959.0,A01,0.0,2,0,0.0,0.0,0.0,0.0,6,9,800,1,1,6,1,7,1,2,1,1
21418,201600009616,1.0,1,4,1,21.0,0.0,0.0,0.0,1981.0,A01,0.0,1,0,0.0,0.0,1.0,1.0,8,24,1145,1,2,1,1,7,1,1,1,1
21419,201600009617,1.0,1,4,1,11.0,0.0,0.0,0.0,1984.0,C03,0.0,7,0,0.0,2.0,1.0,1.0,9,5,815,1,1,1,2,4,1,7,2,2
21420,201600009617,1.0,1,1,1,11.0,0.0,0.0,0.0,1969.0,B02,0.0,7,0,0.0,2.0,4.0,23.0,9,5,815,1,1,1,2,4,1,7,2,2
21421,201600009617,1.0,1,1,2,11.0,0.0,0.0,0.0,1981.0,A01,0.0,7,0,0.0,2.0,4.0,23.0,9,5,815,1,1,1,2,4,1,7,2,2
21422,201600009618,1.0,1,4,1,11.0,0.0,0.0,0.0,1986.0,B02,0.0,7,0,0.0,2.0,1.0,0.0,10,17,1415,1,1,1,2,1,3,7,2,2
21423,201600009618,1.0,1,4,2,11.0,0.0,0.0,0.0,1968.0,A01,0.0,7,0,0.0,2.0,3.0,1.0,10,17,1415,1,1,1,2,1,3,7,2,2
21424,201600009619,1.0,1,4,2,11.0,0.0,0.0,0.0,1977.0,B02,0.0,7,0,0.0,2.0,1.0,1.0,10,24,1730,1,1,1,8,1,3,7,2,2
21425,201600009619,1.0,1,3,1,11.0,0.0,0.0,0.0,1993.0,A01,0.0,7,0,0.0,2.0,1.0,1.0,10,24,1730,1,1,1,8,1,3,7,2,2
21426,201600009619,2.0,2,4,1,11.0,0.0,0.0,0.0,1993.0,A01,0.0,7,0,0.0,2.0,1.0,1.0,10,24,1730,1,1,1,8,1,3,7,2,2
21427,201600009620,1.0,1,3,1,21.0,0.0,0.0,0.0,1963.0,A01,0.0,30,0,0.0,0.0,7.0,9.0,11,4,1015,1,2,6,2,7,1,30,1,1
21428,201600009621,1.0,1,4,1,11.0,0.0,0.0,0.0,1970.0,B02,2.0,7,0,3.0,2.0,3.0,1.0,11,9,1030,1,1,1,2,3,1,7,2,2
21429,201600009621,1.0,1,4,1,11.0,0.0,0.0,0.0,1982.0,A01,1.0,7,0,3.0,2.0,2.0,1.0,11,9,1030,1,1,1,2,3,1,7,2,2
21430,201600009622,1.0,1,1,1,11.0,0.0,0.0,0.0,1982.0,D04,2.0,7,0,0.0,2.0,5.0,2.0,2,18,1900,3,1,1,2,5,4,7,2,2
21431,201600009622,1.0,1,3,1,11.0,0.0,0.0,0.0,1964.0,A01,1.0,7,0,0.0,2.0,3.0,13.0,2,18,1900,3,1,1,2,5,4,7,2,2
21432,201600009622,1.0,1,4,2,11.0,0.0,0.0,0.0,1955.0,B02,2.0,7,0,0.0,2.0,3.0,1.0,2,18,1900,3,1,1,2,5,4,7,2,2
21433,201600009622,1.0,1,1,1,11.0,0.0,0.0,0.0,1969.0,E05,2.0,7,0,0.0,2.0,2.0,1.0,2,18,1900,3,1,1,2,5,4,7,2,2
21434,201600009622,1.0,1,1,1,11.0,0.0,0.0,0.0,1958.0,C03,2.0,7,0,0.0,2.0,5.0,2.0,2,18,1900,3,1,1,2,5,4,7,2,2
21435,201600009623,1.0,1,3,1,11.0,0.0,0.0,0.0,1993.0,A01,1.0,7,0,0.0,2.0,1.0,13.0,3,11,745,1,1,1,1,5,1,10,2,2
21436,201600009623,1.0,1,3,1,11.0,0.0,0.0,0.0,1948.0,B02,2.0,10,0,0.0,2.0,3.0,21.0,3,11,745,1,1,1,1,5,1,7,2,2
21437,201600009623,1.0,1,3,1,11.0,0.0,0.0,0.0,1984.0,C03,2.0,7,0,0.0,2.0,1.0,21.0,3,11,745,1,1,1,1,5,1,10,2,2
21438,201600009624,1.0,1,3,1,21.0,0.0,0.0,0.0,1980.0,A01,1.0,31,0,16.0,0.0,8.0,14.0,3,12,1845,2,1,1,1,7,4,31,1,1
21439,201600009625,1.0,1,3,2,11.0,0.0,0.0,0.0,1989.0,B02,2.0,7,0,0.0,2.0,1.0,1.0,5,22,1730,1,1,1,3,5,3,7,2,2
21440,201600009625,1.0,1,1,2,11.0,0.0,0.0,0.0,1968.0,C03,2.0,7,0,0.0,2.0,6.0,1.0,5,22,1730,1,1,1,3,5,3,7,2,2
21441,201600009625,1.0,1,4,1,11.0,0.0,0.0,0.0,1979.0,A01,1.0,7,0,0.0,2.0,1.0,13.0,5,22,1730,1,1,1,3,5,3,7,2,2
21442,201600009625,2.0,2,3,2,11.0,0.0,0.0,0.0,2003.0,A01,1.0,7,0,0.0,2.0,1.0,13.0,5,22,1730,1,1,1,3,5,3,7,2,2
21443,201600009626,1.0,1,1,2,11.0,0.0,0.0,0.0,1979.0,A01,1.0,7,0,0.0,2.0,1.0,1.0,5,23,1215,1,2,1,2,1,2,7,2,2
21444,201600009626,1.0,1,4,2,11.0,0.0,0.0,0.0,1933.0,B02,2.0,7,0,0.0,2.0,1.0,15.0,5,23,1215,1,2,1,2,1,2,7,2,2
21445,201600009627,1.0,1,3,1,21.0,0.0,0.0,0.0,1983.0,B02,1.0,1,0,0.0,2.0,1.0,13.0,6,24,1730,1,1,1,1,1,3,10,1,2
21446,201600009627,1.0,1,1,1,11.0,0.0,0.0,0.0,1961.0,A01,2.0,10,0,0.0,2.0,2.0,23.0,6,24,1730,1,1,1,1,1,3,1,2,1
21447,201600009628,1.0,1,4,1,11.0,0.0,0.0,0.0,1994.0,A01,1.0,7,0,16.0,0.0,9.0,1.0,6,25,430,3,1,1,1,7,0,7,2,2
21448,201600009629,2.0,2,4,1,11.0,0.0,0.0,0.0,1990.0,B02,2.0,7,0,0.0,2.0,1.0,1.0,6,28,1830,1,1,1,1,1,4,7,2,2
21449,201600009629,1.0,1,3,2,11.0,0.0,0.0,0.0,1994.0,B02,2.0,7,0,0.0,2.0,1.0,1.0,6,28,1830,1,1,1,1,1,4,7,2,2
21450,201600009629,1.0,1,4,2,11.0,0.0,0.0,0.0,1964.0,A01,1.0,7,0,0.0,2.0,1.0,13.0,6,28,1830,1,1,1,1,1,4,7,2,2
21451,201600009630,1.0,1,3,2,11.0,0.0,0.0,0.0,1997.0,A01,1.0,7,0,13.0,0.0,1.0,12.0,10,24,1015,1,1,1,1,6,1,7,2,2
21452,201600009631,1.0,1,1,1,11.0,0.0,0.0,0.0,1980.0,A01,1.0,7,0,0.0,2.0,1.0,13.0,11,11,730,3,1,1,1,5,1,7,2,2
21453,201600009631,1.0,1,1,1,11.0,0.0,0.0,0.0,1961.0,C03,2.0,7,0,0.0,2.0,8.0,21.0,11,11,730,3,1,1,1,5,1,7,2,2
21454,201600009631,1.0,1,3,1,11.0,0.0,0.0,0.0,1951.0,B02,2.0,7,0,0.0,2.0,1.0,1.0,11,11,730,3,1,1,1,5,1,7,2,2
21455,201600009632,1.0,1,4,1,11.0,0.0,0.0,0.0,1972.0,A01,1.0,14,0,2.0,0.0,2.0,14.0,11,14,800,1,1,1,1,6,1,14,3,3
21456,201600009633,1.0,1,3,2,11.0,0.0,0.0,0.0,1990.0,A01,2.0,7,0,2.0,2.0,9.0,17.0,2,19,845,1,1,1,1,5,1,7,2,2
21457,201600009633,2.0,2,3,2,11.0,0.0,0.0,0.0,1960.0,A01,2.0,7,0,2.0,2.0,9.0,17.0,2,19,845,1,1,1,1,5,1,7,2,2
21458,201600009633,1.0,1,4,2,11.0,0.0,0.0,0.0,1991.0,B02,2.0,7,0,0.0,2.0,2.0,17.0,2,19,845,1,1,1,1,5,1,7,2,2
21459,201600009633,1.0,1,4,2,11.0,0.0,0.0,0.0,1978.0,C03,2.0,7,0,0.0,2.0,6.0,1.0,2,19,845,1,1,1,1,5,1,7,2,2
21460,201600009634,1.0,1,3,2,11.0,0.0,0.0,0.0,1996.0,A01,2.0,7,0,0.0,2.0,1.0,13.0,4,1,1215,1,1,1,1,1,2,10,2,2
21461,201600009634,1.0,1,1,1,11.0,0.0,0.0,0.0,1959.0,B02,1.0,10,0,0.0,2.0,3.0,21.0,4,1,1215,1,1,1,1,1,2,7,2,2
21462,201600009635,1.0,1,2,1,12.0,0.0,0.0,0.0,1977.0,A01,2.0,7,0,3.0,0.0,2.0,13.0,7,29,345,3,1,1,1,6,0,7,2,2
21463,201600009636,1.0,1,3,2,11.0,0.0,0.0,0.0,1992.0,A01,1.0,7,0,2.0,0.0,7.0,13.0,9,5,1200,1,1,1,2,6,2,7,2,2
21464,201600009637,1.0,1,4,2,11.0,0.0,0.0,0.0,1974.0,B02,0.0,7,0,0.0,2.0,8.0,16.0,1,4,745,1,1,3,1,3,1,10,2,2
21465,201600009637,1.0,1,1,1,11.0,0.0,0.0,0.0,1980.0,A01,1.0,10,0,0.0,2.0,2.0,1.0,1,4,745,1,1,3,1,3,1,7,2,2
21466,201600009638,1.0,1,1,1,11.0,0.0,0.0,0.0,1959.0,A01,2.0,7,0,0.0,1.0,2.0,1.0,1,9,1845,5,2,1,1,6,4,7,2,2
21467,201600009638,0.0,3,3,1,0.0,1.0,3.0,2.0,1929.0,A01,2.0,7,0,0.0,1.0,2.0,1.0,1,9,1845,5,2,1,1,6,4,7,2,2
21468,201600009639,1.0,1,1,1,11.0,0.0,0.0,0.0,1992.0,B02,0.0,7,0,0.0,2.0,3.0,13.0,5,7,1315,1,2,1,1,3,2,30,2,1
21469,201600009639,1.0,1,4,1,21.0,0.0,0.0,0.0,1995.0,A01,0.0,30,0,0.0,2.0,8.0,1.0,5,7,1315,1,2,1,1,3,2,7,1,2
21470,201600009640,1.0,1,1,1,11.0,0.0,0.0,0.0,1946.0,B02,2.0,7,0,0.0,2.0,7.0,17.0,6,29,1615,1,1,1,1,3,3,1,2,1
21471,201600009640,1.0,1,3,1,21.0,0.0,0.0,0.0,1970.0,A01,2.0,1,0,0.0,2.0,8.0,1.0,6,29,1615,1,1,1,1,3,3,7,1,2
21472,201600009641,1.0,1,1,2,11.0,0.0,0.0,0.0,1923.0,A01,2.0,10,0,0.0,2.0,1.0,15.0,10,15,1630,1,2,3,1,1,3,30,2,1
21473,201600009641,1.0,1,3,1,21.0,0.0,0.0,0.0,2000.0,B02,1.0,30,0,0.0,2.0,1.0,1.0,10,15,1630,1,2,3,1,1,3,10,1,2
21474,201600009642,1.0,1,3,1,11.0,0.0,0.0,0.0,1978.0,A01,2.0,7,0,5.0,0.0,3.0,13.0,1,9,1500,1,1,1,1,6,3,7,2,2
21475,201600009643,1.0,1,3,1,11.0,0.0,0.0,0.0,1995.0,A01,1.0,10,0,13.0,0.0,1.0,14.0,1,27,1615,1,1,1,1,7,3,10,2,2
21476,201600009643,2.0,2,3,1,11.0,0.0,0.0,0.0,1989.0,A01,1.0,10,0,13.0,0.0,1.0,14.0,1,27,1615,1,1,1,1,7,3,10,2,2
21477,201600009644,1.0,1,4,1,21.0,0.0,0.0,0.0,1988.0,A01,1.0,33,0,0.0,2.0,1.0,1.0,2,27,1300,1,1,1,1,3,2,10,1,2
21478,201600009644,2.0,2,3,2,21.0,0.0,0.0,0.0,1994.0,A01,1.0,33,0,0.0,2.0,1.0,1.0,2,27,1300,1,1,1,1,3,2,10,1,2
21479,201600009644,1.0,1,1,1,11.0,0.0,0.0,0.0,1972.0,B02,1.0,10,0,0.0,2.0,8.0,15.0,2,27,1300,1,1,1,1,3,2,33,2,1
21480,201600009644,2.0,2,1,1,11.0,0.0,0.0,0.0,1972.0,B02,1.0,10,0,0.0,2.0,8.0,15.0,2,27,1300,1,1,1,1,3,2,33,2,1
21481,201600009645,1.0,1,2,1,12.0,0.0,0.0,0.0,1982.0,A01,1.0,7,0,16.0,0.0,9.0,5.0,4,9,1600,1,1,1,2,7,3,7,2,2
21482,201600009646,1.0,1,1,1,11.0,0.0,0.0,0.0,1965.0,B02,0.0,7,0,0.0,2.0,3.0,1.0,6,24,2000,1,1,1,1,1,4,33,2,1
21483,201600009646,1.0,1,3,1,21.0,0.0,0.0,0.0,1982.0,A01,0.0,33,0,0.0,2.0,1.0,5.0,6,24,2000,1,1,1,1,1,4,7,1,2
21484,201600009647,1.0,1,3,1,11.0,0.0,0.0,0.0,1995.0,A01,1.0,7,0,8.0,0.0,7.0,14.0,7,14,445,3,1,1,1,6,0,7,2,2
21485,201600009648,1.0,1,1,2,11.0,0.0,0.0,0.0,1975.0,B02,1.0,7,0,0.0,2.0,4.0,23.0,9,18,830,1,1,1,1,2,1,7,2,2
21486,201600009648,1.0,1,3,1,11.0,0.0,0.0,0.0,1977.0,A01,1.0,7,0,1.0,0.0,4.0,21.0,9,18,830,1,1,1,1,2,1,7,2,2
21487,201600009649,1.0,1,1,1,11.0,0.0,0.0,0.0,1981.0,B02,2.0,10,0,0.0,2.0,3.0,1.0,10,5,815,1,1,1,1,1,1,7,2,2
21488,201600009649,1.0,1,3,1,11.0,0.0,0.0,0.0,1993.0,A01,1.0,7,0,0.0,2.0,2.0,13.0,10,5,815,1,1,1,1,1,1,10,2,2
21489,201600009650,1.0,1,4,1,11.0,0.0,0.0,0.0,1979.0,A01,1.0,10,0,0.0,2.0,4.0,2.0,10,11,1745,1,1,1,1,2,3,33,2,1
21490,201600009650,1.0,1,3,1,21.0,0.0,0.0,0.0,1955.0,B02,1.0,33,0,0.0,2.0,1.0,17.0,10,11,1745,1,1,1,1,2,3,10,1,2
21491,201600009651,2.0,2,3,2,11.0,0.0,0.0,0.0,1985.0,A01,1.0,7,0,0.0,2.0,1.0,23.0,11,27,715,3,1,1,1,2,1,7,2,2
21492,201600009651,0.0,3,2,2,42.0,0.0,1.0,2.0,1992.0,A01,1.0,7,0,0.0,2.0,1.0,23.0,11,27,715,3,1,1,1,2,1,7,2,2
21493,201600009651,1.0,1,4,1,11.0,0.0,0.0,0.0,1949.0,B02,1.0,7,0,1.0,0.0,1.0,21.0,11,27,715,3,1,1,1,2,1,7,2,2
21494,201600009651,2.0,2,4,2,11.0,0.0,0.0,0.0,1953.0,B02,1.0,7,0,1.0,0.0,1.0,21.0,11,27,715,3,1,1,1,2,1,7,2,2
21495,201600009652,1.0,1,3,2,21.0,0.0,0.0,0.0,1993.0,A01,2.0,32,0,0.0,2.0,1.0,1.0,1,7,2115,5,2,2,1,3,4,7,1,2
21496,201600009652,1.0,1,1,1,11.0,0.0,0.0,0.0,1992.0,B02,1.0,7,0,0.0,2.0,2.0,15.0,1,7,2115,5,2,2,1,3,4,32,2,1
21497,201600009653,2.0,2,4,2,21.0,0.0,0.0,0.0,1997.0,A01,1.0,2,0,0.0,2.0,2.0,1.0,2,16,1230,1,2,1,1,3,2,7,1,2
21498,201600009653,1.0,1,3,1,21.0,0.0,0.0,0.0,2001.0,A01,1.0,2,0,0.0,2.0,2.0,1.0,2,16,1230,1,2,1,1,3,2,7,1,2
21499,201600009653,1.0,1,1,1,11.0,0.0,0.0,0.0,1983.0,B02,1.0,7,0,0.0,0.0,3.0,23.0,2,16,1230,1,2,1,1,3,2,2,2,1
21500,201600009654,1.0,1,3,2,11.0,0.0,0.0,0.0,1980.0,C03,2.0,7,0,4.0,2.0,1.0,1.0,3,2,2145,3,1,1,2,4,4,7,2,2
21501,201600009654,1.0,1,3,2,11.0,0.0,0.0,0.0,1959.0,A01,2.0,7,0,4.0,0.0,1.0,13.0,3,2,2145,3,1,1,2,4,4,7,2,2
21502,201600009654,1.0,1,1,1,11.0,0.0,0.0,0.0,1973.0,B02,2.0,7,0,0.0,2.0,4.0,23.0,3,2,2145,3,1,1,2,4,4,7,2,2
21503,201600009655,1.0,1,1,1,11.0,0.0,0.0,0.0,1956.0,A01,0.0,7,0,1.0,2.0,5.0,1.0,7,30,1945,1,2,2,1,3,4,33,2,1
21504,201600009655,1.0,1,3,1,21.0,0.0,0.0,0.0,1988.0,B02,0.0,33,0,0.0,2.0,1.0,1.0,7,30,1945,1,2,2,1,3,4,7,1,2
21505,201600009656,1.0,1,1,1,11.0,0.0,0.0,0.0,1986.0,A01,0.0,7,0,0.0,2.0,2.0,15.0,8,12,2030,1,2,1,1,3,4,10,2,2
21506,201600009656,2.0,2,3,2,11.0,0.0,0.0,0.0,2008.0,A01,0.0,7,0,0.0,2.0,2.0,15.0,8,12,2030,1,2,1,1,3,4,10,2,2
21507,201600009656,1.0,1,1,1,11.0,0.0,0.0,0.0,1987.0,B02,0.0,10,0,1.0,2.0,1.0,1.0,8,12,2030,1,2,1,1,3,4,7,2,2
21508,201600009657,1.0,1,1,1,11.0,0.0,0.0,0.0,1977.0,A01,0.0,7,0,0.0,2.0,5.0,13.0,8,20,2145,3,1,1,1,3,4,7,2,2
21509,201600009657,2.0,2,1,1,11.0,0.0,0.0,0.0,1971.0,A01,0.0,7,0,0.0,2.0,5.0,13.0,8,20,2145,3,1,1,1,3,4,7,2,2
21510,201600009657,4.0,2,2,1,11.0,0.0,0.0,0.0,1967.0,A01,0.0,7,0,0.0,2.0,5.0,13.0,8,20,2145,3,1,1,1,3,4,7,2,2
21511,201600009657,1.0,1,1,1,11.0,0.0,0.0,0.0,1978.0,B02,0.0,7,0,0.0,2.0,1.0,1.0,8,20,2145,3,1,1,1,3,4,7,2,2
21512,201600009658,1.0,1,1,2,11.0,0.0,0.0,0.0,1980.0,A01,1.0,7,0,0.0,2.0,3.0,6.0,10,4,830,1,1,1,1,1,1,34,2,1
21513,201600009658,1.0,1,3,1,21.0,0.0,0.0,0.0,1973.0,B02,2.0,34,0,0.0,2.0,1.0,1.0,10,4,830,1,1,1,1,1,1,7,1,2
21514,201600009659,1.0,1,3,1,11.0,0.0,0.0,0.0,1986.0,B02,2.0,10,0,0.0,2.0,1.0,1.0,4,1,530,3,1,1,1,1,0,10,2,2
21515,201600009659,1.0,1,3,1,11.0,0.0,0.0,0.0,1961.0,A01,1.0,10,0,0.0,2.0,2.0,15.0,4,1,530,3,1,1,1,1,0,10,2,2
21516,201600009660,1.0,1,1,1,11.0,0.0,0.0,0.0,1983.0,A01,0.0,7,0,0.0,1.0,2.0,1.0,5,30,1715,1,2,1,2,6,3,7,2,2
21517,201600009660,0.0,3,3,1,0.0,2.0,3.0,1.0,2004.0,A01,0.0,7,0,0.0,1.0,2.0,1.0,5,30,1715,1,2,1,2,6,3,7,2,2
21518,201600009661,1.0,1,3,2,11.0,0.0,0.0,0.0,1972.0,A01,1.0,7,0,0.0,2.0,1.0,9.0,8,4,1045,1,2,6,2,3,1,7,2,2
21519,201600009661,1.0,1,4,1,11.0,0.0,0.0,0.0,1987.0,B02,2.0,7,0,0.0,2.0,7.0,1.0,8,4,1045,1,2,6,2,3,1,7,2,2
21520,201600009662,1.0,1,3,1,11.0,0.0,0.0,0.0,1966.0,A01,2.0,7,0,0.0,2.0,3.0,13.0,11,1,1645,1,1,1,1,1,3,7,2,2
21521,201600009662,1.0,1,3,2,11.0,0.0,0.0,0.0,1985.0,B02,1.0,7,0,0.0,2.0,3.0,1.0,11,1,1645,1,1,1,1,1,3,7,2,2