,Num_Acc,place,catu,grav,sexe,secu,locp,actp,etatp,an_nais,num_veh,senc,catv,occutc,obs,obsm,choc,manv,mois,jour,hrmn,lum,agg,int,atm,col,mom,catvopp,catv_gen,catvopp_gen
21674,201600009732,1.0,1,4,1,11.0,0.0,0.0,0.0,1995.0,B02,2.0,7,0,0.0,2.0,1.0,1.0,8,1,1115,1,1,2,1,3,1,7,2,2
21675,201600009732,2.0,2,4,1,11.0,0.0,0.0,0.0,1996.0,B02,2.0,7,0,0.0,2.0,1.0,1.0,8,1,1115,1,1,2,1,3,1,7,2,2
21676,201600009732,1.0,1,3,1,11.0,0.0,0.0,0.0,1955.0,A01,1.0,7,0,0.0,2.0,2.0,19.0,8,1,1115,1,1,2,1,3,1,7,2,2
21677,201600009733,1.0,1,1,1,11.0,0.0,0.0,0.0,1929.0,B02,1.0,7,0,0.0,2.0,8.0,1.0,9,9,1400,1,1,2,1,3,3,33,2,1
21678,201600009733,1.0,1,3,1,21.0,0.0,0.0,0.0,1972.0,A01,2.0,33,0,0.0,2.0,1.0,1.0,9,9,1400,1,1,2,1,3,3,7,1,2
21679,201600009734,1.0,1,4,1,11.0,0.0,0.0,0.0,1985.0,A01,1.0,7,0,3.0,0.0,0.0,1.0,9,12,1200,1,1,1,1,1,2,15,2,3
21680,201600009734,1.0,1,1,1,11.0,0.0,0.0,0.0,1957.0,B02,1.0,15,0,0.0,0.0,0.0,1.0,9,12,1200,1,1,1,1,1,2,7,3,2
21681,201600009735,1.0,1,2,1,11.0,0.0,0.0,0.0,1953.0,A01,2.0,7,0,0.0,2.0,3.0,1.0,9,19,1745,1,1,1,1,1,3,15,2,3
21682,201600009735,1.0,1,1,1,11.0,0.0,0.0,0.0,1975.0,B02,1.0,15,0,0.0,2.0,3.0,13.0,9,19,1745,1,1,1,1,1,3,7,3,2
21683,201600009736,1.0,1,1,1,11.0,0.0,0.0,0.0,1994.0,A01,1.0,10,0,0.0,2.0,1.0,1.0,10,3,841,1,1,1,1,5,1,7,2,2
21684,201600009736,1.0,1,2,1,11.0,0.0,0.0,0.0,1955.0,B02,1.0,7,0,0.0,2.0,4.0,23.0,10,3,841,1,1,1,1,5,1,10,2,2
21685,201600009736,1.0,1,1,1,11.0,0.0,0.0,0.0,1959.0,C03,1.0,7,0,0.0,2.0,4.0,1.0,10,3,841,1,1,1,1,5,1,10,2,2
21686,201600009737,1.0,1,4,1,11.0,0.0,0.0,0.0,1968.0,B02,1.0,17,0,0.0,2.0,1.0,1.0,11,4,725,2,1,2,2,5,1,7,3,2
21687,201600009737,1.0,1,1,1,11.0,0.0,0.0,0.0,1986.0,C03,2.0,17,0,0.0,2.0,8.0,1.0,11,4,725,2,1,2,2,5,1,7,3,2
21688,201600009737,1.0,1,1,1,11.0,0.0,0.0,0.0,1972.0,D04,2.0,17,0,0.0,9.0,0.0,1.0,11,4,725,2,1,2,2,5,1,7,3,2
21689,201600009737,1.0,1,1,2,11.0,0.0,0.0,0.0,1982.0,E05,2.0,7,0,0.0,9.0,8.0,1.0,11,4,725,2,1,2,2,5,1,17,2,3
21690,201600009737,1.0,1,3,1,11.0,0.0,0.0,0.0,1990.0,A01,0.0,7,0,0.0,2.0,8.0,19.0,11,4,725,2,1,2,2,5,1,17,2,3
21691,201600009738,1.0,1,3,1,12.0,0.0,0.0,0.0,1941.0,A01,2.0,7,0,0.0,0.0,9.0,1.0,2,29,715,1,1,1,1,7,1,7,2,2
21692,201600009739,1.0,1,4,1,11.0,0.0,0.0,0.0,1956.0,A01,1.0,7,0,0.0,2.0,1.0,1.0,3,11,1145,1,1,2,1,3,1,7,2,2
21693,201600009739,1.0,1,4,2,11.0,0.0,0.0,0.0,1962.0,B02,2.0,7,0,0.0,2.0,7.0,1.0,3,11,1145,1,1,2,1,3,1,7,2,2
21694,201600009740,1.0,1,3,2,11.0,0.0,0.0,0.0,1966.0,A01,2.0,7,0,2.0,0.0,1.0,13.0,4,18,2130,2,1,1,1,6,4,7,2,2
21695,201600009741,1.0,1,3,1,11.0,0.0,0.0,0.0,1990.0,A01,1.0,7,0,0.0,2.0,1.0,5.0,5,5,30,3,1,1,9,1,0,7,2,2
21696,201600009741,1.0,1,4,1,11.0,0.0,0.0,0.0,1972.0,B02,2.0,7,0,0.0,2.0,1.0,1.0,5,5,30,3,1,1,9,1,0,7,2,2
21697,201600009741,2.0,2,4,1,11.0,0.0,0.0,0.0,1948.0,B02,2.0,7,0,0.0,2.0,1.0,1.0,5,5,30,3,1,1,9,1,0,7,2,2
21698,201600009741,3.0,2,4,2,11.0,0.0,0.0,0.0,1972.0,B02,2.0,7,0,0.0,2.0,1.0,1.0,5,5,30,3,1,1,9,1,0,7,2,2
21699,201600009741,4.0,2,4,2,11.0,0.0,0.0,0.0,1948.0,B02,2.0,7,0,0.0,2.0,1.0,1.0,5,5,30,3,1,1,9,1,0,7,2,2
21700,201600009741,5.0,2,4,1,11.0,0.0,0.0,0.0,2006.0,B02,2.0,7,0,0.0,2.0,1.0,1.0,5,5,30,3,1,1,9,1,0,7,2,2
21701,201600009742,1.0,1,3,1,21.0,0.0,0.0,0.0,1975.0,A01,1.0,31,0,0.0,0.0,0.0,0.0,5,14,2100,2,1,2,1,7,4,31,1,1
21702,201600009743,1.0,1,3,1,11.0,0.0,0.0,0.0,1968.0,A01,1.0,7,0,0.0,6.0,1.0,17.0,6,19,1230,1,1,1,1,6,2,7,2,2
21703,201600009744,1.0,1,3,1,12.0,0.0,0.0,0.0,1987.0,A01,2.0,7,0,0.0,0.0,9.0,1.0,7,16,1000,1,1,1,1,7,1,7,2,2
21704,201600009745,1.0,1,1,2,11.0,0.0,0.0,0.0,1990.0,A01,1.0,7,0,0.0,1.0,8.0,1.0,10,19,1200,1,2,2,1,6,2,7,2,2
21705,201600009745,0.0,3,3,2,93.0,4.0,5.0,2.0,2004.0,A01,1.0,7,0,0.0,1.0,8.0,1.0,10,19,1200,1,2,2,1,6,2,7,2,2
21706,201600009746,1.0,1,1,1,13.0,0.0,0.0,0.0,1958.0,A01,1.0,7,0,0.0,1.0,2.0,1.0,12,1,800,1,2,4,1,6,1,7,2,2
21707,201600009746,0.0,3,3,2,92.0,3.0,3.0,1.0,2002.0,A01,1.0,7,0,0.0,1.0,2.0,1.0,12,1,800,1,2,4,1,6,1,7,2,2
21708,201600009747,2.0,2,2,1,13.0,0.0,0.0,0.0,1996.0,A01,1.0,7,0,2.0,0.0,2.0,0.0,12,5,10,3,1,1,1,6,0,7,2,2
21709,201600009747,7.0,2,3,1,12.0,0.0,0.0,0.0,1996.0,A01,1.0,7,0,2.0,0.0,2.0,0.0,12,5,10,3,1,1,1,6,0,7,2,2
21710,201600009747,1.0,1,2,1,13.0,0.0,0.0,0.0,1995.0,A01,1.0,7,0,2.0,0.0,2.0,0.0,12,5,10,3,1,1,1,6,0,7,2,2
21711,201600009748,1.0,1,2,1,11.0,0.0,0.0,0.0,1990.0,A01,1.0,7,0,2.0,0.0,8.0,1.0,3,6,2000,3,1,1,3,6,4,7,2,2
21712,201600009749,1.0,1,3,1,21.0,0.0,0.0,0.0,1960.0,A01,1.0,33,0,0.0,5.0,1.0,3.0,8,6,1045,1,1,1,1,6,1,33,1,1
21713,201600009750,1.0,1,3,1,21.0,0.0,0.0,0.0,1970.0,A01,1.0,33,0,0.0,2.0,2.0,13.0,9,19,1530,1,1,1,8,1,3,7,1,2
21714,201600009750,1.0,1,1,1,11.0,0.0,0.0,0.0,1955.0,B02,2.0,7,0,0.0,2.0,2.0,1.0,9,19,1530,1,1,1,8,1,3,33,2,1
21715,201600009751,1.0,1,3,1,11.0,0.0,0.0,0.0,1979.0,A01,2.0,7,0,0.0,0.0,1.0,1.0,1,15,430,3,1,1,9,7,0,7,2,2
21716,201600009752,1.0,1,2,1,11.0,0.0,0.0,0.0,1995.0,A01,2.0,7,0,2.0,0.0,8.0,1.0,8,23,2145,3,1,1,1,6,4,7,2,2
21717,201600009753,1.0,1,3,2,11.0,0.0,0.0,0.0,1960.0,B01,1.0,7,0,0.0,2.0,3.0,1.0,12,9,1845,3,1,1,1,1,4,7,2,2
21718,201600009753,1.0,1,3,1,13.0,0.0,0.0,0.0,1982.0,A01,2.0,7,0,0.0,2.0,3.0,13.0,12,9,1845,3,1,1,1,1,4,7,2,2
21719,201600009754,1.0,1,4,2,11.0,0.0,0.0,0.0,1996.0,A01,2.0,7,0,4.0,2.0,3.0,1.0,4,11,1200,1,1,1,3,2,2,7,2,2
21720,201600009754,2.0,2,4,2,11.0,0.0,0.0,0.0,1995.0,A01,2.0,7,0,4.0,2.0,3.0,1.0,4,11,1200,1,1,1,3,2,2,7,2,2
21721,201600009754,3.0,2,3,1,11.0,0.0,0.0,0.0,1995.0,A01,2.0,7,0,4.0,2.0,3.0,1.0,4,11,1200,1,1,1,3,2,2,7,2,2
21722,201600009754,1.0,1,1,2,11.0,0.0,0.0,0.0,1995.0,B02,2.0,7,0,0.0,0.0,5.0,1.0,4,11,1200,1,1,1,3,2,2,7,2,2
21723,201600009754,2.0,2,1,1,11.0,0.0,0.0,0.0,1985.0,B02,2.0,7,0,0.0,0.0,5.0,1.0,4,11,1200,1,1,1,3,2,2,7,2,2
21724,201600009755,3.0,2,1,1,11.0,0.0,0.0,0.0,1989.0,A01,1.0,7,0,0.0,0.0,5.0,19.0,5,17,2345,3,1,2,1,3,5,7,2,2
21725,201600009755,4.0,2,4,2,11.0,0.0,0.0,0.0,1994.0,A01,1.0,7,0,0.0,0.0,5.0,19.0,5,17,2345,3,1,2,1,3,5,7,2,2
21726,201600009755,2.0,2,1,1,11.0,0.0,0.0,0.0,1992.0,A01,1.0,7,0,0.0,0.0,5.0,19.0,5,17,2345,3,1,2,1,3,5,7,2,2
21727,201600009755,1.0,1,1,1,11.0,0.0,0.0,0.0,1992.0,A01,1.0,7,0,0.0,0.0,5.0,19.0,5,17,2345,3,1,2,1,3,5,7,2,2
21728,201600009755,2.0,2,4,2,11.0,0.0,0.0,0.0,1974.0,B02,1.0,7,0,0.0,0.0,1.0,1.0,5,17,2345,3,1,2,1,3,5,7,2,2
21729,201600009755,1.0,1,4,1,11.0,0.0,0.0,0.0,1965.0,B02,1.0,7,0,0.0,0.0,1.0,1.0,5,17,2345,3,1,2,1,3,5,7,2,2
21730,201600009756,1.0,1,1,1,11.0,0.0,0.0,0.0,1970.0,A01,1.0,7,0,0.0,2.0,7.0,1.0,6,9,1800,1,1,1,1,5,4,33,2,1
21731,201600009756,1.0,1,3,1,91.0,0.0,0.0,0.0,1993.0,B02,1.0,33,0,0.0,2.0,0.0,3.0,6,9,1800,1,1,1,1,5,4,7,1,2
21732,201600009756,1.0,1,1,2,11.0,0.0,0.0,0.0,1970.0,C03,1.0,7,0,0.0,2.0,4.0,1.0,6,9,1800,1,1,1,1,5,4,33,2,1
21733,201600009756,2.0,2,4,2,11.0,0.0,0.0,0.0,2004.0,C03,1.0,7,0,0.0,2.0,4.0,1.0,6,9,1800,1,1,1,1,5,4,33,2,1
21734,201600009757,1.0,1,1,1,11.0,0.0,0.0,0.0,1989.0,A01,1.0,7,0,0.0,1.0,2.0,21.0,7,21,1930,1,2,1,1,6,4,7,2,2
21735,201600009757,0.0,3,4,2,0.0,1.0,3.0,1.0,2005.0,A01,1.0,7,0,0.0,1.0,2.0,21.0,7,21,1930,1,2,1,1,6,4,7,2,2
21736,201600009758,1.0,1,1,1,11.0,0.0,0.0,0.0,1986.0,A01,2.0,10,0,0.0,2.0,2.0,2.0,10,24,1734,2,1,1,1,2,3,20,2,0
21737,201600009758,2.0,2,4,2,11.0,0.0,0.0,0.0,1990.0,A01,2.0,10,0,0.0,2.0,2.0,2.0,10,24,1734,2,1,1,1,2,3,20,2,0
21738,201600009758,9.0,2,1,1,11.0,0.0,0.0,0.0,2015.0,A01,2.0,10,0,0.0,2.0,2.0,2.0,10,24,1734,2,1,1,1,2,3,20,2,0
21739,201600009758,1.0,1,1,1,11.0,0.0,0.0,0.0,1969.0,B02,2.0,20,0,0.0,0.0,4.0,2.0,10,24,1734,2,1,1,1,2,3,10,0,2
21740,201600009759,1.0,1,1,1,11.0,0.0,0.0,0.0,1968.0,A01,1.0,7,0,0.0,2.0,2.0,17.0,11,30,2349,3,1,1,1,3,5,7,2,2
21741,201600009759,1.0,1,3,2,11.0,0.0,0.0,0.0,1964.0,B01,1.0,7,0,16.0,2.0,6.0,0.0,11,30,2349,3,1,1,1,3,5,7,2,2
21742,201600009760,1.0,1,1,2,11.0,0.0,0.0,0.0,1974.0,C01,2.0,7,0,0.0,2.0,4.0,1.0,12,7,735,3,1,1,1,5,1,33,2,1
21743,201600009760,1.0,1,4,1,21.0,0.0,0.0,0.0,1986.0,B01,2.0,33,0,0.0,2.0,7.0,3.0,12,7,735,3,1,1,1,5,1,7,1,2
21744,201600009760,1.0,1,1,2,11.0,0.0,0.0,0.0,1974.0,A01,2.0,7,0,0.0,2.0,3.0,11.0,12,7,735,3,1,1,1,5,1,33,2,1
21745,201600009761,1.0,1,1,1,11.0,0.0,0.0,0.0,1992.0,A01,1.0,10,0,0.0,2.0,2.0,15.0,12,15,1530,1,2,3,8,7,3,2,2,1
21746,201600009761,1.0,1,4,1,21.0,0.0,0.0,0.0,1999.0,B01,2.0,2,0,0.0,2.0,1.0,1.0,12,15,1530,1,2,3,8,7,3,10,1,2
21747,201600009762,1.0,1,1,1,13.0,0.0,0.0,0.0,1962.0,A01,2.0,7,0,0.0,1.0,3.0,15.0,12,15,810,2,2,9,1,6,1,7,2,2
21748,201600009762,0.0,3,3,1,92.0,8.0,0.0,1.0,2005.0,A01,2.0,7,0,0.0,1.0,3.0,15.0,12,15,810,2,2,9,1,6,1,7,2,2
21749,201600009763,1.0,1,1,1,13.0,0.0,0.0,0.0,1949.0,A01,2.0,7,0,0.0,2.0,1.0,2.0,2,29,1945,5,2,1,1,2,4,2,2,1
21750,201600009763,1.0,1,4,1,21.0,0.0,0.0,0.0,1998.0,B02,1.0,2,0,0.0,2.0,4.0,2.0,2,29,1945,5,2,1,1,2,4,7,1,2
21751,201600009764,1.0,1,1,1,11.0,0.0,0.0,0.0,1975.0,A01,2.0,7,0,0.0,2.0,1.0,1.0,4,24,1830,1,1,1,2,5,4,10,2,2
21752,201600009764,1.0,1,4,2,11.0,0.0,0.0,0.0,1976.0,B02,2.0,7,0,1.0,0.0,4.0,13.0,4,24,1830,1,1,1,2,5,4,10,2,2
21753,201600009764,2.0,2,4,1,11.0,0.0,0.0,0.0,1979.0,B02,2.0,7,0,1.0,0.0,4.0,13.0,4,24,1830,1,1,1,2,5,4,10,2,2
21754,201600009764,3.0,2,4,1,11.0,0.0,0.0,0.0,2014.0,B02,2.0,7,0,1.0,0.0,4.0,13.0,4,24,1830,1,1,1,2,5,4,10,2,2
21755,201600009764,5.0,2,4,1,11.0,0.0,0.0,0.0,2004.0,B02,2.0,7,0,1.0,0.0,4.0,13.0,4,24,1830,1,1,1,2,5,4,10,2,2
21756,201600009764,2.0,2,4,2,11.0,0.0,0.0,0.0,1985.0,C03,2.0,10,0,0.0,0.0,4.0,24.0,4,24,1830,1,1,1,2,5,4,7,2,2
21758,201600009764,3.0,2,4,1,11.0,0.0,0.0,0.0,2011.0,C03,2.0,10,0,0.0,0.0,4.0,24.0,4,24,1830,1,1,1,2,5,4,7,2,2
21759,201600009765,0.0,3,4,2,0.0,0.0,1.0,1.0,1939.0,A01,0.0,7,0,0.0,1.0,4.0,4.0,4,25,1600,1,2,9,1,6,3,7,2,2
21760,201600009765,1.0,1,1,1,11.0,0.0,0.0,0.0,1998.0,A01,0.0,7,0,0.0,1.0,4.0,4.0,4,25,1600,1,2,9,1,6,3,7,2,2
21761,201600009766,1.0,1,1,1,11.0,0.0,0.0,0.0,1982.0,A01,1.0,7,0,9.0,2.0,2.0,6.0,5,10,2245,3,1,6,2,1,5,7,2,2
21762,201600009766,1.0,1,4,1,11.0,0.0,0.0,0.0,1982.0,B02,2.0,7,0,0.0,2.0,1.0,1.0,5,10,2245,3,1,6,2,1,5,7,2,2
21763,201600009767,2.0,2,1,2,11.0,0.0,0.0,0.0,1982.0,A01,2.0,7,0,0.0,2.0,1.0,9.0,5,15,45,3,1,3,2,3,0,7,2,2
21764,201600009767,1.0,1,3,1,11.0,0.0,0.0,0.0,1988.0,B02,1.0,7,0,0.0,0.0,8.0,1.0,5,15,45,3,1,3,2,3,0,7,2,2
21765,201600009768,1.0,1,3,2,21.0,0.0,0.0,0.0,1980.0,B02,1.0,1,0,0.0,0.0,7.0,1.0,6,7,2030,2,2,2,1,1,4,7,1,2
21766,201600009768,1.0,1,1,1,11.0,0.0,0.0,0.0,1966.0,A01,0.0,7,0,0.0,2.0,1.0,19.0,6,7,2030,2,2,2,1,1,4,1,2,1
21767,201600009769,1.0,1,3,1,11.0,0.0,0.0,0.0,1969.0,A01,1.0,7,0,1.0,1.0,1.0,14.0,6,23,1530,1,1,1,1,6,3,7,2,2
21768,201600009769,0.0,3,4,1,0.0,6.0,0.0,2.0,1980.0,A01,1.0,7,0,1.0,1.0,1.0,14.0,6,23,1530,1,1,1,1,6,3,7,2,2
21769,201600009769,0.0,3,3,1,0.0,6.0,0.0,2.0,2001.0,A01,1.0,7,0,1.0,1.0,1.0,14.0,6,23,1530,1,1,1,1,6,3,7,2,2
21770,201600009770,1.0,1,1,1,11.0,0.0,0.0,0.0,1996.0,A01,0.0,7,0,2.0,9.0,1.0,1.0,7,21,1715,1,2,9,1,1,3,1,2,1
21771,201600009770,1.0,1,3,1,21.0,0.0,0.0,0.0,1999.0,B02,0.0,1,0,0.0,2.0,8.0,24.0,7,21,1715,1,2,9,1,1,3,7,1,2
21772,201600009771,1.0,1,2,2,11.0,0.0,0.0,0.0,1984.0,A01,2.0,7,0,1.0,0.0,1.0,14.0,9,5,630,2,1,1,2,2,1,14,2,3
21773,201600009771,1.0,1,1,1,13.0,0.0,0.0,0.0,1983.0,B02,2.0,14,0,0.0,0.0,4.0,24.0,9,5,630,2,1,1,2,2,1,7,3,2
21774,201600009772,0.0,3,4,1,92.0,3.0,3.0,1.0,1938.0,A01,1.0,7,0,0.0,1.0,2.0,1.0,10,12,1910,5,2,1,1,6,4,7,2,2
21775,201600009772,1.0,1,1,2,13.0,0.0,0.0,0.0,1976.0,A01,1.0,7,0,0.0,1.0,2.0,1.0,10,12,1910,5,2,1,1,6,4,7,2,2
21776,201600009773,1.0,1,1,1,11.0,0.0,0.0,0.0,1995.0,A01,1.0,15,0,0.0,2.0,0.0,0.0,10,19,1745,1,1,1,3,3,3,7,3,2
21777,201600009773,1.0,1,3,1,11.0,0.0,0.0,0.0,1979.0,B02,1.0,7,0,0.0,2.0,1.0,0.0,10,19,1745,1,1,1,3,3,3,15,2,3
21778,201600009774,1.0,1,4,1,11.0,0.0,0.0,0.0,1984.0,A01,0.0,7,0,0.0,6.0,1.0,0.0,10,31,350,3,1,1,1,6,0,7,2,2
21779,201600009774,2.0,2,4,1,11.0,0.0,0.0,0.0,1996.0,A01,0.0,7,0,0.0,6.0,1.0,0.0,10,31,350,3,1,1,1,6,0,7,2,2
21780,201600009774,8.0,2,3,1,12.0,0.0,0.0,0.0,1997.0,A01,0.0,7,0,0.0,6.0,1.0,0.0,10,31,350,3,1,1,1,6,0,7,2,2
21781,201600009775,1.0,1,3,1,13.0,0.0,0.0,0.0,1996.0,A01,1.0,7,0,0.0,2.0,1.0,13.0,11,1,815,1,1,1,5,1,1,10,2,2
21782,201600009775,2.0,2,2,2,13.0,0.0,0.0,0.0,1999.0,A01,1.0,7,0,0.0,2.0,1.0,13.0,11,1,815,1,1,1,5,1,1,10,2,2
21783,201600009775,3.0,2,4,1,13.0,0.0,0.0,0.0,1996.0,A01,1.0,7,0,0.0,2.0,1.0,13.0,11,1,815,1,1,1,5,1,1,10,2,2
21784,201600009775,4.0,2,4,1,13.0,0.0,0.0,0.0,1995.0,A01,1.0,7,0,0.0,2.0,1.0,13.0,11,1,815,1,1,1,5,1,1,10,2,2
21785,201600009775,5.0,2,3,2,13.0,0.0,0.0,0.0,1998.0,A01,1.0,7,0,0.0,2.0,1.0,13.0,11,1,815,1,1,1,5,1,1,10,2,2
21786,201600009775,1.0,1,4,1,13.0,0.0,0.0,0.0,1982.0,B01,2.0,10,0,0.0,2.0,1.0,1.0,11,1,815,1,1,1,5,1,1,7,2,2
21787,201600009775,2.0,2,4,1,13.0,0.0,0.0,0.0,1995.0,B01,2.0,10,0,0.0,2.0,1.0,1.0,11,1,815,1,1,1,5,1,1,7,2,2
21788,201600009775,6.0,2,4,1,13.0,0.0,0.0,0.0,1996.0,B01,2.0,10,0,0.0,2.0,1.0,1.0,11,1,815,1,1,1,5,1,1,7,2,2
21789,201600009776,1.0,1,1,1,11.0,0.0,0.0,0.0,1975.0,C03,1.0,7,0,0.0,2.0,1.0,1.0,11,11,2200,3,1,3,1,5,5,7,2,2
21790,201600009776,1.0,1,2,1,11.0,0.0,0.0,0.0,1976.0,A01,2.0,7,0,0.0,2.0,3.0,1.0,11,11,2200,3,1,3,1,5,5,7,2,2
21791,201600009776,1.0,1,3,1,11.0,0.0,0.0,0.0,1965.0,B02,1.0,7,0,0.0,2.0,2.0,1.0,11,11,2200,3,1,3,1,5,5,7,2,2
21792,201600009777,1.0,1,3,1,21.0,0.0,0.0,0.0,1955.0,A01,1.0,2,0,0.0,2.0,1.0,1.0,12,16,1130,1,1,2,1,3,1,14,1,3
21793,201600009777,1.0,1,1,1,11.0,0.0,0.0,0.0,1964.0,B01,0.0,14,0,0.0,2.0,3.0,15.0,12,16,1130,1,1,2,1,3,1,2,3,1
21794,201600009778,1.0,1,2,2,11.0,0.0,0.0,0.0,1939.0,A01,1.0,7,0,0.0,2.0,1.0,1.0,1,3,1530,1,1,1,2,1,3,7,2,2
21795,201600009778,1.0,1,3,2,13.0,0.0,0.0,0.0,1980.0,B02,2.0,7,0,0.0,2.0,7.0,13.0,1,3,1530,1,1,1,2,1,3,7,2,2
21796,201600009779,1.0,1,3,1,21.0,0.0,0.0,0.0,1974.0,A01,2.0,33,0,0.0,2.0,0.0,0.0,3,24,1545,1,2,1,1,3,3,7,1,2
21797,201600009779,1.0,1,1,1,11.0,0.0,0.0,0.0,1978.0,B02,2.0,7,0,0.0,2.0,3.0,15.0,3,24,1545,1,2,1,1,3,3,33,2,1
21798,201600009780,1.0,1,3,1,21.0,0.0,0.0,0.0,1980.0,A01,1.0,33,0,0.0,0.0,1.0,1.0,4,24,1715,1,1,1,2,6,3,33,1,1
21799,201600009781,1.0,1,3,1,11.0,0.0,0.0,0.0,1991.0,A01,1.0,7,0,0.0,2.0,8.0,15.0,5,26,1745,1,1,1,1,1,3,7,2,2
21800,201600009781,1.0,1,3,1,11.0,0.0,0.0,0.0,1962.0,B02,2.0,7,0,0.0,2.0,1.0,1.0,5,26,1745,1,1,1,1,1,3,7,2,2
21801,201600009781,2.0,2,3,2,11.0,0.0,0.0,0.0,1961.0,B02,2.0,7,0,0.0,2.0,1.0,1.0,5,26,1745,1,1,1,1,1,3,7,2,2
21802,201600009782,0.0,3,3,1,0.0,6.0,9.0,1.0,1983.0,A01,1.0,7,0,1.0,1.0,1.0,1.0,6,1,2230,3,1,1,2,6,5,7,2,2
21803,201600009782,1.0,1,4,1,11.0,0.0,0.0,0.0,1965.0,A01,1.0,7,0,1.0,1.0,1.0,1.0,6,1,2230,3,1,1,2,6,5,7,2,2
21804,201600009782,2.0,2,4,2,11.0,0.0,0.0,0.0,1968.0,A01,1.0,7,0,1.0,1.0,1.0,1.0,6,1,2230,3,1,1,2,6,5,7,2,2
21805,201600009782,0.0,3,4,2,0.0,6.0,9.0,1.0,1981.0,A01,1.0,7,0,1.0,1.0,1.0,1.0,6,1,2230,3,1,1,2,6,5,7,2,2
21806,201600009783,1.0,1,1,1,13.0,0.0,0.0,0.0,1972.0,B02,1.0,15,0,0.0,0.0,3.0,0.0,8,2,1500,1,1,1,3,1,3,7,3,2
21807,201600009783,1.0,1,4,2,13.0,0.0,0.0,0.0,1961.0,A01,2.0,7,0,0.0,0.0,3.0,1.0,8,2,1500,1,1,1,3,1,3,15,2,3
21808,201600009784,1.0,1,3,1,21.0,0.0,0.0,0.0,1967.0,A01,2.0,36,0,0.0,0.0,1.0,0.0,8,5,1900,1,2,1,1,6,4,36,1,1
21809,201600009785,1.0,1,3,1,21.0,0.0,0.0,0.0,1981.0,A01,1.0,33,0,0.0,0.0,9.0,21.0,8,16,1845,1,1,2,1,7,4,33,1,1
21810,201600009786,1.0,1,3,1,13.0,0.0,0.0,0.0,1984.0,A01,1.0,7,0,2.0,0.0,9.0,21.0,10,6,2345,3,1,1,1,7,5,7,2,2
21811,201600009787,1.0,1,4,1,13.0,0.0,0.0,0.0,1991.0,A01,1.0,7,0,0.0,2.0,3.0,13.0,10,30,2020,3,1,1,1,5,4,7,2,2
21812,201600009787,1.0,1,4,1,13.0,0.0,0.0,0.0,1991.0,B02,1.0,7,0,0.0,2.0,3.0,1.0,10,30,2020,3,1,1,1,5,4,7,2,2
21813,201600009787,1.0,1,1,2,13.0,0.0,0.0,0.0,1983.0,C03,1.0,7,0,0.0,2.0,3.0,1.0,10,30,2020,3,1,1,1,5,4,7,2,2
21814,201600009787,2.0,2,1,1,13.0,0.0,0.0,0.0,1984.0,C03,1.0,7,0,0.0,2.0,3.0,1.0,10,30,2020,3,1,1,1,5,4,7,2,2
21815,201600009788,1.0,1,1,1,11.0,0.0,0.0,0.0,1994.0,A01,2.0,7,0,0.0,2.0,1.0,2.0,1,28,2015,3,1,1,1,2,4,32,2,1
21816,201600009788,1.0,1,3,1,21.0,0.0,0.0,0.0,1999.0,B02,2.0,32,0,0.0,0.0,4.0,2.0,1,28,2015,3,1,1,1,2,4,7,1,2
21817,201600009789,1.0,1,3,1,12.0,0.0,0.0,0.0,1961.0,A01,1.0,7,0,0.0,2.0,1.0,5.0,2,22,1530,1,1,3,1,1,3,7,2,2
21818,201600009789,1.0,1,4,2,11.0,0.0,0.0,0.0,1961.0,B02,2.0,7,0,0.0,2.0,1.0,1.0,2,22,1530,1,1,3,1,1,3,7,2,2
21819,201600009790,1.0,1,3,1,21.0,0.0,0.0,0.0,1997.0,A01,2.0,33,0,0.0,2.0,1.0,1.0,3,14,1715,1,2,6,1,3,3,7,1,2
21820,201600009790,1.0,1,1,1,11.0,0.0,0.0,0.0,1973.0,B02,1.0,7,0,0.0,2.0,2.0,15.0,3,14,1715,1,2,6,1,3,3,33,2,1
21821,201600009791,1.0,1,4,1,11.0,0.0,0.0,0.0,1997.0,A01,1.0,7,0,0.0,2.0,5.0,1.0,5,24,1730,1,1,2,1,3,3,7,2,2
21822,201600009791,1.0,1,3,1,11.0,0.0,0.0,0.0,1978.0,B02,2.0,7,0,0.0,2.0,1.0,1.0,5,24,1730,1,1,2,1,3,3,7,2,2
21823,201600009792,1.0,1,1,1,11.0,0.0,0.0,0.0,1957.0,B02,1.0,7,0,0.0,2.0,1.0,1.0,6,25,1430,1,1,9,1,2,3,34,2,1
21824,201600009792,1.0,1,4,1,21.0,0.0,0.0,0.0,1988.0,A01,1.0,34,0,0.0,2.0,4.0,15.0,6,25,1430,1,1,9,1,2,3,7,1,2
21825,201600009793,1.0,1,4,2,11.0,0.0,0.0,0.0,1954.0,B02,1.0,7,0,0.0,2.0,3.0,1.0,8,13,945,1,1,2,7,3,1,7,2,2
21826,201600009793,3.0,2,1,1,11.0,0.0,0.0,0.0,2010.0,B02,1.0,7,0,0.0,2.0,3.0,1.0,8,13,945,1,1,2,7,3,1,7,2,2
21827,201600009793,4.0,2,1,1,11.0,0.0,0.0,0.0,2008.0,B02,1.0,7,0,0.0,2.0,3.0,1.0,8,13,945,1,1,2,7,3,1,7,2,2