,Num_Acc,place,catu,grav,sexe,secu,locp,actp,etatp,an_nais,num_veh,senc,catv,occutc,obs,obsm,choc,manv,mois,jour,hrmn,lum,agg,int,atm,col,mom,catvopp,catv_gen,catvopp_gen
22133,201600009939,1.0,1,1,1,11.0,0.0,0.0,0.0,1975.0,A01,2.0,7,0,2.0,0.0,1.0,14.0,8,3,715,2,1,1,1,6,1,7,2,2
22134,201600009940,1.0,1,4,2,11.0,0.0,0.0,0.0,1992.0,A01,2.0,7,0,0.0,2.0,2.0,15.0,8,22,1600,1,2,1,1,3,3,7,2,2
22135,201600009940,1.0,1,4,1,11.0,0.0,0.0,0.0,1969.0,B02,1.0,7,0,0.0,2.0,1.0,5.0,8,22,1600,1,2,1,1,3,3,7,2,2
22136,201600009940,2.0,2,4,2,11.0,0.0,0.0,0.0,1967.0,B02,1.0,7,0,0.0,2.0,1.0,5.0,8,22,1600,1,2,1,1,3,3,7,2,2
22137,201600009940,3.0,2,4,1,11.0,0.0,0.0,0.0,1994.0,B02,1.0,7,0,0.0,2.0,1.0,5.0,8,22,1600,1,2,1,1,3,3,7,2,2
22138,201600009941,1.0,1,1,1,11.0,0.0,0.0,0.0,1972.0,A01,2.0,17,0,0.0,1.0,1.0,9.0,8,30,1045,1,2,1,1,6,1,17,3,3
22139,201600009941,0.0,3,2,2,0.0,2.0,3.0,1.0,1937.0,A01,2.0,17,0,0.0,1.0,1.0,9.0,8,30,1045,1,2,1,1,6,1,17,3,3
22140,201600009942,1.0,1,1,1,11.0,0.0,0.0,0.0,1994.0,A01,2.0,15,0,0.0,2.0,1.0,2.0,9,7,1615,1,1,1,1,2,3,15,3,3
22141,201600009942,1.0,1,3,1,11.0,0.0,0.0,0.0,1958.0,B02,2.0,15,0,0.0,0.0,4.0,23.0,9,7,1615,1,1,1,1,2,3,15,3,3
22142,201600009943,1.0,1,4,2,21.0,0.0,0.0,0.0,1993.0,A01,2.0,33,0,0.0,0.0,8.0,1.0,9,19,1930,2,1,2,1,7,4,33,1,1
22143,201600009944,1.0,1,4,2,11.0,0.0,0.0,0.0,1973.0,A01,1.0,7,0,0.0,0.0,8.0,1.0,11,3,715,2,1,1,5,6,1,7,2,2
22144,201600009945,3.0,2,1,2,11.0,0.0,0.0,0.0,1997.0,A01,1.0,7,0,2.0,0.0,9.0,1.0,11,20,430,3,1,1,1,6,0,7,2,2
22145,201600009945,4.0,2,3,2,11.0,0.0,0.0,0.0,1998.0,A01,1.0,7,0,2.0,0.0,9.0,1.0,11,20,430,3,1,1,1,6,0,7,2,2
22146,201600009945,1.0,1,1,1,11.0,0.0,0.0,0.0,1997.0,A01,1.0,7,0,2.0,0.0,9.0,1.0,11,20,430,3,1,1,1,6,0,7,2,2
22147,201600009945,2.0,2,1,1,11.0,0.0,0.0,0.0,1997.0,A01,1.0,7,0,2.0,0.0,9.0,1.0,11,20,430,3,1,1,1,6,0,7,2,2
22148,201600009946,2.0,2,4,1,11.0,0.0,0.0,0.0,1972.0,A01,1.0,7,0,0.0,0.0,1.0,1.0,11,25,815,1,1,1,2,7,1,7,2,2
22149,201600009946,5.0,2,4,1,13.0,0.0,0.0,0.0,1960.0,A01,1.0,7,0,0.0,0.0,1.0,1.0,11,25,815,1,1,1,2,7,1,7,2,2
22150,201600009946,1.0,1,1,1,11.0,0.0,0.0,0.0,1976.0,A01,1.0,7,0,0.0,0.0,1.0,1.0,11,25,815,1,1,1,2,7,1,7,2,2
22151,201600009947,1.0,1,3,2,11.0,0.0,0.0,0.0,1968.0,B02,2.0,7,0,0.0,2.0,3.0,1.0,12,7,800,2,1,1,1,1,1,7,2,2
22152,201600009947,1.0,1,1,2,11.0,0.0,0.0,0.0,1961.0,A01,1.0,7,0,0.0,2.0,1.0,1.0,12,7,800,2,1,1,1,1,1,7,2,2
22153,201600009948,1.0,1,1,1,11.0,0.0,0.0,0.0,1932.0,A01,2.0,7,0,0.0,9.0,2.0,2.0,5,21,1130,1,1,1,1,2,1,1,2,1
22154,201600009948,1.0,1,3,1,21.0,0.0,0.0,0.0,1958.0,B02,2.0,1,0,0.0,0.0,4.0,2.0,5,21,1130,1,1,1,1,2,1,7,1,2
22155,201600009949,1.0,1,1,1,11.0,0.0,0.0,0.0,1996.0,A01,2.0,7,0,0.0,2.0,5.0,19.0,4,11,1330,1,1,2,1,3,2,7,2,2
22156,201600009949,1.0,1,3,1,11.0,0.0,0.0,0.0,1956.0,B02,2.0,7,0,0.0,2.0,1.0,1.0,4,11,1330,1,1,2,1,3,2,7,2,2
22157,201600009950,1.0,1,3,2,12.0,0.0,0.0,0.0,1991.0,A01,1.0,10,0,13.0,0.0,9.0,16.0,2,6,1900,3,1,1,1,6,4,10,2,2
22158,201600009950,3.0,2,1,2,31.0,0.0,0.0,0.0,2011.0,A01,1.0,10,0,13.0,0.0,9.0,16.0,2,6,1900,3,1,1,1,6,4,10,2,2
22159,201600009951,1.0,1,4,1,11.0,0.0,0.0,0.0,1983.0,A01,2.0,7,0,0.0,2.0,3.0,17.0,11,24,2030,3,1,1,1,1,4,7,2,2
22160,201600009951,1.0,1,4,1,11.0,0.0,0.0,0.0,1978.0,B02,1.0,7,0,0.0,2.0,3.0,1.0,11,24,2030,3,1,1,1,1,4,7,2,2
22161,201600009952,1.0,1,3,1,11.0,0.0,0.0,0.0,1979.0,A01,1.0,7,0,8.0,0.0,8.0,1.0,1,15,415,3,2,1,9,6,0,7,2,2
22162,201600009953,1.0,1,3,1,11.0,0.0,0.0,0.0,1992.0,A01,1.0,10,0,2.0,0.0,3.0,1.0,2,14,800,2,1,1,1,6,1,10,2,2
22163,201600009954,2.0,2,4,1,13.0,0.0,0.0,0.0,1996.0,A01,2.0,7,0,13.0,0.0,1.0,1.0,3,25,230,3,1,1,1,6,0,7,2,2
22164,201600009954,4.0,2,4,1,13.0,0.0,0.0,0.0,1994.0,A01,2.0,7,0,13.0,0.0,1.0,1.0,3,25,230,3,1,1,1,6,0,7,2,2
22165,201600009954,5.0,2,3,1,13.0,0.0,0.0,0.0,1990.0,A01,2.0,7,0,13.0,0.0,1.0,1.0,3,25,230,3,1,1,1,6,0,7,2,2
22166,201600009955,1.0,1,4,1,21.0,0.0,0.0,0.0,1961.0,A01,2.0,31,0,0.0,2.0,4.0,1.0,5,15,1115,1,1,1,1,2,1,33,1,1
22167,201600009955,1.0,1,3,1,21.0,0.0,0.0,0.0,1954.0,B02,2.0,33,0,0.0,2.0,1.0,21.0,5,15,1115,1,1,1,1,2,1,31,1,1
22168,201600009956,1.0,1,1,1,11.0,0.0,0.0,0.0,1974.0,B02,1.0,15,0,0.0,2.0,4.0,2.0,9,9,1600,1,1,1,1,2,3,7,3,2
22169,201600009956,1.0,1,1,1,11.0,0.0,0.0,0.0,1960.0,A01,1.0,7,0,0.0,2.0,1.0,2.0,9,9,1600,1,1,1,1,2,3,15,2,3
22170,201600009956,2.0,2,3,2,11.0,0.0,0.0,0.0,1928.0,A01,1.0,7,0,0.0,2.0,1.0,2.0,9,9,1600,1,1,1,1,2,3,15,2,3
22171,201600009957,1.0,1,3,1,12.0,0.0,0.0,0.0,1991.0,A01,1.0,7,0,0.0,0.0,9.0,1.0,10,23,2245,3,1,1,2,7,5,7,2,2
22172,201600009958,1.0,1,2,2,11.0,0.0,0.0,0.0,1966.0,B02,2.0,7,0,0.0,2.0,3.0,1.0,11,2,1500,1,1,1,8,1,3,10,2,2
22173,201600009958,2.0,2,3,1,11.0,0.0,0.0,0.0,1957.0,B02,2.0,7,0,0.0,2.0,3.0,1.0,11,2,1500,1,1,1,8,1,3,10,2,2
22174,201600009958,1.0,1,4,1,11.0,0.0,0.0,0.0,1989.0,A01,1.0,10,0,0.0,2.0,3.0,13.0,11,2,1500,1,1,1,8,1,3,7,2,2
22175,201600009959,1.0,1,1,1,11.0,0.0,0.0,0.0,1945.0,A01,1.0,7,0,0.0,1.0,2.0,1.0,11,28,1530,1,2,1,7,6,3,7,2,2
22176,201600009959,0.0,3,3,1,0.0,4.0,3.0,1.0,1938.0,A01,1.0,7,0,0.0,1.0,2.0,1.0,11,28,1530,1,2,1,7,6,3,7,2,2
22177,201600009960,1.0,1,3,1,11.0,0.0,0.0,0.0,1925.0,A01,2.0,7,0,0.0,0.0,4.0,1.0,1,9,1545,1,1,1,1,2,3,7,2,2
22178,201600009960,2.0,2,1,2,11.0,0.0,0.0,0.0,1925.0,A01,2.0,7,0,0.0,0.0,4.0,1.0,1,9,1545,1,1,1,1,2,3,7,2,2
22179,201600009960,1.0,1,1,1,11.0,0.0,0.0,0.0,1988.0,B02,2.0,7,0,0.0,2.0,1.0,1.0,1,9,1545,1,1,1,1,2,3,7,2,2
22180,201600009961,1.0,1,1,1,11.0,0.0,0.0,0.0,1969.0,A01,1.0,7,0,14.0,0.0,3.0,2.0,3,16,1730,1,2,1,1,2,3,33,2,1
22181,201600009961,1.0,1,3,1,21.0,0.0,0.0,0.0,1964.0,B02,1.0,33,0,0.0,2.0,1.0,2.0,3,16,1730,1,2,1,1,2,3,7,1,2
22182,201600009962,2.0,2,2,2,11.0,0.0,0.0,0.0,1961.0,B02,2.0,7,0,0.0,2.0,1.0,1.0,4,17,1630,1,1,1,1,1,3,7,2,2
22183,201600009962,1.0,1,3,1,11.0,0.0,0.0,0.0,1959.0,B02,2.0,7,0,0.0,2.0,1.0,1.0,4,17,1630,1,1,1,1,1,3,7,2,2
22184,201600009962,2.0,2,3,2,11.0,0.0,0.0,0.0,1950.0,A01,1.0,7,0,0.0,2.0,1.0,13.0,4,17,1630,1,1,1,1,1,3,7,2,2
22185,201600009962,1.0,1,2,1,11.0,0.0,0.0,0.0,1944.0,A01,1.0,7,0,0.0,2.0,1.0,13.0,4,17,1630,1,1,1,1,1,3,7,2,2
22186,201600009962,3.0,2,3,1,31.0,0.0,0.0,0.0,2012.0,A01,1.0,7,0,0.0,2.0,1.0,13.0,4,17,1630,1,1,1,1,1,3,7,2,2
22187,201600009963,1.0,1,2,1,21.0,0.0,0.0,0.0,1962.0,A01,1.0,34,0,8.0,0.0,1.0,1.0,4,22,1230,1,2,1,2,7,2,34,1,1
22188,201600009964,1.0,1,2,1,11.0,0.0,0.0,0.0,1977.0,A01,2.0,7,0,14.0,0.0,8.0,1.0,5,2,2000,1,1,1,1,6,4,7,2,2
22189,201600009965,1.0,1,1,2,11.0,0.0,0.0,0.0,1995.0,A01,1.0,7,0,0.0,2.0,2.0,15.0,5,8,1700,1,1,1,1,1,3,33,2,1
22190,201600009965,2.0,2,1,2,11.0,0.0,0.0,0.0,1969.0,A01,1.0,7,0,0.0,2.0,2.0,15.0,5,8,1700,1,1,1,1,1,3,33,2,1
22191,201600009965,5.0,2,1,1,11.0,0.0,0.0,0.0,2003.0,A01,1.0,7,0,0.0,2.0,2.0,15.0,5,8,1700,1,1,1,1,1,3,33,2,1
22192,201600009965,1.0,1,3,1,21.0,0.0,0.0,0.0,1955.0,B02,0.0,33,0,0.0,2.0,1.0,1.0,5,8,1700,1,1,1,1,1,3,7,1,2
22193,201600009966,1.0,1,1,1,11.0,0.0,0.0,0.0,1977.0,A01,2.0,7,0,0.0,2.0,4.0,23.0,5,11,720,2,1,1,5,2,1,33,2,1
22194,201600009966,1.0,1,3,1,21.0,0.0,0.0,0.0,1989.0,B02,0.0,33,0,0.0,2.0,1.0,0.0,5,11,720,2,1,1,5,2,1,7,1,2
22195,201600009967,2.0,2,3,2,21.0,0.0,0.0,0.0,1965.0,A01,2.0,34,0,0.0,0.0,0.0,0.0,6,25,1645,1,1,3,7,3,3,7,1,2
22196,201600009967,1.0,1,3,1,21.0,0.0,0.0,0.0,1953.0,A01,2.0,34,0,0.0,0.0,0.0,0.0,6,25,1645,1,1,3,7,3,3,7,1,2
22197,201600009967,1.0,1,1,1,11.0,0.0,0.0,0.0,1932.0,B02,1.0,7,0,0.0,0.0,0.0,0.0,6,25,1645,1,1,3,7,3,3,34,2,1
22198,201600009967,2.0,2,1,2,11.0,0.0,0.0,0.0,1936.0,B02,1.0,7,0,0.0,0.0,0.0,0.0,6,25,1645,1,1,3,7,3,3,34,2,1
22199,201600009968,1.0,1,1,1,11.0,0.0,0.0,0.0,1980.0,A01,2.0,7,0,0.0,9.0,2.0,1.0,7,10,1015,1,1,1,7,2,1,1,2,1
22200,201600009968,1.0,1,3,1,22.0,0.0,0.0,0.0,1969.0,B02,2.0,1,0,0.0,0.0,4.0,1.0,7,10,1015,1,1,1,7,2,1,7,1,2
22201,201600009969,1.0,1,1,1,11.0,0.0,0.0,0.0,1981.0,A01,1.0,7,0,0.0,2.0,1.0,15.0,8,7,530,2,1,1,1,1,0,10,2,2
22202,201600009969,1.0,1,3,1,12.0,0.0,0.0,0.0,1953.0,B02,2.0,10,0,0.0,2.0,8.0,2.0,8,7,530,2,1,1,1,1,0,7,2,2
22203,201600009970,1.0,1,1,1,11.0,0.0,0.0,0.0,1985.0,A01,1.0,7,0,0.0,0.0,2.0,1.0,8,25,1215,1,1,2,1,3,2,1,2,1
22204,201600009970,1.0,1,3,1,21.0,0.0,0.0,0.0,1950.0,B02,1.0,1,0,0.0,0.0,1.0,0.0,8,25,1215,1,1,2,1,3,2,7,1,2
22205,201600009971,1.0,1,1,1,11.0,0.0,0.0,0.0,1980.0,A01,1.0,10,0,0.0,2.0,3.0,13.0,8,27,1630,1,1,1,1,1,3,7,2,2
22206,201600009971,2.0,2,1,1,11.0,0.0,0.0,0.0,1986.0,A01,1.0,10,0,0.0,2.0,3.0,13.0,8,27,1630,1,1,1,1,1,3,7,2,2
22207,201600009971,1.0,1,3,1,11.0,0.0,0.0,0.0,1967.0,B02,2.0,7,0,0.0,2.0,3.0,1.0,8,27,1630,1,1,1,1,1,3,10,2,2
22208,201600009972,1.0,1,2,2,11.0,0.0,0.0,0.0,1943.0,A01,2.0,7,0,0.0,2.0,8.0,19.0,9,8,1430,1,1,3,1,3,3,33,2,1
22209,201600009972,1.0,1,3,1,21.0,0.0,0.0,0.0,1988.0,B02,2.0,33,0,0.0,2.0,1.0,1.0,9,8,1430,1,1,3,1,3,3,7,1,2
22210,201600009973,1.0,1,3,1,22.0,0.0,0.0,0.0,1981.0,A01,0.0,36,0,0.0,0.0,0.0,0.0,9,11,1715,1,2,1,1,6,3,36,1,1
22211,201600009974,1.0,1,3,1,11.0,0.0,0.0,0.0,1997.0,A01,1.0,7,0,2.0,0.0,8.0,1.0,10,7,30,3,1,1,1,6,0,7,2,2
22212,201600009975,1.0,1,4,1,11.0,0.0,0.0,0.0,1963.0,B02,2.0,99,0,0.0,2.0,3.0,1.0,10,24,1815,2,1,1,2,5,4,7,0,2
22213,201600009975,2.0,2,4,2,11.0,0.0,0.0,0.0,1932.0,B02,2.0,99,0,0.0,2.0,3.0,1.0,10,24,1815,2,1,1,2,5,4,7,0,2
22214,201600009975,8.0,2,1,2,11.0,0.0,0.0,0.0,2001.0,C03,1.0,99,0,0.0,2.0,6.0,1.0,10,24,1815,2,1,1,2,5,4,7,0,2
22215,201600009975,3.0,2,1,2,11.0,0.0,0.0,0.0,2001.0,C03,1.0,99,0,0.0,2.0,6.0,1.0,10,24,1815,2,1,1,2,5,4,7,0,2
22216,201600009975,4.0,2,1,2,11.0,0.0,0.0,0.0,2001.0,C03,1.0,99,0,0.0,2.0,6.0,1.0,10,24,1815,2,1,1,2,5,4,7,0,2
22217,201600009975,2.0,2,1,1,11.0,0.0,0.0,0.0,2000.0,C03,1.0,99,0,0.0,2.0,6.0,1.0,10,24,1815,2,1,1,2,5,4,7,0,2
22218,201600009975,1.0,1,1,1,11.0,0.0,0.0,0.0,1997.0,C03,1.0,99,0,0.0,2.0,6.0,1.0,10,24,1815,2,1,1,2,5,4,7,0,2
22219,201600009975,1.0,1,3,2,11.0,0.0,0.0,0.0,1997.0,A01,1.0,7,0,0.0,2.0,1.0,5.0,10,24,1815,2,1,1,2,5,4,99,2,0
22220,201600009976,1.0,1,3,1,21.0,0.0,0.0,0.0,2000.0,A01,1.0,2,0,0.0,0.0,8.0,0.0,11,25,1715,2,1,1,8,7,3,2,1,1
22221,201600009977,1.0,1,3,1,11.0,0.0,0.0,0.0,1991.0,A01,1.0,7,0,0.0,2.0,1.0,13.0,12,8,1315,1,1,1,1,1,2,7,2,2
22222,201600009977,1.0,1,1,2,11.0,0.0,0.0,0.0,1973.0,B02,2.0,7,0,0.0,0.0,1.0,0.0,12,8,1315,1,1,1,1,1,2,7,2,2
22223,201600009978,1.0,1,4,1,21.0,0.0,0.0,0.0,1948.0,A01,2.0,1,0,0.0,2.0,1.0,1.0,12,8,1600,1,2,2,1,3,3,10,1,2
22224,201600009978,1.0,1,1,1,11.0,0.0,0.0,0.0,1961.0,B02,0.0,10,0,0.0,2.0,3.0,1.0,12,8,1600,1,2,2,1,3,3,1,2,1
22225,201600009979,1.0,1,2,1,11.0,0.0,0.0,0.0,1980.0,A01,2.0,7,0,2.0,0.0,8.0,1.0,2,15,930,3,1,1,8,6,1,7,2,2
22226,201600009980,1.0,1,3,1,21.0,0.0,0.0,0.0,1982.0,A01,1.0,33,0,13.0,0.0,1.0,1.0,4,17,1615,1,1,1,1,6,3,33,1,1
22227,201600009981,8.0,2,3,1,12.0,0.0,0.0,0.0,1991.0,A01,1.0,7,0,13.0,0.0,3.0,13.0,5,7,630,1,1,1,1,7,1,7,2,2
22228,201600009981,4.0,2,1,1,11.0,0.0,0.0,0.0,1994.0,A01,1.0,7,0,13.0,0.0,3.0,13.0,5,7,630,1,1,1,1,7,1,7,2,2
22229,201600009981,5.0,2,3,2,12.0,0.0,0.0,0.0,1993.0,A01,1.0,7,0,13.0,0.0,3.0,13.0,5,7,630,1,1,1,1,7,1,7,2,2
22230,201600009981,2.0,2,1,2,11.0,0.0,0.0,0.0,1991.0,A01,1.0,7,0,13.0,0.0,3.0,13.0,5,7,630,1,1,1,1,7,1,7,2,2
22231,201600009981,1.0,1,3,1,11.0,0.0,0.0,0.0,1989.0,A01,1.0,7,0,13.0,0.0,3.0,13.0,5,7,630,1,1,1,1,7,1,7,2,2
22232,201600009981,3.0,2,1,1,11.0,0.0,0.0,0.0,1997.0,A01,1.0,7,0,13.0,0.0,3.0,13.0,5,7,630,1,1,1,1,7,1,7,2,2
22233,201600009982,1.0,1,1,2,11.0,0.0,0.0,0.0,1972.0,A01,0.0,7,0,0.0,1.0,6.0,20.0,5,21,1030,1,2,9,1,6,1,7,2,2
22234,201600009982,0.0,3,3,1,0.0,0.0,1.0,1.0,1922.0,A01,0.0,7,0,0.0,1.0,6.0,20.0,5,21,1030,1,2,9,1,6,1,7,2,2
22235,201600009983,1.0,1,1,1,11.0,0.0,0.0,0.0,1974.0,A01,1.0,10,0,0.0,0.0,0.0,1.0,7,8,2100,1,1,1,1,7,4,10,2,2
22236,201600009983,2.0,2,3,1,1.0,0.0,0.0,0.0,1966.0,A01,1.0,10,0,0.0,0.0,0.0,1.0,7,8,2100,1,1,1,1,7,4,10,2,2
22237,201600009983,2.0,2,1,1,1.0,0.0,0.0,0.0,1999.0,A01,1.0,10,0,0.0,0.0,0.0,1.0,7,8,2100,1,1,1,1,7,4,10,2,2
22238,201600009984,2.0,2,4,1,11.0,0.0,0.0,0.0,1933.0,B02,0.0,7,0,0.0,2.0,2.0,1.0,8,22,1915,1,1,2,1,3,4,7,2,2
22239,201600009984,1.0,1,3,2,11.0,0.0,0.0,0.0,1962.0,B02,0.0,7,0,0.0,2.0,2.0,1.0,8,22,1915,1,1,2,1,3,4,7,2,2
22240,201600009984,1.0,1,4,1,11.0,0.0,0.0,0.0,1947.0,A01,1.0,7,0,0.0,2.0,3.0,9.0,8,22,1915,1,1,2,1,3,4,7,2,2
22241,201600009985,1.0,1,3,1,11.0,0.0,0.0,0.0,1994.0,A01,1.0,7,0,8.0,0.0,1.0,1.0,9,2,315,3,1,1,1,6,0,7,2,2
22242,201600009986,1.0,1,2,1,21.0,0.0,0.0,0.0,1989.0,A01,1.0,33,0,12.0,0.0,1.0,1.0,9,9,500,3,2,1,1,6,0,33,1,1
22243,201600009987,1.0,1,3,1,11.0,0.0,0.0,0.0,1969.0,A01,2.0,7,0,2.0,0.0,2.0,1.0,10,20,1230,1,1,1,1,6,2,7,2,2
22244,201600009987,2.0,2,3,1,11.0,0.0,0.0,0.0,2003.0,A01,2.0,7,0,2.0,0.0,2.0,1.0,10,20,1230,1,1,1,1,6,2,7,2,2
22245,201600009988,2.0,2,3,2,11.0,0.0,0.0,0.0,1948.0,A01,1.0,7,0,13.0,0.0,2.0,1.0,12,18,1730,3,1,1,5,6,3,7,2,2
22246,201600009988,1.0,1,4,1,11.0,0.0,0.0,0.0,1977.0,A01,1.0,7,0,13.0,0.0,2.0,1.0,12,18,1730,3,1,1,5,6,3,7,2,2
22247,201600009989,1.0,1,3,1,11.0,0.0,0.0,0.0,1992.0,A01,2.0,7,0,13.0,0.0,3.0,13.0,12,24,2000,3,1,1,1,6,4,7,2,2
22248,201600009990,1.0,1,1,1,11.0,0.0,0.0,0.0,1997.0,B02,1.0,7,0,0.0,0.0,0.0,1.0,5,2,745,1,1,1,1,1,1,7,2,2
22249,201600009990,1.0,1,2,2,11.0,0.0,0.0,0.0,1977.0,A01,2.0,7,0,8.0,0.0,0.0,1.0,5,2,745,1,1,1,1,1,1,7,2,2
22250,201600009991,1.0,1,3,2,11.0,0.0,0.0,0.0,1932.0,A01,2.0,7,0,0.0,2.0,1.0,13.0,6,10,1330,1,1,1,1,5,2,10,2,2
22251,201600009991,1.0,1,1,2,11.0,0.0,0.0,0.0,1975.0,D04,1.0,7,0,0.0,2.0,1.0,1.0,6,10,1330,1,1,1,1,5,2,10,2,2
22252,201600009991,1.0,1,1,1,11.0,0.0,0.0,0.0,1962.0,B02,1.0,10,0,0.0,2.0,8.0,1.0,6,10,1330,1,1,1,1,5,2,7,2,2
22253,201600009991,1.0,1,4,1,11.0,0.0,0.0,0.0,1975.0,C03,1.0,7,0,0.0,2.0,1.0,1.0,6,10,1330,1,1,1,1,5,2,10,2,2
22254,201600009992,1.0,1,3,2,21.0,0.0,0.0,0.0,2000.0,A01,1.0,31,0,0.0,2.0,1.0,13.0,6,30,1545,1,1,1,1,1,3,15,1,3
22255,201600009992,1.0,1,1,1,11.0,0.0,0.0,0.0,1963.0,B02,2.0,15,0,0.0,2.0,3.0,1.0,6,30,1545,1,1,1,1,1,3,31,3,1
22256,201600009993,2.0,2,3,2,11.0,0.0,0.0,0.0,1998.0,A01,1.0,7,0,8.0,0.0,1.0,1.0,8,4,1545,1,1,1,1,6,3,7,2,2
22257,201600009993,1.0,1,1,2,11.0,0.0,0.0,0.0,1998.0,A01,1.0,7,0,8.0,0.0,1.0,1.0,8,4,1545,1,1,1,1,6,3,7,2,2
22258,201600009994,1.0,1,3,1,11.0,0.0,0.0,0.0,1977.0,A01,2.0,10,0,8.0,0.0,1.0,1.0,8,7,145,3,1,1,1,6,0,10,2,2
22259,201600009995,1.0,1,1,2,13.0,0.0,0.0,0.0,1997.0,A01,2.0,7,0,0.0,2.0,1.0,2.0,10,2,1545,1,1,1,1,2,3,7,2,2
22260,201600009995,1.0,1,4,2,13.0,0.0,0.0,0.0,1970.0,B02,2.0,7,0,0.0,0.0,4.0,1.0,10,2,1545,1,1,1,1,2,3,7,2,2
22261,201600009996,1.0,1,2,1,11.0,0.0,0.0,0.0,1986.0,A01,2.0,7,0,13.0,0.0,2.0,14.0,10,29,1845,2,1,1,1,6,4,7,2,2
22262,201600009996,2.0,2,2,1,11.0,0.0,0.0,0.0,1989.0,A01,2.0,7,0,13.0,0.0,2.0,14.0,10,29,1845,2,1,1,1,6,4,7,2,2
22263,201600009997,1.0,1,4,1,11.0,0.0,0.0,0.0,1945.0,A01,1.0,7,0,0.0,6.0,0.0,1.0,1,4,1745,3,1,1,1,6,3,7,2,2
22264,201600009997,2.0,2,2,2,11.0,0.0,0.0,0.0,1951.0,A01,1.0,7,0,0.0,6.0,0.0,1.0,1,4,1745,3,1,1,1,6,3,7,2,2
22265,201600009998,0.0,3,1,1,0.0,1.0,1.0,2.0,1996.0,B01,1.0,7,0,1.0,1.0,1.0,1.0,4,17,330,3,1,1,8,6,0,7,2,2
22266,201600009998,1.0,1,1,1,11.0,0.0,0.0,0.0,1988.0,B01,1.0,7,0,1.0,1.0,1.0,1.0,4,17,330,3,1,1,8,6,0,7,2,2
22267,201600009998,0.0,3,3,1,0.0,1.0,1.0,2.0,1988.0,B01,1.0,7,0,1.0,1.0,1.0,1.0,4,17,330,3,1,1,8,6,0,7,2,2
22268,201600009999,1.0,1,1,1,11.0,0.0,0.0,0.0,1975.0,B02,2.0,7,0,0.0,2.0,1.0,1.0,5,10,1815,1,1,1,2,1,4,7,2,2
22269,201600009999,1.0,1,3,2,11.0,0.0,0.0,0.0,1972.0,A01,1.0,7,0,0.0,2.0,1.0,1.0,5,10,1815,1,1,1,2,1,4,7,2,2
22270,201600010000,1.0,1,4,1,11.0,0.0,0.0,0.0,1966.0,A01,1.0,7,0,0.0,2.0,3.0,1.0,5,17,1515,1,1,2,1,3,3,7,2,2
22271,201600010000,1.0,1,1,1,11.0,0.0,0.0,0.0,1995.0,B02,2.0,7,0,0.0,2.0,7.0,1.0,5,17,1515,1,1,2,1,3,3,7,2,2
22272,201600010000,2.0,2,3,1,11.0,0.0,0.0,0.0,1995.0,B02,2.0,7,0,0.0,2.0,7.0,1.0,5,17,1515,1,1,2,1,3,3,7,2,2
22273,201600010001,1.0,1,3,1,21.0,0.0,0.0,0.0,1989.0,A01,1.0,33,0,16.0,0.0,2.0,1.0,5,27,1215,1,1,1,1,7,2,33,1,1
22274,201600010002,1.0,1,3,1,21.0,0.0,0.0,0.0,2000.0,B02,2.0,31,0,0.0,2.0,1.0,1.0,7,30,1345,1,1,1,1,1,2,7,1,2
22275,201600010002,2.0,2,3,1,21.0,0.0,0.0,0.0,2000.0,B02,2.0,31,0,0.0,2.0,1.0,1.0,7,30,1345,1,1,1,1,1,2,7,1,2
22276,201600010002,1.0,1,1,1,11.0,0.0,0.0,0.0,1977.0,A01,2.0,7,0,14.0,2.0,3.0,13.0,7,30,1345,1,1,1,1,1,2,31,2,1
22277,201600010003,1.0,1,3,1,21.0,0.0,0.0,0.0,1970.0,A01,1.0,33,0,0.0,6.0,1.0,1.0,8,12,645,1,1,1,1,6,1,33,1,1
22278,201600010004,1.0,1,3,1,11.0,0.0,0.0,0.0,1977.0,A01,2.0,7,0,13.0,0.0,2.0,1.0,12,27,1115,1,1,1,7,7,1,7,2,2
22279,201600010005,1.0,1,4,1,11.0,0.0,0.0,0.0,1964.0,A01,2.0,15,0,0.0,2.0,1.0,1.0,2,25,1320,1,1,2,1,3,2,7,3,2
22280,201600010005,3.0,2,4,1,11.0,0.0,0.0,0.0,1971.0,A01,2.0,15,0,0.0,2.0,1.0,1.0,2,25,1320,1,1,2,1,3,2,7,3,2
22281,201600010005,1.0,1,3,2,11.0,0.0,0.0,0.0,1991.0,B02,2.0,7,0,0.0,2.0,7.0,19.0,2,25,1320,1,1,2,1,3,2,15,2,3
22282,201600010006,1.0,1,3,2,11.0,0.0,0.0,0.0,1989.0,A01,1.0,7,0,0.0,2.0,3.0,13.0,4,18,1000,1,1,1,1,3,1,15,2,3
22283,201600010006,1.0,1,1,1,11.0,0.0,0.0,0.0,1959.0,B02,2.0,15,0,0.0,2.0,8.0,1.0,4,18,1000,1,1,1,1,3,1,7,3,2
22284,201600010007,1.0,1,3,1,11.0,0.0,0.0,0.0,1963.0,A01,2.0,7,0,0.0,0.0,7.0,15.0,6,4,1700,1,1,1,8,3,3,33,2,1