,Num_Acc,place,catu,grav,sexe,secu,locp,actp,etatp,an_nais,num_veh,senc,catv,occutc,obs,obsm,choc,manv,mois,jour,hrmn,lum,agg,int,atm,col,mom,catvopp,catv_gen,catvopp_gen
22285,201600010007,2.0,2,1,1,11.0,0.0,0.0,0.0,2000.0,A01,2.0,7,0,0.0,0.0,7.0,15.0,6,4,1700,1,1,1,8,3,3,33,2,1
22286,201600010007,1.0,1,3,1,21.0,0.0,0.0,0.0,1982.0,B02,1.0,33,0,0.0,2.0,1.0,1.0,6,4,1700,1,1,1,8,3,3,7,1,2
22287,201600010008,1.0,1,1,2,11.0,0.0,0.0,0.0,1974.0,A01,2.0,7,0,2.0,0.0,7.0,1.0,6,26,945,1,1,1,1,6,1,7,2,2
22288,201600010008,2.0,2,1,2,11.0,0.0,0.0,0.0,1994.0,A01,2.0,7,0,2.0,0.0,7.0,1.0,6,26,945,1,1,1,1,6,1,7,2,2
22289,201600010008,3.0,2,3,1,11.0,0.0,0.0,0.0,2001.0,A01,2.0,7,0,2.0,0.0,7.0,1.0,6,26,945,1,1,1,1,6,1,7,2,2
22290,201600010008,4.0,2,1,1,31.0,0.0,0.0,0.0,2011.0,A01,2.0,7,0,2.0,0.0,7.0,1.0,6,26,945,1,1,1,1,6,1,7,2,2
22291,201600010009,1.0,1,1,1,11.0,0.0,0.0,0.0,1948.0,A01,2.0,10,0,0.0,2.0,3.0,15.0,12,18,2100,3,1,1,1,3,4,7,2,2
22292,201600010009,2.0,2,1,1,11.0,0.0,0.0,0.0,1963.0,A01,2.0,10,0,0.0,2.0,3.0,15.0,12,18,2100,3,1,1,1,3,4,7,2,2
22293,201600010009,1.0,1,4,1,11.0,0.0,0.0,0.0,1979.0,B02,1.0,7,0,0.0,2.0,1.0,1.0,12,18,2100,3,1,1,1,3,4,10,2,2
22294,201600010009,2.0,2,3,2,11.0,0.0,0.0,0.0,1973.0,B02,1.0,7,0,0.0,2.0,1.0,1.0,12,18,2100,3,1,1,1,3,4,10,2,2
22295,201600010010,0.0,3,3,2,0.0,1.0,1.0,3.0,1995.0,A01,1.0,7,0,3.0,1.0,2.0,17.0,1,10,645,3,1,1,2,6,1,7,2,2
22296,201600010010,0.0,3,1,1,0.0,0.0,0.0,0.0,1994.0,A01,1.0,7,0,3.0,1.0,2.0,17.0,1,10,645,3,1,1,2,6,1,7,2,2
22297,201600010010,0.0,3,2,2,0.0,1.0,1.0,3.0,1987.0,A01,1.0,7,0,3.0,1.0,2.0,17.0,1,10,645,3,1,1,2,6,1,7,2,2
22298,201600010010,0.0,3,1,1,0.0,1.0,1.0,3.0,1986.0,A01,1.0,7,0,3.0,1.0,2.0,17.0,1,10,645,3,1,1,2,6,1,7,2,2
22299,201600010010,0.0,3,2,1,0.0,1.0,1.0,3.0,1985.0,A01,1.0,7,0,3.0,1.0,2.0,17.0,1,10,645,3,1,1,2,6,1,7,2,2
22300,201600010010,0.0,3,3,1,0.0,1.0,1.0,3.0,1983.0,A01,1.0,7,0,3.0,1.0,2.0,17.0,1,10,645,3,1,1,2,6,1,7,2,2
22301,201600010010,0.0,3,1,2,0.0,1.0,1.0,3.0,1980.0,A01,1.0,7,0,3.0,1.0,2.0,17.0,1,10,645,3,1,1,2,6,1,7,2,2
22302,201600010010,0.0,3,3,1,0.0,1.0,1.0,3.0,1986.0,A01,1.0,7,0,3.0,1.0,2.0,17.0,1,10,645,3,1,1,2,6,1,7,2,2
22303,201600010011,1.0,1,1,1,11.0,0.0,0.0,0.0,1980.0,A01,2.0,7,0,0.0,1.0,5.0,4.0,1,13,1630,1,2,1,1,6,3,7,2,2
22304,201600010011,0.0,3,3,2,0.0,4.0,3.0,1.0,1937.0,A01,2.0,7,0,0.0,1.0,5.0,4.0,1,13,1630,1,2,1,1,6,3,7,2,2
22305,201600010012,2.0,2,3,2,11.0,0.0,0.0,0.0,1950.0,B02,2.0,7,0,0.0,2.0,1.0,1.0,2,1,1545,1,1,1,1,1,3,7,2,2
22306,201600010012,1.0,1,3,2,11.0,0.0,0.0,0.0,1951.0,B02,2.0,7,0,0.0,2.0,1.0,1.0,2,1,1545,1,1,1,1,1,3,7,2,2
22307,201600010012,1.0,1,1,2,11.0,0.0,0.0,0.0,1974.0,A01,1.0,7,0,0.0,2.0,1.0,15.0,2,1,1545,1,1,1,1,1,3,7,2,2
22308,201600010013,1.0,1,3,2,11.0,0.0,0.0,0.0,1939.0,B02,1.0,7,0,8.0,0.0,4.0,1.0,2,18,1200,1,1,1,1,2,2,7,2,2
22309,201600010013,1.0,1,3,1,11.0,0.0,0.0,0.0,1965.0,A01,1.0,7,0,0.0,2.0,1.0,2.0,2,18,1200,1,1,1,1,2,2,7,2,2
22310,201600010014,1.0,1,3,1,21.0,0.0,0.0,0.0,1999.0,A01,1.0,36,0,13.0,0.0,1.0,19.0,2,27,300,3,1,1,1,6,0,36,1,1
22311,201600010015,1.0,1,3,1,21.0,0.0,0.0,0.0,1999.0,B02,1.0,32,0,0.0,2.0,1.0,1.0,4,13,1800,1,2,1,1,3,4,7,1,2
22312,201600010015,1.0,1,1,2,11.0,0.0,0.0,0.0,1963.0,A01,1.0,7,0,0.0,0.0,3.0,15.0,4,13,1800,1,2,1,1,3,4,32,2,1
22313,201600010016,0.0,3,3,2,0.0,4.0,3.0,1.0,1932.0,A01,0.0,7,0,0.0,1.0,1.0,15.0,5,9,1800,1,2,1,2,6,4,7,2,2
22314,201600010016,1.0,1,1,1,11.0,0.0,0.0,0.0,1994.0,A01,0.0,7,0,0.0,1.0,1.0,15.0,5,9,1800,1,2,1,2,6,4,7,2,2
22315,201600010017,1.0,1,3,1,21.0,0.0,0.0,0.0,1992.0,B02,1.0,33,0,0.0,2.0,3.0,1.0,6,7,2000,1,2,1,2,3,4,7,1,2
22316,201600010017,1.0,1,1,1,11.0,0.0,0.0,0.0,1970.0,A01,2.0,7,0,0.0,2.0,8.0,19.0,6,7,2000,1,2,1,2,3,4,33,2,1
22317,201600010018,1.0,1,3,1,22.0,0.0,0.0,0.0,1989.0,A01,0.0,2,0,6.0,0.0,1.0,1.0,7,1,1,5,2,1,1,6,0,2,1,1
22318,201600010019,1.0,1,2,1,11.0,0.0,0.0,0.0,1939.0,A01,1.0,7,0,0.0,2.0,2.0,5.0,7,7,1500,1,2,1,1,1,3,15,2,3
22319,201600010019,2.0,2,2,2,11.0,0.0,0.0,0.0,1939.0,A01,1.0,7,0,0.0,2.0,2.0,5.0,7,7,1500,1,2,1,1,1,3,15,2,3
22320,201600010019,1.0,1,1,1,11.0,0.0,0.0,0.0,1969.0,B02,2.0,15,0,0.0,2.0,2.0,1.0,7,7,1500,1,2,1,1,1,3,7,3,2
22321,201600010020,1.0,1,2,1,21.0,0.0,0.0,0.0,1979.0,A01,0.0,33,0,0.0,0.0,8.0,1.0,8,13,1345,1,2,1,1,7,2,33,1,1
22322,201600010021,1.0,1,1,1,11.0,0.0,0.0,0.0,1981.0,A01,1.0,7,0,0.0,0.0,5.0,15.0,8,20,1700,1,2,1,1,1,3,1,2,1
22323,201600010021,1.0,1,3,2,2.0,0.0,0.0,0.0,1988.0,B02,2.0,1,0,0.0,2.0,8.0,1.0,8,20,1700,1,2,1,1,1,3,7,1,2
22324,201600010022,1.0,1,1,2,11.0,0.0,0.0,0.0,1985.0,A01,0.0,7,0,0.0,1.0,3.0,1.0,8,31,1845,1,2,1,7,6,4,7,2,2
22325,201600010022,0.0,3,3,2,0.0,2.0,3.0,1.0,1955.0,A01,0.0,7,0,0.0,1.0,3.0,1.0,8,31,1845,1,2,1,7,6,4,7,2,2
22326,201600010023,1.0,1,1,1,11.0,0.0,0.0,0.0,1977.0,A01,2.0,14,0,0.0,2.0,1.0,1.0,9,15,1715,1,1,3,1,2,3,7,3,2
22327,201600010023,2.0,2,1,1,11.0,0.0,0.0,0.0,1974.0,A01,2.0,14,0,0.0,2.0,1.0,1.0,9,15,1715,1,1,3,1,2,3,7,3,2
22328,201600010023,8.0,2,1,1,11.0,0.0,0.0,0.0,1996.0,A01,2.0,14,0,0.0,2.0,1.0,1.0,9,15,1715,1,1,3,1,2,3,7,3,2
22329,201600010023,1.0,1,3,1,11.0,0.0,0.0,0.0,1970.0,B02,2.0,7,0,0.0,2.0,4.0,15.0,9,15,1715,1,1,3,1,2,3,14,2,3
22330,201600010023,2.0,2,4,2,11.0,0.0,0.0,0.0,1999.0,B02,2.0,7,0,0.0,2.0,4.0,15.0,9,15,1715,1,1,3,1,2,3,14,2,3
22331,201600010024,1.0,1,3,2,11.0,0.0,0.0,0.0,1985.0,A01,1.0,7,0,0.0,0.0,3.0,13.0,9,30,2345,3,1,1,2,6,5,7,2,2
22332,201600010025,3.0,2,3,1,12.0,0.0,0.0,0.0,1924.0,A01,1.0,7,0,13.0,0.0,1.0,1.0,12,5,1715,3,1,1,5,6,3,7,2,2
22333,201600010025,1.0,1,1,2,11.0,0.0,0.0,0.0,1927.0,A01,1.0,7,0,13.0,0.0,1.0,1.0,12,5,1715,3,1,1,5,6,3,7,2,2
22334,201600010026,1.0,1,3,1,11.0,0.0,0.0,0.0,1991.0,A01,1.0,7,0,2.0,0.0,2.0,1.0,4,4,815,1,1,1,1,6,1,7,2,2
22335,201600010026,2.0,2,3,2,11.0,0.0,0.0,0.0,1997.0,A01,1.0,7,0,2.0,0.0,2.0,1.0,4,4,815,1,1,1,1,6,1,7,2,2
22336,201600010026,3.0,2,4,2,11.0,0.0,0.0,0.0,1993.0,A01,1.0,7,0,2.0,0.0,2.0,1.0,4,4,815,1,1,1,1,6,1,7,2,2
22337,201600010027,1.0,1,3,1,11.0,0.0,0.0,0.0,1980.0,B02,2.0,7,0,0.0,2.0,1.0,0.0,5,22,1540,1,1,1,2,1,3,7,2,2
22338,201600010027,2.0,2,3,1,11.0,0.0,0.0,0.0,1978.0,B02,2.0,7,0,0.0,2.0,1.0,0.0,5,22,1540,1,1,1,2,1,3,7,2,2
22339,201600010027,1.0,1,4,1,11.0,0.0,0.0,0.0,1963.0,A01,1.0,7,0,0.0,2.0,1.0,1.0,5,22,1540,1,1,1,2,1,3,7,2,2
22340,201600010027,2.0,2,3,2,11.0,0.0,0.0,0.0,1965.0,A01,1.0,7,0,0.0,2.0,1.0,1.0,5,22,1540,1,1,1,2,1,3,7,2,2
22341,201600010027,3.0,2,4,2,11.0,0.0,0.0,0.0,1994.0,A01,1.0,7,0,0.0,2.0,1.0,1.0,5,22,1540,1,1,1,2,1,3,7,2,2
22342,201600010028,1.0,1,1,1,22.0,0.0,0.0,0.0,2001.0,A01,1.0,36,0,6.0,0.0,1.0,15.0,7,10,1215,1,2,1,1,6,2,36,1,1
22343,201600010028,2.0,2,3,1,22.0,0.0,0.0,0.0,2007.0,A01,1.0,36,0,6.0,0.0,1.0,15.0,7,10,1215,1,2,1,1,6,2,36,1,1
22344,201600010028,3.0,2,1,2,22.0,0.0,0.0,0.0,2000.0,A01,1.0,36,0,6.0,0.0,1.0,15.0,7,10,1215,1,2,1,1,6,2,36,1,1
22345,201600010029,4.0,2,1,2,11.0,0.0,0.0,0.0,2003.0,B02,2.0,7,0,0.0,2.0,3.0,1.0,7,22,1530,1,1,1,1,1,3,7,2,2
22346,201600010029,3.0,2,1,1,11.0,0.0,0.0,0.0,2001.0,B02,2.0,7,0,0.0,2.0,3.0,1.0,7,22,1530,1,1,1,1,1,3,7,2,2
22347,201600010029,2.0,2,4,2,11.0,0.0,0.0,0.0,1976.0,B02,2.0,7,0,0.0,2.0,3.0,1.0,7,22,1530,1,1,1,1,1,3,7,2,2
22348,201600010029,1.0,1,3,1,11.0,0.0,0.0,0.0,1954.0,B02,2.0,7,0,0.0,2.0,3.0,1.0,7,22,1530,1,1,1,1,1,3,7,2,2
22349,201600010029,2.0,2,3,2,11.0,0.0,0.0,0.0,1938.0,A01,2.0,7,0,0.0,2.0,3.0,13.0,7,22,1530,1,1,1,1,1,3,7,2,2
22350,201600010029,1.0,1,3,1,11.0,0.0,0.0,0.0,1936.0,A01,2.0,7,0,0.0,2.0,3.0,13.0,7,22,1530,1,1,1,1,1,3,7,2,2
22351,201600010030,1.0,1,1,1,11.0,0.0,0.0,0.0,1960.0,A01,2.0,14,0,0.0,2.0,1.0,1.0,11,18,1000,1,1,1,1,3,1,7,3,2
22352,201600010030,1.0,1,2,2,11.0,0.0,0.0,0.0,1937.0,B02,2.0,7,0,0.0,0.0,2.0,9.0,11,18,1000,1,1,1,1,3,1,14,2,3
22353,201600010031,1.0,1,1,1,11.0,0.0,0.0,0.0,1980.0,A01,2.0,7,0,0.0,5.0,1.0,1.0,11,21,745,3,1,1,2,6,1,7,2,2
22354,201600010031,2.0,2,2,1,11.0,0.0,0.0,0.0,1977.0,A01,2.0,7,0,0.0,5.0,1.0,1.0,11,21,745,3,1,1,2,6,1,7,2,2
22355,201600010032,1.0,1,3,2,11.0,0.0,0.0,0.0,1995.0,B02,1.0,7,0,0.0,2.0,1.0,1.0,12,27,1215,1,1,1,1,3,2,7,2,2
22356,201600010032,1.0,1,3,1,11.0,0.0,0.0,0.0,1956.0,A01,1.0,7,0,0.0,2.0,8.0,19.0,12,27,1215,1,1,1,1,3,2,7,2,2
22357,201600010033,1.0,1,3,2,11.0,0.0,0.0,0.0,1955.0,A01,1.0,7,0,0.0,2.0,7.0,19.0,3,3,1005,1,1,2,2,3,1,7,2,2
22358,201600010033,1.0,1,1,1,11.0,0.0,0.0,0.0,1942.0,B02,1.0,7,0,0.0,2.0,1.0,1.0,3,3,1005,1,1,2,2,3,1,7,2,2
22359,201600010034,1.0,1,3,1,11.0,0.0,0.0,0.0,1978.0,A01,1.0,7,0,0.0,0.0,9.0,1.0,3,16,1930,2,1,1,1,7,4,7,2,2
22360,201600010035,1.0,1,4,2,11.0,0.0,0.0,0.0,1964.0,A01,2.0,7,0,0.0,2.0,2.0,1.0,3,4,1155,1,1,2,1,1,1,7,2,2
22361,201600010035,1.0,1,4,1,11.0,0.0,0.0,0.0,1928.0,B02,1.0,7,0,0.0,2.0,1.0,15.0,3,4,1155,1,1,2,1,1,1,7,2,2
22362,201600010035,2.0,2,4,2,11.0,0.0,0.0,0.0,1933.0,B02,1.0,7,0,0.0,2.0,1.0,15.0,3,4,1155,1,1,2,1,1,1,7,2,2
22363,201600010036,1.0,1,3,1,11.0,0.0,0.0,0.0,1997.0,A01,1.0,7,0,2.0,0.0,1.0,1.0,7,15,815,1,1,1,1,7,1,7,2,2
22364,201600010037,1.0,1,1,1,11.0,0.0,0.0,0.0,1960.0,B02,2.0,21,0,0.0,2.0,5.0,1.0,7,27,815,1,1,9,1,2,1,10,0,2
22365,201600010037,1.0,1,3,1,11.0,0.0,0.0,0.0,1982.0,A01,2.0,10,0,0.0,2.0,3.0,2.0,7,27,815,1,1,9,1,2,1,21,2,0
22366,201600010038,1.0,1,1,1,11.0,0.0,0.0,0.0,1973.0,B02,2.0,7,0,0.0,2.0,3.0,19.0,10,22,1345,1,1,2,1,3,2,33,2,1
22367,201600010038,1.0,1,3,1,21.0,0.0,0.0,0.0,1982.0,A01,2.0,33,0,0.0,2.0,1.0,1.0,10,22,1345,1,1,2,1,3,2,7,1,2
22368,201600010039,1.0,1,1,1,11.0,0.0,0.0,0.0,1963.0,B02,2.0,14,0,0.0,2.0,3.0,1.0,11,17,1215,1,1,1,8,5,2,7,3,2
22369,201600010039,1.0,1,1,1,11.0,0.0,0.0,0.0,1975.0,C03,1.0,7,0,0.0,2.0,1.0,1.0,11,17,1215,1,1,1,8,5,2,14,2,3
22370,201600010039,3.0,2,1,1,11.0,0.0,0.0,0.0,2005.0,C03,1.0,7,0,0.0,2.0,1.0,1.0,11,17,1215,1,1,1,8,5,2,14,2,3
22371,201600010039,4.0,2,1,2,11.0,0.0,0.0,0.0,2003.0,C03,1.0,7,0,0.0,2.0,1.0,1.0,11,17,1215,1,1,1,8,5,2,14,2,3
22372,201600010039,1.0,1,3,2,11.0,0.0,0.0,0.0,1959.0,A01,1.0,7,0,0.0,2.0,1.0,1.0,11,17,1215,1,1,1,8,5,2,14,2,3
22373,201600010040,1.0,1,3,1,12.0,0.0,0.0,0.0,1957.0,A01,2.0,10,0,6.0,0.0,2.0,1.0,11,29,1000,1,2,1,1,6,1,10,2,2
22374,201600010041,1.0,1,1,1,11.0,0.0,0.0,0.0,1967.0,A01,1.0,10,0,0.0,2.0,2.0,2.0,1,12,1830,3,1,1,1,2,4,1,2,1
22375,201600010041,1.0,1,3,1,22.0,0.0,0.0,0.0,1994.0,B02,1.0,1,0,0.0,2.0,4.0,2.0,1,12,1830,3,1,1,1,2,4,10,1,2
22376,201600010042,1.0,1,1,2,11.0,0.0,0.0,0.0,1986.0,A01,1.0,7,0,0.0,2.0,3.0,1.0,6,19,1500,1,1,1,1,3,3,32,2,1
22377,201600010042,1.0,1,3,1,21.0,0.0,0.0,0.0,1991.0,B02,1.0,32,0,0.0,2.0,1.0,1.0,6,19,1500,1,1,1,1,3,3,7,1,2
22378,201600010043,1.0,1,3,1,21.0,0.0,0.0,0.0,1956.0,A01,0.0,33,0,0.0,2.0,1.0,2.0,7,6,1830,1,1,1,1,3,4,7,1,2
22379,201600010043,1.0,1,1,1,11.0,0.0,0.0,0.0,1994.0,B02,0.0,7,0,0.0,2.0,2.0,19.0,7,6,1830,1,1,1,1,3,4,33,2,1
22380,201600010044,5.0,2,3,1,12.0,0.0,0.0,0.0,2000.0,A01,0.0,7,0,2.0,0.0,1.0,0.0,7,8,30,3,1,1,1,6,0,7,2,2
22381,201600010044,1.0,1,1,1,11.0,0.0,0.0,0.0,1998.0,A01,0.0,7,0,2.0,0.0,1.0,0.0,7,8,30,3,1,1,1,6,0,7,2,2
22382,201600010044,2.0,2,3,1,11.0,0.0,0.0,0.0,2001.0,A01,0.0,7,0,2.0,0.0,1.0,0.0,7,8,30,3,1,1,1,6,0,7,2,2
22383,201600010045,1.0,1,1,1,11.0,0.0,0.0,0.0,1978.0,B02,1.0,7,0,0.0,9.0,3.0,15.0,7,27,1445,1,2,3,1,3,3,33,2,1
22384,201600010045,2.0,2,1,2,11.0,0.0,0.0,0.0,1986.0,B02,1.0,7,0,0.0,9.0,3.0,15.0,7,27,1445,1,2,3,1,3,3,33,2,1
22385,201600010045,1.0,1,4,1,21.0,0.0,0.0,0.0,1994.0,A01,1.0,33,0,0.0,2.0,1.0,1.0,7,27,1445,1,2,3,1,3,3,7,1,2
22386,201600010045,2.0,2,1,2,21.0,0.0,0.0,0.0,1992.0,A01,1.0,33,0,0.0,2.0,1.0,1.0,7,27,1445,1,2,3,1,3,3,7,1,2
22387,201600010046,1.0,1,3,1,11.0,0.0,0.0,0.0,1993.0,A01,1.0,7,0,0.0,0.0,4.0,1.0,7,28,845,1,2,1,1,2,1,7,2,2
22388,201600010046,1.0,1,1,2,11.0,0.0,0.0,0.0,1994.0,B02,1.0,7,0,0.0,0.0,1.0,1.0,7,28,845,1,2,1,1,2,1,7,2,2
22389,201600010047,1.0,1,1,1,11.0,0.0,0.0,0.0,1968.0,C03,2.0,7,0,0.0,2.0,3.0,21.0,1,27,1715,2,1,1,8,5,3,7,2,2
22390,201600010047,1.0,1,3,1,11.0,0.0,0.0,0.0,1962.0,A01,1.0,7,0,0.0,2.0,1.0,17.0,1,27,1715,2,1,1,8,5,3,7,2,2
22391,201600010047,1.0,1,4,1,11.0,0.0,0.0,0.0,1970.0,B02,1.0,7,0,0.0,2.0,6.0,1.0,1,27,1715,2,1,1,8,5,3,7,2,2
22392,201600010048,1.0,1,3,1,11.0,0.0,0.0,0.0,1959.0,A01,2.0,7,0,0.0,2.0,3.0,1.0,2,25,1330,1,1,1,1,3,2,15,2,3
22393,201600010048,1.0,1,1,1,11.0,0.0,0.0,0.0,1968.0,B02,1.0,15,0,0.0,2.0,3.0,1.0,2,25,1330,1,1,1,1,3,2,7,3,2
22394,201600010049,2.0,2,4,2,11.0,0.0,0.0,0.0,1965.0,B02,1.0,7,0,0.0,2.0,3.0,1.0,5,13,2030,1,1,1,1,1,4,7,2,2
22395,201600010049,1.0,1,4,1,11.0,0.0,0.0,0.0,1960.0,B02,1.0,7,0,0.0,2.0,3.0,1.0,5,13,2030,1,1,1,1,1,4,7,2,2
22396,201600010049,1.0,1,4,1,11.0,0.0,0.0,0.0,1991.0,A01,2.0,7,0,0.0,2.0,2.0,1.0,5,13,2030,1,1,1,1,1,4,7,2,2
22397,201600010050,1.0,1,1,1,11.0,0.0,0.0,0.0,1972.0,B02,2.0,7,0,0.0,2.0,3.0,1.0,11,10,1545,3,1,1,2,1,3,7,2,2
22398,201600010050,1.0,1,3,2,11.0,0.0,0.0,0.0,1974.0,A01,1.0,7,0,0.0,2.0,3.0,5.0,11,10,1545,3,1,1,2,1,3,7,2,2
22399,201600010051,1.0,1,3,1,11.0,0.0,0.0,0.0,1938.0,A01,1.0,7,0,5.0,0.0,1.0,1.0,12,17,1300,1,1,1,5,7,2,7,2,2
22400,201600010052,1.0,1,2,1,12.0,0.0,0.0,0.0,1962.0,A01,1.0,7,0,13.0,0.0,2.0,1.0,1,10,1630,1,1,1,2,7,3,7,2,2
22401,201600010052,2.0,2,1,1,12.0,0.0,0.0,0.0,1985.0,A01,1.0,7,0,13.0,0.0,2.0,1.0,1,10,1630,1,1,1,2,7,3,7,2,2
22402,201600010052,3.0,2,3,2,12.0,0.0,0.0,0.0,1956.0,A01,1.0,7,0,13.0,0.0,2.0,1.0,1,10,1630,1,1,1,2,7,3,7,2,2
22403,201600010052,4.0,2,3,2,12.0,0.0,0.0,0.0,1960.0,A01,1.0,7,0,13.0,0.0,2.0,1.0,1,10,1630,1,1,1,2,7,3,7,2,2
22404,201600010053,1.0,1,1,1,11.0,0.0,0.0,0.0,1991.0,A01,0.0,7,0,2.0,0.0,2.0,1.0,7,28,100,3,1,1,1,6,0,7,2,2
22405,201600010053,2.0,2,2,1,11.0,0.0,0.0,0.0,1987.0,A01,0.0,7,0,2.0,0.0,2.0,1.0,7,28,100,3,1,1,1,6,0,7,2,2
22406,201600010054,1.0,1,1,2,11.0,0.0,0.0,0.0,1997.0,A01,0.0,7,0,0.0,0.0,2.0,1.0,6,9,1715,1,2,2,1,3,3,7,2,2
22407,201600010054,1.0,1,3,2,11.0,0.0,0.0,0.0,1966.0,B02,0.0,7,0,0.0,0.0,3.0,1.0,6,9,1715,1,2,2,1,3,3,7,2,2
22408,201600010055,1.0,1,4,1,11.0,0.0,0.0,0.0,1962.0,A01,1.0,7,0,0.0,2.0,3.0,1.0,6,22,2000,1,1,1,2,1,4,7,2,2
22409,201600010055,2.0,2,4,2,11.0,0.0,0.0,0.0,1963.0,A01,1.0,7,0,0.0,2.0,3.0,1.0,6,22,2000,1,1,1,2,1,4,7,2,2
22410,201600010055,4.0,2,1,2,31.0,0.0,0.0,0.0,2010.0,A01,1.0,7,0,0.0,2.0,3.0,1.0,6,22,2000,1,1,1,2,1,4,7,2,2
22411,201600010055,1.0,1,3,1,11.0,0.0,0.0,0.0,1989.0,B02,2.0,7,0,0.0,2.0,3.0,13.0,6,22,2000,1,1,1,2,1,4,7,2,2
22412,201600010056,1.0,1,3,1,11.0,0.0,0.0,0.0,1996.0,A01,1.0,7,0,0.0,0.0,2.0,1.0,11,11,230,3,1,1,2,6,0,7,2,2
22413,201600010057,1.0,1,1,1,11.0,0.0,0.0,0.0,1992.0,A01,2.0,7,0,16.0,0.0,1.0,0.0,11,13,830,2,1,1,1,6,1,7,2,2
22414,201600010057,2.0,2,3,1,11.0,0.0,0.0,0.0,1997.0,A01,2.0,7,0,16.0,0.0,1.0,0.0,11,13,830,2,1,1,1,6,1,7,2,2
22415,201600010057,3.0,2,3,1,11.0,0.0,0.0,0.0,1997.0,A01,2.0,7,0,16.0,0.0,1.0,0.0,11,13,830,2,1,1,1,6,1,7,2,2
22416,201600010058,1.0,1,1,1,11.0,0.0,0.0,0.0,1964.0,B02,0.0,7,0,0.0,2.0,1.0,1.0,12,9,2315,3,1,1,1,2,5,3,2,0
22417,201600010058,1.0,1,4,2,11.0,0.0,0.0,0.0,1993.0,A01,0.0,3,0,0.0,0.0,4.0,1.0,12,9,2315,3,1,1,1,2,5,7,0,2
22418,201600010059,1.0,1,1,1,11.0,0.0,0.0,0.0,1944.0,B02,0.0,7,0,0.0,2.0,1.0,1.0,12,14,1615,1,2,1,1,3,3,7,2,2
22419,201600010059,1.0,1,1,2,11.0,0.0,0.0,0.0,1979.0,A01,0.0,7,0,0.0,1.0,2.0,1.0,12,14,1615,1,2,1,1,3,3,7,2,2
22420,201600010059,0.0,3,3,2,0.0,5.0,2.0,1.0,1931.0,A01,0.0,7,0,0.0,1.0,2.0,1.0,12,14,1615,1,2,1,1,3,3,7,2,2
22421,201600010060,1.0,1,1,1,11.0,0.0,0.0,0.0,1981.0,A01,2.0,7,0,0.0,1.0,2.0,1.0,1,21,745,2,2,1,1,6,1,7,2,2
22422,201600010060,0.0,3,3,2,0.0,4.0,3.0,1.0,2003.0,A01,2.0,7,0,0.0,1.0,2.0,1.0,1,21,745,2,2,1,1,6,1,7,2,2
22423,201600010061,1.0,1,3,1,11.0,0.0,0.0,0.0,1994.0,A01,2.0,7,0,13.0,0.0,1.0,1.0,3,18,1400,1,1,1,1,7,3,7,2,2
22424,201600010061,2.0,2,1,2,11.0,0.0,0.0,0.0,1995.0,A01,2.0,7,0,13.0,0.0,1.0,1.0,3,18,1400,1,1,1,1,7,3,7,2,2
22425,201600010062,1.0,1,4,1,21.0,0.0,0.0,0.0,1995.0,A01,1.0,2,0,8.0,0.0,0.0,1.0,5,5,1900,1,2,1,1,6,4,2,1,1
22426,201600010063,1.0,1,3,2,21.0,0.0,0.0,0.0,1981.0,B02,0.0,32,0,0.0,2.0,7.0,1.0,5,7,1330,1,2,1,1,3,2,7,1,2
22427,201600010063,1.0,1,1,1,13.0,0.0,0.0,0.0,1989.0,A01,0.0,7,0,0.0,2.0,3.0,15.0,5,7,1330,1,2,1,1,3,2,32,2,1
22428,201600010064,1.0,1,3,1,21.0,0.0,0.0,0.0,1983.0,A01,1.0,33,0,0.0,2.0,1.0,13.0,5,15,1730,1,1,1,1,1,3,7,1,2
22429,201600010064,1.0,1,1,1,11.0,0.0,0.0,0.0,1961.0,B02,2.0,7,0,0.0,2.0,1.0,1.0,5,15,1730,1,1,1,1,1,3,33,2,1
22430,201600010064,2.0,2,1,2,11.0,0.0,0.0,0.0,1966.0,B02,2.0,7,0,0.0,2.0,1.0,1.0,5,15,1730,1,1,1,1,1,3,33,2,1
22431,201600010065,1.0,1,3,1,11.0,0.0,0.0,0.0,1978.0,A01,2.0,10,0,2.0,0.0,1.0,0.0,7,1,845,1,1,1,2,6,1,10,2,2
22432,201600010066,1.0,1,3,1,21.0,0.0,0.0,0.0,1992.0,A01,2.0,33,0,0.0,0.0,9.0,1.0,8,20,1315,1,1,1,1,7,2,33,1,1
22433,201600010067,1.0,1,1,1,11.0,0.0,0.0,0.0,1953.0,A01,2.0,7,0,0.0,2.0,3.0,15.0,10,30,1730,1,1,1,1,1,3,7,2,2
22434,201600010067,2.0,2,1,2,11.0,0.0,0.0,0.0,1963.0,A01,2.0,7,0,0.0,2.0,3.0,15.0,10,30,1730,1,1,1,1,1,3,7,2,2
22435,201600010067,1.0,1,4,1,11.0,0.0,0.0,0.0,1987.0,B02,1.0,7,0,0.0,2.0,1.0,1.0,10,30,1730,1,1,1,1,1,3,7,2,2
22436,201600010067,2.0,2,4,2,11.0,0.0,0.0,0.0,1964.0,B02,1.0,7,0,0.0,2.0,1.0,1.0,10,30,1730,1,1,1,1,1,3,7,2,2
22437,201600010068,1.0,1,3,2,21.0,0.0,0.0,0.0,1999.0,A01,0.0,2,0,0.0,0.0,1.0,1.0,11,25,1800,3,1,1,1,7,4,2,1,1