,Num_Acc,place,catu,grav,sexe,secu,locp,actp,etatp,an_nais,num_veh,senc,catv,occutc,obs,obsm,choc,manv,mois,jour,hrmn,lum,agg,int,atm,col,mom,catvopp,catv_gen,catvopp_gen
22438,201600010069,1.0,1,1,2,11.0,0.0,0.0,0.0,1952.0,A01,2.0,7,0,0.0,1.0,2.0,1.0,12,22,900,3,1,1,5,6,1,7,2,2
22439,201600010069,2.0,2,1,2,11.0,0.0,0.0,0.0,1930.0,A01,2.0,7,0,0.0,1.0,2.0,1.0,12,22,900,3,1,1,5,6,1,7,2,2
22440,201600010069,0.0,3,2,1,0.0,1.0,9.0,1.0,1938.0,A01,2.0,7,0,0.0,1.0,2.0,1.0,12,22,900,3,1,1,5,6,1,7,2,2
22441,201600010070,1.0,1,2,1,11.0,0.0,0.0,0.0,1974.0,A01,1.0,10,0,6.0,0.0,3.0,1.0,1,14,1730,2,1,1,1,6,3,10,2,2
22442,201600010071,1.0,1,2,1,21.0,0.0,0.0,0.0,1946.0,A01,2.0,1,0,2.0,0.0,1.0,1.0,1,21,1315,1,2,1,1,6,2,1,1,1
22445,201600010073,1.0,1,3,2,11.0,0.0,0.0,0.0,1967.0,A01,2.0,7,0,0.0,2.0,1.0,13.0,7,19,1630,1,1,1,1,1,3,17,2,3
22446,201600010073,3.0,2,4,2,11.0,0.0,0.0,0.0,1998.0,A01,2.0,7,0,0.0,2.0,1.0,13.0,7,19,1630,1,1,1,1,1,3,17,2,3
22447,201600010073,1.0,1,1,1,11.0,0.0,0.0,0.0,1962.0,B02,1.0,17,0,0.0,2.0,3.0,1.0,7,19,1630,1,1,1,1,1,3,7,3,2
22448,201600010074,1.0,1,1,1,11.0,0.0,0.0,0.0,1969.0,A01,2.0,14,0,0.0,2.0,7.0,15.0,9,26,1015,1,1,2,1,3,1,2,3,1
22449,201600010074,1.0,1,2,1,21.0,0.0,0.0,0.0,1969.0,B02,1.0,2,0,0.0,2.0,1.0,1.0,9,26,1015,1,1,2,1,3,1,14,1,3
22450,201600010075,1.0,1,1,1,11.0,0.0,0.0,0.0,1975.0,B02,1.0,7,0,0.0,2.0,2.0,1.0,12,4,1200,1,1,2,1,3,2,3,2,0
22451,201600010075,1.0,1,3,2,11.0,0.0,0.0,0.0,1955.0,A01,0.0,3,0,0.0,2.0,2.0,19.0,12,4,1200,1,1,2,1,3,2,7,0,2
22452,201600010076,1.0,1,3,2,11.0,0.0,0.0,0.0,1945.0,B01,2.0,7,0,0.0,5.0,1.0,1.0,12,10,1830,3,1,1,1,6,4,7,2,2
22453,201600010077,1.0,1,3,2,12.0,0.0,0.0,0.0,1990.0,A01,2.0,7,0,8.0,0.0,3.0,16.0,6,4,200,5,2,4,1,6,0,7,2,2
22454,201600010078,1.0,1,1,1,11.0,0.0,0.0,0.0,1967.0,A01,1.0,15,0,0.0,2.0,2.0,1.0,6,23,1630,1,1,4,7,1,3,7,3,2
22455,201600010078,1.0,1,3,1,11.0,0.0,0.0,0.0,1942.0,B02,2.0,7,0,0.0,2.0,3.0,9.0,6,23,1630,1,1,4,7,1,3,15,2,3
22456,201600010079,1.0,1,3,1,11.0,0.0,0.0,0.0,1957.0,A01,1.0,7,0,0.0,0.0,3.0,1.0,7,31,1545,1,1,1,1,7,3,7,2,2
22457,201600010080,0.0,3,3,1,0.0,4.0,3.0,1.0,2008.0,A01,2.0,7,0,0.0,1.0,2.0,1.0,9,9,1745,2,2,1,7,6,3,7,2,2
22458,201600010080,1.0,1,1,1,13.0,0.0,0.0,0.0,1985.0,A01,2.0,7,0,0.0,1.0,2.0,1.0,9,9,1745,2,2,1,7,6,3,7,2,2
22459,201600010081,1.0,1,3,1,21.0,0.0,0.0,0.0,1985.0,A01,0.0,33,0,0.0,0.0,8.0,17.0,9,26,1745,1,1,1,1,3,3,7,1,2
22460,201600010081,1.0,1,1,2,11.0,0.0,0.0,0.0,1928.0,B02,0.0,7,0,0.0,0.0,8.0,15.0,9,26,1745,1,1,1,1,3,3,33,2,1
22461,201600010082,1.0,1,1,2,11.0,0.0,0.0,0.0,1979.0,C03,1.0,7,0,0.0,2.0,3.0,23.0,10,11,745,2,2,3,1,5,1,33,2,1
22462,201600010082,1.0,1,1,1,11.0,0.0,0.0,0.0,1980.0,A01,1.0,7,0,0.0,2.0,3.0,15.0,10,11,745,2,2,3,1,5,1,33,2,1
22463,201600010082,1.0,1,3,1,21.0,0.0,0.0,0.0,1976.0,B02,2.0,33,0,0.0,2.0,1.0,1.0,10,11,745,2,2,3,1,5,1,7,1,2
22464,201600010083,1.0,1,4,1,11.0,0.0,0.0,0.0,1988.0,C03,1.0,7,0,0.0,2.0,1.0,1.0,11,26,445,3,1,1,5,5,0,10,2,2
22465,201600010083,1.0,1,4,1,11.0,0.0,0.0,0.0,1972.0,B02,2.0,10,0,0.0,2.0,3.0,1.0,11,26,445,3,1,1,5,5,0,7,2,2
22466,201600010083,1.0,1,2,1,11.0,0.0,0.0,0.0,1935.0,A01,1.0,7,0,0.0,2.0,3.0,13.0,11,26,445,3,1,1,5,5,0,10,2,2
22467,201600010084,1.0,1,1,1,11.0,0.0,0.0,0.0,1967.0,A01,0.0,7,0,0.0,1.0,4.0,20.0,2,17,1715,1,2,7,1,6,3,7,2,2
22468,201600010084,0.0,3,3,2,0.0,2.0,2.0,1.0,1926.0,A01,0.0,7,0,0.0,1.0,4.0,20.0,2,17,1715,1,2,7,1,6,3,7,2,2
22469,201600010085,1.0,1,2,1,21.0,0.0,0.0,0.0,1948.0,A01,2.0,33,0,14.0,2.0,1.0,17.0,6,8,1135,1,2,3,1,3,1,10,1,2
22470,201600010085,1.0,1,1,1,11.0,0.0,0.0,0.0,1981.0,B02,2.0,10,0,0.0,2.0,8.0,15.0,6,8,1135,1,2,3,1,3,1,33,2,1
22471,201600010086,1.0,1,3,1,11.0,0.0,0.0,0.0,1998.0,A01,0.0,10,0,0.0,0.0,1.0,1.0,7,8,1445,1,1,1,1,7,3,10,2,2
22472,201600010086,2.0,2,2,1,11.0,0.0,0.0,0.0,1998.0,A01,0.0,10,0,0.0,0.0,1.0,1.0,7,8,1445,1,1,1,1,7,3,10,2,2
22473,201600010087,2.0,2,4,1,11.0,0.0,0.0,0.0,1956.0,A01,0.0,7,0,8.0,0.0,2.0,21.0,9,18,1645,1,2,1,1,6,3,7,2,2
22474,201600010087,1.0,1,1,1,11.0,0.0,0.0,0.0,1947.0,A01,0.0,7,0,8.0,0.0,2.0,21.0,9,18,1645,1,2,1,1,6,3,7,2,2
22475,201600010087,4.0,2,1,1,11.0,0.0,0.0,0.0,1953.0,A01,0.0,7,0,8.0,0.0,2.0,21.0,9,18,1645,1,2,1,1,6,3,7,2,2
22476,201600010088,2.0,2,2,1,12.0,0.0,0.0,0.0,1993.0,A01,2.0,7,0,2.0,0.0,7.0,1.0,10,1,515,3,1,1,2,6,0,7,2,2
22477,201600010088,1.0,1,3,1,12.0,0.0,0.0,0.0,1990.0,A01,2.0,7,0,2.0,0.0,7.0,1.0,10,1,515,3,1,1,2,6,0,7,2,2
22478,201600010089,1.0,1,4,2,11.0,0.0,0.0,0.0,1994.0,B02,0.0,7,0,0.0,2.0,3.0,15.0,9,30,1215,1,1,4,1,3,2,7,2,2
22479,201600010089,2.0,2,1,2,11.0,0.0,0.0,0.0,1990.0,B02,0.0,7,0,0.0,2.0,3.0,15.0,9,30,1215,1,1,4,1,3,2,7,2,2
22480,201600010089,3.0,2,4,1,11.0,0.0,0.0,0.0,1969.0,B02,0.0,7,0,0.0,2.0,3.0,15.0,9,30,1215,1,1,4,1,3,2,7,2,2
22481,201600010089,1.0,1,3,2,11.0,0.0,0.0,0.0,1977.0,A01,0.0,7,0,0.0,2.0,1.0,1.0,9,30,1215,1,1,4,1,3,2,7,2,2
22482,201600010090,1.0,1,4,1,21.0,0.0,0.0,0.0,1968.0,A01,0.0,30,0,0.0,6.0,8.0,21.0,10,25,1915,2,1,1,1,7,4,30,1,1
22483,201600010091,1.0,1,3,1,21.0,0.0,0.0,0.0,1994.0,A01,1.0,33,0,0.0,6.0,1.0,1.0,11,11,2315,3,1,1,1,6,5,33,1,1
22484,201600010092,1.0,1,3,1,13.0,0.0,0.0,0.0,1996.0,A01,0.0,7,0,6.0,0.0,1.0,19.0,12,18,545,5,2,1,5,6,0,7,2,2
22485,201600010093,1.0,1,1,1,11.0,0.0,0.0,0.0,1961.0,B02,2.0,14,0,0.0,2.0,3.0,1.0,1,6,815,1,2,1,1,1,1,7,3,2
22486,201600010093,1.0,1,3,2,13.0,0.0,0.0,0.0,1986.0,A01,1.0,7,0,0.0,2.0,1.0,21.0,1,6,815,1,2,1,1,1,1,14,2,3
22487,201600010094,1.0,1,3,1,22.0,0.0,0.0,0.0,1996.0,A01,0.0,2,0,6.0,0.0,1.0,21.0,2,8,1345,1,1,1,2,7,2,2,1,1
22488,201600010094,2.0,2,4,1,21.0,0.0,0.0,0.0,2000.0,A01,0.0,2,0,6.0,0.0,1.0,21.0,2,8,1345,1,1,1,2,7,2,2,1,1
22489,201600010095,1.0,1,1,1,11.0,0.0,0.0,0.0,1972.0,A01,2.0,7,0,0.0,1.0,3.0,1.0,7,13,2345,3,1,1,1,1,5,7,2,2
22490,201600010095,0.0,3,2,1,0.0,1.0,3.0,1.0,1979.0,A01,2.0,7,0,0.0,1.0,3.0,1.0,7,13,2345,3,1,1,1,1,5,7,2,2
22491,201600010095,1.0,1,1,1,11.0,0.0,0.0,0.0,1997.0,B02,1.0,7,0,0.0,1.0,2.0,1.0,7,13,2345,3,1,1,1,1,5,7,2,2
22492,201600010096,1.0,1,3,2,11.0,0.0,0.0,0.0,1995.0,A01,1.0,7,0,2.0,0.0,9.0,1.0,8,10,745,1,1,1,1,6,1,7,2,2
22493,201600010097,1.0,1,3,1,21.0,0.0,0.0,0.0,1995.0,A01,1.0,33,0,13.0,0.0,7.0,1.0,9,3,1845,1,1,1,1,7,4,33,1,1
22494,201600010098,1.0,1,1,2,11.0,0.0,0.0,0.0,1954.0,B02,0.0,7,0,0.0,0.0,3.0,1.0,9,18,1615,1,2,9,1,1,3,1,2,1
22495,201600010098,1.0,1,3,2,1.0,0.0,0.0,0.0,2001.0,A01,0.0,1,0,0.0,0.0,8.0,19.0,9,18,1615,1,2,9,1,1,3,7,1,2
22496,201600010099,1.0,1,3,1,13.0,0.0,0.0,0.0,1981.0,A01,1.0,10,0,13.0,0.0,1.0,1.0,10,22,1945,3,1,1,1,6,4,10,2,2
22497,201600010100,1.0,1,3,1,11.0,0.0,0.0,0.0,1938.0,A01,2.0,7,0,0.0,2.0,2.0,1.0,10,26,1415,1,1,1,1,2,3,21,2,0
22498,201600010100,1.0,1,1,1,1.0,0.0,0.0,0.0,1970.0,B02,2.0,21,0,0.0,2.0,6.0,1.0,10,26,1415,1,1,1,1,2,3,7,0,2
22499,201600010101,1.0,1,3,1,11.0,0.0,0.0,0.0,1947.0,A01,0.0,7,0,13.0,0.0,9.0,1.0,11,16,1845,3,1,1,1,7,4,7,2,2
22500,201600010102,1.0,1,3,1,11.0,0.0,0.0,0.0,1995.0,A01,0.0,7,0,0.0,2.0,3.0,1.0,12,11,1830,3,1,2,5,3,4,7,2,2
22501,201600010102,1.0,1,4,2,11.0,0.0,0.0,0.0,1967.0,B02,0.0,7,0,0.0,2.0,2.0,1.0,12,11,1830,3,1,2,5,3,4,7,2,2
22502,201600010103,1.0,1,2,1,11.0,0.0,0.0,0.0,1969.0,A01,2.0,7,0,0.0,2.0,3.0,1.0,3,14,1745,1,1,1,1,1,3,7,2,2
22503,201600010103,1.0,1,3,1,11.0,0.0,0.0,0.0,1985.0,B02,1.0,7,0,0.0,2.0,3.0,1.0,3,14,1745,1,1,1,1,1,3,7,2,2
22504,201600010104,1.0,1,3,1,11.0,0.0,0.0,0.0,1988.0,A01,2.0,7,0,13.0,0.0,2.0,1.0,4,23,1000,1,1,1,2,7,1,7,2,2
22505,201600010105,1.0,1,1,2,11.0,0.0,0.0,0.0,1963.0,A01,1.0,7,0,0.0,2.0,1.0,1.0,5,28,1545,1,1,3,1,3,3,7,2,2
22506,201600010105,1.0,1,3,2,11.0,0.0,0.0,0.0,1997.0,B02,0.0,7,0,0.0,2.0,8.0,15.0,5,28,1545,1,1,3,1,3,3,7,2,2
22507,201600010105,2.0,2,1,1,11.0,0.0,0.0,0.0,1994.0,B02,0.0,7,0,0.0,2.0,8.0,15.0,5,28,1545,1,1,3,1,3,3,7,2,2
22508,201600010106,1.0,1,2,1,11.0,0.0,0.0,0.0,1993.0,A01,2.0,7,0,0.0,2.0,1.0,13.0,7,9,2245,4,2,1,1,5,5,7,2,2
22509,201600010106,1.0,1,1,1,11.0,0.0,0.0,0.0,1987.0,C03,2.0,7,0,0.0,2.0,4.0,1.0,7,9,2245,4,2,1,1,5,5,7,2,2
22510,201600010106,1.0,1,3,2,11.0,0.0,0.0,0.0,1951.0,B02,1.0,7,0,0.0,2.0,1.0,1.0,7,9,2245,4,2,1,1,5,5,7,2,2
22511,201600010107,1.0,1,3,2,21.0,0.0,0.0,0.0,1964.0,A01,2.0,30,0,0.0,0.0,7.0,1.0,7,31,1500,1,1,1,1,7,3,30,1,1
22512,201600010108,1.0,1,3,1,21.0,0.0,0.0,0.0,1941.0,A01,1.0,33,0,1.0,0.0,1.0,1.0,8,14,1100,1,1,1,1,6,1,33,1,1
22513,201600010109,1.0,1,4,2,11.0,0.0,0.0,0.0,1950.0,A01,1.0,7,0,0.0,2.0,3.0,13.0,9,23,1530,1,1,1,1,1,3,7,2,2
22514,201600010109,1.0,1,4,2,11.0,0.0,0.0,0.0,1939.0,B02,2.0,7,0,0.0,2.0,3.0,1.0,9,23,1530,1,1,1,1,1,3,7,2,2
22515,201600010110,1.0,1,4,1,11.0,0.0,0.0,0.0,1997.0,A01,1.0,7,0,0.0,2.0,2.0,1.0,10,4,1115,1,1,1,1,1,1,10,2,2
22516,201600010110,2.0,2,2,1,13.0,0.0,0.0,0.0,1984.0,A01,1.0,7,0,0.0,2.0,2.0,1.0,10,4,1115,1,1,1,1,1,1,10,2,2
22517,201600010110,1.0,1,1,1,11.0,0.0,0.0,0.0,1982.0,B02,2.0,10,0,0.0,2.0,1.0,1.0,10,4,1115,1,1,1,1,1,1,7,2,2
22518,201600010110,2.0,2,4,1,11.0,0.0,0.0,0.0,1948.0,B02,2.0,10,0,0.0,2.0,1.0,1.0,10,4,1115,1,1,1,1,1,1,7,2,2
22519,201600010111,1.0,1,1,2,11.0,0.0,0.0,0.0,1984.0,B02,0.0,7,0,0.0,0.0,7.0,1.0,10,19,1400,1,2,1,1,3,3,1,2,1
22520,201600010111,1.0,1,3,1,22.0,0.0,0.0,0.0,2003.0,A01,0.0,1,0,0.0,2.0,1.0,9.0,10,19,1400,1,2,1,1,3,3,7,1,2
22521,201600010112,1.0,1,4,1,11.0,0.0,0.0,0.0,1991.0,C03,1.0,7,0,0.0,0.0,3.0,1.0,11,18,1800,5,2,1,2,5,4,7,2,2
22522,201600010112,4.0,2,4,2,11.0,0.0,0.0,0.0,2009.0,B02,2.0,7,0,0.0,2.0,3.0,1.0,11,18,1800,5,2,1,2,5,4,7,2,2
22523,201600010112,5.0,2,4,2,11.0,0.0,0.0,0.0,2008.0,B02,2.0,7,0,0.0,2.0,3.0,1.0,11,18,1800,5,2,1,2,5,4,7,2,2
22524,201600010112,1.0,1,4,2,11.0,0.0,0.0,0.0,1986.0,B02,2.0,7,0,0.0,2.0,3.0,1.0,11,18,1800,5,2,1,2,5,4,7,2,2
22525,201600010112,3.0,2,4,1,31.0,0.0,0.0,0.0,2015.0,B02,2.0,7,0,0.0,2.0,3.0,1.0,11,18,1800,5,2,1,2,5,4,7,2,2
22526,201600010112,1.0,1,4,1,13.0,0.0,0.0,0.0,1975.0,A01,1.0,7,0,0.0,2.0,3.0,17.0,11,18,1800,5,2,1,2,5,4,7,2,2
22527,201600010113,1.0,1,3,1,13.0,0.0,0.0,0.0,1977.0,A01,0.0,7,0,2.0,0.0,1.0,13.0,12,11,500,3,1,1,1,7,0,7,2,2
22528,201600010114,1.0,1,3,2,11.0,0.0,0.0,0.0,1938.0,A01,2.0,7,0,0.0,2.0,1.0,15.0,2,22,1845,3,1,1,2,1,4,10,2,2
22529,201600010114,1.0,1,4,1,11.0,0.0,0.0,0.0,1993.0,B02,1.0,10,0,0.0,2.0,1.0,1.0,2,22,1845,3,1,1,2,1,4,7,2,2
22530,201600010114,2.0,2,4,2,11.0,0.0,0.0,0.0,1998.0,B02,1.0,10,0,0.0,2.0,1.0,1.0,2,22,1845,3,1,1,2,1,4,7,2,2
22531,201600010115,0.0,3,3,1,0.0,1.0,1.0,1.0,1964.0,A01,2.0,7,0,0.0,1.0,3.0,2.0,3,13,2100,3,1,1,1,6,4,7,2,2
22532,201600010115,1.0,1,1,1,13.0,0.0,0.0,0.0,1983.0,A01,2.0,7,0,0.0,1.0,3.0,2.0,3,13,2100,3,1,1,1,6,4,7,2,2
22533,201600010116,1.0,1,1,2,11.0,0.0,0.0,0.0,1996.0,B02,0.0,7,0,0.0,2.0,6.0,15.0,9,11,1645,1,2,1,1,3,3,33,2,1
22534,201600010116,1.0,1,3,1,21.0,0.0,0.0,0.0,1991.0,A01,0.0,33,0,0.0,2.0,1.0,1.0,9,11,1645,1,2,1,1,3,3,7,1,2
22538,201600010118,1.0,1,3,1,11.0,0.0,0.0,0.0,1995.0,A01,0.0,7,0,2.0,0.0,2.0,1.0,3,6,800,1,1,1,1,6,1,7,2,2
22539,201600010119,1.0,1,3,1,21.0,0.0,0.0,0.0,1974.0,A01,0.0,31,0,0.0,2.0,1.0,13.0,3,12,1415,1,2,1,1,1,3,10,1,2
22540,201600010119,1.0,1,1,1,11.0,0.0,0.0,0.0,1971.0,B02,0.0,10,0,0.0,2.0,3.0,1.0,3,12,1415,1,2,1,1,1,3,31,2,1
22541,201600010120,1.0,1,3,2,11.0,0.0,0.0,0.0,1940.0,A01,2.0,7,0,0.0,0.0,9.0,13.0,3,28,1630,1,1,1,6,7,3,7,2,2
22542,201600010121,0.0,3,4,2,0.0,2.0,3.0,1.0,2000.0,A01,0.0,7,0,0.0,1.0,1.0,1.0,4,27,730,1,2,1,1,6,1,7,2,2
22543,201600010121,1.0,1,1,1,11.0,0.0,0.0,0.0,1983.0,A01,0.0,7,0,0.0,1.0,1.0,1.0,4,27,730,1,2,1,1,6,1,7,2,2
22544,201600010122,1.0,1,3,1,21.0,0.0,0.0,0.0,1993.0,A01,0.0,33,0,0.0,6.0,1.0,1.0,8,15,2245,3,1,1,1,6,5,33,1,1
22545,201600010123,1.0,1,1,1,13.0,0.0,0.0,0.0,1963.0,A01,0.0,7,0,0.0,1.0,0.0,1.0,1,11,745,5,2,1,3,7,1,7,2,2
22546,201600010123,0.0,3,3,1,0.0,4.0,3.0,1.0,1999.0,A01,0.0,7,0,0.0,1.0,0.0,1.0,1,11,745,5,2,1,3,7,1,7,2,2
22547,201600010124,1.0,1,4,1,23.0,0.0,0.0,0.0,2000.0,B02,0.0,2,0,0.0,2.0,1.0,17.0,1,14,1230,1,2,1,1,3,2,7,1,2
22548,201600010124,1.0,1,1,1,13.0,0.0,0.0,0.0,1974.0,A01,0.0,7,0,0.0,2.0,3.0,15.0,1,14,1230,1,2,1,1,3,2,2,2,1
22549,201600010125,1.0,1,1,1,13.0,0.0,0.0,0.0,1934.0,A01,0.0,14,0,8.0,1.0,2.0,20.0,2,16,1630,1,2,1,1,6,3,14,3,3
22550,201600010125,0.0,3,3,2,0.0,5.0,9.0,1.0,1936.0,A01,0.0,14,0,8.0,1.0,2.0,20.0,2,16,1630,1,2,1,1,6,3,14,3,3
22551,201600010126,1.0,1,1,2,11.0,0.0,0.0,0.0,1944.0,A01,1.0,14,0,0.0,1.0,2.0,20.0,2,22,1745,1,2,1,1,6,3,14,3,3
22552,201600010126,0.0,3,3,1,0.0,5.0,9.0,1.0,1937.0,A01,1.0,14,0,0.0,1.0,2.0,20.0,2,22,1745,1,2,1,1,6,3,14,3,3
22553,201600010127,1.0,1,3,1,22.0,0.0,0.0,0.0,1995.0,A01,2.0,30,0,0.0,2.0,1.0,1.0,4,1,1645,1,1,1,1,2,3,7,1,2
22554,201600010127,2.0,2,4,2,21.0,0.0,0.0,0.0,2000.0,A01,2.0,30,0,0.0,2.0,1.0,1.0,4,1,1645,1,1,1,1,2,3,7,1,2
22555,201600010127,1.0,1,1,1,11.0,0.0,0.0,0.0,1950.0,B02,2.0,7,0,0.0,0.0,5.0,15.0,4,1,1645,1,1,1,1,2,3,30,2,1
22556,201600010127,2.0,2,1,2,11.0,0.0,0.0,0.0,1954.0,B02,2.0,7,0,0.0,0.0,5.0,15.0,4,1,1645,1,1,1,1,2,3,30,2,1
22557,201600010128,2.0,2,1,2,11.0,0.0,0.0,0.0,1987.0,B02,1.0,7,0,0.0,2.0,4.0,1.0,4,19,1545,1,2,1,1,2,3,1,2,1
22558,201600010128,1.0,1,1,1,11.0,0.0,0.0,0.0,1965.0,B02,1.0,7,0,0.0,2.0,4.0,1.0,4,19,1545,1,2,1,1,2,3,1,2,1
22559,201600010128,1.0,1,3,1,21.0,0.0,0.0,0.0,1968.0,A01,1.0,1,0,0.0,2.0,1.0,1.0,4,19,1545,1,2,1,1,2,3,7,1,2
22560,201600010129,1.0,1,1,1,11.0,0.0,0.0,0.0,1945.0,B02,1.0,14,0,0.0,2.0,2.0,15.0,6,8,1500,1,1,1,1,3,3,14,3,3
22561,201600010129,2.0,2,1,2,11.0,0.0,0.0,0.0,1947.0,B02,1.0,14,0,0.0,2.0,2.0,15.0,6,8,1500,1,1,1,1,3,3,14,3,3
22562,201600010129,1.0,1,1,1,11.0,0.0,0.0,0.0,1950.0,A01,1.0,14,0,0.0,2.0,1.0,1.0,6,8,1500,1,1,1,1,3,3,14,3,3
22563,201600010129,2.0,2,4,2,11.0,0.0,0.0,0.0,1957.0,A01,1.0,14,0,0.0,2.0,1.0,1.0,6,8,1500,1,1,1,1,3,3,14,3,3
22564,201600010130,1.0,1,1,1,11.0,0.0,0.0,0.0,1988.0,B02,1.0,10,0,0.0,2.0,1.0,1.0,6,20,1515,1,2,1,1,3,3,7,2,2
22565,201600010130,2.0,2,1,1,11.0,0.0,0.0,0.0,1993.0,B02,1.0,10,0,0.0,2.0,1.0,1.0,6,20,1515,1,2,1,1,3,3,7,2,2
22566,201600010130,1.0,1,3,1,13.0,0.0,0.0,0.0,1997.0,A01,2.0,7,0,0.0,2.0,3.0,19.0,6,20,1515,1,2,1,1,3,3,10,2,2
22567,201600010130,2.0,2,4,2,13.0,0.0,0.0,0.0,1999.0,A01,2.0,7,0,0.0,2.0,3.0,19.0,6,20,1515,1,2,1,1,3,3,10,2,2
22568,201600010130,3.0,2,4,1,13.0,0.0,0.0,0.0,1998.0,A01,2.0,7,0,0.0,2.0,3.0,19.0,6,20,1515,1,2,1,1,3,3,10,2,2
22569,201600010130,4.0,2,4,1,13.0,0.0,0.0,0.0,1999.0,A01,2.0,7,0,0.0,2.0,3.0,19.0,6,20,1515,1,2,1,1,3,3,10,2,2
22570,201600010130,8.0,2,3,2,12.0,0.0,0.0,0.0,1999.0,A01,2.0,7,0,0.0,2.0,3.0,19.0,6,20,1515,1,2,1,1,3,3,10,2,2
22572,201600010132,1.0,1,3,1,21.0,0.0,0.0,0.0,1969.0,A01,1.0,33,0,0.0,0.0,0.0,15.0,6,27,1900,1,1,6,1,6,4,33,1,1
22575,201600010134,1.0,1,4,1,11.0,0.0,0.0,0.0,1937.0,B02,1.0,7,0,0.0,2.0,1.0,1.0,8,4,1515,1,1,1,1,3,3,17,2,3
22576,201600010134,1.0,1,1,1,11.0,0.0,0.0,0.0,1970.0,A01,2.0,17,0,0.0,2.0,2.0,15.0,8,4,1515,1,1,1,1,3,3,7,3,2
22577,201600010135,1.0,1,1,1,11.0,0.0,0.0,0.0,1931.0,A01,1.0,7,0,0.0,1.0,1.0,1.0,9,9,1715,1,2,1,1,6,3,7,2,2
22578,201600010135,0.0,3,3,2,0.0,3.0,3.0,1.0,1946.0,A01,1.0,7,0,0.0,1.0,1.0,1.0,9,9,1715,1,2,1,1,6,3,7,2,2
22579,201600010136,1.0,1,4,2,11.0,0.0,0.0,0.0,1983.0,A01,2.0,7,0,0.0,2.0,2.0,19.0,9,22,600,5,1,1,1,3,1,33,2,1
22580,201600010136,1.0,1,3,1,21.0,0.0,0.0,0.0,1970.0,B02,1.0,33,0,0.0,2.0,1.0,1.0,9,22,600,5,1,1,1,3,1,7,1,2
22581,201600010137,1.0,1,1,1,11.0,0.0,0.0,0.0,1998.0,B02,1.0,7,0,0.0,2.0,1.0,13.0,9,8,1730,1,2,1,1,6,3,7,2,2
22582,201600010137,1.0,1,3,2,11.0,0.0,0.0,0.0,1963.0,A01,2.0,7,0,0.0,2.0,1.0,1.0,9,8,1730,1,2,1,1,6,3,7,2,2
22583,201600010138,1.0,1,4,1,11.0,0.0,0.0,0.0,1934.0,A01,2.0,7,0,13.0,0.0,1.0,17.0,10,4,1655,1,1,1,1,6,3,7,2,2
22584,201600010139,1.0,1,4,2,11.0,0.0,0.0,0.0,1969.0,A01,2.0,7,0,0.0,2.0,3.0,1.0,10,20,1300,1,1,2,8,3,2,7,2,2
22585,201600010139,1.0,1,1,1,11.0,0.0,0.0,0.0,1947.0,B02,0.0,7,0,0.0,2.0,6.0,19.0,10,20,1300,1,1,2,8,3,2,7,2,2
22586,201600010140,1.0,1,1,1,11.0,0.0,0.0,0.0,1959.0,A01,0.0,7,0,0.0,1.0,4.0,4.0,10,22,1610,1,2,1,1,6,3,7,2,2
22587,201600010140,0.0,3,4,2,91.0,5.0,4.0,1.0,1970.0,A01,0.0,7,0,0.0,1.0,4.0,4.0,10,22,1610,1,2,1,1,6,3,7,2,2
22588,201600010141,2.0,2,4,2,21.0,0.0,0.0,0.0,1961.0,A01,2.0,33,0,0.0,2.0,1.0,1.0,10,28,1000,1,1,1,5,3,1,7,1,2
22589,201600010141,1.0,1,4,1,21.0,0.0,0.0,0.0,1961.0,A01,2.0,33,0,0.0,2.0,1.0,1.0,10,28,1000,1,1,1,5,3,1,7,1,2
22590,201600010141,1.0,1,1,1,11.0,0.0,0.0,0.0,1969.0,B02,2.0,7,0,0.0,0.0,3.0,9.0,10,28,1000,1,1,1,5,3,1,33,2,1
22591,201600010142,1.0,1,3,1,21.0,0.0,0.0,0.0,2001.0,A01,0.0,31,0,0.0,0.0,0.0,23.0,11,5,1815,5,2,3,2,7,4,31,1,1
22592,201600010143,1.0,1,1,1,11.0,0.0,0.0,0.0,1963.0,B02,1.0,10,0,14.0,0.0,1.0,21.0,11,14,1650,1,1,1,1,3,3,10,2,2
22593,201600010143,1.0,1,4,2,11.0,0.0,0.0,0.0,1959.0,A01,2.0,10,0,0.0,0.0,8.0,23.0,11,14,1650,1,1,1,1,3,3,10,2,2
22594,201600010144,1.0,1,4,2,11.0,0.0,0.0,0.0,1989.0,A01,2.0,7,0,0.0,2.0,1.0,1.0,11,14,1755,2,1,2,1,3,3,7,2,2
22595,201600010144,1.0,1,3,2,11.0,0.0,0.0,0.0,1968.0,B02,0.0,7,0,0.0,2.0,3.0,19.0,11,14,1755,2,1,2,1,3,3,7,2,2
22596,201600010145,1.0,1,1,1,11.0,0.0,0.0,0.0,1973.0,B01,0.0,7,0,0.0,2.0,2.0,1.0,12,1,1645,1,2,1,1,1,3,2,2,1
22597,201600010145,1.0,1,3,1,21.0,0.0,0.0,0.0,1993.0,A01,0.0,2,0,0.0,2.0,1.0,19.0,12,1,1645,1,2,1,1,1,3,7,1,2