,Num_Acc,place,catu,grav,sexe,secu,locp,actp,etatp,an_nais,num_veh,senc,catv,occutc,obs,obsm,choc,manv,mois,jour,hrmn,lum,agg,int,atm,col,mom,catvopp,catv_gen,catvopp_gen
22751,201600010219,1.0,1,2,1,11.0,0.0,0.0,0.0,1998.0,A01,2.0,21,0,10.0,0.0,1.0,1.0,8,1,945,1,1,1,1,7,1,21,0,0
22752,201600010220,1.0,1,3,1,11.0,0.0,0.0,0.0,1946.0,A01,0.0,7,0,0.0,2.0,3.0,19.0,8,6,1300,1,2,2,1,3,2,7,2,2
22753,201600010220,1.0,1,4,1,11.0,0.0,0.0,0.0,1980.0,B02,2.0,7,0,0.0,2.0,1.0,1.0,8,6,1300,1,2,2,1,3,2,7,2,2
22754,201600010220,2.0,2,4,1,11.0,0.0,0.0,0.0,1987.0,B02,2.0,7,0,0.0,2.0,1.0,1.0,8,6,1300,1,2,2,1,3,2,7,2,2
22755,201600010221,1.0,1,3,1,12.0,0.0,0.0,0.0,1996.0,A01,0.0,7,0,6.0,0.0,3.0,13.0,11,4,2230,5,2,1,2,6,5,7,2,2
22756,201600010222,1.0,1,3,1,21.0,0.0,0.0,0.0,2000.0,A01,2.0,30,0,0.0,2.0,1.0,1.0,12,12,745,5,2,2,2,6,1,30,1,1
22757,201600010223,1.0,1,3,2,11.0,0.0,0.0,0.0,1998.0,A01,2.0,7,0,9.0,0.0,1.0,1.0,12,18,545,5,2,1,5,6,0,7,2,2
22758,201600010224,1.0,1,2,1,11.0,0.0,0.0,0.0,1950.0,A01,1.0,7,0,0.0,2.0,1.0,1.0,4,16,1500,1,1,1,2,1,3,7,2,2
22759,201600010224,1.0,1,3,2,11.0,0.0,0.0,0.0,1971.0,B02,2.0,7,0,0.0,2.0,1.0,1.0,4,16,1500,1,1,1,2,1,3,7,2,2
22760,201600010224,2.0,2,3,1,11.0,0.0,0.0,0.0,1969.0,B02,2.0,7,0,0.0,2.0,1.0,1.0,4,16,1500,1,1,1,2,1,3,7,2,2
22761,201600010225,1.0,1,1,1,11.0,0.0,0.0,0.0,1970.0,A01,1.0,7,0,0.0,1.0,3.0,1.0,8,6,1945,1,2,2,1,6,4,7,2,2
22762,201600010225,0.0,3,3,1,0.0,1.0,4.0,2.0,2011.0,A01,1.0,7,0,0.0,1.0,3.0,1.0,8,6,1945,1,2,2,1,6,4,7,2,2
22763,201600010226,1.0,1,4,1,21.0,0.0,0.0,0.0,1978.0,B02,2.0,33,0,0.0,2.0,1.0,1.0,10,9,1700,1,1,1,1,2,3,7,1,2
22764,201600010226,1.0,1,4,1,11.0,0.0,0.0,0.0,1942.0,A01,2.0,7,0,0.0,2.0,6.0,15.0,10,9,1700,1,1,1,1,2,3,33,2,1
22765,201600010227,1.0,1,3,1,21.0,0.0,0.0,0.0,1994.0,B02,1.0,33,0,0.0,2.0,1.0,1.0,10,18,1745,1,1,1,1,1,3,7,1,2
22766,201600010227,1.0,1,1,2,11.0,0.0,0.0,0.0,1972.0,A01,2.0,7,0,0.0,2.0,3.0,15.0,10,18,1745,1,1,1,1,1,3,33,2,1
22767,201600010228,1.0,1,4,2,12.0,0.0,0.0,0.0,1962.0,A01,2.0,7,0,0.0,0.0,3.0,1.0,1,4,1915,3,1,1,3,6,4,7,2,2
22768,201600010229,1.0,1,3,1,11.0,0.0,0.0,0.0,1960.0,B02,1.0,7,0,0.0,2.0,1.0,1.0,1,15,845,2,1,1,4,1,1,7,2,2
22769,201600010229,1.0,1,3,2,11.0,0.0,0.0,0.0,1986.0,A01,2.0,7,0,0.0,2.0,1.0,1.0,1,15,845,2,1,1,4,1,1,7,2,2
22770,201600010230,1.0,1,2,2,11.0,0.0,0.0,0.0,1996.0,A01,2.0,7,0,2.0,0.0,0.0,13.0,2,17,130,3,1,1,1,6,0,7,2,2
22771,201600010231,1.0,1,3,1,11.0,0.0,0.0,0.0,1958.0,A01,2.0,7,0,3.0,0.0,8.0,14.0,2,27,145,3,1,1,2,1,0,7,2,2
22772,201600010231,1.0,1,1,2,11.0,0.0,0.0,0.0,1996.0,B02,2.0,7,0,14.0,0.0,2.0,21.0,2,27,145,3,1,1,2,1,0,7,2,2
22773,201600010232,1.0,1,3,1,21.0,0.0,0.0,0.0,1963.0,A01,2.0,33,0,13.0,0.0,1.0,1.0,3,30,345,3,1,1,1,7,0,33,1,1
22774,201600010233,1.0,1,4,1,21.0,0.0,0.0,0.0,2001.0,A01,0.0,2,0,14.0,0.0,0.0,13.0,3,29,1615,1,2,1,1,1,3,7,1,2
22775,201600010233,1.0,1,1,1,11.0,0.0,0.0,0.0,1966.0,B02,0.0,7,0,0.0,2.0,1.0,23.0,3,29,1615,1,2,1,1,1,3,2,2,1
22776,201600010234,1.0,1,2,1,11.0,0.0,0.0,0.0,1973.0,A01,1.0,7,0,0.0,0.0,1.0,1.0,7,17,100,3,1,1,1,6,0,7,2,2
22777,201600010235,1.0,1,2,1,21.0,0.0,0.0,0.0,1968.0,A01,1.0,33,0,0.0,2.0,9.0,2.0,8,25,1815,1,1,1,1,5,4,10,1,2
22778,201600010235,1.0,1,1,1,11.0,0.0,0.0,0.0,1971.0,B02,1.0,7,0,0.0,2.0,6.0,15.0,8,25,1815,1,1,1,1,5,4,33,2,1
22779,201600010235,1.0,1,1,1,11.0,0.0,0.0,0.0,1962.0,C03,2.0,10,0,0.0,2.0,8.0,0.0,8,25,1815,1,1,1,1,5,4,33,2,1
22780,201600010236,1.0,1,3,1,21.0,0.0,0.0,0.0,1984.0,A01,1.0,33,0,4.0,0.0,1.0,1.0,9,11,945,1,1,1,1,7,1,33,1,1
22781,201600010237,1.0,1,2,1,21.0,0.0,0.0,0.0,1979.0,B02,1.0,33,0,0.0,2.0,3.0,1.0,9,20,1745,1,1,9,1,3,3,7,1,2
22782,201600010237,1.0,1,4,2,11.0,0.0,0.0,0.0,1980.0,A01,2.0,7,0,0.0,0.0,7.0,15.0,9,20,1745,1,1,9,1,3,3,33,2,1
22783,201600010238,1.0,1,3,2,11.0,0.0,0.0,0.0,1970.0,C03,2.0,7,0,0.0,2.0,2.0,1.0,10,5,815,2,1,1,8,5,1,7,2,2
22784,201600010238,1.0,1,3,1,13.0,0.0,0.0,0.0,1978.0,A01,1.0,7,0,0.0,2.0,1.0,13.0,10,5,815,2,1,1,8,5,1,7,2,2
22785,201600010238,1.0,1,3,1,11.0,0.0,0.0,0.0,1965.0,B02,2.0,7,0,0.0,2.0,1.0,1.0,10,5,815,2,1,1,8,5,1,7,2,2
22786,201600010239,1.0,1,4,2,13.0,0.0,0.0,0.0,1991.0,A01,1.0,7,0,8.0,0.0,2.0,1.0,11,6,245,3,1,1,1,6,0,7,2,2
22787,201600010240,1.0,1,3,1,13.0,0.0,0.0,0.0,1988.0,A01,1.0,17,0,13.0,0.0,1.0,1.0,12,15,900,1,1,1,8,6,1,17,3,3
22788,201600010241,1.0,1,1,1,11.0,0.0,0.0,0.0,1976.0,A01,0.0,7,0,0.0,1.0,3.0,4.0,12,26,1700,2,2,7,1,6,3,7,2,2
22789,201600010241,0.0,3,3,1,0.0,0.0,1.0,1.0,1962.0,A01,0.0,7,0,0.0,1.0,3.0,4.0,12,26,1700,2,2,7,1,6,3,7,2,2
22790,201600010242,1.0,1,3,1,21.0,0.0,0.0,0.0,1997.0,A01,1.0,31,0,0.0,0.0,0.0,1.0,3,15,1900,1,1,1,1,7,4,31,1,1
22791,201600010243,1.0,1,2,1,21.0,0.0,0.0,0.0,1989.0,A01,0.0,33,0,8.0,0.0,1.0,1.0,4,9,1415,1,1,1,1,6,3,33,1,1
22792,201600010244,1.0,1,1,1,11.0,0.0,0.0,0.0,1944.0,A01,1.0,7,0,0.0,2.0,1.0,5.0,4,28,1000,1,1,6,1,1,1,1,2,1
22793,201600010244,1.0,1,3,2,21.0,0.0,0.0,0.0,1949.0,B02,2.0,1,0,0.0,2.0,1.0,1.0,4,28,1000,1,1,6,1,1,1,7,1,2
22794,201600010245,1.0,1,3,1,21.0,0.0,0.0,0.0,1987.0,A01,1.0,33,0,16.0,0.0,1.0,13.0,5,6,1700,1,1,1,1,7,3,33,1,1
22795,201600010246,1.0,1,3,2,11.0,0.0,0.0,0.0,1984.0,B02,1.0,10,0,0.0,2.0,1.0,1.0,10,17,1745,1,1,1,1,4,3,7,2,2
22796,201600010246,1.0,1,3,1,11.0,0.0,0.0,0.0,1981.0,C03,1.0,7,0,0.0,2.0,1.0,1.0,10,17,1745,1,1,1,1,4,3,10,2,2
22797,201600010246,1.0,1,2,2,11.0,0.0,0.0,0.0,1925.0,A01,2.0,7,0,0.0,2.0,1.0,5.0,10,17,1745,1,1,1,1,4,3,10,2,2
22798,201600010247,1.0,1,3,2,11.0,0.0,0.0,0.0,1973.0,A01,1.0,7,0,0.0,0.0,1.0,1.0,11,18,1215,1,1,1,1,6,2,7,2,2
22799,201600010248,1.0,1,1,1,91.0,0.0,0.0,0.0,1937.0,B02,1.0,20,0,0.0,0.0,2.0,24.0,11,21,1545,1,1,1,7,1,3,7,0,2
22800,201600010248,1.0,1,3,1,11.0,0.0,0.0,0.0,1937.0,A01,1.0,7,0,1.0,0.0,1.0,1.0,11,21,1545,1,1,1,7,1,3,20,2,0
22801,201600010249,1.0,1,3,1,13.0,0.0,0.0,0.0,1995.0,A01,1.0,7,0,13.0,0.0,2.0,1.0,1,4,1330,1,1,1,2,7,2,7,2,2
22802,201600010250,1.0,1,1,1,11.0,0.0,0.0,0.0,1960.0,B02,2.0,7,0,0.0,2.0,1.0,1.0,1,12,1900,3,1,1,8,1,4,7,2,2
22803,201600010250,1.0,1,3,1,11.0,0.0,0.0,0.0,1952.0,A01,1.0,7,0,0.0,2.0,1.0,15.0,1,12,1900,3,1,1,8,1,4,7,2,2
22804,201600010251,1.0,1,1,1,11.0,0.0,0.0,0.0,1970.0,A01,1.0,10,0,0.0,0.0,6.0,1.0,1,22,1815,3,1,1,2,2,4,7,2,2
22805,201600010251,1.0,1,4,1,11.0,0.0,0.0,0.0,1991.0,B02,1.0,7,0,0.0,2.0,2.0,17.0,1,22,1815,3,1,1,2,2,4,10,2,2
22806,201600010252,1.0,1,3,1,11.0,0.0,0.0,0.0,1994.0,A01,1.0,7,0,13.0,0.0,3.0,16.0,6,11,445,3,1,1,1,6,0,7,2,2
22807,201600010252,2.0,2,1,1,11.0,0.0,0.0,0.0,1996.0,A01,1.0,7,0,13.0,0.0,3.0,16.0,6,11,445,3,1,1,1,6,0,7,2,2
22808,201600010253,1.0,1,3,1,91.0,0.0,0.0,0.0,1954.0,A01,0.0,21,0,0.0,0.0,0.0,1.0,7,1,1515,1,1,1,1,7,3,21,0,0
22809,201600010254,1.0,1,3,1,11.0,0.0,0.0,0.0,1998.0,A01,0.0,7,0,16.0,0.0,9.0,1.0,8,1,1400,1,1,1,1,7,3,7,2,2
22810,201600010255,1.0,1,1,1,11.0,0.0,0.0,0.0,1956.0,A01,1.0,7,0,0.0,1.0,1.0,1.0,8,16,1900,1,2,1,7,6,4,7,2,2
22811,201600010255,0.0,3,3,1,0.0,4.0,3.0,1.0,1929.0,A01,1.0,7,0,0.0,1.0,1.0,1.0,8,16,1900,1,2,1,7,6,4,7,2,2
22812,201600010256,1.0,1,3,2,11.0,0.0,0.0,0.0,1955.0,A01,1.0,7,0,0.0,2.0,2.0,5.0,10,12,1500,1,1,1,1,1,3,7,2,2
22813,201600010256,1.0,1,1,2,11.0,0.0,0.0,0.0,1963.0,B02,2.0,7,0,0.0,0.0,2.0,0.0,10,12,1500,1,1,1,1,1,3,7,2,2
22814,201600010257,1.0,1,3,2,11.0,0.0,0.0,0.0,1946.0,A01,1.0,7,0,0.0,0.0,5.0,16.0,11,24,1830,3,1,1,1,2,4,7,2,2
22815,201600010257,1.0,1,1,1,11.0,0.0,0.0,0.0,1963.0,B02,1.0,7,0,0.0,2.0,3.0,21.0,11,24,1830,3,1,1,1,2,4,7,2,2
22816,201600010258,1.0,1,3,1,11.0,0.0,0.0,0.0,1995.0,A01,1.0,7,0,0.0,0.0,3.0,1.0,12,2,630,4,2,1,9,1,1,7,2,2
22817,201600010258,1.0,1,1,1,11.0,0.0,0.0,0.0,1975.0,B02,2.0,7,0,0.0,0.0,3.0,1.0,12,2,630,4,2,1,9,1,1,7,2,2
22818,201600010259,1.0,1,1,1,11.0,0.0,0.0,0.0,1971.0,A01,0.0,14,0,0.0,0.0,2.0,15.0,2,17,1300,1,2,1,1,1,2,33,3,1
22819,201600010259,1.0,1,3,1,21.0,0.0,0.0,0.0,1992.0,B02,0.0,33,0,0.0,2.0,1.0,21.0,2,17,1300,1,2,1,1,1,2,14,1,3
22820,201600010260,1.0,1,3,1,11.0,0.0,0.0,0.0,1953.0,A01,0.0,7,0,0.0,0.0,1.0,13.0,12,10,1500,1,1,1,1,1,3,7,2,2
22821,201600010260,1.0,1,3,1,13.0,0.0,0.0,0.0,1993.0,B02,0.0,7,0,0.0,0.0,1.0,1.0,12,10,1500,1,1,1,1,1,3,7,2,2
22822,201600010260,2.0,2,3,1,13.0,0.0,0.0,0.0,1992.0,B02,0.0,7,0,0.0,0.0,1.0,1.0,12,10,1500,1,1,1,1,1,3,7,2,2
22823,201600010261,1.0,1,1,1,11.0,0.0,0.0,0.0,1998.0,A01,0.0,7,0,16.0,0.0,9.0,13.0,5,6,600,2,2,1,1,7,1,7,2,2
22824,201600010261,2.0,2,1,1,11.0,0.0,0.0,0.0,1996.0,A01,0.0,7,0,16.0,0.0,9.0,13.0,5,6,600,2,2,1,1,7,1,7,2,2
22825,201600010261,3.0,2,4,1,11.0,0.0,0.0,0.0,1996.0,A01,0.0,7,0,16.0,0.0,9.0,13.0,5,6,600,2,2,1,1,7,1,7,2,2
22826,201600010261,4.0,2,3,1,12.0,0.0,0.0,0.0,1996.0,A01,0.0,7,0,16.0,0.0,9.0,13.0,5,6,600,2,2,1,1,7,1,7,2,2
22827,201600010262,1.0,1,2,1,23.0,0.0,0.0,0.0,1997.0,A01,0.0,30,0,1.0,0.0,6.0,0.0,6,6,2355,5,2,1,1,6,5,30,1,1
22828,201600010262,2.0,2,3,2,21.0,0.0,0.0,0.0,1963.0,A01,0.0,30,0,1.0,0.0,6.0,0.0,6,6,2355,5,2,1,1,6,5,30,1,1
22829,201600010263,1.0,1,4,1,11.0,0.0,0.0,0.0,1995.0,A01,0.0,7,0,0.0,1.0,3.0,1.0,6,20,2045,1,2,1,2,6,4,7,2,2
22830,201600010263,0.0,3,3,1,0.0,5.0,1.0,2.0,1998.0,A01,0.0,7,0,0.0,1.0,3.0,1.0,6,20,2045,1,2,1,2,6,4,7,2,2
22831,201600010263,0.0,3,2,1,0.0,5.0,1.0,2.0,1999.0,A01,0.0,7,0,0.0,1.0,3.0,1.0,6,20,2045,1,2,1,2,6,4,7,2,2
22832,201600010264,1.0,1,1,1,11.0,0.0,0.0,0.0,1983.0,A01,0.0,7,0,0.0,9.0,2.0,1.0,8,23,2345,5,1,6,1,2,5,1,2,1
22833,201600010264,1.0,1,3,1,21.0,0.0,0.0,0.0,1999.0,B02,0.0,1,0,0.0,2.0,5.0,5.0,8,23,2345,5,1,6,1,2,5,7,1,2
22834,201600010265,0.0,3,3,2,93.0,3.0,3.0,1.0,1990.0,A01,0.0,7,0,0.0,1.0,3.0,1.0,11,3,1445,1,2,1,1,6,3,7,2,2
22835,201600010265,1.0,1,1,2,11.0,0.0,0.0,0.0,1932.0,A01,0.0,7,0,0.0,1.0,3.0,1.0,11,3,1445,1,2,1,1,6,3,7,2,2
22836,201600010265,2.0,2,1,2,11.0,0.0,0.0,0.0,1982.0,A01,0.0,7,0,0.0,1.0,3.0,1.0,11,3,1445,1,2,1,1,6,3,7,2,2
22837,201600010266,1.0,1,1,2,11.0,0.0,0.0,0.0,1929.0,A01,0.0,10,0,0.0,2.0,3.0,19.0,11,7,1550,1,2,6,7,3,3,1,2,1
22838,201600010266,1.0,1,3,1,21.0,0.0,0.0,0.0,1948.0,B02,0.0,1,0,0.0,2.0,2.0,1.0,11,7,1550,1,2,6,7,3,3,10,1,2
22839,201600010267,1.0,1,1,1,11.0,0.0,0.0,0.0,1963.0,B02,2.0,7,0,0.0,0.0,5.0,23.0,4,11,1515,1,2,6,1,2,3,7,2,2
22840,201600010267,2.0,2,4,2,11.0,0.0,0.0,0.0,1972.0,B02,2.0,7,0,0.0,0.0,5.0,23.0,4,11,1515,1,2,6,1,2,3,7,2,2
22841,201600010267,1.0,1,1,1,11.0,0.0,0.0,0.0,1983.0,A01,2.0,7,0,0.0,0.0,1.0,2.0,4,11,1515,1,2,6,1,2,3,7,2,2
22842,201600010268,1.0,1,1,1,11.0,0.0,0.0,0.0,1977.0,A01,1.0,7,0,0.0,9.0,3.0,1.0,6,20,1000,1,2,6,1,1,1,1,2,1
22843,201600010268,1.0,1,4,2,22.0,0.0,0.0,0.0,1952.0,B02,1.0,1,0,0.0,2.0,8.0,19.0,6,20,1000,1,2,6,1,1,1,7,1,2
22844,201600010269,1.0,1,1,1,11.0,0.0,0.0,0.0,1974.0,A01,0.0,7,0,8.0,0.0,7.0,1.0,6,30,1845,1,2,1,1,7,4,7,2,2
22845,201600010269,2.0,2,1,1,11.0,0.0,0.0,0.0,1969.0,A01,0.0,7,0,8.0,0.0,7.0,1.0,6,30,1845,1,2,1,1,7,4,7,2,2
22846,201600010269,4.0,2,4,1,11.0,0.0,0.0,0.0,1982.0,A01,0.0,7,0,8.0,0.0,7.0,1.0,6,30,1845,1,2,1,1,7,4,7,2,2
22847,201600010269,8.0,2,3,1,12.0,0.0,0.0,0.0,1969.0,A01,0.0,7,0,8.0,0.0,7.0,1.0,6,30,1845,1,2,1,1,7,4,7,2,2
22848,201600010270,1.0,1,3,1,21.0,0.0,0.0,0.0,1991.0,A01,2.0,31,0,6.0,0.0,1.0,1.0,8,8,245,5,2,1,1,6,0,31,1,1
22849,201600010270,2.0,2,4,1,22.0,0.0,0.0,0.0,1999.0,A01,2.0,31,0,6.0,0.0,1.0,1.0,8,8,245,5,2,1,1,6,0,31,1,1
22850,201600010271,1.0,1,1,1,11.0,0.0,0.0,0.0,1967.0,A01,1.0,7,0,0.0,2.0,1.0,13.0,9,10,2145,5,2,1,1,1,4,31,2,1
22851,201600010271,1.0,1,3,1,21.0,0.0,0.0,0.0,1998.0,B02,2.0,31,0,0.0,2.0,1.0,1.0,9,10,2145,5,2,1,1,1,4,7,1,2
22852,201600010272,1.0,1,1,2,11.0,0.0,0.0,0.0,1974.0,A01,1.0,7,0,0.0,2.0,2.0,15.0,10,15,1300,1,2,1,1,1,2,33,2,1
22853,201600010272,1.0,1,3,1,21.0,0.0,0.0,0.0,1959.0,B02,2.0,33,0,0.0,2.0,1.0,1.0,10,15,1300,1,2,1,1,1,2,7,1,2
22854,201600010273,1.0,1,4,1,11.0,0.0,0.0,0.0,1949.0,B02,2.0,7,0,0.0,2.0,2.0,1.0,12,27,1800,2,2,1,1,3,4,7,2,2
22855,201600010273,2.0,2,4,2,11.0,0.0,0.0,0.0,1978.0,B02,2.0,7,0,0.0,2.0,2.0,1.0,12,27,1800,2,2,1,1,3,4,7,2,2
22856,201600010273,3.0,2,4,2,11.0,0.0,0.0,0.0,1952.0,B02,2.0,7,0,0.0,2.0,2.0,1.0,12,27,1800,2,2,1,1,3,4,7,2,2
22857,201600010273,1.0,1,2,2,11.0,0.0,0.0,0.0,1935.0,A01,1.0,7,0,14.0,0.0,1.0,13.0,12,27,1800,2,2,1,1,3,4,7,2,2
22858,201600010274,1.0,1,3,1,11.0,0.0,0.0,0.0,1980.0,A01,2.0,7,0,0.0,2.0,3.0,1.0,1,5,1445,1,1,1,2,1,3,7,2,2
22859,201600010274,1.0,1,4,1,11.0,0.0,0.0,0.0,1955.0,B02,1.0,7,0,0.0,2.0,3.0,1.0,1,5,1445,1,1,1,2,1,3,7,2,2
22860,201600010274,2.0,2,4,2,11.0,0.0,0.0,0.0,1958.0,B02,1.0,7,0,0.0,2.0,3.0,1.0,1,5,1445,1,1,1,2,1,3,7,2,2
22861,201600010275,1.0,1,3,1,11.0,0.0,0.0,0.0,1997.0,A01,1.0,7,0,0.0,2.0,3.0,13.0,3,25,1945,3,1,1,2,1,4,7,2,2
22862,201600010275,2.0,2,3,1,11.0,0.0,0.0,0.0,1998.0,A01,1.0,7,0,0.0,2.0,3.0,13.0,3,25,1945,3,1,1,2,1,4,7,2,2
22863,201600010275,5.0,2,3,1,11.0,0.0,0.0,0.0,2004.0,A01,1.0,7,0,0.0,2.0,3.0,13.0,3,25,1945,3,1,1,2,1,4,7,2,2
22864,201600010275,1.0,1,1,1,11.0,0.0,0.0,0.0,1987.0,B02,2.0,7,0,0.0,2.0,3.0,1.0,3,25,1945,3,1,1,2,1,4,7,2,2
22865,201600010276,1.0,1,3,1,11.0,0.0,0.0,0.0,1995.0,A01,0.0,7,0,6.0,0.0,3.0,1.0,6,23,700,2,1,1,1,6,1,7,2,2
22866,201600010277,1.0,1,1,2,11.0,0.0,0.0,0.0,1964.0,A01,1.0,38,7,0.0,0.0,4.0,1.0,7,16,915,1,1,1,1,2,1,7,3,2
22867,201600010277,1.0,1,4,1,11.0,0.0,0.0,0.0,1941.0,B02,1.0,7,0,0.0,2.0,1.0,2.0,7,16,915,1,1,1,1,2,1,38,2,3
22868,201600010277,2.0,2,3,2,11.0,0.0,0.0,0.0,1947.0,B02,1.0,7,0,0.0,2.0,1.0,2.0,7,16,915,1,1,1,1,2,1,38,2,3
22869,201600010278,1.0,1,3,2,11.0,0.0,0.0,0.0,1972.0,A01,2.0,7,0,0.0,2.0,3.0,1.0,12,21,1745,3,1,1,1,5,3,10,2,2
22870,201600010278,1.0,1,1,1,11.0,0.0,0.0,0.0,1978.0,B02,1.0,14,0,0.0,2.0,3.0,1.0,12,21,1745,3,1,1,1,5,3,10,3,2
22871,201600010278,1.0,1,1,1,11.0,0.0,0.0,0.0,1984.0,C03,1.0,10,0,0.0,2.0,1.0,1.0,12,21,1745,3,1,1,1,5,3,14,2,3
22872,201600010279,1.0,1,1,1,11.0,0.0,0.0,0.0,1975.0,A01,2.0,7,0,0.0,2.0,1.0,15.0,1,6,1855,5,2,1,1,1,4,33,2,1
22873,201600010279,1.0,1,4,1,21.0,0.0,0.0,0.0,1955.0,B01,1.0,33,0,0.0,2.0,1.0,1.0,1,6,1855,5,2,1,1,1,4,7,1,2
22877,201600010281,1.0,1,3,1,21.0,0.0,0.0,0.0,1966.0,A01,2.0,32,0,0.0,2.0,1.0,1.0,1,15,1700,2,2,1,1,3,3,7,1,2
22878,201600010281,1.0,1,1,1,11.0,0.0,0.0,0.0,1968.0,B01,2.0,7,0,0.0,2.0,2.0,15.0,1,15,1700,2,2,1,1,3,3,32,2,1
22879,201600010282,1.0,1,4,1,11.0,0.0,0.0,0.0,1991.0,A01,2.0,7,0,8.0,0.0,2.0,1.0,1,17,435,5,2,1,1,6,0,7,2,2
22880,201600010282,2.0,2,3,1,11.0,0.0,0.0,0.0,1964.0,A01,2.0,7,0,8.0,0.0,2.0,1.0,1,17,435,5,2,1,1,6,0,7,2,2
22881,201600010283,1.0,1,4,1,21.0,0.0,0.0,0.0,1984.0,B01,2.0,33,0,0.0,2.0,1.0,1.0,1,24,1250,1,2,3,1,1,2,7,1,2
22882,201600010283,1.0,1,1,1,13.0,0.0,0.0,0.0,1950.0,A01,2.0,7,0,0.0,2.0,1.0,15.0,1,24,1250,1,2,3,1,1,2,33,2,1
22883,201600010284,1.0,1,1,1,13.0,0.0,0.0,0.0,1964.0,A01,0.0,17,0,0.0,2.0,3.0,13.0,2,1,1140,1,2,1,1,1,1,34,3,1
22884,201600010284,1.0,1,4,1,21.0,0.0,0.0,0.0,1960.0,B01,0.0,34,0,0.0,2.0,1.0,0.0,2,1,1140,1,2,1,1,1,1,17,1,3
22885,201600010285,1.0,1,3,1,21.0,0.0,0.0,0.0,1998.0,A01,2.0,30,0,0.0,1.0,1.0,2.0,2,9,30,5,2,1,1,6,0,7,1,2
22886,201600010285,0.0,3,3,1,0.0,1.0,3.0,1.0,1969.0,A01,2.0,30,0,0.0,1.0,1.0,2.0,2,9,30,5,2,1,1,6,0,7,1,2
22887,201600010285,1.0,1,1,1,11.0,0.0,0.0,0.0,1986.0,B01,1.0,7,0,0.0,2.0,1.0,5.0,2,9,30,5,2,1,1,6,0,30,2,1
22888,201600010286,1.0,1,1,1,11.0,0.0,0.0,0.0,1923.0,A01,1.0,7,0,0.0,2.0,3.0,9.0,2,10,1500,1,2,3,1,3,3,32,2,1
22889,201600010286,1.0,1,4,1,21.0,0.0,0.0,0.0,1970.0,B01,1.0,32,0,0.0,2.0,1.0,2.0,2,10,1500,1,2,3,1,3,3,7,1,2
22890,201600010287,1.0,1,3,1,21.0,0.0,0.0,0.0,1992.0,A01,1.0,32,0,8.0,0.0,1.0,2.0,2,10,550,5,2,1,1,7,0,32,1,1
22891,201600010288,1.0,1,1,1,11.0,0.0,0.0,0.0,1981.0,A01,1.0,7,0,0.0,2.0,5.0,15.0,2,19,2030,5,2,2,1,5,4,2,2,1
22892,201600010288,1.0,1,3,1,21.0,0.0,0.0,0.0,1998.0,B01,2.0,2,0,0.0,2.0,1.0,1.0,2,19,2030,5,2,2,1,5,4,7,1,2
22893,201600010288,1.0,1,4,1,21.0,0.0,0.0,0.0,1997.0,C01,2.0,2,0,0.0,2.0,1.0,1.0,2,19,2030,5,2,2,1,5,4,7,1,2
22894,201600010289,0.0,3,4,1,0.0,3.0,3.0,2.0,1942.0,A01,1.0,7,0,0.0,1.0,1.0,15.0,2,23,1600,1,2,3,7,6,3,7,2,2
22895,201600010289,1.0,1,1,1,11.0,0.0,0.0,0.0,1986.0,A01,1.0,7,0,0.0,1.0,1.0,15.0,2,23,1600,1,2,3,7,6,3,7,2,2
22896,201600010290,1.0,1,1,2,11.0,0.0,0.0,0.0,1989.0,A01,1.0,7,0,0.0,2.0,5.0,15.0,3,8,1310,1,2,1,1,3,2,33,2,1
22897,201600010290,1.0,1,4,1,21.0,0.0,0.0,0.0,1985.0,B01,2.0,33,0,0.0,2.0,1.0,0.0,3,8,1310,1,2,1,1,3,2,7,1,2
22898,201600010291,1.0,1,1,2,11.0,0.0,0.0,0.0,1966.0,A01,1.0,7,0,0.0,2.0,3.0,9.0,3,8,1445,1,2,1,1,3,3,30,2,1
22899,201600010291,1.0,1,4,2,21.0,0.0,0.0,0.0,1985.0,B01,1.0,30,0,0.0,2.0,0.0,0.0,3,8,1445,1,2,1,1,3,3,7,1,2
22900,201600010292,1.0,1,1,2,11.0,0.0,0.0,0.0,1959.0,A01,1.0,7,0,0.0,1.0,3.0,11.0,3,10,845,1,2,1,1,6,1,7,2,2
22901,201600010292,0.0,3,3,1,0.0,3.0,3.0,2.0,1982.0,A01,1.0,7,0,0.0,1.0,3.0,11.0,3,10,845,1,2,1,1,6,1,7,2,2
22902,201600010293,1.0,1,4,1,21.0,0.0,0.0,0.0,1970.0,A01,2.0,33,0,0.0,2.0,1.0,18.0,3,11,900,1,2,3,1,3,1,7,1,2
22903,201600010293,1.0,1,1,2,11.0,0.0,0.0,0.0,1964.0,B01,1.0,7,0,0.0,2.0,2.0,0.0,3,11,900,1,2,3,1,3,1,33,2,1
22904,201600010294,1.0,1,4,1,21.0,0.0,0.0,0.0,2000.0,A01,1.0,30,0,0.0,2.0,1.0,0.0,3,14,825,1,2,4,1,2,1,7,1,2
22905,201600010294,1.0,1,1,2,11.0,0.0,0.0,0.0,1967.0,B01,1.0,7,0,0.0,2.0,6.0,2.0,3,14,825,1,2,4,1,2,1,30,2,1