,Num_Acc,place,catu,grav,sexe,secu,locp,actp,etatp,an_nais,num_veh,senc,catv,occutc,obs,obsm,choc,manv,mois,jour,hrmn,lum,agg,int,atm,col,mom,catvopp,catv_gen,catvopp_gen
22908,201600010296,1.0,1,1,1,21.0,0.0,0.0,0.0,1998.0,A01,1.0,30,0,0.0,2.0,3.0,17.0,3,20,1852,5,2,1,1,3,4,7,1,2
22909,201600010296,2.0,2,3,1,21.0,0.0,0.0,0.0,1998.0,A01,1.0,30,0,0.0,2.0,3.0,17.0,3,20,1852,5,2,1,1,3,4,7,1,2
22910,201600010296,1.0,1,1,1,11.0,0.0,0.0,0.0,1991.0,B01,1.0,7,0,0.0,2.0,3.0,0.0,3,20,1852,5,2,1,1,3,4,30,2,1
22911,201600010297,1.0,1,1,1,11.0,0.0,0.0,0.0,1966.0,B01,1.0,37,1,0.0,0.0,0.0,0.0,3,21,1430,1,2,1,1,6,3,33,3,1
22912,201600010297,1.0,1,3,1,21.0,0.0,0.0,0.0,1971.0,A01,1.0,33,0,0.0,2.0,3.0,17.0,3,21,1430,1,2,1,1,6,3,37,1,3
22913,201600010297,2.0,2,3,2,21.0,0.0,0.0,0.0,1970.0,A01,1.0,33,0,0.0,2.0,3.0,17.0,3,21,1430,1,2,1,1,6,3,37,1,3
22914,201600010298,1.0,1,1,2,11.0,0.0,0.0,0.0,1973.0,A01,2.0,7,0,0.0,2.0,2.0,15.0,3,29,1550,1,2,2,1,3,3,33,2,1
22915,201600010298,1.0,1,3,1,23.0,0.0,0.0,0.0,1990.0,B01,1.0,33,0,0.0,2.0,1.0,1.0,3,29,1550,1,2,2,1,3,3,7,1,2
22916,201600010299,1.0,1,1,1,11.0,0.0,0.0,0.0,1995.0,A01,2.0,7,0,0.0,2.0,6.0,9.0,3,29,1640,1,2,1,1,5,3,31,2,1
22917,201600010299,1.0,1,1,1,11.0,0.0,0.0,0.0,1960.0,C01,1.0,7,0,0.0,2.0,0.0,1.0,3,29,1640,1,2,1,1,5,3,31,2,1
22918,201600010299,1.0,1,4,1,21.0,0.0,0.0,0.0,1998.0,B01,2.0,31,0,0.0,2.0,1.0,2.0,3,29,1640,1,2,1,1,5,3,7,1,2
22919,201600010300,1.0,1,3,2,21.0,0.0,0.0,0.0,1999.0,B01,1.0,2,0,0.0,2.0,3.0,1.0,3,31,755,1,1,2,1,3,1,7,1,2
22920,201600010300,1.0,1,1,1,11.0,0.0,0.0,0.0,1990.0,A01,1.0,7,0,0.0,2.0,2.0,10.0,3,31,755,1,1,2,1,3,1,2,2,1
22921,201600010301,1.0,1,4,1,11.0,0.0,0.0,0.0,1997.0,A01,2.0,7,0,0.0,0.0,1.0,0.0,4,12,130,5,2,1,1,6,0,7,2,2
22922,201600010301,2.0,2,4,1,11.0,0.0,0.0,0.0,1998.0,A01,2.0,7,0,0.0,0.0,1.0,0.0,4,12,130,5,2,1,1,6,0,7,2,2
22923,201600010301,2.0,2,3,1,11.0,0.0,0.0,0.0,1998.0,A01,2.0,7,0,0.0,0.0,1.0,0.0,4,12,130,5,2,1,1,6,0,7,2,2
22924,201600010302,1.0,1,1,1,21.0,0.0,0.0,0.0,1971.0,A01,1.0,33,0,0.0,1.0,0.0,0.0,4,12,2029,2,2,1,1,6,4,33,1,1
22925,201600010302,0.0,3,4,2,0.0,3.0,3.0,1.0,1998.0,A01,1.0,33,0,0.0,1.0,0.0,0.0,4,12,2029,2,2,1,1,6,4,33,1,1
22926,201600010303,1.0,1,4,1,21.0,0.0,0.0,0.0,1976.0,B01,2.0,2,0,0.0,2.0,1.0,0.0,4,12,1325,1,2,1,1,1,2,10,1,2
22927,201600010303,1.0,1,1,2,11.0,0.0,0.0,0.0,1986.0,A01,1.0,10,0,0.0,2.0,1.0,0.0,4,12,1325,1,2,1,1,1,2,2,2,1
22928,201600010304,1.0,1,4,1,11.0,0.0,0.0,0.0,1968.0,A01,1.0,7,0,0.0,0.0,0.0,0.0,4,18,1645,1,2,1,1,1,3,15,2,3
22929,201600010304,2.0,2,4,2,11.0,0.0,0.0,0.0,1974.0,A01,1.0,7,0,0.0,0.0,0.0,0.0,4,18,1645,1,2,1,1,1,3,15,2,3
22930,201600010304,1.0,1,1,1,11.0,0.0,0.0,0.0,1960.0,B01,2.0,15,0,0.0,2.0,1.0,3.0,4,18,1645,1,2,1,1,1,3,7,3,2
22931,201600010305,1.0,1,3,2,21.0,0.0,0.0,0.0,1978.0,B01,1.0,33,0,0.0,2.0,1.0,1.0,4,20,1550,1,2,3,1,2,3,7,1,2
22932,201600010305,1.0,1,1,2,11.0,0.0,0.0,0.0,1977.0,A01,1.0,7,0,0.0,2.0,5.0,15.0,4,20,1550,1,2,3,1,2,3,33,2,1
22933,201600010306,0.0,3,3,1,0.0,3.0,3.0,1.0,1946.0,A01,1.0,32,0,0.0,1.0,1.0,17.0,4,20,1843,1,2,1,1,6,4,32,1,1
22934,201600010306,1.0,1,1,1,23.0,0.0,0.0,0.0,1988.0,A01,1.0,32,0,0.0,1.0,1.0,17.0,4,20,1843,1,2,1,1,6,4,32,1,1
22935,201600010307,1.0,1,4,1,11.0,0.0,0.0,0.0,1984.0,A01,1.0,7,0,0.0,2.0,2.0,0.0,5,5,730,1,1,1,1,5,1,7,2,2
22936,201600010307,2.0,2,1,1,11.0,0.0,0.0,0.0,1986.0,A01,1.0,7,0,0.0,2.0,2.0,0.0,5,5,730,1,1,1,1,5,1,7,2,2
22937,201600010307,1.0,1,4,1,11.0,0.0,0.0,0.0,1969.0,C01,2.0,7,0,0.0,2.0,3.0,0.0,5,5,730,1,1,1,1,5,1,7,2,2
22938,201600010307,1.0,1,1,1,11.0,0.0,0.0,0.0,1960.0,B01,1.0,7,0,0.0,2.0,2.0,0.0,5,5,730,1,1,1,1,5,1,7,2,2
22939,201600010308,1.0,1,1,2,11.0,0.0,0.0,0.0,1995.0,A01,0.0,7,0,0.0,2.0,5.0,1.0,5,13,2122,5,2,9,1,3,4,7,2,2
22940,201600010308,1.0,1,3,1,11.0,0.0,0.0,0.0,1975.0,B01,0.0,7,0,0.0,2.0,1.0,9.0,5,13,2122,5,2,9,1,3,4,7,2,2
22941,201600010309,1.0,1,1,1,11.0,0.0,0.0,0.0,1996.0,A01,1.0,7,0,0.0,2.0,3.0,15.0,5,16,2038,1,2,1,1,3,4,33,2,1
22942,201600010309,2.0,2,1,1,11.0,0.0,0.0,0.0,1997.0,A01,1.0,7,0,0.0,2.0,3.0,15.0,5,16,2038,1,2,1,1,3,4,33,2,1
22943,201600010309,3.0,2,1,1,11.0,0.0,0.0,0.0,1997.0,A01,1.0,7,0,0.0,2.0,3.0,15.0,5,16,2038,1,2,1,1,3,4,33,2,1
22944,201600010309,1.0,1,4,1,21.0,0.0,0.0,0.0,1977.0,B01,1.0,33,0,0.0,2.0,1.0,2.0,5,16,2038,1,2,1,1,3,4,7,1,2
22945,201600010310,1.0,1,1,2,11.0,0.0,0.0,0.0,1984.0,A01,1.0,7,0,0.0,2.0,7.0,2.0,5,17,2048,5,2,2,1,3,4,7,2,2
22946,201600010310,2.0,2,4,1,11.0,0.0,0.0,0.0,1964.0,A01,1.0,7,0,0.0,2.0,7.0,2.0,5,17,2048,5,2,2,1,3,4,7,2,2
22947,201600010310,4.0,2,4,2,11.0,0.0,0.0,0.0,1979.0,A01,1.0,7,0,0.0,2.0,7.0,2.0,5,17,2048,5,2,2,1,3,4,7,2,2
22948,201600010310,1.0,1,1,1,11.0,0.0,0.0,0.0,1990.0,B01,2.0,7,0,0.0,2.0,1.0,1.0,5,17,2048,5,2,2,1,3,4,7,2,2
22949,201600010311,0.0,3,2,1,0.0,2.0,3.0,2.0,2013.0,A01,2.0,37,0,0.0,1.0,2.0,1.0,5,20,1428,1,2,1,1,6,3,37,3,3
22950,201600010311,1.0,1,1,1,11.0,0.0,0.0,0.0,1970.0,A01,2.0,37,0,0.0,1.0,2.0,1.0,5,20,1428,1,2,1,1,6,3,37,3,3
22951,201600010312,1.0,1,2,1,21.0,0.0,0.0,0.0,1972.0,A01,1.0,33,0,14.0,0.0,1.0,1.0,5,22,2333,4,2,1,1,6,5,33,1,1
22952,201600010313,1.0,1,1,1,11.0,0.0,0.0,0.0,1993.0,A01,1.0,10,0,0.0,1.0,3.0,2.0,5,24,1323,1,2,2,1,6,2,10,2,2
22953,201600010313,0.0,3,3,2,0.0,4.0,3.0,1.0,2004.0,A01,1.0,10,0,0.0,1.0,3.0,2.0,5,24,1323,1,2,2,1,6,2,10,2,2
22956,201600010315,1.0,1,3,2,21.0,0.0,0.0,0.0,1989.0,A01,2.0,32,0,0.0,2.0,1.0,17.0,5,26,1930,1,2,1,1,3,4,7,1,2
22957,201600010315,1.0,1,1,1,11.0,0.0,0.0,0.0,1981.0,B01,1.0,7,0,0.0,2.0,3.0,9.0,5,26,1930,1,2,1,1,3,4,32,2,1
22958,201600010316,1.0,1,1,2,11.0,0.0,0.0,0.0,1991.0,A01,1.0,7,0,0.0,1.0,2.0,9.0,5,28,1955,1,2,2,1,6,4,7,2,2
22959,201600010316,0.0,3,4,2,0.0,3.0,3.0,1.0,1940.0,A01,1.0,7,0,0.0,1.0,2.0,9.0,5,28,1955,1,2,2,1,6,4,7,2,2
22960,201600010317,1.0,1,3,1,21.0,0.0,0.0,0.0,1982.0,A01,1.0,33,0,8.0,0.0,1.0,2.0,6,4,615,2,2,1,1,6,1,33,1,1
22961,201600010318,1.0,1,1,2,11.0,0.0,0.0,0.0,1984.0,B01,1.0,7,0,0.0,2.0,3.0,15.0,6,4,1600,1,2,2,2,3,3,33,2,1
22962,201600010318,1.0,1,4,1,21.0,0.0,0.0,0.0,1977.0,A01,1.0,33,0,0.0,2.0,2.0,2.0,6,4,1600,1,2,2,2,3,3,7,1,2
22963,201600010319,1.0,1,4,1,21.0,0.0,0.0,0.0,1939.0,B01,0.0,32,0,0.0,2.0,1.0,1.0,6,9,1930,1,2,1,3,1,4,7,1,2
22964,201600010319,1.0,1,1,1,11.0,0.0,0.0,0.0,1994.0,A01,1.0,7,0,0.0,2.0,3.0,0.0,6,9,1930,1,2,1,3,1,4,32,2,1
22965,201600010320,1.0,1,4,1,21.0,0.0,0.0,0.0,1959.0,B01,0.0,32,0,0.0,2.0,2.0,1.0,6,24,830,1,2,3,1,3,1,7,1,2
22966,201600010320,1.0,1,1,1,11.0,0.0,0.0,0.0,1971.0,A01,1.0,7,0,0.0,2.0,2.0,15.0,6,24,830,1,2,3,1,3,1,32,2,1
22967,201600010321,1.0,1,1,1,11.0,0.0,0.0,0.0,1983.0,A01,1.0,7,0,6.0,2.0,2.0,17.0,6,25,2210,5,1,1,1,5,5,3,2,0
22968,201600010321,1.0,1,3,2,11.0,0.0,0.0,0.0,1996.0,B01,1.0,7,0,6.0,2.0,3.0,1.0,6,25,2210,5,1,1,1,5,5,3,2,0
22969,201600010321,1.0,1,1,1,11.0,0.0,0.0,0.0,2000.0,C01,2.0,3,0,0.0,2.0,3.0,0.0,6,25,2210,5,1,1,1,5,5,7,0,2
22972,201600010323,1.0,1,4,1,21.0,0.0,0.0,0.0,1968.0,A01,1.0,34,0,0.0,1.0,8.0,1.0,7,13,2330,3,2,1,1,6,5,34,1,1
22973,201600010323,0.0,3,3,1,0.0,1.0,3.0,2.0,1946.0,A01,1.0,34,0,0.0,1.0,8.0,1.0,7,13,2330,3,2,1,1,6,5,34,1,1
22974,201600010324,1.0,1,4,1,13.0,0.0,0.0,0.0,1999.0,A01,1.0,3,0,6.0,9.0,1.0,1.0,7,13,2330,5,2,1,1,7,5,3,0,0
22975,201600010324,2.0,2,4,1,13.0,0.0,0.0,0.0,1999.0,A01,1.0,3,0,6.0,9.0,1.0,1.0,7,13,2330,5,2,1,1,7,5,3,0,0
22976,201600010324,3.0,2,4,2,92.0,0.0,0.0,0.0,1999.0,A01,1.0,3,0,6.0,9.0,1.0,1.0,7,13,2330,5,2,1,1,7,5,3,0,0
22977,201600010324,4.0,2,3,2,92.0,0.0,0.0,0.0,1999.0,A01,1.0,3,0,6.0,9.0,1.0,1.0,7,13,2330,5,2,1,1,7,5,3,0,0
22978,201600010325,1.0,1,2,1,13.0,0.0,0.0,0.0,1958.0,A01,0.0,7,0,2.0,0.0,1.0,0.0,7,17,1500,1,2,1,1,6,3,7,2,2
22979,201600010325,2.0,2,3,1,13.0,0.0,0.0,0.0,1986.0,A01,0.0,7,0,2.0,0.0,1.0,0.0,7,17,1500,1,2,1,1,6,3,7,2,2
22980,201600010326,2.0,2,4,2,11.0,0.0,0.0,0.0,1992.0,C01,1.0,7,0,0.0,2.0,6.0,0.0,7,17,1950,1,2,1,1,4,4,7,2,2
22981,201600010326,1.0,1,4,2,11.0,0.0,0.0,0.0,1995.0,C01,1.0,7,0,0.0,2.0,6.0,0.0,7,17,1950,1,2,1,1,4,4,7,2,2
22982,201600010326,4.0,2,4,1,11.0,0.0,0.0,0.0,1960.0,B01,1.0,7,0,0.0,2.0,6.0,1.0,7,17,1950,1,2,1,1,4,4,7,2,2
22983,201600010326,1.0,1,1,2,11.0,0.0,0.0,0.0,1992.0,B01,1.0,7,0,0.0,2.0,6.0,1.0,7,17,1950,1,2,1,1,4,4,7,2,2
22984,201600010326,2.0,2,4,2,11.0,0.0,0.0,0.0,1965.0,B01,1.0,7,0,0.0,2.0,6.0,1.0,7,17,1950,1,2,1,1,4,4,7,2,2
22985,201600010326,1.0,1,1,1,11.0,0.0,0.0,0.0,1961.0,A01,1.0,7,0,0.0,2.0,2.0,3.0,7,17,1950,1,2,1,1,4,4,7,2,2
22986,201600010327,1.0,1,1,1,11.0,0.0,0.0,0.0,1987.0,A01,1.0,7,0,0.0,1.0,2.0,1.0,7,20,948,1,2,1,1,6,1,7,2,2
22987,201600010327,0.0,3,3,2,0.0,2.0,3.0,1.0,1976.0,A01,1.0,7,0,0.0,1.0,2.0,1.0,7,20,948,1,2,1,1,6,1,7,2,2
22988,201600010328,1.0,1,3,1,23.0,0.0,0.0,0.0,1991.0,A01,0.0,34,0,0.0,0.0,7.0,1.0,7,22,2047,2,1,1,8,7,4,34,1,1
22989,201600010328,2.0,2,3,1,23.0,0.0,0.0,0.0,1990.0,A01,0.0,34,0,0.0,0.0,7.0,1.0,7,22,2047,2,1,1,8,7,4,34,1,1
22992,201600010330,1.0,1,1,1,13.0,0.0,0.0,0.0,1989.0,A01,1.0,7,0,0.0,0.0,3.0,13.0,7,24,945,1,2,1,1,5,1,7,2,2
22993,201600010330,1.0,1,1,1,11.0,0.0,0.0,0.0,1956.0,B01,2.0,7,0,0.0,0.0,1.0,1.0,7,24,945,1,2,1,1,5,1,7,2,2
22994,201600010330,1.0,1,3,1,11.0,0.0,0.0,0.0,1987.0,C01,2.0,7,0,0.0,0.0,1.0,1.0,7,24,945,1,2,1,1,5,1,7,2,2
22995,201600010331,3.0,2,1,1,31.0,0.0,0.0,0.0,2013.0,B01,2.0,7,0,9.0,2.0,9.0,0.0,7,24,1550,1,1,1,1,3,3,7,2,2
22996,201600010331,1.0,1,1,1,11.0,0.0,0.0,0.0,1986.0,B01,2.0,7,0,9.0,2.0,9.0,0.0,7,24,1550,1,1,1,1,3,3,7,2,2
22997,201600010331,2.0,2,4,2,11.0,0.0,0.0,0.0,1988.0,B01,2.0,7,0,9.0,2.0,9.0,0.0,7,24,1550,1,1,1,1,3,3,7,2,2
22998,201600010331,2.0,2,1,2,11.0,0.0,0.0,0.0,1985.0,A01,2.0,7,0,0.0,2.0,1.0,17.0,7,24,1550,1,1,1,1,3,3,7,2,2
22999,201600010331,1.0,1,1,1,11.0,0.0,0.0,0.0,1977.0,A01,2.0,7,0,0.0,2.0,1.0,17.0,7,24,1550,1,1,1,1,3,3,7,2,2
23000,201600010332,1.0,1,1,1,13.0,0.0,0.0,0.0,1985.0,A01,2.0,7,0,0.0,2.0,3.0,15.0,7,27,2004,1,2,1,1,5,4,33,2,1
23001,201600010332,1.0,1,3,1,21.0,0.0,0.0,0.0,1985.0,B01,1.0,33,0,0.0,2.0,1.0,17.0,7,27,2004,1,2,1,1,5,4,7,1,2
23002,201600010332,1.0,1,1,1,11.0,0.0,0.0,0.0,1983.0,C01,2.0,7,0,0.0,9.0,1.0,1.0,7,27,2004,1,2,1,1,5,4,33,2,1
23003,201600010333,1.0,1,3,1,21.0,0.0,0.0,0.0,1980.0,A01,0.0,33,0,12.0,0.0,2.0,14.0,7,30,333,5,2,1,1,7,0,33,1,1
23004,201600010333,2.0,2,4,1,21.0,0.0,0.0,0.0,1983.0,A01,0.0,33,0,12.0,0.0,2.0,14.0,7,30,333,5,2,1,1,7,0,33,1,1
23005,201600010334,1.0,1,1,1,11.0,0.0,0.0,0.0,1953.0,A01,1.0,7,0,0.0,9.0,2.0,15.0,7,30,940,1,2,2,1,3,1,1,2,1
23006,201600010334,1.0,1,4,1,91.0,0.0,0.0,0.0,1963.0,B01,2.0,1,0,0.0,2.0,0.0,0.0,7,30,940,1,2,2,1,3,1,7,1,2
23009,201600010336,1.0,1,4,1,21.0,0.0,0.0,0.0,2000.0,A01,1.0,31,0,14.0,0.0,7.0,1.0,8,2,1750,1,2,1,1,6,3,31,1,1
23010,201600010337,1.0,1,3,1,21.0,0.0,0.0,0.0,1991.0,B01,2.0,33,0,0.0,2.0,1.0,1.0,8,8,2353,5,2,3,1,3,5,10,1,2
23011,201600010337,2.0,2,3,1,21.0,0.0,0.0,0.0,1994.0,B01,2.0,33,0,0.0,2.0,1.0,1.0,8,8,2353,5,2,3,1,3,5,10,1,2
23012,201600010337,4.0,2,1,1,11.0,0.0,0.0,0.0,2008.0,A01,2.0,10,0,0.0,2.0,3.0,15.0,8,8,2353,5,2,3,1,3,5,33,2,1
23013,201600010337,1.0,1,1,1,11.0,0.0,0.0,0.0,1956.0,A01,2.0,10,0,0.0,2.0,3.0,15.0,8,8,2353,5,2,3,1,3,5,33,2,1
23014,201600010337,2.0,2,1,1,11.0,0.0,0.0,0.0,1983.0,A01,2.0,10,0,0.0,2.0,3.0,15.0,8,8,2353,5,2,3,1,3,5,33,2,1
23015,201600010338,1.0,1,1,1,13.0,0.0,0.0,0.0,1995.0,B01,1.0,7,0,0.0,2.0,2.0,1.0,8,10,2141,5,2,3,1,3,4,32,2,1
23016,201600010338,1.0,1,3,2,21.0,0.0,0.0,0.0,1990.0,A01,1.0,32,0,0.0,2.0,1.0,1.0,8,10,2141,5,2,3,1,3,4,7,1,2
23017,201600010339,1.0,1,3,1,93.0,0.0,0.0,0.0,1992.0,A01,1.0,33,0,0.0,2.0,9.0,2.0,8,14,157,5,2,1,1,3,0,7,1,2
23018,201600010339,1.0,1,1,1,13.0,0.0,0.0,0.0,1995.0,B01,1.0,7,0,0.0,2.0,8.0,2.0,8,14,157,5,2,1,1,3,0,33,2,1
23019,201600010339,2.0,2,1,1,11.0,0.0,0.0,0.0,1995.0,B01,1.0,7,0,0.0,2.0,8.0,2.0,8,14,157,5,2,1,1,3,0,33,2,1
23020,201600010339,4.0,2,1,1,11.0,0.0,0.0,0.0,1994.0,B01,1.0,7,0,0.0,2.0,8.0,2.0,8,14,157,5,2,1,1,3,0,33,2,1
23021,201600010340,1.0,1,3,1,21.0,0.0,0.0,0.0,1979.0,B01,1.0,33,0,0.0,2.0,2.0,1.0,8,20,2025,2,2,1,1,3,4,32,1,1
23022,201600010340,1.0,1,4,1,21.0,0.0,0.0,0.0,1973.0,A01,0.0,32,0,0.0,2.0,1.0,19.0,8,20,2025,2,2,1,1,3,4,33,1,1
23023,201600010341,1.0,1,1,1,11.0,0.0,0.0,0.0,1980.0,A01,1.0,7,0,0.0,2.0,1.0,1.0,8,21,1530,1,2,1,1,3,3,2,2,1
23024,201600010341,2.0,2,1,2,11.0,0.0,0.0,0.0,1978.0,A01,1.0,7,0,0.0,2.0,1.0,1.0,8,21,1530,1,2,1,1,3,3,2,2,1
23025,201600010341,3.0,2,1,1,11.0,0.0,0.0,0.0,1979.0,A01,1.0,7,0,0.0,2.0,1.0,1.0,8,21,1530,1,2,1,1,3,3,2,2,1
23026,201600010341,1.0,1,3,1,21.0,0.0,0.0,0.0,2000.0,B01,1.0,2,0,0.0,2.0,9.0,1.0,8,21,1530,1,2,1,1,3,3,7,1,2
23030,201600010343,0.0,3,2,2,0.0,3.0,3.0,1.0,1936.0,A01,1.0,7,0,0.0,1.0,1.0,1.0,8,23,1308,1,1,1,1,6,2,7,2,2
23031,201600010343,1.0,1,1,2,11.0,0.0,0.0,0.0,1949.0,A01,1.0,7,0,0.0,1.0,1.0,1.0,8,23,1308,1,1,1,1,6,2,7,2,2
23035,201600010345,1.0,1,1,1,11.0,0.0,0.0,0.0,1941.0,A01,2.0,10,0,0.0,2.0,2.0,15.0,9,1,2330,5,2,3,1,3,5,32,2,1
23036,201600010345,1.0,1,3,1,21.0,0.0,0.0,0.0,1986.0,B01,1.0,32,0,0.0,2.0,1.0,1.0,9,1,2330,5,2,3,1,3,5,10,1,2
23037,201600010346,0.0,3,3,2,0.0,0.0,3.0,1.0,1973.0,A01,1.0,99,0,0.0,1.0,0.0,0.0,9,3,1530,1,2,1,1,6,3,99,0,0
23038,201600010347,1.0,1,3,1,11.0,0.0,0.0,0.0,1984.0,B01,2.0,10,0,0.0,2.0,3.0,2.0,9,3,1619,1,2,2,1,3,3,7,2,2
23039,201600010347,1.0,1,4,1,11.0,0.0,0.0,0.0,1994.0,A01,1.0,7,0,0.0,2.0,2.0,2.0,9,3,1619,1,2,2,1,3,3,10,2,2
23040,201600010347,2.0,2,4,1,11.0,0.0,0.0,0.0,2000.0,A01,1.0,7,0,0.0,2.0,2.0,2.0,9,3,1619,1,2,2,1,3,3,10,2,2
23041,201600010348,1.0,1,3,2,11.0,0.0,0.0,0.0,1980.0,A01,2.0,7,0,1.0,0.0,1.0,0.0,9,4,625,5,2,1,1,6,1,7,2,2
23042,201600010348,2.0,2,4,1,13.0,0.0,0.0,0.0,1988.0,A01,2.0,7,0,1.0,0.0,1.0,0.0,9,4,625,5,2,1,1,6,1,7,2,2
23043,201600010349,1.0,1,1,1,11.0,0.0,0.0,0.0,1949.0,A01,1.0,7,0,0.0,1.0,2.0,1.0,9,7,2330,5,1,1,1,6,5,7,2,2
23044,201600010349,0.0,3,3,1,0.0,1.0,1.0,1.0,1961.0,A01,1.0,7,0,0.0,1.0,2.0,1.0,9,7,2330,5,1,1,1,6,5,7,2,2
23045,201600010350,1.0,1,4,1,21.0,0.0,0.0,0.0,1986.0,B01,1.0,34,0,0.0,2.0,1.0,1.0,9,13,1400,1,2,1,1,2,3,34,1,1
23046,201600010350,1.0,1,4,1,21.0,0.0,0.0,0.0,1954.0,A01,1.0,34,0,0.0,2.0,4.0,15.0,9,13,1400,1,2,1,1,2,3,34,1,1
23047,201600010351,1.0,1,1,1,11.0,0.0,0.0,0.0,1990.0,A01,1.0,10,0,0.0,1.0,0.0,0.0,9,14,1110,1,2,1,1,6,1,10,2,2
23048,201600010351,0.0,3,4,2,0.0,4.0,3.0,2.0,1951.0,A01,1.0,10,0,0.0,1.0,0.0,0.0,9,14,1110,1,2,1,1,6,1,10,2,2
23049,201600010351,0.0,3,3,1,0.0,4.0,3.0,2.0,1951.0,A01,1.0,10,0,0.0,1.0,0.0,0.0,9,14,1110,1,2,1,1,6,1,10,2,2
23050,201600010352,1.0,1,1,1,11.0,0.0,0.0,0.0,1995.0,A01,1.0,7,0,0.0,2.0,1.0,1.0,9,17,1145,1,2,2,1,3,1,32,2,1
23051,201600010352,1.0,1,4,1,21.0,0.0,0.0,0.0,1976.0,B01,1.0,32,0,0.0,2.0,8.0,15.0,9,17,1145,1,2,2,1,3,1,7,1,2
23052,201600010352,5.0,2,3,1,21.0,0.0,0.0,0.0,2003.0,B01,1.0,32,0,0.0,2.0,8.0,15.0,9,17,1145,1,2,2,1,3,1,7,1,2
23053,201600010353,1.0,1,4,1,21.0,0.0,0.0,0.0,1981.0,A01,0.0,2,0,0.0,2.0,2.0,17.0,9,21,1830,1,2,1,8,6,4,7,1,2
23054,201600010353,5.0,2,3,2,21.0,0.0,0.0,0.0,1984.0,A01,0.0,2,0,0.0,2.0,2.0,17.0,9,21,1830,1,2,1,8,6,4,7,1,2
23055,201600010353,1.0,1,1,2,11.0,0.0,0.0,0.0,1968.0,B01,0.0,7,0,0.0,0.0,6.0,15.0,9,21,1830,1,2,1,8,6,4,2,2,1
23056,201600010354,1.0,1,1,2,11.0,0.0,0.0,0.0,1980.0,A01,1.0,7,0,0.0,1.0,1.0,2.0,9,22,1800,2,2,1,1,6,4,7,2,2
23057,201600010354,0.0,3,3,1,0.0,3.0,3.0,1.0,1967.0,A01,1.0,7,0,0.0,1.0,1.0,2.0,9,22,1800,2,2,1,1,6,4,7,2,2
23066,201600010358,1.0,1,3,2,21.0,0.0,0.0,0.0,1991.0,B01,2.0,33,0,0.0,2.0,2.0,1.0,10,8,1257,1,2,1,1,3,2,7,1,2
23067,201600010358,1.0,1,1,2,11.0,0.0,0.0,0.0,1954.0,A01,1.0,7,0,0.0,2.0,3.0,9.0,10,8,1257,1,2,1,1,3,2,33,2,1
23068,201600010359,1.0,1,1,2,13.0,0.0,0.0,0.0,1988.0,A01,1.0,7,0,0.0,2.0,7.0,15.0,10,8,2040,5,2,3,1,3,4,32,2,1
23069,201600010359,2.0,2,1,1,13.0,0.0,0.0,0.0,1993.0,A01,1.0,7,0,0.0,2.0,7.0,15.0,10,8,2040,5,2,3,1,3,4,32,2,1
23070,201600010359,1.0,1,3,1,21.0,0.0,0.0,0.0,1963.0,B01,2.0,32,0,0.0,2.0,1.0,1.0,10,8,2040,5,2,3,1,3,4,7,1,2
23071,201600010360,1.0,1,2,1,12.0,0.0,0.0,0.0,1978.0,A01,2.0,7,0,0.0,2.0,1.0,5.0,10,11,841,1,1,1,3,1,1,14,2,3
23072,201600010360,1.0,1,1,1,11.0,0.0,0.0,0.0,1986.0,B01,1.0,14,0,0.0,2.0,1.0,1.0,10,11,841,1,1,1,3,1,1,7,3,2
23073,201600010360,2.0,2,1,1,93.0,0.0,0.0,0.0,1965.0,B01,1.0,14,0,0.0,2.0,1.0,1.0,10,11,841,1,1,1,3,1,1,7,3,2
23074,201600010360,4.0,2,1,1,11.0,0.0,0.0,0.0,1961.0,B01,1.0,14,0,0.0,2.0,1.0,1.0,10,11,841,1,1,1,3,1,1,7,3,2
23075,201600010361,1.0,1,4,2,21.0,0.0,0.0,0.0,1983.0,A01,1.0,33,0,0.0,2.0,5.0,16.0,10,8,1050,1,2,1,1,3,1,7,1,2
23076,201600010361,1.0,1,1,2,11.0,0.0,0.0,0.0,1993.0,B01,1.0,7,0,0.0,2.0,3.0,1.0,10,8,1050,1,2,1,1,3,1,33,2,1
23077,201600010362,2.0,2,1,2,11.0,0.0,0.0,0.0,1933.0,A01,1.0,7,0,0.0,1.0,0.0,0.0,10,21,1430,1,2,1,1,6,3,7,2,2
23078,201600010362,0.0,3,2,1,0.0,2.0,3.0,1.0,1930.0,A01,1.0,7,0,0.0,1.0,0.0,0.0,10,21,1430,1,2,1,1,6,3,7,2,2
23079,201600010362,1.0,1,1,1,13.0,0.0,0.0,0.0,1931.0,A01,1.0,7,0,0.0,1.0,0.0,0.0,10,21,1430,1,2,1,1,6,3,7,2,2
23080,201600010363,1.0,1,2,1,21.0,0.0,0.0,0.0,1957.0,A01,2.0,33,0,12.0,0.0,1.0,2.0,10,27,1910,5,2,1,1,6,4,33,1,1
23081,201600010364,1.0,1,1,1,11.0,0.0,0.0,0.0,1950.0,A01,1.0,7,0,0.0,1.0,0.0,19.0,10,30,915,1,2,1,1,7,1,7,2,2