,Num_Acc,place,catu,grav,sexe,secu,locp,actp,etatp,an_nais,num_veh,senc,catv,occutc,obs,obsm,choc,manv,mois,jour,hrmn,lum,agg,int,atm,col,mom,catvopp,catv_gen,catvopp_gen
23323,201600010477,1.0,1,4,2,11.0,0.0,0.0,0.0,1994.0,B01,1.0,7,0,0.0,2.0,1.0,1.0,11,21,1405,1,1,1,2,1,3,7,2,2
23326,201600010479,1.0,1,4,1,21.0,0.0,0.0,0.0,1949.0,B01,1.0,34,0,0.0,2.0,0.0,0.0,11,28,1640,1,2,3,1,3,3,7,1,2
23327,201600010479,1.0,1,1,1,11.0,0.0,0.0,0.0,1967.0,A01,1.0,7,0,0.0,2.0,0.0,0.0,11,28,1640,1,2,3,1,3,3,34,2,1
23328,201600010480,0.0,3,4,1,0.0,1.0,0.0,1.0,2010.0,Z01,1.0,7,0,0.0,1.0,0.0,0.0,12,1,2000,5,2,1,1,6,4,7,2,2
23329,201600010481,1.0,1,1,1,11.0,0.0,0.0,0.0,1991.0,A01,1.0,7,0,0.0,2.0,3.0,0.0,12,5,928,1,1,1,1,5,1,16,2,3
23330,201600010481,1.0,1,4,1,11.0,0.0,0.0,0.0,1978.0,B01,1.0,7,0,0.0,2.0,1.0,0.0,12,5,928,1,1,1,1,5,1,16,2,3
23331,201600010481,1.0,1,1,1,11.0,0.0,0.0,0.0,1972.0,C01,1.0,16,0,0.0,2.0,6.0,0.0,12,5,928,1,1,1,1,5,1,7,3,2
23332,201600010482,1.0,1,1,1,11.0,0.0,0.0,0.0,1978.0,A01,1.0,7,0,0.0,2.0,2.0,15.0,12,15,650,5,2,2,1,1,1,33,2,1
23333,201600010482,1.0,1,3,1,21.0,0.0,0.0,0.0,1964.0,B01,0.0,33,0,0.0,2.0,0.0,1.0,12,15,650,5,2,2,1,1,1,7,1,2
23334,201600010483,1.0,1,4,2,21.0,0.0,0.0,0.0,1994.0,B01,1.0,30,0,0.0,2.0,1.0,0.0,12,15,844,1,2,3,1,1,1,7,1,2
23335,201600010483,1.0,1,1,1,11.0,0.0,0.0,0.0,1946.0,A01,2.0,7,0,0.0,2.0,3.0,16.0,12,15,844,1,2,3,1,1,1,30,2,1
23336,201600010484,1.0,1,1,1,11.0,0.0,0.0,0.0,1980.0,A01,1.0,7,0,0.0,1.0,2.0,15.0,12,16,1800,5,2,1,1,6,4,7,2,2
23337,201600010484,0.0,3,3,1,0.0,4.0,3.0,1.0,1960.0,A01,1.0,7,0,0.0,1.0,2.0,15.0,12,16,1800,5,2,1,1,6,4,7,2,2
23348,201600010490,1.0,1,3,1,11.0,0.0,0.0,0.0,1991.0,A01,0.0,7,0,0.0,2.0,1.0,2.0,12,21,1330,1,2,1,1,2,2,7,2,2
23349,201600010490,4.0,2,1,1,11.0,0.0,0.0,0.0,2011.0,A01,0.0,7,0,0.0,2.0,1.0,2.0,12,21,1330,1,2,1,1,2,2,7,2,2
23350,201600010490,1.0,1,3,2,11.0,0.0,0.0,0.0,1980.0,B01,2.0,7,0,0.0,2.0,4.0,2.0,12,21,1330,1,2,1,1,2,2,7,2,2
23352,201600010492,4.0,2,4,2,11.0,0.0,0.0,0.0,1998.0,A01,2.0,7,0,0.0,2.0,1.0,13.0,12,28,1625,1,2,1,1,1,3,7,2,2
23353,201600010492,1.0,1,1,1,11.0,0.0,0.0,0.0,1995.0,A01,2.0,7,0,0.0,2.0,1.0,13.0,12,28,1625,1,2,1,1,1,3,7,2,2
23354,201600010492,1.0,1,4,2,11.0,0.0,0.0,0.0,1996.0,B01,1.0,7,0,0.0,2.0,0.0,0.0,12,28,1625,1,2,1,1,1,3,7,2,2
23355,201600010493,1.0,1,2,1,21.0,0.0,0.0,0.0,1989.0,B01,1.0,33,0,0.0,0.0,0.0,0.0,1,8,745,1,2,1,1,6,1,7,1,2
23356,201600010493,1.0,1,1,2,11.0,0.0,0.0,0.0,1967.0,A01,1.0,7,0,0.0,0.0,0.0,0.0,1,8,745,1,2,1,1,6,1,33,2,1
23357,201600010494,1.0,1,1,1,11.0,0.0,0.0,0.0,1982.0,A01,1.0,7,0,0.0,1.0,0.0,1.0,1,12,945,1,2,1,1,7,1,7,2,2
23358,201600010494,0.0,3,4,2,0.0,3.0,3.0,1.0,1992.0,A01,1.0,7,0,0.0,1.0,0.0,1.0,1,12,945,1,2,1,1,7,1,7,2,2
23363,201600010497,1.0,1,4,2,11.0,0.0,0.0,0.0,1958.0,A01,1.0,7,0,0.0,2.0,1.0,1.0,1,15,916,1,2,1,1,3,1,13,2,3
23364,201600010497,1.0,1,1,1,11.0,0.0,0.0,0.0,1965.0,B01,1.0,13,0,0.0,2.0,6.0,2.0,1,15,916,1,2,1,1,3,1,7,3,2
23367,201600010499,1.0,1,4,1,21.0,0.0,0.0,0.0,2000.0,B01,1.0,30,0,0.0,2.0,1.0,1.0,1,21,1445,1,2,1,1,1,3,7,1,2
23368,201600010499,1.0,1,1,1,11.0,0.0,0.0,0.0,1929.0,A01,1.0,7,0,0.0,2.0,3.0,5.0,1,21,1445,1,2,1,1,1,3,30,2,1
23369,201600010500,1.0,1,1,1,93.0,0.0,0.0,0.0,1996.0,A01,1.0,7,0,0.0,1.0,2.0,1.0,1,27,715,2,2,1,1,6,1,7,2,2
23370,201600010500,0.0,3,3,2,0.0,3.0,3.0,1.0,2001.0,A01,1.0,7,0,0.0,1.0,2.0,1.0,1,27,715,2,2,1,1,6,1,7,2,2
23377,201600010504,1.0,1,1,1,11.0,0.0,0.0,0.0,1960.0,A01,0.0,7,0,0.0,1.0,1.0,1.0,2,20,854,1,1,1,1,6,1,7,2,2
23378,201600010504,0.0,3,3,2,0.0,4.0,3.0,1.0,1959.0,A01,0.0,7,0,0.0,1.0,1.0,1.0,2,20,854,1,1,1,1,6,1,7,2,2
23379,201600010505,1.0,1,1,2,11.0,0.0,0.0,0.0,1956.0,A01,1.0,7,0,0.0,1.0,7.0,2.0,3,1,1825,5,2,1,1,6,4,7,2,2
23380,201600010505,0.0,3,3,1,0.0,2.0,3.0,1.0,2001.0,A01,1.0,7,0,0.0,1.0,7.0,2.0,3,1,1825,5,2,1,1,6,4,7,2,2
23381,201600010506,1.0,1,1,1,11.0,0.0,0.0,0.0,1995.0,A01,1.0,7,0,0.0,1.0,3.0,1.0,3,2,1200,1,2,1,1,6,2,7,2,2
23382,201600010506,0.0,3,4,2,0.0,3.0,3.0,1.0,1997.0,A01,1.0,7,0,0.0,1.0,3.0,1.0,3,2,1200,1,2,1,1,6,2,7,2,2
23383,201600010507,1.0,1,1,1,11.0,0.0,0.0,0.0,1978.0,A01,1.0,37,1,0.0,1.0,2.0,1.0,3,8,1120,1,2,1,1,6,1,37,3,3
23384,201600010507,0.0,3,3,1,0.0,2.0,3.0,1.0,1948.0,A01,1.0,37,1,0.0,1.0,2.0,1.0,3,8,1120,1,2,1,1,6,1,37,3,3
23385,201600010508,1.0,1,1,2,21.0,0.0,0.0,0.0,1955.0,A01,1.0,2,0,0.0,2.0,1.0,15.0,3,14,805,1,2,1,1,3,1,1,1,1
23386,201600010508,1.0,1,3,1,21.0,0.0,0.0,0.0,1985.0,B01,1.0,1,0,0.0,2.0,0.0,0.0,3,14,805,1,2,1,1,3,1,2,1,1
23389,201600010510,1.0,1,1,1,11.0,0.0,0.0,0.0,1996.0,A01,1.0,7,0,0.0,2.0,3.0,9.0,3,20,1950,5,2,1,1,3,4,34,2,1
23390,201600010510,1.0,1,4,1,21.0,0.0,0.0,0.0,1984.0,B01,2.0,34,0,0.0,2.0,1.0,1.0,3,20,1950,5,2,1,1,3,4,7,1,2
23391,201600010511,1.0,1,1,1,11.0,0.0,0.0,0.0,1972.0,A01,1.0,7,0,0.0,1.0,1.0,1.0,3,22,755,1,2,1,1,6,1,7,2,2
23392,201600010511,0.0,3,3,2,0.0,3.0,3.0,2.0,1964.0,A01,1.0,7,0,0.0,1.0,1.0,1.0,3,22,755,1,2,1,1,6,1,7,2,2
23393,201600010511,0.0,3,3,1,0.0,3.0,3.0,2.0,1976.0,A01,1.0,7,0,0.0,1.0,1.0,1.0,3,22,755,1,2,1,1,6,1,7,2,2
23394,201600010512,1.0,1,1,1,11.0,0.0,0.0,0.0,1927.0,A01,1.0,7,0,0.0,1.0,1.0,0.0,3,22,1740,1,2,1,1,7,3,7,2,2
23395,201600010512,0.0,3,4,2,0.0,3.0,3.0,1.0,1930.0,A01,1.0,7,0,0.0,1.0,1.0,0.0,3,22,1740,1,2,1,1,7,3,7,2,2
23396,201600010513,1.0,1,1,1,11.0,0.0,0.0,0.0,1943.0,A01,1.0,7,0,0.0,2.0,8.0,1.0,3,25,1203,1,2,1,1,3,2,33,2,1
23397,201600010513,1.0,1,4,1,21.0,0.0,0.0,0.0,1995.0,B01,1.0,33,0,0.0,2.0,1.0,1.0,3,25,1203,1,2,1,1,3,2,7,1,2
23398,201600010514,1.0,1,1,2,11.0,0.0,0.0,0.0,1970.0,A01,0.0,7,0,0.0,2.0,1.0,1.0,3,30,1015,1,2,1,1,1,1,33,2,1
23399,201600010514,1.0,1,4,1,21.0,0.0,0.0,0.0,1948.0,B01,0.0,33,0,0.0,2.0,1.0,1.0,3,30,1015,1,2,1,1,1,1,7,1,2
23400,201600010515,1.0,1,3,1,21.0,0.0,0.0,0.0,1990.0,B01,1.0,34,0,0.0,2.0,1.0,2.0,4,2,1007,1,2,1,1,3,1,7,1,2
23401,201600010515,1.0,1,1,1,11.0,0.0,0.0,0.0,1932.0,A01,1.0,7,0,0.0,2.0,6.0,10.0,4,2,1007,1,2,1,1,3,1,34,2,1
23402,201600010516,1.0,1,1,2,11.0,0.0,0.0,0.0,1945.0,B01,2.0,7,0,0.0,2.0,4.0,1.0,4,8,1537,1,2,1,1,2,3,30,2,1
23403,201600010516,1.0,1,4,1,21.0,0.0,0.0,0.0,1998.0,A01,1.0,30,0,0.0,2.0,1.0,2.0,4,8,1537,1,2,1,1,2,3,7,1,2
23404,201600010517,1.0,1,1,1,11.0,0.0,0.0,0.0,1943.0,A01,1.0,7,0,0.0,1.0,1.0,1.0,4,11,1508,1,2,1,1,6,3,7,2,2
23405,201600010517,0.0,3,3,1,0.0,2.0,3.0,1.0,1936.0,A01,1.0,7,0,0.0,1.0,1.0,1.0,4,11,1508,1,2,1,1,6,3,7,2,2
23406,201600010518,1.0,1,1,2,11.0,0.0,0.0,0.0,1957.0,A01,1.0,7,0,0.0,2.0,0.0,0.0,4,13,1149,1,2,1,1,6,1,32,2,1
23407,201600010518,1.0,1,4,1,21.0,0.0,0.0,0.0,1971.0,B01,1.0,32,0,0.0,2.0,1.0,0.0,4,13,1149,1,2,1,1,6,1,7,1,2
23408,201600010519,1.0,1,1,1,11.0,0.0,0.0,0.0,1980.0,A01,1.0,7,0,0.0,2.0,1.0,1.0,4,14,1445,1,2,1,1,4,3,7,2,2
23409,201600010519,1.0,1,4,1,11.0,0.0,0.0,0.0,1980.0,B01,1.0,7,0,0.0,2.0,4.0,0.0,4,14,1445,1,2,1,1,4,3,7,2,2
23410,201600010519,2.0,2,4,1,11.0,0.0,0.0,0.0,1973.0,B01,1.0,7,0,0.0,2.0,4.0,0.0,4,14,1445,1,2,1,1,4,3,7,2,2
23411,201600010519,1.0,1,1,2,11.0,0.0,0.0,0.0,1990.0,C01,1.0,7,0,0.0,2.0,4.0,1.0,4,14,1445,1,2,1,1,4,3,7,2,2
23412,201600010520,1.0,1,1,1,11.0,0.0,0.0,0.0,1937.0,A01,1.0,7,0,0.0,2.0,2.0,15.0,4,19,720,1,2,1,1,3,1,1,2,1
23413,201600010520,1.0,1,3,1,21.0,0.0,0.0,0.0,1940.0,B01,1.0,1,0,0.0,0.0,0.0,0.0,4,19,720,1,2,1,1,3,1,7,1,2
23414,201600010521,1.0,1,1,1,11.0,0.0,0.0,0.0,1970.0,A01,1.0,7,0,0.0,2.0,0.0,0.0,4,21,1316,1,2,1,1,1,2,1,2,1
23415,201600010521,1.0,1,4,1,21.0,0.0,0.0,0.0,1968.0,B01,0.0,1,0,0.0,0.0,0.0,0.0,4,21,1316,1,2,1,1,1,2,7,1,2
23416,201600010522,1.0,1,1,1,21.0,0.0,0.0,0.0,1977.0,A01,1.0,2,0,0.0,1.0,1.0,18.0,4,22,1153,1,2,1,1,7,1,2,1,1
23417,201600010522,0.0,3,4,2,0.0,3.0,3.0,1.0,1953.0,A01,1.0,2,0,0.0,1.0,1.0,18.0,4,22,1153,1,2,1,1,7,1,2,1,1
23418,201600010523,1.0,1,3,1,21.0,0.0,0.0,0.0,1968.0,B01,0.0,32,0,0.0,0.0,0.0,0.0,4,22,1520,1,2,1,1,3,3,7,1,2
23419,201600010523,1.0,1,1,2,11.0,0.0,0.0,0.0,1984.0,A01,1.0,7,0,0.0,2.0,3.0,9.0,4,22,1520,1,2,1,1,3,3,32,2,1
23420,201600010524,1.0,1,4,1,11.0,0.0,0.0,0.0,1983.0,A01,1.0,7,0,0.0,2.0,1.0,13.0,4,24,1940,1,2,1,1,6,4,7,2,2
23421,201600010524,3.0,2,4,1,11.0,0.0,0.0,0.0,2010.0,A01,1.0,7,0,0.0,2.0,1.0,13.0,4,24,1940,1,2,1,1,6,4,7,2,2
23422,201600010524,1.0,1,4,1,11.0,0.0,0.0,0.0,1939.0,B01,2.0,7,0,0.0,0.0,0.0,0.0,4,24,1940,1,2,1,1,6,4,7,2,2
23423,201600010524,2.0,2,3,2,11.0,0.0,0.0,0.0,1942.0,B01,2.0,7,0,0.0,0.0,0.0,0.0,4,24,1940,1,2,1,1,6,4,7,2,2
23424,201600010525,1.0,1,1,2,11.0,0.0,0.0,0.0,1959.0,A01,1.0,7,0,0.0,1.0,1.0,2.0,4,12,1700,1,2,1,1,6,3,7,2,2
23425,201600010525,0.0,3,4,1,0.0,2.0,3.0,1.0,1924.0,A01,1.0,7,0,0.0,1.0,1.0,2.0,4,12,1700,1,2,1,1,6,3,7,2,2
23426,201600010525,0.0,3,4,2,0.0,2.0,3.0,1.0,1926.0,A01,1.0,7,0,0.0,1.0,1.0,2.0,4,12,1700,1,2,1,1,6,3,7,2,2
23429,201600010527,1.0,1,1,2,11.0,0.0,0.0,0.0,1943.0,A01,1.0,7,0,0.0,2.0,2.0,5.0,4,29,1620,1,2,1,1,5,3,32,2,1
23430,201600010527,1.0,1,4,1,21.0,0.0,0.0,0.0,1970.0,B01,2.0,32,0,0.0,2.0,1.0,1.0,4,29,1620,1,2,1,1,5,3,7,1,2
23431,201600010527,1.0,1,1,1,11.0,0.0,0.0,0.0,1976.0,C01,1.0,7,0,0.0,2.0,1.0,1.0,4,29,1620,1,2,1,1,5,3,32,2,1
23436,201600010530,1.0,1,1,2,11.0,0.0,0.0,0.0,1995.0,A01,2.0,7,0,0.0,2.0,1.0,15.0,5,7,1152,1,2,1,1,3,1,31,2,1
23437,201600010530,1.0,1,3,2,21.0,0.0,0.0,0.0,1986.0,B01,2.0,31,0,0.0,2.0,1.0,1.0,5,7,1152,1,2,1,1,3,1,7,1,2
23441,201600010532,1.0,1,3,1,21.0,0.0,0.0,0.0,1962.0,B01,1.0,31,0,0.0,2.0,1.0,1.0,5,12,1348,1,2,1,1,3,2,7,1,2
23442,201600010532,1.0,1,1,1,11.0,0.0,0.0,0.0,1995.0,A01,1.0,7,0,9.0,2.0,7.0,15.0,5,12,1348,1,2,1,1,3,2,31,2,1
23443,201600010533,1.0,1,1,1,11.0,0.0,0.0,0.0,1986.0,B01,2.0,7,0,0.0,2.0,3.0,9.0,5,14,1554,1,2,1,1,3,3,34,2,1
23444,201600010533,1.0,1,4,1,21.0,0.0,0.0,0.0,1979.0,A01,1.0,34,0,0.0,2.0,1.0,17.0,5,14,1554,1,2,1,1,3,3,7,1,2
23445,201600010534,1.0,1,4,1,21.0,0.0,0.0,0.0,1985.0,B01,1.0,32,0,0.0,2.0,1.0,1.0,5,14,1651,1,2,1,1,3,3,7,1,2
23446,201600010534,1.0,1,1,1,11.0,0.0,0.0,0.0,1957.0,A01,1.0,7,0,0.0,2.0,1.0,15.0,5,14,1651,1,2,1,1,3,3,32,2,1
23447,201600010535,1.0,1,1,1,11.0,0.0,0.0,0.0,1993.0,A01,1.0,7,0,0.0,2.0,3.0,11.0,5,16,650,1,2,1,1,6,1,33,2,1
23448,201600010535,1.0,1,4,1,21.0,0.0,0.0,0.0,1959.0,B01,1.0,33,0,0.0,0.0,0.0,0.0,5,16,650,1,2,1,1,6,1,7,1,2
23449,201600010536,1.0,1,3,1,23.0,0.0,0.0,0.0,1995.0,B01,1.0,1,0,0.0,0.0,0.0,0.0,5,18,2045,2,2,1,1,3,4,7,1,2
23450,201600010536,1.0,1,1,2,11.0,0.0,0.0,0.0,1986.0,A01,1.0,7,0,0.0,2.0,1.0,1.0,5,18,2045,2,2,1,1,3,4,1,2,1
23451,201600010537,1.0,1,1,1,11.0,0.0,0.0,0.0,1969.0,A01,1.0,7,0,0.0,1.0,0.0,0.0,5,19,1920,1,2,1,1,6,4,7,2,2
23452,201600010537,0.0,3,3,1,0.0,3.0,3.0,1.0,2009.0,A01,1.0,7,0,0.0,1.0,0.0,0.0,5,19,1920,1,2,1,1,6,4,7,2,2
23453,201600010538,1.0,1,4,1,21.0,0.0,0.0,0.0,1995.0,B01,1.0,2,0,0.0,2.0,1.0,1.0,5,17,920,1,2,1,1,3,1,7,1,2
23454,201600010538,1.0,1,1,1,11.0,0.0,0.0,0.0,1944.0,A01,1.0,7,0,0.0,2.0,0.0,0.0,5,17,920,1,2,1,1,3,1,2,2,1
23455,201600010539,1.0,1,1,1,11.0,0.0,0.0,0.0,1967.0,A01,1.0,7,0,0.0,1.0,1.0,1.0,5,21,1120,1,2,1,1,7,1,7,2,2
23456,201600010539,0.0,3,3,1,0.0,4.0,5.0,1.0,1980.0,A01,1.0,7,0,0.0,1.0,1.0,1.0,5,21,1120,1,2,1,1,7,1,7,2,2
23457,201600010540,1.0,1,1,2,11.0,0.0,0.0,0.0,1982.0,A01,1.0,7,0,0.0,2.0,1.0,9.0,5,21,1529,1,2,1,1,3,3,31,2,1
23458,201600010540,1.0,1,4,1,21.0,0.0,0.0,0.0,1984.0,B01,1.0,31,0,0.0,2.0,1.0,2.0,5,21,1529,1,2,1,1,3,3,7,1,2
23474,201600010548,1.0,1,1,1,11.0,0.0,0.0,0.0,1971.0,A01,1.0,7,0,0.0,2.0,1.0,2.0,6,6,1450,1,2,1,1,3,3,33,2,1
23475,201600010548,1.0,1,4,1,21.0,0.0,0.0,0.0,1956.0,B01,1.0,33,0,0.0,2.0,1.0,2.0,6,6,1450,1,2,1,1,3,3,7,1,2
23476,201600010549,1.0,1,4,2,11.0,0.0,0.0,0.0,1955.0,A01,1.0,7,0,0.0,2.0,8.0,1.0,6,12,1950,1,1,1,1,6,4,33,2,1
23477,201600010549,1.0,1,3,1,21.0,0.0,0.0,0.0,1972.0,B01,1.0,33,0,0.0,2.0,1.0,17.0,6,12,1950,1,1,1,1,6,4,7,1,2
23478,201600010550,1.0,1,3,1,21.0,0.0,0.0,0.0,1949.0,B01,1.0,31,0,0.0,2.0,1.0,15.0,6,13,722,1,2,1,1,3,1,7,1,2
23479,201600010550,5.0,2,3,2,21.0,0.0,0.0,0.0,1951.0,B01,1.0,31,0,0.0,2.0,1.0,15.0,6,13,722,1,2,1,1,3,1,7,1,2
23480,201600010550,1.0,1,1,1,11.0,0.0,0.0,0.0,1976.0,A01,1.0,7,0,0.0,2.0,0.0,0.0,6,13,722,1,2,1,1,3,1,31,2,1
23481,201600010551,1.0,1,4,1,11.0,0.0,0.0,0.0,1978.0,A01,1.0,7,0,0.0,2.0,8.0,15.0,6,14,623,1,2,1,1,6,1,7,2,2
23482,201600010551,1.0,1,4,1,11.0,0.0,0.0,0.0,1990.0,B01,1.0,7,0,0.0,2.0,1.0,1.0,6,14,623,1,2,1,1,6,1,7,2,2
23485,201600010553,0.0,3,4,2,0.0,3.0,3.0,1.0,2001.0,A01,1.0,32,0,0.0,1.0,1.0,0.0,6,29,1425,1,2,1,1,6,3,32,1,1
23486,201600010553,1.0,1,1,2,21.0,0.0,0.0,0.0,1997.0,A01,1.0,32,0,0.0,1.0,1.0,0.0,6,29,1425,1,2,1,1,6,3,32,1,1
23487,201600010554,1.0,1,1,1,11.0,0.0,0.0,0.0,1988.0,A01,1.0,7,0,0.0,2.0,1.0,5.0,7,8,1728,1,2,1,1,1,3,33,2,1
23488,201600010554,1.0,1,4,1,21.0,0.0,0.0,0.0,1994.0,B01,2.0,33,0,0.0,2.0,1.0,1.0,7,8,1728,1,2,1,1,1,3,7,1,2
23489,201600010555,1.0,1,1,1,11.0,0.0,0.0,0.0,1983.0,B01,1.0,7,0,0.0,2.0,4.0,1.0,7,10,1521,1,2,1,1,6,3,31,2,1
23490,201600010555,1.0,1,3,1,21.0,0.0,0.0,0.0,1982.0,A01,1.0,31,0,0.0,2.0,1.0,1.0,7,10,1521,1,2,1,1,6,3,7,1,2
23491,201600010556,1.0,1,1,1,11.0,0.0,0.0,0.0,1936.0,B01,1.0,7,0,0.0,2.0,3.0,15.0,7,20,1650,1,2,1,7,3,3,33,2,1
23492,201600010556,1.0,1,3,1,21.0,0.0,0.0,0.0,1989.0,A01,1.0,33,0,0.0,2.0,1.0,1.0,7,20,1650,1,2,1,7,3,3,7,1,2
23493,201600010556,5.0,2,2,2,21.0,0.0,0.0,0.0,1992.0,A01,1.0,33,0,0.0,2.0,1.0,1.0,7,20,1650,1,2,1,7,3,3,7,1,2
23500,201600010559,1.0,1,4,2,11.0,0.0,0.0,0.0,1954.0,B01,0.0,7,0,0.0,0.0,0.0,0.0,8,5,1348,1,1,1,1,3,2,7,2,2
23501,201600010559,1.0,1,4,2,11.0,0.0,0.0,0.0,1940.0,A01,1.0,7,0,0.0,0.0,0.0,0.0,8,5,1348,1,1,1,1,3,2,7,2,2
23502,201600010560,0.0,3,3,2,0.0,2.0,3.0,1.0,1957.0,A01,1.0,7,0,0.0,1.0,1.0,1.0,8,5,1932,1,2,1,1,6,4,7,2,2
23503,201600010560,1.0,1,1,1,11.0,0.0,0.0,0.0,1977.0,A01,1.0,7,0,0.0,1.0,1.0,1.0,8,5,1932,1,2,1,1,6,4,7,2,2
23504,201600010561,1.0,1,3,1,21.0,0.0,0.0,0.0,1964.0,B01,0.0,2,0,0.0,2.0,1.0,1.0,8,5,2340,5,2,1,1,1,5,7,1,2
23505,201600010561,1.0,1,1,1,11.0,0.0,0.0,0.0,1962.0,A01,1.0,7,0,0.0,2.0,1.0,5.0,8,5,2340,5,2,1,1,1,5,2,2,1
23506,201600010562,1.0,1,4,1,21.0,0.0,0.0,0.0,2000.0,A01,0.0,32,0,0.0,2.0,1.0,5.0,8,8,1610,1,2,1,1,3,3,30,1,1
23507,201600010562,1.0,1,4,1,21.0,0.0,0.0,0.0,2000.0,B01,1.0,30,0,0.0,0.0,0.0,0.0,8,8,1610,1,2,1,1,3,3,32,1,1
23508,201600010563,1.0,1,1,2,11.0,0.0,0.0,0.0,2000.0,A01,1.0,3,0,0.0,2.0,5.0,15.0,8,9,1840,1,2,1,1,3,4,34,0,1
23509,201600010563,1.0,1,3,1,21.0,0.0,0.0,0.0,1948.0,B01,1.0,34,0,0.0,2.0,1.0,1.0,8,9,1840,1,2,1,1,3,4,3,1,0
23510,201600010564,1.0,1,1,1,21.0,0.0,0.0,0.0,1952.0,A01,1.0,33,0,0.0,1.0,1.0,0.0,8,10,1900,1,2,1,1,6,4,33,1,1
23511,201600010564,0.0,3,4,1,0.0,2.0,3.0,1.0,2012.0,A01,1.0,33,0,0.0,1.0,1.0,0.0,8,10,1900,1,2,1,1,6,4,33,1,1
23512,201600010565,1.0,1,1,1,11.0,0.0,0.0,0.0,1974.0,A01,2.0,20,0,0.0,1.0,1.0,1.0,8,11,1057,1,2,1,7,6,1,7,0,2
23513,201600010565,0.0,3,3,1,0.0,3.0,3.0,2.0,2013.0,A01,2.0,20,0,0.0,1.0,1.0,1.0,8,11,1057,1,2,1,7,6,1,7,0,2
23514,201600010565,1.0,1,1,1,93.0,0.0,0.0,0.0,1988.0,B01,1.0,7,0,0.0,0.0,0.0,0.0,8,11,1057,1,2,1,7,6,1,20,2,0
23515,201600010566,1.0,1,1,2,11.0,0.0,0.0,0.0,1969.0,A01,1.0,7,0,0.0,1.0,1.0,0.0,8,12,1129,1,2,1,1,6,1,7,2,2
23516,201600010566,0.0,3,4,1,0.0,4.0,3.0,1.0,2002.0,A01,1.0,7,0,0.0,1.0,1.0,0.0,8,12,1129,1,2,1,1,6,1,7,2,2
23517,201600010567,1.0,1,1,1,11.0,0.0,0.0,0.0,1990.0,B01,1.0,7,0,0.0,0.0,0.0,0.0,8,15,2335,5,2,1,1,6,5,7,2,2
23518,201600010567,0.0,3,4,2,0.0,5.0,2.0,2.0,1970.0,A01,1.0,7,0,0.0,1.0,1.0,0.0,8,15,2335,5,2,1,1,6,5,7,2,2
23519,201600010567,1.0,1,1,1,11.0,0.0,0.0,0.0,1983.0,A01,1.0,7,0,0.0,1.0,1.0,0.0,8,15,2335,5,2,1,1,6,5,7,2,2
23520,201600010567,0.0,3,4,1,0.0,5.0,2.0,2.0,1948.0,A01,1.0,7,0,0.0,1.0,1.0,0.0,8,15,2335,5,2,1,1,6,5,7,2,2
23529,201600010571,1.0,1,3,2,11.0,0.0,0.0,0.0,1962.0,A01,0.0,7,0,0.0,2.0,3.0,15.0,9,2,1000,1,2,1,1,1,1,7,2,2
23530,201600010571,1.0,1,4,2,11.0,0.0,0.0,0.0,1972.0,B01,0.0,7,0,0.0,2.0,2.0,1.0,9,2,1000,1,2,1,1,1,1,7,2,2
23531,201600010572,1.0,1,1,1,11.0,0.0,0.0,0.0,1989.0,A01,1.0,7,0,0.0,2.0,8.0,10.0,9,3,30,5,2,1,1,3,0,33,2,1
23532,201600010572,1.0,1,3,1,21.0,0.0,0.0,0.0,1991.0,B01,1.0,33,0,0.0,2.0,1.0,1.0,9,3,30,5,2,1,1,3,0,7,1,2
23533,201600010573,1.0,1,1,1,11.0,0.0,0.0,0.0,1967.0,B01,1.0,7,0,0.0,2.0,3.0,0.0,9,10,2130,5,2,1,1,3,4,32,2,1
23534,201600010573,1.0,1,2,1,21.0,0.0,0.0,0.0,1991.0,A01,1.0,32,0,8.0,2.0,1.0,1.0,9,10,2130,5,2,1,1,3,4,7,1,2
23535,201600010574,0.0,3,4,2,0.0,5.0,0.0,1.0,1957.0,A01,1.0,7,0,0.0,1.0,1.0,1.0,9,10,1730,1,2,1,1,6,3,7,2,2
23536,201600010574,1.0,1,1,2,11.0,0.0,0.0,0.0,1943.0,A01,1.0,7,0,0.0,1.0,1.0,1.0,9,10,1730,1,2,1,1,6,3,7,2,2
23537,201600010575,1.0,1,1,1,11.0,0.0,0.0,0.0,1971.0,A01,1.0,37,1,0.0,1.0,1.0,1.0,9,9,1226,1,2,1,1,6,2,37,3,3
23538,201600010575,0.0,3,4,1,0.0,4.0,3.0,1.0,1954.0,A01,1.0,37,1,0.0,1.0,1.0,1.0,9,9,1226,1,2,1,1,6,2,37,3,3
23539,201600010576,1.0,1,4,1,21.0,0.0,0.0,0.0,1999.0,A01,1.0,30,0,0.0,1.0,1.0,1.0,9,16,1720,1,2,1,1,6,3,30,1,1
23540,201600010576,0.0,3,4,1,0.0,3.0,3.0,1.0,1999.0,A01,1.0,30,0,0.0,1.0,1.0,1.0,9,16,1720,1,2,1,1,6,3,30,1,1
23541,201600010577,1.0,1,1,1,11.0,0.0,0.0,0.0,1985.0,A01,1.0,7,0,0.0,2.0,3.0,5.0,9,20,1509,1,2,1,1,3,3,7,2,2
23542,201600010577,1.0,1,3,1,11.0,0.0,0.0,0.0,1976.0,B01,0.0,7,0,0.0,2.0,1.0,0.0,9,20,1509,1,2,1,1,3,3,7,2,2