,Num_Acc,place,catu,grav,sexe,secu,locp,actp,etatp,an_nais,num_veh,senc,catv,occutc,obs,obsm,choc,manv,mois,jour,hrmn,lum,agg,int,atm,col,mom,catvopp,catv_gen,catvopp_gen
23545,201600010579,1.0,1,3,1,21.0,0.0,0.0,0.0,1990.0,A01,1.0,33,0,9.0,0.0,1.0,1.0,9,25,114,5,2,1,1,6,0,33,1,1
23546,201600010580,1.0,1,3,1,21.0,0.0,0.0,0.0,1960.0,B01,1.0,32,0,0.0,2.0,1.0,1.0,9,26,1725,1,1,1,1,1,3,7,1,2
23547,201600010580,1.0,1,1,1,11.0,0.0,0.0,0.0,1941.0,A01,1.0,7,0,0.0,2.0,1.0,9.0,9,26,1725,1,1,1,1,1,3,32,2,1
23548,201600010581,1.0,1,1,1,11.0,0.0,0.0,0.0,1978.0,A01,0.0,7,0,0.0,1.0,1.0,0.0,9,20,2156,5,2,1,1,6,4,7,2,2
23549,201600010581,0.0,3,3,2,0.0,3.0,3.0,1.0,1943.0,A01,0.0,7,0,0.0,1.0,1.0,0.0,9,20,2156,5,2,1,1,6,4,7,2,2
23550,201600010582,0.0,3,4,1,0.0,2.0,3.0,1.0,2009.0,A01,1.0,7,0,0.0,1.0,1.0,0.0,9,30,1353,1,2,1,1,6,2,7,2,2
23551,201600010582,1.0,1,1,1,11.0,0.0,0.0,0.0,1962.0,A01,1.0,7,0,0.0,1.0,1.0,0.0,9,30,1353,1,2,1,1,6,2,7,2,2
23552,201600010583,1.0,1,3,1,21.0,0.0,0.0,0.0,1983.0,B01,1.0,33,0,0.0,2.0,1.0,1.0,10,4,1837,1,2,1,1,3,4,7,1,2
23553,201600010583,1.0,1,1,1,11.0,0.0,0.0,0.0,1947.0,A01,1.0,7,0,0.0,2.0,1.0,5.0,10,4,1837,1,2,1,1,3,4,33,2,1
23554,201600010584,1.0,1,1,2,11.0,0.0,0.0,0.0,1958.0,A01,1.0,7,0,0.0,2.0,1.0,1.0,10,8,1353,1,1,1,1,1,2,7,2,2
23555,201600010584,1.0,1,3,1,11.0,0.0,0.0,0.0,1977.0,B01,1.0,7,0,0.0,2.0,1.0,0.0,10,8,1353,1,1,1,1,1,2,7,2,2
23556,201600010585,1.0,1,1,2,11.0,0.0,0.0,0.0,1942.0,A01,1.0,7,0,0.0,1.0,1.0,1.0,10,3,1345,1,2,1,1,6,2,7,2,2
23557,201600010585,0.0,3,4,1,0.0,0.0,3.0,1.0,2001.0,A01,1.0,7,0,0.0,1.0,1.0,1.0,10,3,1345,1,2,1,1,6,2,7,2,2
23558,201600010586,1.0,1,4,1,91.0,0.0,0.0,0.0,2005.0,B01,0.0,1,0,0.0,2.0,1.0,0.0,10,6,2000,5,2,1,1,3,4,7,1,2
23559,201600010586,1.0,1,1,2,11.0,0.0,0.0,0.0,1945.0,A01,0.0,7,0,0.0,2.0,3.0,0.0,10,6,2000,5,2,1,1,3,4,1,2,1
23560,201600010587,1.0,1,1,2,11.0,0.0,0.0,0.0,1950.0,A01,1.0,7,0,0.0,2.0,0.0,0.0,10,10,1110,1,2,1,1,1,1,33,2,1
23561,201600010587,1.0,1,4,1,21.0,0.0,0.0,0.0,1975.0,B01,1.0,33,0,0.0,2.0,1.0,1.0,10,10,1110,1,2,1,1,1,1,7,1,2
23562,201600010588,1.0,1,1,2,11.0,0.0,0.0,0.0,1970.0,A01,1.0,37,1,0.0,1.0,3.0,1.0,10,12,1258,1,2,1,1,6,2,37,3,3
23563,201600010588,0.0,3,3,1,0.0,2.0,3.0,1.0,1999.0,A01,1.0,37,1,0.0,1.0,3.0,1.0,10,12,1258,1,2,1,1,6,2,37,3,3
23564,201600010589,0.0,3,3,1,0.0,3.0,3.0,1.0,1933.0,A01,1.0,33,0,0.0,1.0,1.0,1.0,10,12,1910,1,2,1,1,6,4,33,1,1
23565,201600010589,1.0,1,1,1,21.0,0.0,0.0,0.0,1991.0,A01,1.0,33,0,0.0,1.0,1.0,1.0,10,12,1910,1,2,1,1,6,4,33,1,1
23566,201600010590,1.0,1,4,1,11.0,0.0,0.0,0.0,1938.0,A01,1.0,7,0,5.0,9.0,1.0,1.0,10,13,1800,5,2,1,1,6,4,7,2,2
23567,201600010591,1.0,1,1,1,11.0,0.0,0.0,0.0,1986.0,A01,1.0,7,0,1.0,1.0,1.0,0.0,10,14,736,1,2,1,1,6,1,7,2,2
23568,201600010591,0.0,3,4,1,0.0,2.0,3.0,1.0,1999.0,A01,1.0,7,0,1.0,1.0,1.0,0.0,10,14,736,1,2,1,1,6,1,7,2,2
23569,201600010592,1.0,1,1,1,11.0,0.0,0.0,0.0,1943.0,A01,1.0,7,0,0.0,1.0,1.0,0.0,10,16,1145,1,2,1,1,6,1,7,2,2
23570,201600010592,0.0,3,4,1,0.0,3.0,3.0,2.0,1990.0,A01,1.0,7,0,0.0,1.0,1.0,0.0,10,16,1145,1,2,1,1,6,1,7,2,2
23571,201600010593,1.0,1,1,1,11.0,0.0,0.0,0.0,1935.0,A01,1.0,7,0,0.0,1.0,2.0,1.0,10,20,804,1,2,1,1,6,1,7,2,2
23572,201600010593,0.0,3,2,2,0.0,4.0,3.0,1.0,1990.0,A01,1.0,7,0,0.0,1.0,2.0,1.0,10,20,804,1,2,1,1,6,1,7,2,2
23573,201600010594,1.0,1,1,1,11.0,0.0,0.0,0.0,1962.0,A01,1.0,7,0,0.0,1.0,3.0,2.0,10,24,400,5,2,1,1,6,0,7,2,2
23574,201600010594,0.0,3,3,1,0.0,1.0,9.0,1.0,1963.0,A01,1.0,7,0,0.0,1.0,3.0,2.0,10,24,400,5,2,1,1,6,0,7,2,2
23575,201600010595,1.0,1,1,1,11.0,0.0,0.0,0.0,1991.0,A01,0.0,7,0,0.0,1.0,1.0,1.0,10,28,830,1,2,1,1,6,1,7,2,2
23576,201600010595,0.0,3,3,1,0.0,1.0,3.0,1.0,1986.0,A01,0.0,7,0,0.0,1.0,1.0,1.0,10,28,830,1,2,1,1,6,1,7,2,2
23577,201600010596,2.0,2,4,2,21.0,0.0,0.0,0.0,1969.0,B01,1.0,34,0,0.0,2.0,0.0,13.0,10,30,1711,1,2,1,1,3,3,7,1,2
23578,201600010596,1.0,1,4,1,21.0,0.0,0.0,0.0,1965.0,B01,1.0,34,0,0.0,2.0,0.0,13.0,10,30,1711,1,2,1,1,3,3,7,1,2
23579,201600010596,1.0,1,1,1,11.0,0.0,0.0,0.0,1991.0,A01,0.0,7,0,0.0,2.0,3.0,15.0,10,30,1711,1,2,1,1,3,3,34,2,1
23580,201600010597,1.0,1,4,1,21.0,0.0,0.0,0.0,2001.0,B01,1.0,32,0,0.0,2.0,1.0,1.0,11,1,1200,1,2,1,1,3,2,7,1,2
23581,201600010597,1.0,1,1,1,11.0,0.0,0.0,0.0,1982.0,A01,1.0,7,0,0.0,2.0,0.0,12.0,11,1,1200,1,2,1,1,3,2,32,2,1
23582,201600010598,0.0,3,3,1,0.0,2.0,3.0,1.0,2001.0,A01,1.0,7,0,0.0,1.0,2.0,1.0,11,1,1830,5,2,1,1,6,4,7,2,2
23583,201600010598,1.0,1,1,1,11.0,0.0,0.0,0.0,1988.0,A01,1.0,7,0,0.0,1.0,2.0,1.0,11,1,1830,5,2,1,1,6,4,7,2,2
23584,201600010599,1.0,1,4,1,21.0,0.0,0.0,0.0,1995.0,B01,1.0,30,0,0.0,2.0,1.0,0.0,11,3,1840,5,2,1,1,3,4,7,1,2
23585,201600010599,1.0,1,1,1,11.0,0.0,0.0,0.0,1987.0,A01,1.0,7,0,0.0,2.0,1.0,1.0,11,3,1840,5,2,1,1,3,4,30,2,1
23586,201600010600,1.0,1,1,1,11.0,0.0,0.0,0.0,1992.0,A01,1.0,10,0,0.0,2.0,8.0,13.0,11,8,1800,5,2,1,1,3,4,33,2,1
23587,201600010600,1.0,1,4,1,21.0,0.0,0.0,0.0,1958.0,B01,1.0,33,0,0.0,2.0,1.0,1.0,11,8,1800,5,2,1,1,3,4,10,1,2
23588,201600010601,1.0,1,4,1,21.0,0.0,0.0,0.0,1968.0,B01,1.0,31,0,0.0,2.0,0.0,1.0,11,6,837,1,2,1,1,3,1,7,1,2
23589,201600010601,1.0,1,1,1,11.0,0.0,0.0,0.0,1951.0,A01,1.0,7,0,0.0,2.0,2.0,15.0,11,6,837,1,2,1,1,3,1,31,2,1
23590,201600010602,1.0,1,1,1,11.0,0.0,0.0,0.0,1993.0,A01,1.0,7,0,0.0,1.0,4.0,4.0,11,13,1650,1,2,1,1,6,3,7,2,2
23591,201600010602,0.0,3,4,2,0.0,5.0,0.0,1.0,1937.0,A01,1.0,7,0,0.0,1.0,4.0,4.0,11,13,1650,1,2,1,1,6,3,7,2,2
23592,201600010603,1.0,1,4,1,21.0,0.0,0.0,0.0,1987.0,A01,1.0,34,0,0.0,2.0,1.0,0.0,11,19,2250,5,2,1,1,2,5,10,1,2
23593,201600010603,1.0,1,1,1,11.0,0.0,0.0,0.0,1962.0,B01,1.0,10,0,0.0,2.0,6.0,15.0,11,19,2250,5,2,1,1,2,5,34,2,1
23594,201600010604,1.0,1,4,2,21.0,0.0,0.0,0.0,1975.0,A01,1.0,32,0,0.0,0.0,0.0,0.0,11,18,1334,1,2,1,1,6,2,32,1,1
23595,201600010605,1.0,1,3,1,11.0,0.0,0.0,0.0,1983.0,A01,0.0,7,0,8.0,0.0,1.0,0.0,11,24,1750,3,1,1,3,6,3,7,2,2
23596,201600010606,1.0,1,1,1,11.0,0.0,0.0,0.0,1938.0,A01,1.0,7,0,0.0,1.0,1.0,0.0,11,29,855,1,2,1,1,6,1,7,2,2
23597,201600010606,0.0,3,4,1,0.0,0.0,9.0,2.0,1960.0,A01,1.0,7,0,0.0,1.0,1.0,0.0,11,29,855,1,2,1,1,6,1,7,2,2
23598,201600010607,1.0,1,2,1,21.0,0.0,0.0,0.0,2000.0,B01,1.0,30,0,0.0,2.0,1.0,1.0,12,1,2200,5,2,1,1,3,5,7,1,2
23599,201600010607,1.0,1,1,2,11.0,0.0,0.0,0.0,1990.0,A01,1.0,7,0,0.0,2.0,2.0,15.0,12,1,2200,5,2,1,1,3,5,30,2,1
23600,201600010608,1.0,1,1,2,11.0,0.0,0.0,0.0,1984.0,A01,1.0,7,0,0.0,1.0,4.0,4.0,12,2,1240,1,2,1,1,6,2,7,2,2
23601,201600010608,0.0,3,4,1,0.0,3.0,3.0,0.0,1926.0,A01,1.0,7,0,0.0,1.0,4.0,4.0,12,2,1240,1,2,1,1,6,2,7,2,2
23602,201600010609,1.0,1,1,1,11.0,0.0,0.0,0.0,1970.0,A01,1.0,7,0,0.0,1.0,1.0,0.0,12,3,1731,5,2,1,1,6,3,7,2,2
23603,201600010609,0.0,3,4,2,0.0,4.0,3.0,2.0,1968.0,A01,1.0,7,0,0.0,1.0,1.0,0.0,12,3,1731,5,2,1,1,6,3,7,2,2
23604,201600010609,0.0,3,4,1,0.0,3.0,3.0,1.0,2000.0,A01,1.0,7,0,0.0,1.0,1.0,0.0,12,3,1731,5,2,1,1,6,3,7,2,2
23605,201600010610,1.0,1,1,1,11.0,0.0,0.0,0.0,1937.0,A01,1.0,7,0,0.0,1.0,1.0,0.0,12,8,835,1,2,1,1,6,1,7,2,2
23606,201600010610,0.0,3,3,1,0.0,3.0,3.0,1.0,1935.0,A01,1.0,7,0,0.0,1.0,1.0,0.0,12,8,835,1,2,1,1,6,1,7,2,2
23607,201600010611,1.0,1,1,1,11.0,0.0,0.0,0.0,1998.0,A01,1.0,10,0,0.0,2.0,1.0,1.0,12,10,1650,1,2,1,1,1,3,30,2,1
23608,201600010611,1.0,1,4,2,21.0,0.0,0.0,0.0,2000.0,B01,1.0,30,0,0.0,2.0,1.0,1.0,12,10,1650,1,2,1,1,1,3,10,1,2
23609,201600010612,1.0,1,2,1,21.0,0.0,0.0,0.0,1956.0,A01,2.0,32,0,8.0,0.0,1.0,1.0,12,25,436,5,2,1,1,6,0,32,1,1
23610,201600010613,1.0,1,1,2,11.0,0.0,0.0,0.0,1930.0,A01,1.0,7,0,0.0,2.0,1.0,0.0,12,27,1045,1,2,1,1,6,1,1,2,1
23611,201600010613,1.0,1,4,1,91.0,0.0,0.0,0.0,2002.0,B01,0.0,1,0,0.0,2.0,1.0,0.0,12,27,1045,1,2,1,1,6,1,7,1,2
23614,201600010615,1.0,1,4,2,21.0,0.0,0.0,0.0,1968.0,B01,1.0,32,0,0.0,2.0,1.0,0.0,12,28,1700,2,2,1,1,3,3,7,1,2
23615,201600010615,1.0,1,1,2,11.0,0.0,0.0,0.0,1967.0,A01,1.0,7,0,0.0,2.0,1.0,15.0,12,28,1700,2,2,1,1,3,3,32,2,1
23616,201600010616,1.0,1,4,1,11.0,0.0,0.0,0.0,1995.0,A01,2.0,7,0,6.0,0.0,1.0,1.0,1,1,440,5,2,1,1,6,0,7,2,2
23617,201600010617,1.0,1,1,1,11.0,0.0,0.0,0.0,1995.0,A01,1.0,7,0,0.0,2.0,1.0,15.0,1,4,815,1,2,1,1,1,1,7,2,2
23618,201600010617,2.0,2,4,2,11.0,0.0,0.0,0.0,1995.0,A01,1.0,7,0,0.0,2.0,1.0,15.0,1,4,815,1,2,1,1,1,1,7,2,2
23619,201600010617,1.0,1,4,2,11.0,0.0,0.0,0.0,1979.0,B01,2.0,7,0,0.0,2.0,1.0,1.0,1,4,815,1,2,1,1,1,1,7,2,2
23620,201600010618,1.0,1,1,1,11.0,0.0,0.0,0.0,1975.0,B01,2.0,7,0,0.0,2.0,0.0,15.0,1,5,1800,5,2,1,1,3,4,2,2,1
23621,201600010618,2.0,2,1,2,11.0,0.0,0.0,0.0,1978.0,B01,2.0,7,0,0.0,2.0,0.0,15.0,1,5,1800,5,2,1,1,3,4,2,2,1
23622,201600010618,1.0,1,4,1,21.0,0.0,0.0,0.0,1983.0,A01,2.0,2,0,0.0,2.0,1.0,2.0,1,5,1800,5,2,1,1,3,4,7,1,2
23623,201600010619,1.0,1,1,2,11.0,0.0,0.0,0.0,1948.0,A01,2.0,7,0,0.0,2.0,2.0,15.0,1,6,1825,2,2,1,1,3,4,31,2,1
23624,201600010619,1.0,1,3,1,21.0,0.0,0.0,0.0,1964.0,B01,1.0,31,0,0.0,2.0,1.0,1.0,1,6,1825,2,2,1,1,3,4,7,1,2
23625,201600010620,1.0,1,1,1,21.0,0.0,0.0,0.0,1994.0,A01,2.0,2,0,0.0,1.0,1.0,17.0,1,7,1335,1,2,1,1,6,2,2,1,1
23626,201600010620,0.0,3,3,2,0.0,0.0,0.0,0.0,1979.0,A01,2.0,2,0,0.0,1.0,1.0,17.0,1,7,1335,1,2,1,1,6,2,2,1,1
23627,201600010621,1.0,1,1,1,13.0,0.0,0.0,0.0,1941.0,A01,2.0,7,0,0.0,1.0,3.0,1.0,1,7,1535,1,2,1,1,6,3,7,2,2
23628,201600010621,0.0,3,4,2,0.0,3.0,3.0,1.0,1933.0,A01,2.0,7,0,0.0,1.0,3.0,1.0,1,7,1535,1,2,1,1,6,3,7,2,2
23629,201600010622,1.0,1,3,1,21.0,0.0,0.0,0.0,1985.0,B01,2.0,32,0,0.0,2.0,1.0,16.0,1,8,1220,1,2,6,1,3,2,7,1,2
23630,201600010622,1.0,1,1,2,11.0,0.0,0.0,0.0,1967.0,A01,2.0,7,0,0.0,2.0,8.0,9.0,1,8,1220,1,2,6,1,3,2,32,2,1
23631,201600010623,1.0,1,4,2,11.0,0.0,0.0,0.0,1993.0,A01,1.0,7,0,1.0,0.0,2.0,1.0,1,9,1410,1,2,1,8,6,3,7,2,2
23632,201600010624,1.0,1,4,2,11.0,0.0,0.0,0.0,1996.0,A01,1.0,7,0,0.0,0.0,3.0,1.0,1,10,15,5,2,1,1,7,0,7,2,2
23633,201600010625,1.0,1,1,1,11.0,0.0,0.0,0.0,1997.0,A01,1.0,7,0,8.0,0.0,8.0,0.0,1,10,340,5,2,1,1,7,0,7,2,2
23634,201600010625,2.0,2,4,2,11.0,0.0,0.0,0.0,2000.0,A01,1.0,7,0,8.0,0.0,8.0,0.0,1,10,340,5,2,1,1,7,0,7,2,2
23635,201600010626,1.0,1,1,1,11.0,0.0,0.0,0.0,1991.0,A01,2.0,7,0,0.0,2.0,0.0,1.0,1,13,810,1,2,4,1,5,1,33,2,1
23636,201600010626,1.0,1,4,1,21.0,0.0,0.0,0.0,1979.0,C01,2.0,33,0,0.0,0.0,0.0,0.0,1,13,810,1,2,4,1,5,1,7,1,2
23637,201600010626,1.0,1,4,1,11.0,0.0,0.0,0.0,1990.0,B01,0.0,7,0,0.0,2.0,3.0,16.0,1,13,810,1,2,4,1,5,1,33,2,1
23638,201600010627,1.0,1,3,1,11.0,0.0,0.0,0.0,1946.0,A01,1.0,7,0,0.0,2.0,8.0,0.0,1,19,1115,1,2,9,1,3,1,7,2,2
23639,201600010627,1.0,1,1,1,11.0,0.0,0.0,0.0,1977.0,B01,2.0,7,0,0.0,0.0,1.0,1.0,1,19,1115,1,2,9,1,3,1,7,2,2
23640,201600010628,1.0,1,4,1,21.0,0.0,0.0,0.0,1968.0,A01,1.0,30,0,0.0,2.0,1.0,15.0,1,22,1640,2,2,3,1,1,3,7,1,2
23641,201600010628,1.0,1,1,1,11.0,0.0,0.0,0.0,1991.0,B01,2.0,7,0,0.0,2.0,1.0,1.0,1,22,1640,2,2,3,1,1,3,30,2,1
23642,201600010629,1.0,1,4,1,21.0,0.0,0.0,0.0,1989.0,A01,1.0,33,0,0.0,2.0,1.0,21.0,1,23,1000,1,2,1,1,1,1,7,1,2
23643,201600010629,1.0,1,1,1,11.0,0.0,0.0,0.0,1966.0,B01,2.0,7,0,0.0,2.0,2.0,9.0,1,23,1000,1,2,1,1,1,1,33,2,1
23644,201600010630,1.0,1,4,1,21.0,0.0,0.0,0.0,1998.0,A01,1.0,2,0,0.0,0.0,8.0,1.0,1,23,2200,5,2,6,1,7,5,2,1,1
23645,201600010631,3.0,2,1,2,13.0,0.0,0.0,0.0,2011.0,A01,1.0,7,0,0.0,2.0,1.0,1.0,1,24,1245,1,2,1,1,2,2,7,2,2
23646,201600010631,1.0,1,1,2,13.0,0.0,0.0,0.0,1973.0,A01,1.0,7,0,0.0,2.0,1.0,1.0,1,24,1245,1,2,1,1,2,2,7,2,2
23647,201600010631,1.0,1,4,2,13.0,0.0,0.0,0.0,1973.0,B01,1.0,7,0,0.0,2.0,4.0,15.0,1,24,1245,1,2,1,1,2,2,7,2,2
23648,201600010632,1.0,1,1,1,11.0,0.0,0.0,0.0,1991.0,A01,1.0,7,0,0.0,2.0,3.0,9.0,1,22,1740,1,2,4,1,1,3,7,2,2
23649,201600010632,1.0,1,4,1,11.0,0.0,0.0,0.0,1971.0,B01,2.0,7,0,0.0,2.0,1.0,1.0,1,22,1740,1,2,4,1,1,3,7,2,2
23650,201600010633,1.0,1,3,1,21.0,0.0,0.0,0.0,1991.0,B01,1.0,30,0,0.0,2.0,3.0,0.0,1,29,1430,1,2,1,1,3,3,7,1,2
23651,201600010633,1.0,1,1,1,11.0,0.0,0.0,0.0,1988.0,A01,2.0,7,0,0.0,2.0,3.0,0.0,1,29,1430,1,2,1,1,3,3,30,2,1
23652,201600010634,1.0,1,4,2,13.0,0.0,0.0,0.0,1955.0,A01,1.0,7,0,6.0,0.0,2.0,1.0,1,31,1710,1,1,1,1,6,3,7,2,2
23653,201600010635,1.0,1,4,1,21.0,0.0,0.0,0.0,1964.0,B01,1.0,31,0,0.0,2.0,7.0,14.0,2,1,1020,1,1,6,1,3,1,10,1,2
23654,201600010635,1.0,1,1,1,11.0,0.0,0.0,0.0,1985.0,A01,1.0,10,0,0.0,2.0,8.0,13.0,2,1,1020,1,1,6,1,3,1,31,2,1
23655,201600010636,1.0,1,4,2,11.0,0.0,0.0,0.0,1985.0,A01,2.0,7,0,0.0,2.0,1.0,2.0,2,1,1805,5,2,1,1,2,4,7,2,2
23656,201600010636,1.0,1,1,1,11.0,0.0,0.0,0.0,1977.0,B01,2.0,7,0,0.0,2.0,4.0,2.0,2,1,1805,5,2,1,1,2,4,7,2,2
23657,201600010637,1.0,1,1,1,11.0,0.0,0.0,0.0,1984.0,A01,1.0,7,0,0.0,1.0,1.0,13.0,2,1,1940,5,2,1,1,6,4,7,2,2
23658,201600010637,0.0,3,4,2,0.0,4.0,3.0,1.0,1987.0,A01,1.0,7,0,0.0,1.0,1.0,13.0,2,1,1940,5,2,1,1,6,4,7,2,2
23659,201600010638,1.0,1,4,1,11.0,0.0,0.0,0.0,1951.0,A01,2.0,7,0,0.0,1.0,3.0,1.0,2,3,1625,1,2,1,1,6,3,7,2,2
23660,201600010638,0.0,3,3,2,0.0,2.0,1.0,1.0,2000.0,A01,2.0,7,0,0.0,1.0,3.0,1.0,2,3,1625,1,2,1,1,6,3,7,2,2
23661,201600010639,1.0,1,3,1,21.0,0.0,0.0,0.0,1993.0,A01,2.0,33,0,0.0,0.0,0.0,0.0,2,5,1400,1,2,3,1,7,3,33,1,1
23662,201600010640,2.0,2,4,1,11.0,0.0,0.0,0.0,1938.0,B01,2.0,7,0,0.0,2.0,2.0,0.0,2,6,1615,1,2,3,1,3,3,7,2,2
23663,201600010640,1.0,1,4,1,11.0,0.0,0.0,0.0,1959.0,B01,2.0,7,0,0.0,2.0,2.0,0.0,2,6,1615,1,2,3,1,3,3,7,2,2
23664,201600010640,1.0,1,1,1,11.0,0.0,0.0,0.0,1949.0,A01,1.0,7,0,0.0,2.0,1.0,15.0,2,6,1615,1,2,3,1,3,3,7,2,2
23665,201600010641,1.0,1,1,1,13.0,0.0,0.0,0.0,1967.0,A01,2.0,7,0,0.0,2.0,3.0,13.0,2,5,2342,5,2,1,1,3,5,7,2,2
23666,201600010641,1.0,1,1,1,11.0,0.0,0.0,0.0,1993.0,B01,1.0,7,0,0.0,0.0,8.0,1.0,2,5,2342,5,2,1,1,3,5,7,2,2
23667,201600010641,2.0,2,1,1,11.0,0.0,0.0,0.0,1979.0,B01,1.0,7,0,0.0,0.0,8.0,1.0,2,5,2342,5,2,1,1,3,5,7,2,2
23668,201600010641,3.0,2,3,1,11.0,0.0,0.0,0.0,2001.0,B01,1.0,7,0,0.0,0.0,8.0,1.0,2,5,2342,5,2,1,1,3,5,7,2,2
23669,201600010642,1.0,1,1,2,11.0,0.0,0.0,0.0,1968.0,A01,1.0,7,0,0.0,2.0,3.0,15.0,2,5,1315,1,2,1,1,3,2,30,2,1
23670,201600010642,1.0,1,4,1,21.0,0.0,0.0,0.0,1998.0,B01,1.0,30,0,0.0,2.0,1.0,1.0,2,5,1315,1,2,1,1,3,2,7,1,2
23671,201600010643,1.0,1,1,2,11.0,0.0,0.0,0.0,1963.0,A01,2.0,7,0,0.0,2.0,1.0,2.0,2,8,1300,1,2,1,1,2,2,7,2,2
23672,201600010643,1.0,1,4,2,11.0,0.0,0.0,0.0,1960.0,B01,2.0,7,0,0.0,2.0,4.0,2.0,2,8,1300,1,2,1,1,2,2,7,2,2
23673,201600010644,1.0,1,4,2,13.0,0.0,0.0,0.0,1979.0,A01,2.0,7,0,4.0,0.0,2.0,14.0,2,13,750,2,1,1,1,6,1,7,2,2
23674,201600010645,1.0,1,4,1,11.0,0.0,0.0,0.0,1959.0,A01,2.0,13,0,0.0,2.0,3.0,0.0,2,13,750,1,1,1,1,1,1,14,3,3
23675,201600010645,1.0,1,1,1,11.0,0.0,0.0,0.0,1976.0,B01,1.0,14,0,0.0,2.0,0.0,0.0,2,13,750,1,1,1,1,1,1,13,3,3
23676,201600010646,1.0,1,4,1,21.0,0.0,0.0,0.0,1962.0,A01,2.0,34,0,0.0,0.0,0.0,0.0,2,15,1845,2,2,1,1,7,4,34,1,1
23677,201600010647,0.0,3,4,2,0.0,3.0,3.0,2.0,2016.0,A01,2.0,2,0,0.0,1.0,1.0,17.0,2,19,1630,1,2,1,1,6,3,2,1,1
23678,201600010647,1.0,1,1,1,21.0,0.0,0.0,0.0,1999.0,A01,2.0,2,0,0.0,1.0,1.0,17.0,2,19,1630,1,2,1,1,6,3,2,1,1
23679,201600010648,2.0,2,3,2,21.0,0.0,0.0,0.0,2000.0,B01,2.0,30,0,0.0,2.0,3.0,1.0,2,19,1735,2,2,3,1,3,3,7,1,2
23680,201600010648,1.0,1,4,2,21.0,0.0,0.0,0.0,2000.0,B01,2.0,30,0,0.0,2.0,3.0,1.0,2,19,1735,2,2,3,1,3,3,7,1,2
23681,201600010648,1.0,1,1,2,11.0,0.0,0.0,0.0,1963.0,A01,1.0,7,0,0.0,2.0,3.0,15.0,2,19,1735,2,2,3,1,3,3,30,2,1
23682,201600010649,1.0,1,4,2,11.0,0.0,0.0,0.0,1987.0,B01,2.0,7,0,0.0,2.0,4.0,2.0,2,20,1530,1,2,1,1,2,3,7,2,2
23683,201600010649,2.0,2,4,2,11.0,0.0,0.0,0.0,1991.0,B01,2.0,7,0,0.0,2.0,4.0,2.0,2,20,1530,1,2,1,1,2,3,7,2,2
23684,201600010649,1.0,1,1,2,11.0,0.0,0.0,0.0,1988.0,A01,2.0,7,0,0.0,2.0,1.0,2.0,2,20,1530,1,2,1,1,2,3,7,2,2
23685,201600010650,1.0,1,4,1,11.0,0.0,0.0,0.0,1997.0,L01,1.0,7,0,6.0,0.0,1.0,2.0,2,20,2330,5,1,1,1,7,5,7,2,2
23686,201600010651,1.0,1,1,1,11.0,0.0,0.0,0.0,1997.0,A01,1.0,7,0,0.0,2.0,8.0,19.0,2,21,1830,5,2,1,1,5,4,7,2,2
23687,201600010651,2.0,2,4,2,11.0,0.0,0.0,0.0,1998.0,A01,1.0,7,0,0.0,2.0,8.0,19.0,2,21,1830,5,2,1,1,5,4,7,2,2
23688,201600010651,3.0,2,4,1,11.0,0.0,0.0,0.0,2001.0,A01,1.0,7,0,0.0,2.0,8.0,19.0,2,21,1830,5,2,1,1,5,4,7,2,2
23689,201600010651,4.0,2,4,1,11.0,0.0,0.0,0.0,2001.0,A01,1.0,7,0,0.0,2.0,8.0,19.0,2,21,1830,5,2,1,1,5,4,7,2,2
23690,201600010651,1.0,1,4,1,11.0,0.0,0.0,0.0,1993.0,C01,2.0,7,0,0.0,2.0,1.0,1.0,2,21,1830,5,2,1,1,5,4,7,2,2
23691,201600010651,2.0,2,4,2,11.0,0.0,0.0,0.0,1997.0,C01,2.0,7,0,0.0,2.0,1.0,1.0,2,21,1830,5,2,1,1,5,4,7,2,2
23692,201600010651,1.0,1,3,1,11.0,0.0,0.0,0.0,1960.0,B01,2.0,7,0,0.0,2.0,8.0,1.0,2,21,1830,5,2,1,1,5,4,7,2,2
23693,201600010652,1.0,1,1,1,11.0,0.0,0.0,0.0,1949.0,A01,2.0,7,0,0.0,0.0,0.0,10.0,2,23,1020,1,2,1,1,7,1,33,2,1
23694,201600010652,1.0,1,4,1,21.0,0.0,0.0,0.0,1984.0,B01,1.0,33,0,0.0,2.0,0.0,21.0,2,23,1020,1,2,1,1,7,1,7,1,2
23695,201600010653,0.0,3,4,1,0.0,2.0,3.0,1.0,1930.0,A01,2.0,7,0,0.0,1.0,2.0,1.0,2,23,1615,1,2,6,1,6,3,7,2,2
23696,201600010653,1.0,1,1,1,11.0,0.0,0.0,0.0,1981.0,A01,2.0,7,0,0.0,1.0,2.0,1.0,2,23,1615,1,2,6,1,6,3,7,2,2
23697,201600010654,1.0,1,4,1,21.0,0.0,0.0,0.0,1960.0,A01,2.0,34,0,0.0,0.0,7.0,1.0,3,2,1655,1,2,1,1,7,3,34,1,1
23698,201600010655,1.0,1,3,1,21.0,0.0,0.0,0.0,1974.0,A01,2.0,33,0,0.0,0.0,8.0,17.0,3,5,1754,1,2,1,1,7,3,33,1,1
23699,201600010656,1.0,1,3,1,21.0,0.0,0.0,0.0,1963.0,A01,2.0,30,0,6.0,0.0,1.0,13.0,3,6,2343,5,2,1,1,6,5,30,1,1