,Num_Acc,place,catu,grav,sexe,secu,locp,actp,etatp,an_nais,num_veh,senc,catv,occutc,obs,obsm,choc,manv,mois,jour,hrmn,lum,agg,int,atm,col,mom,catvopp,catv_gen,catvopp_gen
24066,201600010830,1.0,1,3,1,21.0,0.0,0.0,0.0,1973.0,B01,1.0,32,0,0.0,2.0,1.0,1.0,2,2,2238,5,1,1,1,1,5,7,1,2
24067,201600010831,1.0,1,3,1,21.0,0.0,0.0,0.0,1963.0,A01,2.0,34,0,0.0,2.0,1.0,17.0,2,4,725,2,2,1,1,5,1,38,1,3
24068,201600010831,1.0,1,1,1,11.0,0.0,0.0,0.0,1979.0,C01,2.0,38,1,0.0,2.0,6.0,1.0,2,4,725,2,2,1,1,5,1,34,3,1
24069,201600010832,1.0,1,1,1,11.0,0.0,0.0,0.0,1952.0,A01,2.0,7,0,1.0,2.0,3.0,13.0,2,6,2030,5,2,1,1,6,4,7,2,2
24070,201600010832,1.0,1,4,2,11.0,0.0,0.0,0.0,1963.0,B01,2.0,7,0,0.0,2.0,3.0,1.0,2,6,2030,5,2,1,1,6,4,7,2,2
24071,201600010833,1.0,1,4,1,21.0,0.0,0.0,0.0,1973.0,B01,2.0,32,0,0.0,2.0,1.0,17.0,2,1,723,5,2,1,1,5,1,33,1,1
24072,201600010833,1.0,1,3,1,21.0,0.0,0.0,0.0,1968.0,C01,1.0,33,0,0.0,2.0,8.0,1.0,2,1,723,5,2,1,1,5,1,32,1,1
24073,201600010834,1.0,1,3,1,21.0,0.0,0.0,0.0,1997.0,A01,1.0,30,0,0.0,0.0,1.0,1.0,2,19,2240,5,1,1,1,6,5,30,1,1
24074,201600010835,1.0,1,1,1,11.0,0.0,0.0,0.0,1979.0,A01,2.0,7,0,0.0,1.0,1.0,1.0,2,27,1910,5,2,1,1,6,4,7,2,2
24075,201600010835,0.0,3,3,1,0.0,0.0,0.0,0.0,1990.0,A01,2.0,7,0,0.0,1.0,1.0,1.0,2,27,1910,5,2,1,1,6,4,7,2,2
24076,201600010836,1.0,1,1,1,13.0,0.0,0.0,0.0,1962.0,A01,1.0,7,0,0.0,1.0,1.0,1.0,2,4,1035,1,2,3,1,6,1,7,2,2
24077,201600010836,0.0,3,4,2,0.0,3.0,0.0,1.0,1978.0,A01,1.0,7,0,0.0,1.0,1.0,1.0,2,4,1035,1,2,3,1,6,1,7,2,2
24078,201600010837,1.0,1,4,1,21.0,0.0,0.0,0.0,1993.0,A01,1.0,30,0,0.0,2.0,1.0,9.0,2,28,1435,1,2,6,1,3,3,7,1,2
24079,201600010837,1.0,1,1,1,11.0,0.0,0.0,0.0,1976.0,B01,1.0,7,0,0.0,2.0,5.0,9.0,2,28,1435,1,2,6,1,3,3,30,2,1
24080,201600010838,1.0,1,1,1,21.0,0.0,0.0,0.0,1974.0,A01,1.0,1,0,0.0,1.0,1.0,0.0,3,17,1210,1,2,1,1,6,2,1,1,1
24081,201600010838,0.0,3,3,1,0.0,4.0,3.0,1.0,1920.0,A01,1.0,1,0,0.0,1.0,1.0,0.0,3,17,1210,1,2,1,1,6,2,1,1,1
24082,201600010839,1.0,1,1,2,11.0,0.0,0.0,0.0,1938.0,A01,2.0,7,0,0.0,2.0,2.0,15.0,3,1,1728,1,2,3,1,3,3,33,2,1
24083,201600010839,1.0,1,4,1,21.0,0.0,0.0,0.0,1992.0,B01,1.0,33,0,0.0,2.0,1.0,1.0,3,1,1728,1,2,3,1,3,3,7,1,2
24084,201600010839,2.0,2,3,1,21.0,0.0,0.0,0.0,1994.0,B01,1.0,33,0,0.0,2.0,1.0,1.0,3,1,1728,1,2,3,1,3,3,7,1,2
24085,201600010840,1.0,1,1,2,11.0,0.0,0.0,0.0,1977.0,A01,2.0,7,0,0.0,2.0,2.0,20.0,3,24,1120,1,2,1,1,3,1,32,2,1
24086,201600010840,1.0,1,4,1,21.0,0.0,0.0,0.0,1936.0,B01,1.0,32,0,0.0,2.0,7.0,1.0,3,24,1120,1,2,1,1,3,1,7,1,2
24087,201600010841,1.0,1,2,1,21.0,0.0,0.0,0.0,1949.0,A01,1.0,32,0,7.0,0.0,1.0,17.0,3,29,1620,1,2,1,1,6,3,32,1,1
24088,201600010842,1.0,1,4,1,21.0,0.0,0.0,0.0,1984.0,B01,2.0,34,0,0.0,2.0,1.0,1.0,3,29,830,1,2,3,1,3,1,7,1,2
24089,201600010842,2.0,2,4,1,21.0,0.0,0.0,0.0,1982.0,B01,2.0,34,0,0.0,2.0,1.0,1.0,3,29,830,1,2,3,1,3,1,7,1,2
24090,201600010842,1.0,1,4,2,11.0,0.0,0.0,0.0,1986.0,A01,2.0,7,0,0.0,2.0,3.0,15.0,3,29,830,1,2,3,1,3,1,34,2,1
24091,201600010843,1.0,1,4,1,21.0,0.0,0.0,0.0,1948.0,B01,1.0,34,0,0.0,2.0,7.0,1.0,3,30,1150,1,2,1,1,3,1,7,1,2
24092,201600010843,2.0,2,4,1,21.0,0.0,0.0,0.0,2005.0,B01,1.0,34,0,0.0,2.0,7.0,1.0,3,30,1150,1,2,1,1,3,1,7,1,2
24093,201600010843,1.0,1,1,2,11.0,0.0,0.0,0.0,1974.0,A01,1.0,7,0,0.0,2.0,1.0,10.0,3,30,1150,1,2,1,1,3,1,34,2,1
24094,201600010844,1.0,1,1,1,11.0,0.0,0.0,0.0,1962.0,A01,1.0,7,0,0.0,2.0,5.0,15.0,2,1,1135,1,2,3,1,2,1,1,2,1
24095,201600010844,1.0,1,3,1,21.0,0.0,0.0,0.0,1981.0,B01,2.0,1,0,0.0,2.0,5.0,1.0,2,1,1135,1,2,3,1,2,1,7,1,2
24096,201600010845,1.0,1,4,1,21.0,0.0,0.0,0.0,1976.0,A01,1.0,32,0,0.0,2.0,2.0,17.0,4,10,120,5,2,1,1,3,0,10,1,2
24097,201600010845,1.0,1,1,1,11.0,0.0,0.0,0.0,1993.0,B01,1.0,10,0,0.0,2.0,3.0,20.0,4,10,120,5,2,1,1,3,0,32,2,1
24098,201600010845,2.0,2,1,2,11.0,0.0,0.0,0.0,1981.0,B01,1.0,10,0,0.0,2.0,3.0,20.0,4,10,120,5,2,1,1,3,0,32,2,1
24099,201600010846,1.0,1,1,1,11.0,0.0,0.0,0.0,1965.0,A01,1.0,7,0,0.0,1.0,3.0,15.0,4,18,1025,1,2,3,1,6,1,7,2,2
24100,201600010846,0.0,3,4,2,0.0,3.0,1.0,1.0,1938.0,A01,1.0,7,0,0.0,1.0,3.0,15.0,4,18,1025,1,2,3,1,6,1,7,2,2
24101,201600010847,1.0,1,3,1,21.0,0.0,0.0,0.0,1992.0,A01,2.0,30,0,9.0,0.0,1.0,13.0,4,24,433,5,2,1,1,7,0,30,1,1
24102,201600010848,1.0,1,3,1,21.0,0.0,0.0,0.0,1983.0,A01,1.0,2,0,5.0,0.0,1.0,1.0,4,26,2300,5,2,1,1,7,5,2,1,1
24105,201600010850,1.0,1,4,2,21.0,0.0,0.0,0.0,1989.0,B01,2.0,32,0,0.0,2.0,1.0,16.0,3,26,915,1,2,3,1,1,1,3,1,0
24106,201600010850,1.0,1,1,1,11.0,0.0,0.0,0.0,1991.0,A01,1.0,3,0,0.0,2.0,1.0,15.0,3,26,915,1,2,3,1,1,1,32,0,1
24107,201600010851,1.0,1,1,1,13.0,0.0,0.0,0.0,1980.0,A01,1.0,7,0,15.0,1.0,1.0,6.0,3,27,1018,1,2,1,1,6,1,7,2,2
24108,201600010851,0.0,3,4,2,0.0,5.0,9.0,1.0,1964.0,A01,1.0,7,0,15.0,1.0,1.0,6.0,3,27,1018,1,2,1,1,6,1,7,2,2
24111,201600010853,1.0,1,1,1,11.0,0.0,0.0,0.0,1965.0,B01,1.0,10,0,0.0,2.0,3.0,9.0,5,6,825,1,2,1,1,7,1,34,2,1
24112,201600010853,1.0,1,3,1,21.0,0.0,0.0,0.0,1964.0,A01,2.0,34,0,0.0,2.0,3.0,17.0,5,6,825,1,2,1,1,7,1,10,1,2
24114,201600010855,1.0,1,3,1,21.0,0.0,0.0,0.0,1984.0,A01,1.0,2,0,0.0,1.0,4.0,1.0,6,8,1435,1,2,1,1,6,3,2,1,1
24115,201600010855,0.0,3,1,1,0.0,2.0,1.0,1.0,1924.0,A01,1.0,2,0,0.0,1.0,4.0,1.0,6,8,1435,1,2,1,1,6,3,2,1,1
24116,201600010856,1.0,1,1,2,11.0,0.0,0.0,0.0,1946.0,A01,1.0,7,0,0.0,2.0,2.0,15.0,3,21,1200,1,2,3,1,3,2,2,2,1
24117,201600010856,1.0,1,3,1,21.0,0.0,0.0,0.0,1999.0,B01,2.0,2,0,0.0,2.0,2.0,17.0,3,21,1200,1,2,3,1,3,2,7,1,2
24118,201600010857,1.0,1,1,2,11.0,0.0,0.0,0.0,1968.0,B01,1.0,7,0,1.0,2.0,5.0,2.0,6,15,900,1,2,1,1,4,1,2,2,1
24119,201600010857,1.0,1,1,2,92.0,0.0,0.0,0.0,1942.0,C01,1.0,7,0,1.0,0.0,8.0,24.0,6,15,900,1,2,1,1,4,1,2,2,1
24120,201600010857,1.0,1,3,2,21.0,0.0,0.0,0.0,1968.0,A01,2.0,2,0,0.0,2.0,1.0,14.0,6,15,900,1,2,1,1,4,1,7,1,2
24121,201600010858,1.0,1,4,1,21.0,0.0,0.0,0.0,1992.0,A01,1.0,32,0,0.0,1.0,1.0,1.0,6,22,2140,5,2,1,1,6,4,32,1,1
24122,201600010858,0.0,3,3,2,0.0,3.0,3.0,2.0,2009.0,A01,1.0,32,0,0.0,1.0,1.0,1.0,6,22,2140,5,2,1,1,6,4,32,1,1
24123,201600010859,1.0,1,1,1,11.0,0.0,0.0,0.0,1967.0,A01,1.0,7,0,0.0,2.0,3.0,19.0,6,24,1820,1,2,1,1,5,4,34,2,1
24124,201600010859,1.0,1,3,1,93.0,0.0,0.0,0.0,1965.0,B01,1.0,34,0,0.0,2.0,1.0,0.0,6,24,1820,1,2,1,1,5,4,7,1,2
24125,201600010859,1.0,1,1,2,11.0,0.0,0.0,0.0,1983.0,C01,1.0,7,0,0.0,2.0,0.0,0.0,6,24,1820,1,2,1,1,5,4,34,2,1
24130,201600010862,1.0,1,4,1,21.0,0.0,0.0,0.0,1990.0,A01,1.0,31,0,0.0,2.0,1.0,1.0,7,14,1730,1,2,1,1,1,3,1,1,1
24131,201600010862,1.0,1,4,1,92.0,0.0,0.0,0.0,2004.0,B01,2.0,1,0,0.0,2.0,8.0,19.0,7,14,1730,1,2,1,1,1,3,31,1,1
24132,201600010863,1.0,1,1,2,11.0,0.0,0.0,0.0,1973.0,A01,1.0,7,0,0.0,2.0,5.0,1.0,7,22,2130,2,2,1,1,3,4,32,2,1
24133,201600010863,1.0,1,4,1,21.0,0.0,0.0,0.0,1974.0,B01,1.0,32,0,0.0,2.0,1.0,1.0,7,22,2130,2,2,1,1,3,4,7,1,2
24134,201600010864,1.0,1,1,1,11.0,0.0,0.0,0.0,1958.0,B01,1.0,7,0,0.0,2.0,8.0,0.0,6,21,45,5,2,1,1,6,0,33,2,1
24135,201600010864,1.0,1,4,1,21.0,0.0,0.0,0.0,1987.0,A01,1.0,33,0,1.0,0.0,1.0,13.0,6,21,45,5,2,1,1,6,0,7,1,2
24136,201600010865,0.0,3,4,1,0.0,3.0,3.0,1.0,1967.0,A01,1.0,7,0,0.0,1.0,1.0,1.0,7,30,2230,5,2,1,1,6,5,7,2,2
24137,201600010865,1.0,1,1,1,11.0,0.0,0.0,0.0,1966.0,A01,1.0,7,0,0.0,1.0,1.0,1.0,7,30,2230,5,2,1,1,6,5,7,2,2
24138,201600010866,1.0,1,1,1,11.0,0.0,0.0,0.0,1996.0,A01,1.0,7,0,0.0,2.0,1.0,2.0,8,9,1810,1,2,1,1,2,4,32,2,1
24139,201600010866,1.0,1,4,1,21.0,0.0,0.0,0.0,1964.0,B01,1.0,32,0,0.0,1.0,1.0,2.0,8,9,1810,1,2,1,1,2,4,7,1,2
24140,201600010866,0.0,3,4,1,0.0,3.0,3.0,2.0,1986.0,B01,1.0,32,0,0.0,1.0,1.0,2.0,8,9,1810,1,2,1,1,2,4,7,1,2
24141,201600010866,0.0,3,4,1,0.0,3.0,3.0,2.0,2014.0,B01,1.0,32,0,0.0,1.0,1.0,2.0,8,9,1810,1,2,1,1,2,4,7,1,2
24142,201600010867,1.0,1,1,1,11.0,0.0,0.0,0.0,1983.0,A01,2.0,7,0,0.0,1.0,1.0,1.0,8,9,1035,1,2,1,1,6,1,7,2,2
24143,201600010867,0.0,3,4,1,0.0,3.0,3.0,1.0,1944.0,A01,2.0,7,0,0.0,1.0,1.0,1.0,8,9,1035,1,2,1,1,6,1,7,2,2
24144,201600010868,1.0,1,1,1,13.0,0.0,0.0,0.0,1989.0,A01,1.0,7,0,0.0,0.0,0.0,15.0,8,24,1620,1,2,1,1,7,3,32,2,1
24145,201600010868,1.0,1,4,1,21.0,0.0,0.0,0.0,1949.0,B01,2.0,32,0,0.0,0.0,8.0,1.0,8,24,1620,1,2,1,1,7,3,7,1,2
24146,201600010869,1.0,1,3,1,21.0,0.0,0.0,0.0,1988.0,A01,2.0,33,0,0.0,0.0,0.0,0.0,8,28,1830,1,2,1,1,7,4,33,1,1
24147,201600010870,1.0,1,1,1,13.0,0.0,0.0,0.0,1946.0,A01,1.0,7,0,0.0,1.0,3.0,15.0,8,30,1400,1,2,2,1,6,3,7,2,2
24148,201600010870,0.0,3,3,1,0.0,3.0,3.0,1.0,1967.0,A01,1.0,7,0,0.0,1.0,3.0,15.0,8,30,1400,1,2,2,1,6,3,7,2,2
24149,201600010871,1.0,1,1,2,11.0,0.0,0.0,0.0,1960.0,A01,2.0,7,0,0.0,1.0,3.0,1.0,9,3,1350,1,2,1,1,6,2,7,2,2
24150,201600010871,0.0,3,4,2,0.0,3.0,3.0,1.0,1955.0,A01,2.0,7,0,0.0,1.0,3.0,1.0,9,3,1350,1,2,1,1,6,2,7,2,2
24151,201600010872,1.0,1,1,1,11.0,0.0,0.0,0.0,1975.0,A01,2.0,10,0,0.0,1.0,2.0,2.0,9,14,845,1,2,1,1,6,1,10,2,2
24152,201600010872,0.0,3,4,1,0.0,3.0,3.0,1.0,2014.0,A01,2.0,10,0,0.0,1.0,2.0,2.0,9,14,845,1,2,1,1,6,1,10,2,2
24153,201600010873,0.0,3,4,1,0.0,3.0,3.0,1.0,2005.0,A01,2.0,7,0,0.0,1.0,1.0,1.0,10,7,845,1,2,1,1,6,1,7,2,2
24154,201600010873,1.0,1,1,2,13.0,0.0,0.0,0.0,1958.0,A01,2.0,7,0,0.0,1.0,1.0,1.0,10,7,845,1,2,1,1,6,1,7,2,2
24155,201600010874,1.0,1,4,1,11.0,0.0,0.0,0.0,1959.0,A01,2.0,7,0,0.0,2.0,2.0,15.0,10,10,2015,5,2,1,1,3,4,32,2,1
24156,201600010874,1.0,1,4,1,21.0,0.0,0.0,0.0,1971.0,B01,1.0,32,0,0.0,2.0,1.0,1.0,10,10,2015,5,2,1,1,3,4,7,1,2
24158,201600010876,1.0,1,4,2,21.0,0.0,0.0,0.0,1988.0,A01,2.0,32,0,0.0,1.0,1.0,1.0,9,21,815,1,2,1,1,6,1,32,1,1
24159,201600010876,0.0,3,4,2,0.0,3.0,3.0,1.0,1932.0,A01,2.0,32,0,0.0,1.0,1.0,1.0,9,21,815,1,2,1,1,6,1,32,1,1
24166,201600010880,1.0,1,1,1,11.0,0.0,0.0,0.0,1959.0,B01,2.0,7,0,0.0,2.0,1.0,2.0,11,8,1810,2,2,1,1,2,4,33,2,1
24167,201600010880,2.0,2,4,2,21.0,0.0,0.0,0.0,1991.0,A01,2.0,33,0,11.0,0.0,4.0,23.0,11,8,1810,2,2,1,1,2,4,7,1,2
24168,201600010880,1.0,1,4,1,21.0,0.0,0.0,0.0,1994.0,A01,2.0,33,0,11.0,0.0,4.0,23.0,11,8,1810,2,2,1,1,2,4,7,1,2
24171,201600010882,1.0,1,3,1,93.0,0.0,0.0,0.0,1961.0,A01,1.0,32,0,12.0,2.0,2.0,2.0,11,15,30,5,2,6,1,6,0,32,1,1
24173,201600010884,1.0,1,1,1,11.0,0.0,0.0,0.0,1974.0,A01,1.0,7,0,0.0,2.0,3.0,1.0,11,28,1300,1,2,3,1,4,2,10,2,2
24174,201600010884,1.0,1,3,1,11.0,0.0,0.0,0.0,1975.0,B01,1.0,10,0,0.0,2.0,3.0,2.0,11,28,1300,1,2,3,1,4,2,7,2,2
24175,201600010884,1.0,1,4,2,11.0,0.0,0.0,0.0,1956.0,C01,1.0,7,0,0.0,2.0,5.0,1.0,11,28,1300,1,2,3,1,4,2,10,2,2
24176,201600010885,0.0,3,3,1,0.0,3.0,3.0,1.0,1943.0,Z01,2.0,7,0,0.0,1.0,0.0,1.0,11,24,1750,2,2,9,2,6,3,7,2,2
24177,201600010886,1.0,1,4,1,21.0,0.0,0.0,0.0,1974.0,B01,2.0,33,0,0.0,2.0,2.0,2.0,12,9,1236,1,1,1,1,1,2,7,1,2
24178,201600010886,1.0,1,1,1,11.0,0.0,0.0,0.0,1969.0,A01,1.0,7,0,0.0,2.0,2.0,9.0,12,9,1236,1,1,1,1,1,2,33,2,1
24179,201600010887,1.0,1,4,1,21.0,0.0,0.0,0.0,1937.0,A01,1.0,32,0,0.0,2.0,3.0,18.0,12,14,1610,1,2,2,1,3,3,7,1,2
24180,201600010887,1.0,1,1,1,11.0,0.0,0.0,0.0,1985.0,B01,1.0,7,0,0.0,2.0,5.0,1.0,12,14,1610,1,2,2,1,3,3,32,2,1
24181,201600010888,1.0,1,2,1,21.0,0.0,0.0,0.0,1994.0,A01,2.0,34,0,3.0,0.0,3.0,13.0,11,16,1830,3,1,1,8,6,4,34,1,1
24182,201600010889,1.0,1,4,1,12.0,0.0,0.0,0.0,1971.0,A01,1.0,7,0,1.0,0.0,3.0,13.0,1,1,645,5,2,1,1,6,1,7,2,2
24183,201600010890,1.0,1,4,1,21.0,0.0,0.0,0.0,1998.0,B01,1.0,2,0,1.0,2.0,8.0,12.0,1,1,1500,1,2,1,1,3,3,7,1,2
24184,201600010890,1.0,1,1,1,11.0,0.0,0.0,0.0,1995.0,A01,1.0,7,0,0.0,2.0,7.0,12.0,1,1,1500,1,2,1,1,3,3,2,2,1
24185,201600010891,1.0,1,4,2,11.0,0.0,0.0,0.0,1954.0,B01,0.0,7,0,0.0,2.0,3.0,1.0,1,1,1430,1,2,1,1,1,3,7,2,2
24186,201600010891,1.0,1,4,1,11.0,0.0,0.0,0.0,1984.0,A01,0.0,7,0,0.0,2.0,3.0,13.0,1,1,1430,1,2,1,1,1,3,7,2,2
24187,201600010892,1.0,1,1,1,11.0,0.0,0.0,0.0,1987.0,A01,1.0,10,0,0.0,2.0,1.0,1.0,1,2,800,1,2,2,2,3,1,7,2,2
24188,201600010892,1.0,1,3,1,11.0,0.0,0.0,0.0,1950.0,B01,1.0,7,0,0.0,2.0,8.0,1.0,1,2,800,1,2,2,2,3,1,10,2,2
24189,201600010893,1.0,1,4,2,11.0,0.0,0.0,0.0,1993.0,B01,2.0,7,0,0.0,2.0,1.0,1.0,1,2,1930,5,2,2,8,3,4,7,2,2
24190,201600010893,1.0,1,4,1,11.0,0.0,0.0,0.0,1957.0,A01,2.0,7,0,0.0,2.0,8.0,1.0,1,2,1930,5,2,2,8,3,4,7,2,2
24191,201600010894,1.0,1,4,1,21.0,0.0,0.0,0.0,1973.0,B01,2.0,33,0,0.0,2.0,2.0,1.0,1,5,1915,2,2,1,1,3,4,7,1,2
24192,201600010894,1.0,1,1,1,11.0,0.0,0.0,0.0,1992.0,A01,2.0,7,0,0.0,2.0,3.0,11.0,1,5,1915,2,2,1,1,3,4,33,2,1
24193,201600010895,1.0,1,1,1,11.0,0.0,0.0,0.0,1977.0,A01,1.0,7,0,0.0,2.0,1.0,1.0,1,7,1630,1,2,2,1,3,3,33,2,1
24194,201600010895,1.0,1,4,2,21.0,0.0,0.0,0.0,1995.0,B01,2.0,33,0,0.0,2.0,7.0,15.0,1,7,1630,1,2,2,1,3,3,7,1,2
24195,201600010896,1.0,1,1,2,11.0,0.0,0.0,0.0,1982.0,A01,1.0,7,0,0.0,1.0,2.0,0.0,1,7,1745,2,2,1,1,6,3,7,2,2
24196,201600010896,0.0,3,3,1,0.0,4.0,3.0,1.0,1969.0,A01,1.0,7,0,0.0,1.0,2.0,0.0,1,7,1745,2,2,1,1,6,3,7,2,2
24197,201600010897,1.0,1,1,1,11.0,0.0,0.0,0.0,1989.0,A01,1.0,7,0,0.0,2.0,2.0,1.0,1,8,530,5,2,2,1,6,0,7,2,2
24198,201600010897,1.0,1,4,2,11.0,0.0,0.0,0.0,1969.0,B01,1.0,7,0,0.0,2.0,3.0,1.0,1,8,530,5,2,2,1,6,0,7,2,2
24203,201600010899,1.0,1,1,1,11.0,0.0,0.0,0.0,1949.0,C01,1.0,7,0,0.0,2.0,1.0,1.0,1,9,1030,1,2,1,2,5,1,7,2,2
24204,201600010899,2.0,2,4,2,11.0,0.0,0.0,0.0,1952.0,C01,1.0,7,0,0.0,2.0,1.0,1.0,1,9,1030,1,2,1,2,5,1,7,2,2
24205,201600010899,3.0,2,1,1,11.0,0.0,0.0,0.0,2014.0,C01,1.0,7,0,0.0,2.0,1.0,1.0,1,9,1030,1,2,1,2,5,1,7,2,2
24206,201600010899,4.0,2,4,2,11.0,0.0,0.0,0.0,1978.0,C01,1.0,7,0,0.0,2.0,1.0,1.0,1,9,1030,1,2,1,2,5,1,7,2,2
24207,201600010899,1.0,1,4,1,11.0,0.0,0.0,0.0,1997.0,A01,2.0,7,0,0.0,2.0,3.0,13.0,1,9,1030,1,2,1,2,5,1,7,2,2
24208,201600010899,1.0,1,4,1,11.0,0.0,0.0,0.0,1933.0,B01,2.0,7,0,0.0,2.0,8.0,1.0,1,9,1030,1,2,1,2,5,1,7,2,2
24209,201600010899,2.0,2,1,2,11.0,0.0,0.0,0.0,1947.0,B01,2.0,7,0,0.0,2.0,8.0,1.0,1,9,1030,1,2,1,2,5,1,7,2,2
24210,201600010900,1.0,1,4,1,11.0,0.0,0.0,0.0,1974.0,B01,0.0,7,0,0.0,2.0,6.0,20.0,1,9,1425,1,2,1,1,5,3,7,2,2
24211,201600010900,2.0,2,4,2,11.0,0.0,0.0,0.0,1969.0,B01,0.0,7,0,0.0,2.0,6.0,20.0,1,9,1425,1,2,1,1,5,3,7,2,2
24212,201600010900,1.0,1,1,1,11.0,0.0,0.0,0.0,1978.0,A01,0.0,7,0,0.0,2.0,1.0,2.0,1,9,1425,1,2,1,1,5,3,7,2,2
24213,201600010900,1.0,1,4,2,13.0,0.0,0.0,0.0,1964.0,C01,0.0,7,0,0.0,2.0,5.0,24.0,1,9,1425,1,2,1,1,5,3,7,2,2
24214,201600010901,1.0,1,3,2,11.0,0.0,0.0,0.0,1996.0,A01,1.0,3,0,0.0,2.0,2.0,17.0,1,9,1900,5,2,1,1,5,4,7,0,2
24215,201600010901,3.0,2,1,1,11.0,0.0,0.0,0.0,2015.0,C01,1.0,7,0,0.0,2.0,3.0,1.0,1,9,1900,5,2,1,1,5,4,3,2,0
24216,201600010901,1.0,1,1,1,11.0,0.0,0.0,0.0,1979.0,C01,1.0,7,0,0.0,2.0,3.0,1.0,1,9,1900,5,2,1,1,5,4,3,2,0
24217,201600010901,2.0,2,1,2,11.0,0.0,0.0,0.0,1931.0,B01,1.0,7,0,0.0,2.0,3.0,1.0,1,9,1900,5,2,1,1,5,4,3,2,0
24218,201600010901,1.0,1,1,1,11.0,0.0,0.0,0.0,1942.0,B01,1.0,7,0,0.0,2.0,3.0,1.0,1,9,1900,5,2,1,1,5,4,3,2,0
24219,201600010902,1.0,1,1,1,11.0,0.0,0.0,0.0,1967.0,A01,2.0,7,0,0.0,1.0,1.0,1.0,1,11,735,2,2,1,1,6,1,7,2,2
24220,201600010902,0.0,3,4,1,0.0,3.0,3.0,1.0,1981.0,A01,2.0,7,0,0.0,1.0,1.0,1.0,1,11,735,2,2,1,1,6,1,7,2,2
24221,201600010903,1.0,1,4,1,21.0,0.0,0.0,0.0,1957.0,B01,0.0,31,0,0.0,2.0,8.0,0.0,1,11,1415,1,2,2,1,3,3,7,1,2
24222,201600010903,1.0,1,1,1,11.0,0.0,0.0,0.0,1950.0,A01,0.0,7,0,0.0,2.0,2.0,0.0,1,11,1415,1,2,2,1,3,3,31,2,1
24223,201600010904,1.0,1,1,1,11.0,0.0,0.0,0.0,1944.0,A01,1.0,7,0,0.0,1.0,1.0,0.0,1,11,1715,2,2,1,1,6,3,7,2,2
24224,201600010904,0.0,3,4,2,0.0,2.0,3.0,1.0,1959.0,A01,1.0,7,0,0.0,1.0,1.0,0.0,1,11,1715,2,2,1,1,6,3,7,2,2
24225,201600010905,1.0,1,3,1,21.0,0.0,0.0,0.0,1969.0,A01,2.0,31,0,0.0,2.0,0.0,1.0,1,12,1400,1,2,1,1,7,3,10,1,2
24226,201600010905,1.0,1,1,1,11.0,0.0,0.0,0.0,1976.0,B01,1.0,7,0,0.0,9.0,1.0,1.0,1,12,1400,1,2,1,1,7,3,10,2,2
24227,201600010905,1.0,1,1,1,11.0,0.0,0.0,0.0,2001.0,C01,1.0,10,0,0.0,0.0,0.0,10.0,1,12,1400,1,2,1,1,7,3,7,2,2
24228,201600010906,1.0,1,4,2,21.0,0.0,0.0,0.0,1987.0,A01,2.0,31,0,0.0,2.0,8.0,1.0,1,12,1430,1,2,1,1,3,3,33,1,1
24229,201600010906,1.0,1,4,1,21.0,0.0,0.0,0.0,1959.0,B01,2.0,33,0,0.0,2.0,8.0,1.0,1,12,1430,1,2,1,1,3,3,31,1,1
24230,201600010907,1.0,1,4,1,21.0,0.0,0.0,0.0,1957.0,A01,1.0,31,0,0.0,2.0,3.0,2.0,1,13,740,1,2,1,1,2,1,7,1,2
24231,201600010907,1.0,1,1,1,11.0,0.0,0.0,0.0,1965.0,B01,1.0,7,0,0.0,2.0,4.0,2.0,1,13,740,1,2,1,1,2,1,31,2,1
24237,201600010910,1.0,1,1,1,11.0,0.0,0.0,0.0,1955.0,A01,1.0,7,0,0.0,1.0,4.0,4.0,1,14,1155,1,2,1,2,6,1,7,2,2
24238,201600010910,0.0,3,4,1,0.0,2.0,3.0,1.0,1957.0,A01,1.0,7,0,0.0,1.0,4.0,4.0,1,14,1155,1,2,1,2,6,1,7,2,2
24239,201600010911,1.0,1,3,1,21.0,0.0,0.0,0.0,1995.0,A01,1.0,33,0,5.0,9.0,9.0,1.0,1,15,347,3,1,1,2,7,0,33,1,1
24240,201600010912,1.0,1,3,2,11.0,0.0,0.0,0.0,1973.0,A01,2.0,7,0,6.0,0.0,9.0,1.0,1,16,119,5,1,1,1,6,0,7,2,2
24241,201600010913,1.0,1,3,1,21.0,0.0,0.0,0.0,1999.0,A01,0.0,30,0,0.0,1.0,1.0,1.0,1,16,1545,1,2,1,1,6,3,30,1,1
24242,201600010913,2.0,2,1,1,21.0,0.0,0.0,0.0,1999.0,A01,0.0,30,0,0.0,1.0,1.0,1.0,1,16,1545,1,2,1,1,6,3,30,1,1
24243,201600010913,0.0,3,3,2,0.0,4.0,3.0,1.0,1956.0,A01,0.0,30,0,0.0,1.0,1.0,1.0,1,16,1545,1,2,1,1,6,3,30,1,1
24244,201600010914,1.0,1,3,1,93.0,0.0,0.0,0.0,1967.0,A01,2.0,1,0,0.0,2.0,8.0,5.0,1,16,1650,1,1,2,1,3,3,7,1,2
24245,201600010914,1.0,1,1,1,11.0,0.0,0.0,0.0,1954.0,B01,1.0,7,0,0.0,2.0,1.0,2.0,1,16,1650,1,1,2,1,3,3,1,2,1
24246,201600010915,1.0,1,1,1,11.0,0.0,0.0,0.0,1956.0,B01,1.0,7,0,0.0,2.0,5.0,23.0,1,16,1950,5,2,1,1,2,4,7,2,2