,Num_Acc,place,catu,grav,sexe,secu,locp,actp,etatp,an_nais,num_veh,senc,catv,occutc,obs,obsm,choc,manv,mois,jour,hrmn,lum,agg,int,atm,col,mom,catvopp,catv_gen,catvopp_gen
24247,201600010915,3.0,2,4,2,11.0,0.0,0.0,0.0,1996.0,B01,1.0,7,0,0.0,2.0,5.0,23.0,1,16,1950,5,2,1,1,2,4,7,2,2
24248,201600010915,1.0,1,1,1,91.0,0.0,0.0,0.0,1982.0,A01,1.0,7,0,0.0,2.0,0.0,2.0,1,16,1950,5,2,1,1,2,4,7,2,2
24249,201600010916,1.0,1,1,1,11.0,0.0,0.0,0.0,1970.0,B01,1.0,7,0,0.0,9.0,5.0,1.0,1,18,820,1,2,1,1,3,1,7,2,2
24250,201600010916,1.0,1,4,1,11.0,0.0,0.0,0.0,1982.0,A01,1.0,7,0,0.0,2.0,1.0,18.0,1,18,820,1,2,1,1,3,1,7,2,2
24251,201600010917,1.0,1,4,2,11.0,0.0,0.0,0.0,1986.0,B01,1.0,7,0,0.0,2.0,2.0,1.0,1,18,1515,1,2,3,1,3,3,7,2,2
24252,201600010917,1.0,1,1,1,11.0,0.0,0.0,0.0,1978.0,A01,1.0,7,0,0.0,2.0,1.0,15.0,1,18,1515,1,2,3,1,3,3,7,2,2
24253,201600010918,1.0,1,4,2,21.0,0.0,0.0,0.0,1962.0,B01,1.0,34,0,0.0,2.0,8.0,23.0,1,18,2210,5,2,1,1,5,5,7,1,2
24254,201600010918,1.0,1,1,1,11.0,0.0,0.0,0.0,1965.0,C01,1.0,7,0,0.0,2.0,8.0,23.0,1,18,2210,5,2,1,1,5,5,34,2,1
24255,201600010918,1.0,1,1,2,11.0,0.0,0.0,0.0,1968.0,A01,2.0,7,0,0.0,2.0,3.0,13.0,1,18,2210,5,2,1,1,5,5,34,2,1
24256,201600010919,1.0,1,4,2,11.0,0.0,0.0,0.0,1977.0,B01,2.0,7,0,0.0,2.0,3.0,1.0,1,19,905,1,2,1,1,3,1,7,2,2
24257,201600010919,1.0,1,4,1,11.0,0.0,0.0,0.0,1990.0,A01,2.0,7,0,0.0,2.0,3.0,15.0,1,19,905,1,2,1,1,3,1,7,2,2
24258,201600010920,1.0,1,4,2,11.0,0.0,0.0,0.0,1989.0,A01,2.0,7,0,0.0,2.0,1.0,0.0,1,21,1015,1,2,1,1,4,1,7,2,2
24259,201600010920,1.0,1,1,2,11.0,0.0,0.0,0.0,1957.0,B01,2.0,7,0,0.0,2.0,6.0,2.0,1,21,1015,1,2,1,1,4,1,7,2,2
24260,201600010920,1.0,1,1,1,11.0,0.0,0.0,0.0,1963.0,C01,2.0,7,0,0.0,2.0,4.0,0.0,1,21,1015,1,2,1,1,4,1,7,2,2
24261,201600010920,2.0,2,1,2,11.0,0.0,0.0,0.0,1959.0,C01,2.0,7,0,0.0,2.0,4.0,0.0,1,21,1015,1,2,1,1,4,1,7,2,2
24262,201600010920,1.0,1,1,1,11.0,0.0,0.0,0.0,1984.0,D01,2.0,7,0,0.0,2.0,4.0,2.0,1,21,1015,1,2,1,1,4,1,7,2,2
24263,201600010921,1.0,1,4,1,11.0,0.0,0.0,0.0,1950.0,B01,1.0,7,0,0.0,2.0,7.0,1.0,1,22,720,2,2,2,1,3,1,7,2,2
24264,201600010921,1.0,1,1,1,11.0,0.0,0.0,0.0,1994.0,A01,1.0,7,0,0.0,2.0,1.0,1.0,1,22,720,2,2,2,1,3,1,7,2,2
24265,201600010922,2.0,2,3,1,13.0,0.0,0.0,0.0,1985.0,A01,1.0,7,0,6.0,0.0,1.0,23.0,1,22,515,5,2,1,1,6,0,7,2,2
24266,201600010923,0.0,3,4,2,0.0,2.0,3.0,1.0,1941.0,A01,0.0,40,1,0.0,1.0,2.0,1.0,1,22,1450,1,2,1,1,6,3,40,3,3
24267,201600010923,1.0,1,1,2,11.0,0.0,0.0,0.0,1956.0,A01,0.0,40,1,0.0,1.0,2.0,1.0,1,22,1450,1,2,1,1,6,3,40,3,3
24268,201600010924,1.0,1,3,1,21.0,0.0,0.0,0.0,1993.0,A01,1.0,32,0,0.0,2.0,1.0,1.0,1,23,520,5,2,2,1,3,0,7,1,2
24269,201600010924,1.0,1,1,1,11.0,0.0,0.0,0.0,1966.0,B01,1.0,7,0,0.0,2.0,6.0,1.0,1,23,520,5,2,2,1,3,0,32,2,1
24270,201600010925,1.0,1,4,1,11.0,0.0,0.0,0.0,1984.0,B01,2.0,7,0,0.0,2.0,3.0,0.0,1,23,1435,1,2,2,1,3,3,7,2,2
24271,201600010925,2.0,2,4,2,11.0,0.0,0.0,0.0,1991.0,B01,2.0,7,0,0.0,2.0,3.0,0.0,1,23,1435,1,2,2,1,3,3,7,2,2
24272,201600010925,1.0,1,1,2,11.0,0.0,0.0,0.0,1961.0,A01,1.0,7,0,0.0,2.0,2.0,1.0,1,23,1435,1,2,2,1,3,3,7,2,2
24273,201600010926,1.0,1,4,1,21.0,0.0,0.0,0.0,1999.0,B01,0.0,1,0,0.0,2.0,0.0,0.0,1,23,1750,2,2,2,1,5,3,7,1,2
24274,201600010926,1.0,1,4,1,21.0,0.0,0.0,0.0,1999.0,A01,0.0,1,0,0.0,2.0,0.0,0.0,1,23,1750,2,2,2,1,5,3,7,1,2
24275,201600010926,2.0,2,1,1,21.0,0.0,0.0,0.0,1999.0,A01,0.0,1,0,0.0,2.0,0.0,0.0,1,23,1750,2,2,2,1,5,3,7,1,2
24276,201600010926,1.0,1,1,2,11.0,0.0,0.0,0.0,1970.0,C01,0.0,7,0,0.0,9.0,0.0,0.0,1,23,1750,2,2,2,1,5,3,1,2,1
24277,201600010927,1.0,1,4,2,11.0,0.0,0.0,0.0,1983.0,C01,1.0,7,0,0.0,2.0,1.0,0.0,1,24,900,1,2,1,1,6,1,7,2,2
24278,201600010927,1.0,1,4,2,11.0,0.0,0.0,0.0,1997.0,B01,2.0,7,0,1.0,1.0,4.0,2.0,1,24,900,1,2,1,1,6,1,7,2,2
24279,201600010927,2.0,2,4,2,11.0,0.0,0.0,0.0,1995.0,B01,2.0,7,0,1.0,1.0,4.0,2.0,1,24,900,1,2,1,1,6,1,7,2,2
24280,201600010927,0.0,3,1,1,0.0,5.0,0.0,0.0,1979.0,B01,2.0,7,0,1.0,1.0,4.0,2.0,1,24,900,1,2,1,1,6,1,7,2,2
24281,201600010927,1.0,1,1,1,11.0,0.0,0.0,0.0,1989.0,A01,2.0,7,0,0.0,2.0,4.0,2.0,1,24,900,1,2,1,1,6,1,7,2,2
24282,201600010928,1.0,1,4,1,21.0,0.0,0.0,0.0,1995.0,A01,1.0,31,0,0.0,2.0,1.0,1.0,1,24,1205,1,2,1,1,3,2,7,1,2
24283,201600010928,1.0,1,1,2,11.0,0.0,0.0,0.0,1975.0,B01,1.0,7,0,0.0,2.0,6.0,15.0,1,24,1205,1,2,1,1,3,2,31,2,1
24284,201600010929,1.0,1,1,2,11.0,0.0,0.0,0.0,1990.0,A01,2.0,7,0,0.0,2.0,3.0,15.0,1,24,1530,1,2,9,1,3,3,33,2,1
24285,201600010929,1.0,1,4,1,21.0,0.0,0.0,0.0,1961.0,B01,2.0,33,0,0.0,2.0,2.0,17.0,1,24,1530,1,2,9,1,3,3,7,1,2
24286,201600010929,2.0,2,4,2,21.0,0.0,0.0,0.0,1964.0,B01,2.0,33,0,0.0,2.0,2.0,17.0,1,24,1530,1,2,9,1,3,3,7,1,2
24287,201600010930,0.0,3,4,1,0.0,2.0,3.0,1.0,1922.0,A01,1.0,32,0,0.0,1.0,0.0,1.0,1,25,1710,2,2,8,1,6,3,32,1,1
24292,201600010932,1.0,1,1,1,11.0,0.0,0.0,0.0,1982.0,A01,1.0,7,0,0.0,2.0,5.0,15.0,1,26,1510,1,2,1,1,3,3,32,2,1
24293,201600010932,1.0,1,3,1,21.0,0.0,0.0,0.0,1998.0,B01,2.0,32,0,0.0,2.0,3.0,1.0,1,26,1510,1,2,1,1,3,3,7,1,2
24297,201600010934,2.0,2,4,2,21.0,0.0,0.0,0.0,1994.0,A01,2.0,33,0,0.0,2.0,8.0,0.0,1,28,1800,1,2,1,1,3,4,33,1,1
24298,201600010934,1.0,1,4,1,21.0,0.0,0.0,0.0,1998.0,A01,2.0,33,0,0.0,2.0,8.0,0.0,1,28,1800,1,2,1,1,3,4,33,1,1
24299,201600010935,1.0,1,1,2,11.0,0.0,0.0,0.0,1978.0,A01,1.0,7,0,0.0,9.0,7.0,9.0,1,29,1715,5,2,1,1,1,3,1,2,1
24300,201600010935,1.0,1,4,1,93.0,0.0,0.0,0.0,1974.0,B01,2.0,1,0,0.0,2.0,1.0,1.0,1,29,1715,5,2,1,1,1,3,7,1,2
24301,201600010936,0.0,3,4,1,0.0,3.0,3.0,1.0,1991.0,Z01,0.0,7,0,0.0,1.0,3.0,1.0,1,30,1815,5,2,1,1,6,4,7,2,2
24302,201600010937,1.0,1,1,1,11.0,0.0,0.0,0.0,1958.0,B01,2.0,37,1,0.0,2.0,3.0,1.0,1,31,1650,1,2,1,1,3,3,7,3,2
24303,201600010937,2.0,2,1,1,93.0,0.0,0.0,0.0,1940.0,B01,2.0,37,1,0.0,2.0,3.0,1.0,1,31,1650,1,2,1,1,3,3,7,3,2
24304,201600010937,7.0,2,4,2,92.0,0.0,0.0,0.0,1966.0,B01,2.0,37,1,0.0,2.0,3.0,1.0,1,31,1650,1,2,1,1,3,3,7,3,2
24305,201600010937,7.0,2,4,2,92.0,0.0,0.0,0.0,1994.0,B01,2.0,37,1,0.0,2.0,3.0,1.0,1,31,1650,1,2,1,1,3,3,7,3,2
24306,201600010937,1.0,1,1,1,11.0,0.0,0.0,0.0,1980.0,A01,2.0,7,0,4.0,2.0,7.0,21.0,1,31,1650,1,2,1,1,3,3,37,2,3
24309,201600010939,1.0,1,1,1,11.0,0.0,0.0,0.0,2000.0,A01,0.0,3,0,0.0,2.0,3.0,1.0,2,1,1110,1,2,2,1,3,1,32,0,1
24310,201600010939,1.0,1,4,1,21.0,0.0,0.0,0.0,1997.0,B01,0.0,32,0,0.0,2.0,7.0,15.0,2,1,1110,1,2,2,1,3,1,3,1,0
24311,201600010940,1.0,1,4,1,21.0,0.0,0.0,0.0,1989.0,A01,1.0,33,0,0.0,1.0,1.0,1.0,2,2,740,1,2,1,1,6,1,33,1,1
24312,201600010940,0.0,3,4,1,0.0,4.0,3.0,1.0,1964.0,A01,1.0,33,0,0.0,1.0,1.0,1.0,2,2,740,1,2,1,1,6,1,33,1,1
24313,201600010941,1.0,1,1,1,11.0,0.0,0.0,0.0,1989.0,A01,1.0,7,0,0.0,2.0,1.0,2.0,2,3,955,1,2,1,1,2,1,7,2,2
24314,201600010941,1.0,1,4,1,11.0,0.0,0.0,0.0,1945.0,B01,0.0,7,0,0.0,2.0,4.0,23.0,2,3,955,1,2,1,1,2,1,7,2,2
24315,201600010942,1.0,1,1,2,11.0,0.0,0.0,0.0,1966.0,C01,1.0,7,0,0.0,2.0,4.0,1.0,2,5,1330,1,2,1,1,5,2,33,2,1
24316,201600010942,1.0,1,4,1,21.0,0.0,0.0,0.0,1982.0,A01,1.0,33,0,0.0,2.0,1.0,21.0,2,5,1330,1,2,1,1,5,2,2,1,1
24317,201600010942,1.0,1,1,1,21.0,0.0,0.0,0.0,1964.0,B01,2.0,2,0,0.0,2.0,3.0,13.0,2,5,1330,1,2,1,1,5,2,33,1,1
24318,201600010943,1.0,1,4,1,21.0,0.0,0.0,0.0,1965.0,B01,0.0,31,0,0.0,2.0,7.0,5.0,2,5,1610,1,2,3,1,3,3,7,1,2
24319,201600010943,1.0,1,1,1,11.0,0.0,0.0,0.0,1971.0,A01,0.0,7,0,0.0,2.0,1.0,15.0,2,5,1610,1,2,3,1,3,3,31,2,1
24320,201600010944,1.0,1,1,1,11.0,0.0,0.0,0.0,1963.0,A01,2.0,7,0,0.0,2.0,8.0,15.0,2,5,1740,5,2,3,1,3,3,31,2,1
24321,201600010944,1.0,1,4,1,21.0,0.0,0.0,0.0,1983.0,B01,2.0,31,0,0.0,2.0,1.0,17.0,2,5,1740,5,2,3,1,3,3,7,1,2
24325,201600010947,1.0,1,1,1,13.0,0.0,0.0,0.0,1969.0,A01,0.0,10,0,0.0,2.0,8.0,15.0,2,8,700,2,2,3,1,3,1,2,2,1
24326,201600010947,1.0,1,4,2,21.0,0.0,0.0,0.0,1996.0,B01,0.0,2,0,0.0,2.0,8.0,17.0,2,8,700,2,2,3,1,3,1,10,1,2
24327,201600010948,1.0,1,1,1,11.0,0.0,0.0,0.0,1966.0,B01,1.0,15,0,0.0,2.0,0.0,1.0,2,8,1515,1,2,3,1,7,3,30,3,1
24328,201600010948,2.0,2,1,1,11.0,0.0,0.0,0.0,1971.0,B01,1.0,15,0,0.0,2.0,0.0,1.0,2,8,1515,1,2,3,1,7,3,30,3,1
24329,201600010948,1.0,1,2,1,21.0,0.0,0.0,0.0,1960.0,A01,2.0,30,0,12.0,0.0,7.0,1.0,2,8,1515,1,2,3,1,7,3,15,1,3
24330,201600010949,0.0,3,4,2,0.0,3.0,3.0,1.0,1991.0,A01,0.0,7,0,0.0,1.0,3.0,0.0,2,9,1930,5,2,1,2,6,4,7,2,2
24331,201600010949,1.0,1,1,2,11.0,0.0,0.0,0.0,1996.0,A01,0.0,7,0,0.0,1.0,3.0,0.0,2,9,1930,5,2,1,2,6,4,7,2,2
24335,201600010951,1.0,1,1,1,11.0,0.0,0.0,0.0,1995.0,A01,2.0,7,0,0.0,1.0,1.0,1.0,2,10,950,1,2,1,1,6,1,7,2,2
24336,201600010951,0.0,3,3,1,0.0,3.0,3.0,1.0,1940.0,A01,2.0,7,0,0.0,1.0,1.0,1.0,2,10,950,1,2,1,1,6,1,7,2,2
24337,201600010952,1.0,1,1,1,11.0,0.0,0.0,0.0,1982.0,A01,2.0,10,0,0.0,2.0,4.0,23.0,2,10,1850,5,2,1,1,4,4,7,2,2
24338,201600010952,1.0,1,4,2,11.0,0.0,0.0,0.0,1989.0,B01,2.0,7,0,0.0,2.0,0.0,2.0,2,10,1850,5,2,1,1,4,4,10,2,2
24339,201600010952,2.0,2,4,2,11.0,0.0,0.0,0.0,1995.0,B01,2.0,7,0,0.0,2.0,0.0,2.0,2,10,1850,5,2,1,1,4,4,10,2,2
24340,201600010952,1.0,1,1,1,11.0,0.0,0.0,0.0,1967.0,C01,2.0,7,0,0.0,2.0,1.0,2.0,2,10,1850,5,2,1,1,4,4,10,2,2
24344,201600010954,1.0,1,4,1,21.0,0.0,0.0,0.0,1997.0,A01,1.0,2,0,0.0,2.0,1.0,15.0,2,12,845,1,2,4,1,1,1,7,1,2
24345,201600010954,1.0,1,1,1,11.0,0.0,0.0,0.0,1958.0,B01,1.0,7,0,0.0,2.0,2.0,1.0,2,12,845,1,2,4,1,1,1,2,2,1
24348,201600010956,1.0,1,1,1,11.0,0.0,0.0,0.0,1994.0,A01,2.0,7,0,0.0,1.0,3.0,2.0,2,13,712,2,2,1,1,6,1,7,2,2
24349,201600010956,0.0,3,3,1,0.0,1.0,3.0,1.0,1992.0,A01,2.0,7,0,0.0,1.0,3.0,2.0,2,13,712,2,2,1,1,6,1,7,2,2
24350,201600010957,1.0,1,1,1,11.0,0.0,0.0,0.0,1991.0,A01,0.0,7,0,0.0,2.0,3.0,12.0,2,13,1445,1,2,1,1,2,3,7,2,2
24351,201600010957,1.0,1,4,2,11.0,0.0,0.0,0.0,1974.0,B01,1.0,7,0,0.0,2.0,4.0,1.0,2,13,1445,1,2,1,1,2,3,7,2,2
24352,201600010957,2.0,2,1,1,11.0,0.0,0.0,0.0,1965.0,B01,1.0,7,0,0.0,2.0,4.0,1.0,2,13,1445,1,2,1,1,2,3,7,2,2
24353,201600010958,1.0,1,3,1,21.0,0.0,0.0,0.0,1967.0,B01,1.0,31,0,0.0,2.0,1.0,1.0,2,13,1900,5,2,3,1,3,4,7,1,2
24354,201600010958,1.0,1,1,1,11.0,0.0,0.0,0.0,1979.0,A01,1.0,7,0,0.0,2.0,3.0,10.0,2,13,1900,5,2,3,1,3,4,31,2,1
24355,201600010959,1.0,1,1,1,11.0,0.0,0.0,0.0,1967.0,A01,1.0,7,0,6.0,0.0,1.0,1.0,2,13,2000,5,2,1,1,6,4,7,2,2
24356,201600010959,2.0,2,4,2,11.0,0.0,0.0,0.0,1966.0,A01,1.0,7,0,6.0,0.0,1.0,1.0,2,13,2000,5,2,1,1,6,4,7,2,2
24357,201600010960,1.0,1,4,1,21.0,0.0,0.0,0.0,1989.0,A01,2.0,2,0,0.0,2.0,2.0,16.0,2,16,1320,1,1,1,1,3,2,7,1,2
24358,201600010960,1.0,1,1,1,11.0,0.0,0.0,0.0,1984.0,B01,0.0,7,0,0.0,2.0,8.0,1.0,2,16,1320,1,1,1,1,3,2,2,2,1
24359,201600010961,1.0,1,1,2,11.0,0.0,0.0,0.0,1970.0,A01,0.0,7,0,0.0,2.0,1.0,2.0,2,16,1450,1,2,1,1,2,3,33,2,1
24360,201600010961,1.0,1,4,1,21.0,0.0,0.0,0.0,1941.0,B01,0.0,33,0,0.0,2.0,4.0,23.0,2,16,1450,1,2,1,1,2,3,7,1,2
24361,201600010962,1.0,1,1,1,21.0,0.0,0.0,0.0,1966.0,A01,1.0,33,0,0.0,1.0,8.0,1.0,2,16,1635,1,2,1,1,6,3,33,1,1
24362,201600010962,0.0,3,4,2,0.0,4.0,5.0,1.0,1982.0,A01,1.0,33,0,0.0,1.0,8.0,1.0,2,16,1635,1,2,1,1,6,3,33,1,1
24369,201600010964,1.0,1,1,1,11.0,0.0,0.0,0.0,1960.0,A01,1.0,7,0,0.0,2.0,2.0,1.0,2,18,1515,1,2,2,1,3,3,33,2,1
24370,201600010964,1.0,1,4,1,21.0,0.0,0.0,0.0,1991.0,B01,1.0,33,0,8.0,2.0,3.0,1.0,2,18,1515,1,2,2,1,3,3,7,1,2
24371,201600010965,1.0,1,1,1,11.0,0.0,0.0,0.0,1993.0,A01,1.0,7,0,0.0,1.0,0.0,1.0,2,18,1645,1,2,1,1,6,3,7,2,2
24372,201600010965,0.0,3,4,1,0.0,1.0,3.0,1.0,2008.0,A01,1.0,7,0,0.0,1.0,0.0,1.0,2,18,1645,1,2,1,1,6,3,7,2,2
24373,201600010966,1.0,1,4,1,21.0,0.0,0.0,0.0,1997.0,A01,1.0,2,0,1.0,1.0,0.0,12.0,2,19,830,1,2,1,1,6,1,2,1,1
24374,201600010966,0.0,3,4,1,0.0,1.0,9.0,1.0,1967.0,A01,1.0,2,0,1.0,1.0,0.0,12.0,2,19,830,1,2,1,1,6,1,2,1,1
24375,201600010967,1.0,1,1,1,11.0,0.0,0.0,0.0,1997.0,A01,1.0,7,0,0.0,1.0,4.0,4.0,2,19,1410,1,2,2,1,6,3,7,2,2
24376,201600010967,0.0,3,4,1,0.0,2.0,3.0,2.0,1952.0,A01,1.0,7,0,0.0,1.0,4.0,4.0,2,19,1410,1,2,2,1,6,3,7,2,2
24377,201600010968,1.0,1,4,1,11.0,0.0,0.0,0.0,1984.0,A01,1.0,10,0,0.0,2.0,3.0,3.0,2,19,1145,1,2,1,1,5,1,7,2,2
24378,201600010968,1.0,1,1,1,11.0,0.0,0.0,0.0,1969.0,B01,1.0,10,0,0.0,2.0,5.0,1.0,2,19,1145,1,2,1,1,5,1,7,2,2
24379,201600010968,1.0,1,1,1,11.0,0.0,0.0,0.0,1986.0,C01,1.0,7,0,0.0,2.0,8.0,1.0,2,19,1145,1,2,1,1,5,1,10,2,2
24380,201600010968,2.0,2,1,2,11.0,0.0,0.0,0.0,1987.0,C01,1.0,7,0,0.0,2.0,8.0,1.0,2,19,1145,1,2,1,1,5,1,10,2,2
24381,201600010968,1.0,1,1,1,11.0,0.0,0.0,0.0,1990.0,D01,1.0,7,0,0.0,2.0,7.0,1.0,2,19,1145,1,2,1,1,5,1,10,2,2
24382,201600010968,1.0,1,1,2,11.0,0.0,0.0,0.0,1945.0,E01,1.0,7,0,0.0,2.0,4.0,1.0,2,19,1145,1,2,1,1,5,1,10,2,2
24385,201600010970,1.0,1,1,2,11.0,0.0,0.0,0.0,1963.0,A01,1.0,7,0,0.0,2.0,3.0,15.0,2,19,1645,1,2,3,1,3,3,30,2,1
24386,201600010970,1.0,1,1,1,22.0,0.0,0.0,0.0,1985.0,B01,2.0,30,0,0.0,2.0,1.0,1.0,2,19,1645,1,2,3,1,3,3,7,1,2
24387,201600010970,2.0,2,3,2,22.0,0.0,0.0,0.0,1988.0,B01,2.0,30,0,0.0,2.0,1.0,1.0,2,19,1645,1,2,3,1,3,3,7,1,2
24388,201600010971,1.0,1,3,1,21.0,0.0,0.0,0.0,1989.0,B01,1.0,34,0,0.0,2.0,8.0,1.0,2,20,2000,5,1,2,1,1,4,7,1,2
24389,201600010971,1.0,1,1,2,11.0,0.0,0.0,0.0,1986.0,A01,1.0,7,0,0.0,2.0,1.0,15.0,2,20,2000,5,1,2,1,1,4,34,2,1
24390,201600010972,1.0,1,1,2,11.0,0.0,0.0,0.0,1994.0,B01,2.0,7,0,0.0,2.0,1.0,1.0,2,22,140,5,2,1,1,1,0,31,2,1
24391,201600010972,1.0,1,3,1,21.0,0.0,0.0,0.0,1978.0,A01,2.0,31,0,0.0,2.0,1.0,13.0,2,22,140,5,2,1,1,1,0,7,1,2
24392,201600010973,1.0,1,1,1,11.0,0.0,0.0,0.0,1989.0,A01,1.0,10,0,0.0,1.0,1.0,9.0,2,23,1805,2,2,1,1,6,4,10,2,2
24393,201600010973,0.0,3,3,1,0.0,4.0,3.0,1.0,1957.0,A01,1.0,10,0,0.0,1.0,1.0,9.0,2,23,1805,2,2,1,1,6,4,10,2,2
24394,201600010974,1.0,1,1,1,11.0,0.0,0.0,0.0,1994.0,A01,1.0,7,0,0.0,2.0,1.0,15.0,2,24,1325,1,2,3,1,3,2,31,2,1
24395,201600010974,1.0,1,4,1,21.0,0.0,0.0,0.0,1983.0,B01,2.0,31,0,0.0,2.0,3.0,1.0,2,24,1325,1,2,3,1,3,2,7,1,2
24396,201600010975,1.0,1,1,1,11.0,0.0,0.0,0.0,1977.0,A01,0.0,7,0,0.0,2.0,2.0,15.0,2,24,1440,1,2,1,1,3,3,31,2,1
24397,201600010975,1.0,1,4,2,21.0,0.0,0.0,0.0,1969.0,B01,0.0,31,0,0.0,2.0,1.0,1.0,2,24,1440,1,2,1,1,3,3,7,1,2
24398,201600010976,0.0,3,4,2,0.0,4.0,3.0,2.0,1993.0,A01,1.0,7,0,0.0,1.0,8.0,15.0,2,25,1105,1,2,2,1,6,1,7,2,2
24399,201600010976,0.0,3,3,2,0.0,4.0,3.0,2.0,1956.0,A01,1.0,7,0,0.0,1.0,8.0,15.0,2,25,1105,1,2,2,1,6,1,7,2,2
24400,201600010976,1.0,1,1,1,11.0,0.0,0.0,0.0,1943.0,A01,1.0,7,0,0.0,1.0,8.0,15.0,2,25,1105,1,2,2,1,6,1,7,2,2
24401,201600010977,1.0,1,1,1,11.0,0.0,0.0,0.0,1958.0,A01,1.0,37,1,0.0,1.0,7.0,1.0,2,25,1645,1,2,1,1,6,3,37,3,3
24402,201600010977,0.0,3,4,1,0.0,2.0,5.0,3.0,2000.0,A01,1.0,37,1,0.0,1.0,7.0,1.0,2,25,1645,1,2,1,1,6,3,37,3,3
24403,201600010978,1.0,1,1,1,11.0,0.0,0.0,0.0,1952.0,A01,1.0,7,0,1.0,1.0,3.0,0.0,2,28,1310,1,2,1,1,6,2,7,2,2
24404,201600010978,0.0,3,3,1,0.0,2.0,9.0,1.0,1990.0,A01,1.0,7,0,1.0,1.0,3.0,0.0,2,28,1310,1,2,1,1,6,2,7,2,2
24405,201600010979,1.0,1,4,1,21.0,0.0,0.0,0.0,1978.0,B01,0.0,31,0,0.0,2.0,2.0,3.0,3,1,800,1,2,1,1,2,1,7,1,2
24406,201600010979,1.0,1,1,1,11.0,0.0,0.0,0.0,1968.0,A01,0.0,7,0,0.0,2.0,6.0,11.0,3,1,800,1,2,1,1,2,1,31,2,1
24407,201600010980,1.0,1,4,1,11.0,0.0,0.0,0.0,1986.0,B01,2.0,7,0,0.0,2.0,4.0,2.0,3,1,900,1,2,1,1,4,1,7,2,2
24408,201600010980,1.0,1,1,1,11.0,0.0,0.0,0.0,1960.0,C01,2.0,7,0,0.0,2.0,4.0,23.0,3,1,900,1,2,1,1,4,1,7,2,2
24409,201600010980,1.0,1,1,1,11.0,0.0,0.0,0.0,1995.0,A01,2.0,7,0,0.0,2.0,1.0,2.0,3,1,900,1,2,1,1,4,1,7,2,2
24410,201600010981,1.0,1,1,1,11.0,0.0,0.0,0.0,1992.0,A01,1.0,7,0,0.0,1.0,1.0,1.0,3,1,1100,1,2,1,1,6,1,7,2,2
24411,201600010981,0.0,3,4,1,0.0,3.0,3.0,1.0,1972.0,A01,1.0,7,0,0.0,1.0,1.0,1.0,3,1,1100,1,2,1,1,6,1,7,2,2
24412,201600010982,1.0,1,4,1,21.0,0.0,0.0,0.0,1961.0,B01,2.0,33,0,0.0,2.0,1.0,1.0,3,2,750,1,2,1,1,3,1,7,1,2
24413,201600010982,2.0,2,4,1,21.0,0.0,0.0,0.0,2003.0,B01,2.0,33,0,0.0,2.0,1.0,1.0,3,2,750,1,2,1,1,3,1,7,1,2
24414,201600010982,1.0,1,1,1,11.0,0.0,0.0,0.0,1957.0,A01,1.0,7,0,0.0,2.0,2.0,15.0,3,2,750,1,2,1,1,3,1,33,2,1
24416,201600010984,1.0,1,4,1,21.0,0.0,0.0,0.0,1973.0,A01,1.0,34,0,1.0,0.0,1.0,16.0,3,2,2200,5,2,3,1,6,5,34,1,1
24417,201600010984,2.0,2,4,2,21.0,0.0,0.0,0.0,1991.0,A01,1.0,34,0,1.0,0.0,1.0,16.0,3,2,2200,5,2,3,1,6,5,34,1,1
24418,201600010985,1.0,1,2,1,21.0,0.0,0.0,0.0,1947.0,A01,0.0,1,0,3.0,0.0,1.0,0.0,3,3,900,1,2,1,1,6,1,1,1,1
24419,201600010986,1.0,1,4,2,11.0,0.0,0.0,0.0,1986.0,B01,1.0,7,0,0.0,2.0,4.0,2.0,3,3,1450,1,2,6,1,2,3,10,2,2
24420,201600010986,2.0,2,1,2,11.0,0.0,0.0,0.0,1959.0,B01,1.0,7,0,0.0,2.0,4.0,2.0,3,3,1450,1,2,6,1,2,3,10,2,2
24421,201600010986,1.0,1,1,1,11.0,0.0,0.0,0.0,1975.0,A01,1.0,10,0,0.0,2.0,1.0,2.0,3,3,1450,1,2,6,1,2,3,7,2,2
24422,201600010987,1.0,1,4,1,11.0,0.0,0.0,0.0,1970.0,B01,0.0,7,0,0.0,2.0,6.0,23.0,3,4,750,1,1,1,1,2,1,7,2,2
24423,201600010987,3.0,2,4,2,11.0,0.0,0.0,0.0,2003.0,B01,0.0,7,0,0.0,2.0,6.0,23.0,3,4,750,1,1,1,1,2,1,7,2,2
24424,201600010987,4.0,2,4,2,11.0,0.0,0.0,0.0,2002.0,B01,0.0,7,0,0.0,2.0,6.0,23.0,3,4,750,1,1,1,1,2,1,7,2,2
24425,201600010987,1.0,1,1,1,11.0,0.0,0.0,0.0,1969.0,A01,0.0,7,0,0.0,2.0,2.0,2.0,3,4,750,1,1,1,1,2,1,7,2,2
24433,201600010990,1.0,1,4,1,21.0,0.0,0.0,0.0,1984.0,A01,2.0,30,0,0.0,2.0,7.0,17.0,3,8,750,1,2,1,1,3,1,7,1,2
24434,201600010990,1.0,1,1,2,11.0,0.0,0.0,0.0,1987.0,B01,1.0,7,0,0.0,2.0,1.0,15.0,3,8,750,1,2,1,1,3,1,30,2,1