,Num_Acc,place,catu,grav,sexe,secu,locp,actp,etatp,an_nais,num_veh,senc,catv,occutc,obs,obsm,choc,manv,mois,jour,hrmn,lum,agg,int,atm,col,mom,catvopp,catv_gen,catvopp_gen
24435,201600010991,1.0,1,1,1,11.0,0.0,0.0,0.0,1947.0,A01,2.0,7,0,0.0,2.0,8.0,10.0,3,8,630,2,2,1,1,1,1,34,2,1
24436,201600010991,1.0,1,4,1,21.0,0.0,0.0,0.0,1990.0,B01,0.0,34,0,0.0,2.0,1.0,1.0,3,8,630,2,2,1,1,1,1,7,1,2
24437,201600010992,1.0,1,1,1,11.0,0.0,0.0,0.0,1987.0,A01,1.0,7,0,0.0,2.0,3.0,2.0,3,10,1345,1,2,2,1,3,2,33,2,1
24438,201600010992,1.0,1,4,1,21.0,0.0,0.0,0.0,1955.0,B01,1.0,33,0,0.0,2.0,1.0,1.0,3,10,1345,1,2,2,1,3,2,7,1,2
24439,201600010993,1.0,1,3,1,21.0,0.0,0.0,0.0,1973.0,B01,1.0,34,0,0.0,2.0,3.0,1.0,3,11,800,1,2,2,1,5,1,7,1,2
24440,201600010993,1.0,1,1,1,11.0,0.0,0.0,0.0,1972.0,A01,1.0,7,0,8.0,2.0,3.0,1.0,3,11,800,1,2,2,1,5,1,34,2,1
24441,201600010993,1.0,1,1,1,93.0,0.0,0.0,0.0,1984.0,C01,1.0,7,0,0.0,2.0,5.0,24.0,3,11,800,1,2,2,1,5,1,34,2,1
24442,201600010994,1.0,1,3,1,21.0,0.0,0.0,0.0,1962.0,B01,1.0,33,0,0.0,2.0,1.0,1.0,3,11,840,1,2,1,1,3,1,7,1,2
24443,201600010994,1.0,1,1,1,11.0,0.0,0.0,0.0,1974.0,A01,1.0,7,0,0.0,2.0,3.0,10.0,3,11,840,1,2,1,1,3,1,33,2,1
24444,201600010995,0.0,3,4,1,0.0,3.0,3.0,2.0,2008.0,A01,2.0,7,0,0.0,1.0,1.0,1.0,3,11,1600,1,2,1,1,6,3,7,2,2
24445,201600010995,0.0,3,4,2,0.0,3.0,3.0,2.0,2007.0,A01,2.0,7,0,0.0,1.0,1.0,1.0,3,11,1600,1,2,1,1,6,3,7,2,2
24446,201600010995,1.0,1,1,1,11.0,0.0,0.0,0.0,1982.0,A01,2.0,7,0,0.0,1.0,1.0,1.0,3,11,1600,1,2,1,1,6,3,7,2,2
24447,201600010996,1.0,1,3,2,93.0,0.0,0.0,0.0,1953.0,A01,0.0,1,0,0.0,0.0,7.0,9.0,3,11,1721,1,2,1,1,3,3,2,1,1
24448,201600010996,1.0,1,1,1,21.0,0.0,0.0,0.0,1997.0,B01,1.0,2,0,0.0,9.0,1.0,1.0,3,11,1721,1,2,1,1,3,3,1,1,1
24449,201600010997,1.0,1,1,1,13.0,0.0,0.0,0.0,1953.0,A01,2.0,7,0,6.0,0.0,2.0,21.0,3,13,2130,5,1,1,1,6,4,7,2,2
24450,201600010997,2.0,2,3,2,11.0,0.0,0.0,0.0,1961.0,A01,2.0,7,0,6.0,0.0,2.0,21.0,3,13,2130,5,1,1,1,6,4,7,2,2
24451,201600010998,1.0,1,1,1,11.0,0.0,0.0,0.0,1997.0,A01,1.0,7,0,1.0,2.0,7.0,1.0,3,13,2257,5,2,2,1,6,5,14,2,3
24452,201600010998,2.0,2,4,1,11.0,0.0,0.0,0.0,1952.0,A01,1.0,7,0,1.0,2.0,7.0,1.0,3,13,2257,5,2,2,1,6,5,14,2,3
24453,201600010998,4.0,2,1,1,11.0,0.0,0.0,0.0,1956.0,A01,1.0,7,0,1.0,2.0,7.0,1.0,3,13,2257,5,2,2,1,6,5,14,2,3
24454,201600010998,1.0,1,1,1,13.0,0.0,0.0,0.0,1979.0,B01,1.0,14,0,0.0,2.0,1.0,1.0,3,13,2257,5,2,2,1,6,5,7,3,2
24455,201600010998,2.0,2,1,1,11.0,0.0,0.0,0.0,1977.0,B01,1.0,14,0,0.0,2.0,1.0,1.0,3,13,2257,5,2,2,1,6,5,7,3,2
24456,201600010998,3.0,2,1,1,11.0,0.0,0.0,0.0,1984.0,B01,1.0,14,0,0.0,2.0,1.0,1.0,3,13,2257,5,2,2,1,6,5,7,3,2
24457,201600010998,4.0,2,1,1,11.0,0.0,0.0,0.0,1978.0,B01,1.0,14,0,0.0,2.0,1.0,1.0,3,13,2257,5,2,2,1,6,5,7,3,2
24458,201600010998,7.0,2,1,1,11.0,0.0,0.0,0.0,1990.0,B01,1.0,14,0,0.0,2.0,1.0,1.0,3,13,2257,5,2,2,1,6,5,7,3,2
24459,201600010998,9.0,2,1,1,11.0,0.0,0.0,0.0,1980.0,B01,1.0,14,0,0.0,2.0,1.0,1.0,3,13,2257,5,2,2,1,6,5,7,3,2
24460,201600010999,1.0,1,4,2,11.0,0.0,0.0,0.0,1964.0,B01,1.0,7,0,0.0,2.0,4.0,2.0,3,15,920,1,2,1,1,2,1,7,2,2
24461,201600010999,1.0,1,1,1,11.0,0.0,0.0,0.0,1980.0,A01,1.0,7,0,0.0,2.0,1.0,2.0,3,15,920,1,2,1,1,2,1,7,2,2
24462,201600011000,1.0,1,1,1,11.0,0.0,0.0,0.0,1976.0,A01,0.0,7,0,0.0,2.0,1.0,19.0,3,15,940,1,2,1,1,3,1,31,2,1
24463,201600011000,1.0,1,3,1,21.0,0.0,0.0,0.0,1974.0,B01,0.0,31,0,0.0,2.0,2.0,17.0,3,15,940,1,2,1,1,3,1,7,1,2
24466,201600011003,1.0,1,1,1,11.0,0.0,0.0,0.0,1988.0,A01,1.0,7,0,0.0,1.0,2.0,1.0,3,17,1605,1,2,1,1,6,3,7,2,2
24467,201600011003,0.0,3,4,1,0.0,2.0,3.0,1.0,2000.0,A01,1.0,7,0,0.0,1.0,2.0,1.0,3,17,1605,1,2,1,1,6,3,7,2,2
24468,201600011004,1.0,1,3,1,21.0,0.0,0.0,0.0,1966.0,A01,2.0,2,0,0.0,0.0,7.0,1.0,3,17,2022,5,2,1,1,7,4,2,1,1
24471,201600011006,1.0,1,2,1,21.0,0.0,0.0,0.0,1967.0,A01,1.0,33,0,6.0,0.0,0.0,0.0,3,18,2220,5,2,1,1,6,5,33,1,1
24472,201600011007,1.0,1,1,1,11.0,0.0,0.0,0.0,1989.0,B01,1.0,7,0,0.0,0.0,0.0,0.0,3,20,530,5,2,1,1,5,0,2,2,1
24473,201600011007,1.0,1,1,1,13.0,0.0,0.0,0.0,1995.0,A01,1.0,7,0,0.0,2.0,2.0,1.0,3,20,530,5,2,1,1,5,0,2,2,1
24474,201600011007,1.0,1,4,1,21.0,0.0,0.0,0.0,1996.0,C01,0.0,2,0,0.0,0.0,5.0,0.0,3,20,530,5,2,1,1,5,0,7,1,2
24475,201600011007,2.0,2,3,1,21.0,0.0,0.0,0.0,1996.0,C01,0.0,2,0,0.0,0.0,5.0,0.0,3,20,530,5,2,1,1,5,0,7,1,2
24476,201600011008,1.0,1,1,1,11.0,0.0,0.0,0.0,1983.0,B01,2.0,7,0,0.0,2.0,1.0,1.0,3,20,2143,5,2,2,1,3,4,7,2,2
24477,201600011008,4.0,2,1,2,11.0,0.0,0.0,0.0,1965.0,A01,1.0,7,0,0.0,2.0,2.0,1.0,3,20,2143,5,2,2,1,3,4,7,2,2
24478,201600011008,1.0,1,1,2,11.0,0.0,0.0,0.0,1994.0,A01,1.0,7,0,0.0,2.0,2.0,1.0,3,20,2143,5,2,2,1,3,4,7,2,2
24479,201600011008,2.0,2,1,1,11.0,0.0,0.0,0.0,1990.0,A01,1.0,7,0,0.0,2.0,2.0,1.0,3,20,2143,5,2,2,1,3,4,7,2,2
24480,201600011008,3.0,2,4,2,11.0,0.0,0.0,0.0,1968.0,A01,1.0,7,0,0.0,2.0,2.0,1.0,3,20,2143,5,2,2,1,3,4,7,2,2
24484,201600011010,1.0,1,1,1,11.0,0.0,0.0,0.0,1992.0,A01,1.0,7,0,0.0,1.0,0.0,0.0,3,21,1850,1,2,1,1,6,4,7,2,2
24485,201600011010,0.0,3,4,1,0.0,2.0,3.0,2.0,2013.0,A01,1.0,7,0,0.0,1.0,0.0,0.0,3,21,1850,1,2,1,1,6,4,7,2,2
24486,201600011011,1.0,1,1,2,13.0,0.0,0.0,0.0,1985.0,A01,1.0,7,0,0.0,2.0,5.0,1.0,3,23,1630,1,2,1,1,2,3,33,2,1
24487,201600011011,1.0,1,3,1,21.0,0.0,0.0,0.0,1973.0,B01,1.0,33,0,0.0,2.0,1.0,1.0,3,23,1630,1,2,1,1,2,3,7,1,2
24494,201600011014,1.0,1,1,1,11.0,0.0,0.0,0.0,1971.0,B01,0.0,7,0,0.0,2.0,0.0,0.0,2,23,1700,1,2,3,8,3,3,7,2,2
24495,201600011014,1.0,1,4,2,11.0,0.0,0.0,0.0,1982.0,A01,0.0,7,0,0.0,2.0,0.0,0.0,2,23,1700,1,2,3,8,3,3,7,2,2
24496,201600011015,1.0,1,1,1,11.0,0.0,0.0,0.0,1970.0,A01,1.0,7,0,3.0,2.0,7.0,14.0,3,24,1705,1,2,1,1,2,3,7,2,2
24497,201600011015,1.0,1,3,2,11.0,0.0,0.0,0.0,1960.0,B01,1.0,7,0,0.0,2.0,3.0,2.0,3,24,1705,1,2,1,1,2,3,7,2,2
24498,201600011016,1.0,1,4,2,11.0,0.0,0.0,0.0,1991.0,B01,0.0,7,0,0.0,2.0,8.0,1.0,3,25,830,1,2,1,1,3,1,14,2,3
24499,201600011016,1.0,1,1,1,11.0,0.0,0.0,0.0,1970.0,A01,0.0,14,0,0.0,2.0,2.0,12.0,3,25,830,1,2,1,1,3,1,7,3,2
24500,201600011017,1.0,1,1,1,11.0,0.0,0.0,0.0,1988.0,A01,1.0,7,0,1.0,2.0,9.0,0.0,3,26,522,5,2,1,1,6,0,7,2,2
24501,201600011017,1.0,1,3,1,11.0,0.0,0.0,0.0,1983.0,B01,1.0,7,0,1.0,2.0,4.0,1.0,3,26,522,5,2,1,1,6,0,7,2,2
24502,201600011018,1.0,1,4,1,21.0,0.0,0.0,0.0,1967.0,B01,2.0,33,0,0.0,2.0,1.0,1.0,3,29,750,1,2,3,1,3,1,7,1,2
24503,201600011018,2.0,2,4,2,21.0,0.0,0.0,0.0,1995.0,B01,2.0,33,0,0.0,2.0,1.0,1.0,3,29,750,1,2,3,1,3,1,7,1,2
24504,201600011018,1.0,1,1,2,11.0,0.0,0.0,0.0,1997.0,A01,1.0,7,0,0.0,2.0,2.0,15.0,3,29,750,1,2,3,1,3,1,33,2,1
24505,201600011019,1.0,1,1,1,11.0,0.0,0.0,0.0,1984.0,A01,2.0,7,0,0.0,1.0,2.0,15.0,3,30,1030,1,2,2,1,6,1,7,2,2
24506,201600011019,0.0,3,3,1,0.0,4.0,3.0,1.0,1933.0,A01,2.0,7,0,0.0,1.0,2.0,15.0,3,30,1030,1,2,2,1,6,1,7,2,2
24507,201600011020,1.0,1,1,2,11.0,0.0,0.0,0.0,1994.0,A01,0.0,7,0,0.0,2.0,7.0,15.0,3,30,1830,1,2,3,1,3,4,2,2,1
24508,201600011020,1.0,1,4,2,21.0,0.0,0.0,0.0,1998.0,B01,0.0,2,0,0.0,2.0,1.0,1.0,3,30,1830,1,2,3,1,3,4,7,1,2
24509,201600011021,1.0,1,1,2,11.0,0.0,0.0,0.0,1960.0,A01,0.0,7,0,0.0,2.0,2.0,15.0,4,1,715,1,2,2,2,3,1,31,2,1
24510,201600011021,1.0,1,4,1,21.0,0.0,0.0,0.0,1964.0,B01,0.0,31,0,0.0,2.0,3.0,1.0,4,1,715,1,2,2,2,3,1,7,1,2
24513,201600011023,1.0,1,1,1,11.0,0.0,0.0,0.0,1975.0,C01,1.0,7,0,0.0,2.0,4.0,2.0,4,2,315,5,2,1,1,5,0,33,2,1
24514,201600011023,1.0,1,2,1,21.0,0.0,0.0,0.0,1988.0,A01,1.0,33,0,1.0,2.0,1.0,3.0,4,2,315,5,2,1,1,5,0,7,1,2
24515,201600011023,1.0,1,1,1,11.0,0.0,0.0,0.0,1983.0,B01,1.0,7,0,0.0,2.0,6.0,24.0,4,2,315,5,2,1,1,5,0,33,2,1
24516,201600011024,1.0,1,4,1,21.0,0.0,0.0,0.0,1957.0,A01,1.0,32,0,0.0,1.0,1.0,1.0,4,4,1740,1,2,1,2,6,3,32,1,1
24517,201600011024,0.0,3,4,2,0.0,3.0,3.0,1.0,1961.0,A01,1.0,32,0,0.0,1.0,1.0,1.0,4,4,1740,1,2,1,2,6,3,32,1,1
24518,201600011025,1.0,1,4,1,21.0,0.0,0.0,0.0,1994.0,A01,0.0,2,0,0.0,2.0,1.0,1.0,4,4,1845,2,2,1,2,3,4,7,1,2
24519,201600011025,1.0,1,1,2,11.0,0.0,0.0,0.0,1978.0,B01,1.0,7,0,0.0,2.0,8.0,0.0,4,4,1845,2,2,1,2,3,4,2,2,1
24520,201600011026,1.0,1,4,1,21.0,0.0,0.0,0.0,1991.0,B01,1.0,1,0,13.0,2.0,1.0,21.0,4,6,840,1,1,1,1,6,1,7,1,2
24521,201600011026,1.0,1,1,1,11.0,0.0,0.0,0.0,1954.0,A01,2.0,7,0,0.0,2.0,0.0,9.0,4,6,840,1,1,1,1,6,1,1,2,1
24522,201600011027,1.0,1,1,1,11.0,0.0,0.0,0.0,1989.0,A01,0.0,7,0,0.0,2.0,5.0,1.0,4,6,1830,1,2,2,1,3,4,31,2,1
24523,201600011027,1.0,1,4,2,21.0,0.0,0.0,0.0,1957.0,B01,0.0,31,0,0.0,2.0,1.0,1.0,4,6,1830,1,2,2,1,3,4,7,1,2
24524,201600011028,1.0,1,4,1,21.0,0.0,0.0,0.0,1998.0,A01,2.0,2,0,1.0,2.0,0.0,15.0,4,6,2030,2,2,3,1,3,4,3,1,0
24525,201600011028,5.0,2,4,2,92.0,0.0,0.0,0.0,1997.0,B01,2.0,3,0,1.0,2.0,1.0,1.0,4,6,2030,2,2,3,1,3,4,2,0,1
24526,201600011028,1.0,1,1,2,11.0,0.0,0.0,0.0,1972.0,B01,2.0,3,0,1.0,2.0,1.0,1.0,4,6,2030,2,2,3,1,3,4,2,0,1
24527,201600011028,2.0,2,4,2,11.0,0.0,0.0,0.0,1969.0,B01,2.0,3,0,1.0,2.0,1.0,1.0,4,6,2030,2,2,3,1,3,4,2,0,1
24530,201600011030,1.0,1,1,2,11.0,0.0,0.0,0.0,1995.0,A01,1.0,7,0,0.0,1.0,2.0,12.0,4,7,1850,1,2,1,1,6,4,7,2,2
24531,201600011030,0.0,3,4,2,0.0,4.0,3.0,1.0,1962.0,A01,1.0,7,0,0.0,1.0,2.0,12.0,4,7,1850,1,2,1,1,6,4,7,2,2
24538,201600011032,1.0,1,3,1,21.0,0.0,0.0,0.0,1989.0,B01,1.0,30,0,1.0,2.0,4.0,0.0,4,8,2225,5,2,1,1,2,5,7,1,2
24539,201600011032,1.0,1,1,1,11.0,0.0,0.0,0.0,1983.0,A01,1.0,7,0,0.0,2.0,3.0,2.0,4,8,2225,5,2,1,1,2,5,30,2,1
24540,201600011032,2.0,2,1,1,11.0,0.0,0.0,0.0,1994.0,A01,1.0,7,0,0.0,2.0,3.0,2.0,4,8,2225,5,2,1,1,2,5,30,2,1
24541,201600011033,1.0,1,4,1,21.0,0.0,0.0,0.0,1995.0,B01,1.0,30,0,0.0,2.0,3.0,1.0,4,9,1530,1,2,1,1,3,3,7,1,2
24542,201600011033,1.0,1,1,1,11.0,0.0,0.0,0.0,1968.0,A01,1.0,7,0,0.0,2.0,2.0,16.0,4,9,1530,1,2,1,1,3,3,30,2,1
24543,201600011033,2.0,2,1,1,11.0,0.0,0.0,0.0,1962.0,A01,1.0,7,0,0.0,2.0,2.0,16.0,4,9,1530,1,2,1,1,3,3,30,2,1
24544,201600011034,1.0,1,1,1,11.0,0.0,0.0,0.0,1993.0,A01,1.0,7,0,9.0,0.0,1.0,16.0,4,10,145,5,2,3,1,6,0,7,2,2
24545,201600011034,2.0,2,3,1,11.0,0.0,0.0,0.0,1999.0,A01,1.0,7,0,9.0,0.0,1.0,16.0,4,10,145,5,2,3,1,6,0,7,2,2
24546,201600011035,1.0,1,1,1,11.0,0.0,0.0,0.0,1984.0,A01,1.0,7,0,0.0,2.0,1.0,0.0,4,11,1945,1,2,1,1,2,4,7,2,2
24547,201600011035,1.0,1,1,1,11.0,0.0,0.0,0.0,1974.0,B01,1.0,7,0,0.0,2.0,5.0,0.0,4,11,1945,1,2,1,1,2,4,7,2,2
24548,201600011035,3.0,2,4,2,11.0,0.0,0.0,0.0,2008.0,B01,1.0,7,0,0.0,2.0,5.0,0.0,4,11,1945,1,2,1,1,2,4,7,2,2
24549,201600011036,1.0,1,3,1,21.0,0.0,0.0,0.0,1997.0,B01,0.0,31,0,0.0,2.0,1.0,0.0,4,12,1400,1,2,1,1,1,3,7,1,2
24550,201600011036,1.0,1,1,2,11.0,0.0,0.0,0.0,1953.0,A01,1.0,7,0,0.0,2.0,1.0,20.0,4,12,1400,1,2,1,1,1,3,31,2,1
24551,201600011037,1.0,1,3,1,21.0,0.0,0.0,0.0,1965.0,B01,1.0,33,0,0.0,2.0,1.0,1.0,4,12,1425,1,2,2,1,1,3,2,1,1
24552,201600011037,1.0,1,3,1,21.0,0.0,0.0,0.0,1992.0,A01,2.0,2,0,0.0,2.0,1.0,5.0,4,12,1425,1,2,2,1,1,3,33,1,1
24553,201600011038,1.0,1,1,1,11.0,0.0,0.0,0.0,1980.0,A01,1.0,7,0,0.0,2.0,7.0,1.0,4,12,1750,1,2,1,1,3,3,1,2,1
24554,201600011038,1.0,1,3,1,22.0,0.0,0.0,0.0,1944.0,B01,1.0,1,0,0.0,2.0,1.0,19.0,4,12,1750,1,2,1,1,3,3,7,1,2
24555,201600011039,1.0,1,4,1,21.0,0.0,0.0,0.0,1998.0,B01,1.0,30,0,0.0,2.0,0.0,1.0,4,13,1400,1,2,1,1,3,3,7,1,2
24556,201600011039,1.0,1,1,1,11.0,0.0,0.0,0.0,1991.0,A01,1.0,7,0,0.0,2.0,3.0,11.0,4,13,1400,1,2,1,1,3,3,30,2,1
24560,201600011041,1.0,1,1,1,11.0,0.0,0.0,0.0,1981.0,A01,0.0,10,0,0.0,2.0,1.0,2.0,4,18,810,1,2,1,1,4,1,7,2,2
24561,201600011041,1.0,1,4,2,11.0,0.0,0.0,0.0,1993.0,B01,1.0,7,0,0.0,2.0,4.0,2.0,4,18,810,1,2,1,1,4,1,10,2,2
24562,201600011041,1.0,1,4,2,11.0,0.0,0.0,0.0,0.0,C01,0.0,7,0,0.0,2.0,4.0,2.0,4,18,810,1,2,1,1,4,1,10,2,2
24563,201600011041,1.0,1,1,2,11.0,0.0,0.0,0.0,1968.0,D01,0.0,7,0,0.0,2.0,4.0,2.0,4,18,810,1,2,1,1,4,1,10,2,2
24564,201600011042,1.0,1,1,2,11.0,0.0,0.0,0.0,1989.0,A01,1.0,7,0,0.0,1.0,2.0,1.0,4,18,1005,1,2,1,1,6,1,7,2,2
24565,201600011042,0.0,3,4,1,0.0,3.0,3.0,1.0,1924.0,A01,1.0,7,0,0.0,1.0,2.0,1.0,4,18,1005,1,2,1,1,6,1,7,2,2
24566,201600011043,1.0,1,1,1,11.0,0.0,0.0,0.0,1987.0,A01,1.0,7,0,0.0,2.0,1.0,2.0,4,18,930,1,2,1,1,5,1,2,2,1
24567,201600011043,1.0,1,4,2,21.0,0.0,0.0,0.0,1997.0,B01,1.0,2,0,0.0,2.0,4.0,2.0,4,18,930,1,2,1,1,5,1,7,1,2
24568,201600011043,1.0,1,1,1,11.0,0.0,0.0,0.0,1977.0,C01,1.0,7,0,0.0,2.0,4.0,1.0,4,18,930,1,2,1,1,5,1,2,2,1
24574,201600011046,2.0,2,4,2,11.0,0.0,0.0,0.0,1960.0,B01,0.0,7,0,0.0,2.0,7.0,20.0,4,18,2215,5,1,1,1,6,5,10,2,2
24575,201600011046,1.0,1,4,1,11.0,0.0,0.0,0.0,1955.0,B01,0.0,7,0,0.0,2.0,7.0,20.0,4,18,2215,5,1,1,1,6,5,10,2,2
24576,201600011046,1.0,1,1,1,11.0,0.0,0.0,0.0,1979.0,A01,0.0,10,0,1.0,2.0,2.0,1.0,4,18,2215,5,1,1,1,6,5,7,2,2
24580,201600011048,1.0,1,1,1,21.0,0.0,0.0,0.0,1999.0,A01,1.0,2,0,0.0,1.0,1.0,17.0,4,19,1620,1,2,1,1,6,3,2,1,1
24581,201600011048,0.0,3,4,2,0.0,4.0,3.0,2.0,1942.0,A01,1.0,2,0,0.0,1.0,1.0,17.0,4,19,1620,1,2,1,1,6,3,2,1,1
24582,201600011048,0.0,3,4,2,0.0,4.0,3.0,2.0,1947.0,A01,1.0,2,0,0.0,1.0,1.0,17.0,4,19,1620,1,2,1,1,6,3,2,1,1
24583,201600011049,1.0,1,4,1,21.0,0.0,0.0,0.0,1961.0,B01,0.0,33,0,0.0,2.0,3.0,1.0,4,19,1750,1,2,1,1,3,3,7,1,2
24584,201600011049,1.0,1,1,2,11.0,0.0,0.0,0.0,1968.0,A01,0.0,7,0,0.0,2.0,2.0,15.0,4,19,1750,1,2,1,1,3,3,33,2,1
24587,201600011051,1.0,1,3,2,11.0,0.0,0.0,0.0,1989.0,B01,1.0,7,0,0.0,2.0,4.0,2.0,4,20,2055,5,2,1,1,2,4,7,2,2
24588,201600011051,1.0,1,3,2,11.0,0.0,0.0,0.0,1980.0,A01,1.0,7,0,1.0,0.0,1.0,2.0,4,20,2055,5,2,1,1,2,4,7,2,2
24592,201600011053,1.0,1,3,1,21.0,0.0,0.0,0.0,1960.0,B01,2.0,1,0,0.0,2.0,8.0,19.0,4,21,755,1,2,1,1,3,1,33,1,1
24593,201600011053,1.0,1,1,1,21.0,0.0,0.0,0.0,1973.0,A01,2.0,33,0,0.0,9.0,1.0,1.0,4,21,755,1,2,1,1,3,1,1,1,1
24596,201600011055,1.0,1,1,1,11.0,0.0,0.0,0.0,1993.0,A01,1.0,10,0,0.0,1.0,7.0,1.0,4,22,1317,1,2,1,1,6,2,10,2,2
24597,201600011055,0.0,3,3,2,0.0,3.0,3.0,1.0,1935.0,A01,1.0,10,0,0.0,1.0,7.0,1.0,4,22,1317,1,2,1,1,6,2,10,2,2
24598,201600011056,1.0,1,1,2,11.0,0.0,0.0,0.0,1964.0,A01,0.0,7,0,0.0,2.0,7.0,12.0,4,22,1420,1,2,3,1,3,3,31,2,1
24599,201600011056,1.0,1,4,1,21.0,0.0,0.0,0.0,1988.0,B01,0.0,31,0,0.0,2.0,3.0,1.0,4,22,1420,1,2,3,1,3,3,7,1,2
24602,201600011058,1.0,1,1,1,11.0,0.0,0.0,0.0,1974.0,A01,1.0,10,0,0.0,2.0,3.0,15.0,4,25,2210,5,2,2,1,6,5,2,2,1
24603,201600011058,1.0,1,4,1,21.0,0.0,0.0,0.0,1996.0,B01,2.0,2,0,1.0,2.0,8.0,1.0,4,25,2210,5,2,2,1,6,5,10,1,2
24604,201600011058,2.0,2,3,1,21.0,0.0,0.0,0.0,1996.0,B01,2.0,2,0,1.0,2.0,8.0,1.0,4,25,2210,5,2,2,1,6,5,10,1,2
24610,201600011061,1.0,1,1,1,11.0,0.0,0.0,0.0,1944.0,A01,0.0,7,0,0.0,2.0,2.0,15.0,4,27,928,1,2,3,1,3,1,31,2,1
24611,201600011061,1.0,1,4,1,21.0,0.0,0.0,0.0,1956.0,B01,1.0,31,0,0.0,2.0,3.0,1.0,4,27,928,1,2,3,1,3,1,7,1,2
24617,201600011064,1.0,1,1,1,11.0,0.0,0.0,0.0,1972.0,A01,1.0,7,0,0.0,2.0,6.0,15.0,4,29,2340,5,2,1,1,3,5,2,2,1
24618,201600011064,1.0,1,4,1,21.0,0.0,0.0,0.0,1995.0,B01,1.0,2,0,0.0,2.0,5.0,1.0,4,29,2340,5,2,1,1,3,5,7,1,2
24639,201600011074,1.0,1,4,1,21.0,0.0,0.0,0.0,1966.0,B01,0.0,33,0,0.0,2.0,1.0,2.0,5,6,210,4,2,1,1,3,0,7,1,2
24640,201600011074,1.0,1,1,1,11.0,0.0,0.0,0.0,1970.0,A01,0.0,7,0,0.0,2.0,8.0,15.0,5,6,210,4,2,1,1,3,0,33,2,1
24641,201600011075,1.0,1,1,1,11.0,0.0,0.0,0.0,1983.0,B01,1.0,10,0,0.0,0.0,1.0,15.0,5,6,745,1,2,1,1,1,1,31,2,1
24642,201600011075,1.0,1,4,1,21.0,0.0,0.0,0.0,1989.0,A01,1.0,31,0,0.0,2.0,1.0,17.0,5,6,745,1,2,1,1,1,1,10,1,2
24650,201600011078,1.0,1,4,2,21.0,0.0,0.0,0.0,1996.0,A01,2.0,2,0,0.0,2.0,1.0,2.0,5,8,2200,5,2,1,2,3,5,7,1,2
24651,201600011078,2.0,2,4,2,21.0,0.0,0.0,0.0,1996.0,A01,2.0,2,0,0.0,2.0,1.0,2.0,5,8,2200,5,2,1,2,3,5,7,1,2
24652,201600011078,1.0,1,1,1,11.0,0.0,0.0,0.0,1956.0,B01,2.0,7,0,0.0,9.0,6.0,15.0,5,8,2200,5,2,1,2,3,5,2,2,1
24655,201600011080,1.0,1,1,1,11.0,0.0,0.0,0.0,1964.0,B01,0.0,7,0,0.0,2.0,3.0,15.0,5,10,1100,1,2,2,1,3,1,2,2,1
24656,201600011080,1.0,1,4,2,21.0,0.0,0.0,0.0,2000.0,A01,0.0,2,0,0.0,2.0,1.0,1.0,5,10,1100,1,2,2,1,3,1,7,1,2
24661,201600011083,1.0,1,1,1,11.0,0.0,0.0,0.0,1986.0,A01,2.0,7,0,0.0,2.0,1.0,2.0,5,14,1200,1,2,1,1,2,2,7,2,2
24662,201600011083,1.0,1,4,2,11.0,0.0,0.0,0.0,1986.0,B01,2.0,7,0,0.0,2.0,4.0,2.0,5,14,1200,1,2,1,1,2,2,7,2,2
24668,201600011086,1.0,1,4,1,21.0,0.0,0.0,0.0,1988.0,B01,2.0,32,0,0.0,2.0,1.0,1.0,5,19,1325,1,2,3,1,1,2,7,1,2
24669,201600011086,1.0,1,1,2,11.0,0.0,0.0,0.0,1956.0,A01,1.0,7,0,0.0,2.0,2.0,15.0,5,19,1325,1,2,3,1,1,2,32,2,1
24670,201600011087,1.0,1,4,1,21.0,0.0,0.0,0.0,1990.0,A01,1.0,30,0,0.0,2.0,1.0,17.0,5,19,1600,1,2,3,1,5,3,7,1,2
24671,201600011087,1.0,1,1,1,11.0,0.0,0.0,0.0,1983.0,B01,1.0,7,0,0.0,2.0,3.0,15.0,5,19,1600,1,2,3,1,5,3,30,2,1
24672,201600011087,1.0,1,1,2,11.0,0.0,0.0,0.0,1961.0,C01,1.0,7,0,0.0,2.0,3.0,1.0,5,19,1600,1,2,3,1,5,3,30,2,1
24673,201600011088,1.0,1,2,1,23.0,0.0,0.0,0.0,1994.0,A01,2.0,2,0,12.0,0.0,1.0,0.0,5,20,200,5,2,3,1,6,0,2,1,1
24674,201600011089,1.0,1,1,2,11.0,0.0,0.0,0.0,1950.0,A01,1.0,7,0,0.0,2.0,5.0,15.0,5,21,1059,1,2,3,1,1,1,34,2,1
24675,201600011089,1.0,1,4,1,21.0,0.0,0.0,0.0,1964.0,B01,1.0,34,0,0.0,2.0,3.0,1.0,5,21,1059,1,2,3,1,1,1,7,1,2
24681,201600011092,1.0,1,3,1,11.0,0.0,0.0,0.0,1984.0,B01,1.0,7,0,0.0,2.0,2.0,1.0,5,22,1810,1,2,3,1,2,4,7,2,2
24682,201600011092,2.0,2,1,2,11.0,0.0,0.0,0.0,1973.0,B01,1.0,7,0,0.0,2.0,2.0,1.0,5,22,1810,1,2,3,1,2,4,7,2,2
24683,201600011092,1.0,1,3,2,11.0,0.0,0.0,0.0,1980.0,A01,1.0,7,0,0.0,2.0,8.0,9.0,5,22,1810,1,2,3,1,2,4,7,2,2