,Num_Acc,place,catu,grav,sexe,secu,locp,actp,etatp,an_nais,num_veh,senc,catv,occutc,obs,obsm,choc,manv,mois,jour,hrmn,lum,agg,int,atm,col,mom,catvopp,catv_gen,catvopp_gen
24684,201600011093,1.0,1,1,1,11.0,0.0,0.0,0.0,1990.0,A01,2.0,10,0,0.0,1.0,3.0,1.0,5,23,1550,1,2,1,1,6,3,10,2,2
24685,201600011093,0.0,3,3,1,0.0,2.0,3.0,1.0,1939.0,A01,2.0,10,0,0.0,1.0,3.0,1.0,5,23,1550,1,2,1,1,6,3,10,2,2
24692,201600011097,1.0,1,1,1,11.0,0.0,0.0,0.0,1964.0,A01,1.0,14,0,0.0,4.0,4.0,20.0,5,25,915,1,2,1,1,2,1,40,3,3
24693,201600011097,1.0,1,4,1,11.0,0.0,0.0,0.0,1957.0,B01,1.0,40,0,0.0,2.0,1.0,1.0,5,25,915,1,2,1,1,2,1,14,3,3
24694,201600011097,2.0,2,4,2,12.0,0.0,0.0,0.0,1974.0,B01,1.0,40,0,0.0,2.0,1.0,1.0,5,25,915,1,2,1,1,2,1,14,3,3
24695,201600011097,6.0,2,4,1,11.0,0.0,0.0,0.0,1990.0,B01,1.0,40,0,0.0,2.0,1.0,1.0,5,25,915,1,2,1,1,2,1,14,3,3
24702,201600011100,1.0,1,1,2,11.0,0.0,0.0,0.0,1990.0,B01,1.0,7,0,0.0,2.0,1.0,1.0,5,31,250,5,2,1,1,1,0,32,2,1
24703,201600011100,1.0,1,4,1,21.0,0.0,0.0,0.0,1978.0,A01,2.0,32,0,0.0,2.0,1.0,1.0,5,31,250,5,2,1,1,1,0,7,1,2
24704,201600011101,1.0,1,1,1,11.0,0.0,0.0,0.0,1963.0,A01,1.0,99,0,0.0,1.0,1.0,15.0,5,31,830,1,2,6,1,6,1,99,0,0
24705,201600011101,0.0,3,4,2,0.0,3.0,1.0,1.0,1942.0,A01,1.0,99,0,0.0,1.0,1.0,15.0,5,31,830,1,2,6,1,6,1,99,0,0
24710,201600011104,1.0,1,1,1,11.0,0.0,0.0,0.0,1993.0,A01,2.0,7,0,0.0,1.0,3.0,1.0,6,1,1810,1,2,3,1,6,4,7,2,2
24711,201600011104,0.0,3,3,1,0.0,2.0,3.0,1.0,2006.0,A01,2.0,7,0,0.0,1.0,3.0,1.0,6,1,1810,1,2,3,1,6,4,7,2,2
24712,201600011105,1.0,1,1,1,11.0,0.0,0.0,0.0,1990.0,A01,1.0,7,0,0.0,2.0,1.0,2.0,6,1,1810,1,2,1,1,2,4,7,2,2
24713,201600011105,1.0,1,4,1,11.0,0.0,0.0,0.0,1951.0,B01,1.0,7,0,0.0,2.0,4.0,2.0,6,1,1810,1,2,1,1,2,4,7,2,2
24714,201600011106,1.0,1,3,1,21.0,0.0,0.0,0.0,1999.0,B01,1.0,30,0,0.0,2.0,4.0,2.0,6,2,755,1,2,1,1,2,1,7,1,2
24715,201600011106,1.0,1,1,2,11.0,0.0,0.0,0.0,1977.0,A01,1.0,7,0,0.0,2.0,2.0,2.0,6,2,755,1,2,1,1,2,1,30,2,1
24716,201600011107,1.0,1,4,1,11.0,0.0,0.0,0.0,1997.0,A01,2.0,7,0,1.0,2.0,1.0,1.0,6,2,2110,5,2,2,2,6,4,7,2,2
24717,201600011107,4.0,2,4,2,11.0,0.0,0.0,0.0,1993.0,A01,2.0,7,0,1.0,2.0,1.0,1.0,6,2,2110,5,2,2,2,6,4,7,2,2
24718,201600011107,3.0,2,4,2,11.0,0.0,0.0,0.0,1996.0,A01,2.0,7,0,1.0,2.0,1.0,1.0,6,2,2110,5,2,2,2,6,4,7,2,2
24719,201600011107,2.0,2,4,1,11.0,0.0,0.0,0.0,1996.0,A01,2.0,7,0,1.0,2.0,1.0,1.0,6,2,2110,5,2,2,2,6,4,7,2,2
24720,201600011107,1.0,1,1,1,11.0,0.0,0.0,0.0,1984.0,B01,2.0,7,0,1.0,2.0,2.0,1.0,6,2,2110,5,2,2,2,6,4,7,2,2
24721,201600011108,1.0,1,4,1,21.0,0.0,0.0,0.0,1987.0,A01,2.0,32,0,0.0,2.0,1.0,0.0,6,3,1550,1,2,2,1,3,3,7,1,2
24722,201600011108,1.0,1,1,2,11.0,0.0,0.0,0.0,1994.0,B01,1.0,7,0,0.0,2.0,8.0,0.0,6,3,1550,1,2,2,1,3,3,32,2,1
24727,201600011110,1.0,1,4,1,21.0,0.0,0.0,0.0,1988.0,A01,1.0,30,0,1.0,2.0,1.0,2.0,6,5,55,5,2,1,1,2,0,30,1,1
24728,201600011111,1.0,1,1,1,11.0,0.0,0.0,0.0,1978.0,A01,0.0,7,0,0.0,2.0,6.0,15.0,6,5,2130,5,2,1,1,3,4,2,2,1
24729,201600011111,1.0,1,3,1,21.0,0.0,0.0,0.0,1993.0,B01,0.0,2,0,0.0,2.0,1.0,1.0,6,5,2130,5,2,1,1,3,4,7,1,2
24730,201600011112,0.0,3,4,2,0.0,3.0,3.0,1.0,1999.0,A01,1.0,99,0,0.0,1.0,1.0,0.0,6,6,830,1,2,1,1,6,1,99,0,0
24731,201600011112,1.0,1,1,1,91.0,0.0,0.0,0.0,1986.0,A01,1.0,99,0,0.0,1.0,1.0,0.0,6,6,830,1,2,1,1,6,1,99,0,0
24732,201600011112,2.0,2,1,1,11.0,0.0,0.0,0.0,1979.0,A01,1.0,99,0,0.0,1.0,1.0,0.0,6,6,830,1,2,1,1,6,1,99,0,0
24733,201600011113,1.0,1,3,1,21.0,0.0,0.0,0.0,1967.0,B01,2.0,31,0,0.0,2.0,4.0,23.0,6,6,1010,1,2,1,1,2,1,10,1,2
24734,201600011113,1.0,1,1,1,11.0,0.0,0.0,0.0,1956.0,A01,0.0,10,0,0.0,2.0,1.0,2.0,6,6,1010,1,2,1,1,2,1,31,2,1
24735,201600011114,1.0,1,1,1,11.0,0.0,0.0,0.0,1987.0,A01,2.0,10,0,14.0,1.0,0.0,15.0,6,9,800,1,2,1,1,7,1,10,2,2
24736,201600011114,0.0,3,3,1,0.0,2.0,4.0,1.0,1990.0,A01,2.0,10,0,14.0,1.0,0.0,15.0,6,9,800,1,2,1,1,7,1,10,2,2
24737,201600011115,1.0,1,1,2,93.0,0.0,0.0,0.0,1986.0,A01,1.0,7,0,0.0,1.0,0.0,0.0,6,9,1100,1,2,3,1,6,1,7,2,2
24738,201600011115,0.0,3,4,2,0.0,2.0,3.0,1.0,1941.0,A01,1.0,7,0,0.0,1.0,0.0,0.0,6,9,1100,1,2,3,1,6,1,7,2,2
24739,201600011116,1.0,1,1,1,11.0,0.0,0.0,0.0,1960.0,A01,2.0,10,0,0.0,0.0,6.0,1.0,6,9,1700,1,2,1,1,3,3,7,2,2
24740,201600011116,1.0,1,4,1,11.0,0.0,0.0,0.0,1993.0,B01,1.0,7,0,0.0,2.0,3.0,15.0,6,9,1700,1,2,1,1,3,3,10,2,2
24741,201600011117,1.0,1,1,1,21.0,0.0,0.0,0.0,1976.0,A01,2.0,33,0,0.0,1.0,1.0,1.0,6,9,1845,1,2,1,3,6,4,33,1,1
24742,201600011117,0.0,3,4,2,0.0,4.0,3.0,1.0,1945.0,A01,2.0,33,0,0.0,1.0,1.0,1.0,6,9,1845,1,2,1,3,6,4,33,1,1
24743,201600011118,1.0,1,1,1,11.0,0.0,0.0,0.0,1969.0,B01,1.0,7,0,0.0,2.0,2.0,1.0,6,10,1320,1,2,1,1,1,2,33,2,1
24744,201600011118,1.0,1,4,1,21.0,0.0,0.0,0.0,1963.0,A01,1.0,33,0,0.0,2.0,6.0,1.0,6,10,1320,1,2,1,1,1,2,7,1,2
24745,201600011119,1.0,1,4,1,21.0,0.0,0.0,0.0,1976.0,B01,1.0,32,0,0.0,2.0,8.0,1.0,6,10,2357,3,2,2,1,3,5,7,1,2
24746,201600011119,1.0,1,1,1,11.0,0.0,0.0,0.0,1976.0,A01,1.0,7,0,0.0,2.0,1.0,15.0,6,10,2357,3,2,2,1,3,5,32,2,1
24759,201600011121,1.0,1,1,1,11.0,0.0,0.0,0.0,1993.0,B01,1.0,7,0,0.0,2.0,1.0,1.0,6,12,100,5,2,2,1,3,0,33,2,1
24760,201600011121,1.0,1,3,1,21.0,0.0,0.0,0.0,1969.0,A01,2.0,33,0,0.0,2.0,7.0,1.0,6,12,100,5,2,2,1,3,0,7,1,2
24761,201600011122,1.0,1,1,2,11.0,0.0,0.0,0.0,1932.0,A01,1.0,7,0,0.0,2.0,1.0,1.0,6,14,1045,1,2,8,1,2,1,33,2,1
24762,201600011122,1.0,1,4,1,21.0,0.0,0.0,0.0,1978.0,B01,1.0,33,0,0.0,2.0,4.0,1.0,6,14,1045,1,2,8,1,2,1,7,1,2
24763,201600011123,1.0,1,1,2,11.0,0.0,0.0,0.0,1987.0,A01,1.0,7,0,0.0,1.0,2.0,1.0,6,14,1130,1,2,1,1,6,1,7,2,2
24764,201600011123,0.0,3,3,1,0.0,2.0,3.0,2.0,2002.0,A01,1.0,7,0,0.0,1.0,2.0,1.0,6,14,1130,1,2,1,1,6,1,7,2,2
24765,201600011124,1.0,1,4,1,21.0,0.0,0.0,0.0,1999.0,A01,1.0,30,0,0.0,2.0,8.0,1.0,6,14,1600,1,2,9,1,2,3,7,1,2
24766,201600011124,1.0,1,1,2,11.0,0.0,0.0,0.0,1989.0,B01,1.0,7,0,0.0,2.0,5.0,16.0,6,14,1600,1,2,9,1,2,3,30,2,1
24770,201600011126,1.0,1,1,1,11.0,0.0,0.0,0.0,1957.0,A01,2.0,7,0,0.0,1.0,1.0,0.0,6,17,930,1,2,1,1,6,1,7,2,2
24771,201600011126,0.0,3,3,2,0.0,1.0,3.0,1.0,1951.0,A01,2.0,7,0,0.0,1.0,1.0,0.0,6,17,930,1,2,1,1,6,1,7,2,2
24774,201600011128,1.0,1,1,2,11.0,0.0,0.0,0.0,1991.0,A01,0.0,7,0,0.0,2.0,5.0,15.0,6,18,1623,1,2,2,1,3,3,34,2,1
24775,201600011128,1.0,1,3,1,21.0,0.0,0.0,0.0,1937.0,B01,0.0,34,0,0.0,2.0,0.0,1.0,6,18,1623,1,2,2,1,3,3,7,1,2
24776,201600011129,1.0,1,3,1,21.0,0.0,0.0,0.0,1983.0,B01,1.0,33,0,0.0,2.0,7.0,2.0,6,20,820,1,2,2,1,3,1,7,1,2
24777,201600011129,1.0,1,1,1,11.0,0.0,0.0,0.0,1974.0,A01,1.0,7,0,0.0,2.0,3.0,2.0,6,20,820,1,2,2,1,3,1,33,2,1
24778,201600011130,1.0,1,4,2,11.0,0.0,0.0,0.0,1981.0,B01,1.0,7,0,1.0,2.0,3.0,1.0,6,21,730,1,2,3,1,3,1,7,2,2
24779,201600011130,1.0,1,1,2,11.0,0.0,0.0,0.0,1970.0,A01,1.0,7,0,0.0,2.0,3.0,15.0,6,21,730,1,2,3,1,3,1,7,2,2
24780,201600011131,1.0,1,4,1,21.0,0.0,0.0,0.0,1986.0,A01,2.0,33,0,1.0,0.0,3.0,17.0,6,21,1450,1,2,1,1,3,3,7,1,2
24781,201600011131,1.0,1,1,2,11.0,0.0,0.0,0.0,1979.0,B01,0.0,7,0,0.0,0.0,7.0,23.0,6,21,1450,1,2,1,1,3,3,33,2,1
24782,201600011132,1.0,1,3,1,21.0,0.0,0.0,0.0,1960.0,B01,2.0,33,0,0.0,2.0,1.0,0.0,6,22,1715,1,2,2,1,1,3,32,1,1
24783,201600011132,1.0,1,3,1,21.0,0.0,0.0,0.0,1960.0,A01,1.0,32,0,0.0,2.0,8.0,23.0,6,22,1715,1,2,2,1,1,3,33,1,1
24784,201600011133,1.0,1,3,1,11.0,0.0,0.0,0.0,1982.0,B01,1.0,7,0,4.0,2.0,4.0,1.0,6,24,515,2,1,1,1,3,0,7,2,2
24785,201600011133,1.0,1,1,1,11.0,0.0,0.0,0.0,1995.0,A01,1.0,7,0,3.0,2.0,2.0,14.0,6,24,515,2,1,1,1,3,0,7,2,2
24786,201600011134,1.0,1,1,1,11.0,0.0,0.0,0.0,1978.0,A01,1.0,7,0,0.0,2.0,1.0,2.0,6,24,1400,1,2,1,1,1,3,7,2,2
24787,201600011134,1.0,1,4,1,11.0,0.0,0.0,0.0,1972.0,B01,1.0,7,0,0.0,2.0,4.0,2.0,6,24,1400,1,2,1,1,1,3,7,2,2
24788,201600011135,1.0,1,3,1,21.0,0.0,0.0,0.0,1995.0,A01,1.0,34,0,0.0,2.0,1.0,17.0,6,24,1645,1,2,1,1,1,3,10,1,2
24789,201600011135,2.0,2,3,1,21.0,0.0,0.0,0.0,1996.0,A01,1.0,34,0,0.0,2.0,1.0,17.0,6,24,1645,1,2,1,1,1,3,10,1,2
24790,201600011135,1.0,1,1,1,11.0,0.0,0.0,0.0,1955.0,B01,2.0,10,0,0.0,2.0,3.0,1.0,6,24,1645,1,2,1,1,1,3,34,2,1
24791,201600011135,2.0,2,1,1,11.0,0.0,0.0,0.0,1970.0,B01,2.0,10,0,0.0,2.0,3.0,1.0,6,24,1645,1,2,1,1,1,3,34,2,1
24792,201600011136,1.0,1,4,2,11.0,0.0,0.0,0.0,1995.0,B01,2.0,7,0,0.0,2.0,1.0,1.0,6,25,55,5,2,3,1,3,0,7,2,2
24793,201600011136,1.0,1,1,1,11.0,0.0,0.0,0.0,1996.0,A01,1.0,7,0,0.0,2.0,2.0,15.0,6,25,55,5,2,3,1,3,0,7,2,2
24794,201600011136,2.0,2,4,1,11.0,0.0,0.0,0.0,1996.0,A01,1.0,7,0,0.0,2.0,2.0,15.0,6,25,55,5,2,3,1,3,0,7,2,2
24795,201600011136,5.0,2,1,2,12.0,0.0,0.0,0.0,1987.0,A01,1.0,7,0,0.0,2.0,2.0,15.0,6,25,55,5,2,3,1,3,0,7,2,2
24796,201600011136,5.0,2,1,1,12.0,0.0,0.0,0.0,1991.0,A01,1.0,7,0,0.0,2.0,2.0,15.0,6,25,55,5,2,3,1,3,0,7,2,2
24797,201600011136,5.0,2,1,1,12.0,0.0,0.0,0.0,1995.0,A01,1.0,7,0,0.0,2.0,2.0,15.0,6,25,55,5,2,3,1,3,0,7,2,2
24799,201600011136,6.0,2,1,2,11.0,0.0,0.0,0.0,1993.0,A01,1.0,7,0,0.0,2.0,2.0,15.0,6,25,55,5,2,3,1,3,0,7,2,2
24800,201600011137,2.0,2,1,1,13.0,0.0,0.0,0.0,1971.0,B01,2.0,7,0,0.0,2.0,6.0,1.0,6,26,145,5,2,1,1,2,0,32,2,1
24801,201600011137,1.0,1,1,1,13.0,0.0,0.0,0.0,1974.0,B01,2.0,7,0,0.0,2.0,6.0,1.0,6,26,145,5,2,1,1,2,0,32,2,1
24802,201600011137,1.0,1,3,1,21.0,0.0,0.0,0.0,1987.0,A01,2.0,32,0,0.0,2.0,1.0,1.0,6,26,145,5,2,1,1,2,0,7,1,2
24803,201600011137,2.0,2,3,2,21.0,0.0,0.0,0.0,1993.0,A01,2.0,32,0,0.0,2.0,1.0,1.0,6,26,145,5,2,1,1,2,0,7,1,2
24804,201600011138,1.0,1,1,1,11.0,0.0,0.0,0.0,1943.0,A01,1.0,7,0,0.0,2.0,3.0,2.0,6,26,1245,1,2,1,1,3,2,33,2,1
24805,201600011138,1.0,1,3,1,21.0,0.0,0.0,0.0,1987.0,B01,1.0,33,0,0.0,2.0,7.0,17.0,6,26,1245,1,2,1,1,3,2,7,1,2
24806,201600011139,1.0,1,4,1,11.0,0.0,0.0,0.0,1985.0,B01,1.0,7,0,0.0,2.0,1.0,1.0,6,26,1800,1,2,2,1,1,4,7,2,2
24807,201600011139,1.0,1,4,2,11.0,0.0,0.0,0.0,1926.0,A01,1.0,7,0,0.0,2.0,1.0,15.0,6,26,1800,1,2,2,1,1,4,7,2,2
24808,201600011140,1.0,1,3,2,21.0,0.0,0.0,0.0,1999.0,A01,1.0,2,0,0.0,2.0,1.0,1.0,6,27,1419,1,2,2,1,3,3,15,1,3
24809,201600011140,1.0,1,1,1,11.0,0.0,0.0,0.0,1990.0,B01,2.0,15,0,0.0,2.0,8.0,1.0,6,27,1419,1,2,2,1,3,3,2,3,1
24812,201600011142,1.0,1,4,1,21.0,0.0,0.0,0.0,1966.0,A01,1.0,33,0,0.0,2.0,9.0,3.0,6,28,1505,1,2,1,1,5,3,7,1,2
24813,201600011142,1.0,1,1,2,11.0,0.0,0.0,0.0,1992.0,C01,1.0,7,0,0.0,2.0,1.0,1.0,6,28,1505,1,2,1,1,5,3,33,2,1
24814,201600011142,1.0,1,1,2,11.0,0.0,0.0,0.0,1945.0,B01,1.0,7,0,0.0,2.0,7.0,14.0,6,28,1505,1,2,1,1,5,3,33,2,1
24815,201600011143,2.0,2,3,2,21.0,0.0,0.0,0.0,1998.0,A01,1.0,30,0,0.0,2.0,3.0,15.0,6,28,2250,5,2,1,1,3,5,7,1,2
24816,201600011143,1.0,1,1,1,21.0,0.0,0.0,0.0,1993.0,A01,1.0,30,0,0.0,2.0,3.0,15.0,6,28,2250,5,2,1,1,3,5,7,1,2
24817,201600011143,1.0,1,1,1,11.0,0.0,0.0,0.0,1954.0,B01,1.0,7,0,0.0,2.0,2.0,1.0,6,28,2250,5,2,1,1,3,5,30,2,1
24818,201600011144,1.0,1,1,1,11.0,0.0,0.0,0.0,1963.0,A01,2.0,7,0,0.0,9.0,1.0,1.0,6,28,1935,1,2,3,1,3,4,1,2,1
24819,201600011144,1.0,1,4,1,91.0,0.0,0.0,0.0,1998.0,B01,1.0,1,0,0.0,2.0,7.0,19.0,6,28,1935,1,2,3,1,3,4,7,1,2
24820,201600011145,1.0,1,4,1,21.0,0.0,0.0,0.0,1957.0,A01,1.0,32,0,0.0,2.0,1.0,1.0,6,29,1750,1,2,2,1,3,3,7,1,2
24821,201600011145,5.0,2,4,1,21.0,0.0,0.0,0.0,1960.0,A01,1.0,32,0,0.0,2.0,1.0,1.0,6,29,1750,1,2,2,1,3,3,7,1,2
24822,201600011145,1.0,1,1,1,11.0,0.0,0.0,0.0,1996.0,B01,1.0,7,0,0.0,2.0,8.0,1.0,6,29,1750,1,2,2,1,3,3,32,2,1
24823,201600011146,1.0,1,3,1,21.0,0.0,0.0,0.0,1992.0,A01,1.0,33,0,14.0,0.0,4.0,0.0,6,29,1915,1,2,1,1,6,4,33,1,1
24831,201600011151,2.0,2,3,2,21.0,0.0,0.0,0.0,1941.0,B01,0.0,32,0,0.0,2.0,4.0,1.0,7,6,945,1,2,1,1,2,1,7,1,2
24832,201600011151,1.0,1,1,1,21.0,0.0,0.0,0.0,1949.0,B01,0.0,32,0,0.0,2.0,4.0,1.0,7,6,945,1,2,1,1,2,1,7,1,2
24833,201600011151,1.0,1,1,2,11.0,0.0,0.0,0.0,1942.0,A01,0.0,7,0,0.0,2.0,1.0,2.0,7,6,945,1,2,1,1,2,1,32,2,1
24859,201600011164,1.0,1,4,2,11.0,0.0,0.0,0.0,1974.0,A01,1.0,7,0,0.0,2.0,3.0,13.0,7,10,1720,1,2,1,1,3,3,7,2,2
24860,201600011164,1.0,1,1,1,11.0,0.0,0.0,0.0,1969.0,B01,2.0,7,0,0.0,2.0,8.0,1.0,7,10,1720,1,2,1,1,3,3,7,2,2
24861,201600011165,1.0,1,3,1,23.0,0.0,0.0,0.0,1992.0,B01,1.0,2,0,14.0,2.0,7.0,15.0,7,10,1728,1,2,2,1,3,3,7,1,2
24862,201600011165,2.0,2,3,2,22.0,0.0,0.0,0.0,1992.0,B01,1.0,2,0,14.0,2.0,7.0,15.0,7,10,1728,1,2,2,1,3,3,7,1,2
24863,201600011165,2.0,2,1,1,13.0,0.0,0.0,0.0,1985.0,A01,1.0,7,0,14.0,2.0,1.0,1.0,7,10,1728,1,2,2,1,3,3,2,2,1
24864,201600011165,1.0,1,1,1,13.0,0.0,0.0,0.0,1991.0,A01,1.0,7,0,14.0,2.0,1.0,1.0,7,10,1728,1,2,2,1,3,3,2,2,1
24870,201600011168,1.0,1,1,2,11.0,0.0,0.0,0.0,1979.0,A01,1.0,7,0,0.0,2.0,1.0,2.0,7,11,1110,1,2,1,1,4,1,7,2,2
24871,201600011168,1.0,1,1,1,11.0,0.0,0.0,0.0,1987.0,B01,1.0,7,0,14.0,0.0,4.0,2.0,7,11,1110,1,2,1,1,4,1,7,2,2
24872,201600011168,2.0,2,1,1,11.0,0.0,0.0,0.0,1967.0,B01,1.0,7,0,14.0,0.0,4.0,2.0,7,11,1110,1,2,1,1,4,1,7,2,2
24873,201600011168,1.0,1,4,2,11.0,0.0,0.0,0.0,1965.0,C01,1.0,7,0,0.0,2.0,4.0,2.0,7,11,1110,1,2,1,1,4,1,7,2,2
24879,201600011171,1.0,1,4,1,21.0,0.0,0.0,0.0,1983.0,B01,1.0,33,0,0.0,2.0,7.0,1.0,7,12,711,1,2,1,1,3,1,7,1,2
24880,201600011171,1.0,1,1,1,11.0,0.0,0.0,0.0,1966.0,A01,1.0,7,0,0.0,2.0,6.0,11.0,7,12,711,1,2,1,1,3,1,33,2,1
24883,201600011173,1.0,1,1,1,21.0,0.0,0.0,0.0,1973.0,A01,1.0,31,0,0.0,1.0,3.0,1.0,7,15,1645,1,2,1,1,6,3,31,1,1
24884,201600011173,0.0,3,2,1,0.0,2.0,3.0,1.0,1947.0,A01,1.0,31,0,0.0,1.0,3.0,1.0,7,15,1645,1,2,1,1,6,3,31,1,1
24885,201600011174,1.0,1,4,1,21.0,0.0,0.0,0.0,1980.0,B01,1.0,33,0,0.0,2.0,1.0,1.0,7,19,930,1,2,1,1,2,1,7,1,2
24886,201600011174,1.0,1,1,1,11.0,0.0,0.0,0.0,1986.0,A01,1.0,7,0,0.0,2.0,6.0,17.0,7,19,930,1,2,1,1,2,1,33,2,1
24894,201600011178,1.0,1,4,1,11.0,0.0,0.0,0.0,1984.0,A01,1.0,7,0,6.0,0.0,2.0,1.0,7,22,538,2,1,1,1,6,0,7,2,2
24895,201600011178,2.0,2,2,1,11.0,0.0,0.0,0.0,1978.0,A01,1.0,7,0,6.0,0.0,2.0,1.0,7,22,538,2,1,1,1,6,0,7,2,2
24896,201600011179,1.0,1,1,2,11.0,0.0,0.0,0.0,1997.0,A01,1.0,7,0,0.0,2.0,3.0,15.0,7,22,2325,5,2,3,1,3,5,33,2,1
24897,201600011179,1.0,1,4,1,21.0,0.0,0.0,0.0,1991.0,B01,2.0,33,0,0.0,2.0,8.0,1.0,7,22,2325,5,2,3,1,3,5,7,1,2
24898,201600011180,1.0,1,1,1,11.0,0.0,0.0,0.0,1992.0,B01,1.0,10,0,0.0,2.0,8.0,0.0,7,23,2225,5,2,2,1,3,5,32,2,1
24899,201600011180,1.0,1,3,1,21.0,0.0,0.0,0.0,1988.0,A01,1.0,32,0,0.0,2.0,1.0,17.0,7,23,2225,5,2,2,1,3,5,10,1,2
24931,201600011194,1.0,1,1,1,93.0,0.0,0.0,0.0,1971.0,A01,2.0,7,0,0.0,1.0,3.0,15.0,8,5,2010,1,2,1,1,6,4,7,2,2
24932,201600011194,0.0,3,3,1,0.0,3.0,3.0,1.0,1933.0,A01,2.0,7,0,0.0,1.0,3.0,15.0,8,5,2010,1,2,1,1,6,4,7,2,2
24936,201600011196,1.0,1,1,1,11.0,0.0,0.0,0.0,1960.0,A01,1.0,7,0,0.0,1.0,1.0,15.0,8,7,1820,1,2,2,1,6,4,7,2,2
24937,201600011196,0.0,3,3,2,0.0,4.0,3.0,1.0,1934.0,A01,1.0,7,0,0.0,1.0,1.0,15.0,8,7,1820,1,2,2,1,6,4,7,2,2
24940,201600011198,4.0,2,4,1,11.0,0.0,0.0,0.0,2013.0,B01,1.0,7,0,0.0,2.0,4.0,1.0,8,8,2255,5,2,1,1,2,5,7,2,2
24941,201600011198,1.0,1,1,2,11.0,0.0,0.0,0.0,1989.0,B01,1.0,7,0,0.0,2.0,4.0,1.0,8,8,2255,5,2,1,1,2,5,7,2,2
24942,201600011198,2.0,2,1,1,11.0,0.0,0.0,0.0,1986.0,B01,1.0,7,0,0.0,2.0,4.0,1.0,8,8,2255,5,2,1,1,2,5,7,2,2
24943,201600011198,1.0,1,1,1,11.0,0.0,0.0,0.0,1979.0,A01,1.0,7,0,0.0,2.0,1.0,2.0,8,8,2255,5,2,1,1,2,5,7,2,2
24944,201600011199,1.0,1,1,1,11.0,0.0,0.0,0.0,1971.0,B01,2.0,99,0,0.0,2.0,4.0,1.0,8,11,630,2,2,1,1,2,1,10,0,2
24945,201600011199,3.0,2,3,1,92.0,0.0,0.0,0.0,1971.0,B01,2.0,99,0,0.0,2.0,4.0,1.0,8,11,630,2,2,1,1,2,1,10,0,2
24946,201600011199,1.0,1,1,1,11.0,0.0,0.0,0.0,1978.0,A01,2.0,10,0,0.0,2.0,1.0,2.0,8,11,630,2,2,1,1,2,1,99,2,0
24947,201600011200,1.0,1,1,1,11.0,0.0,0.0,0.0,1959.0,A01,1.0,7,0,0.0,0.0,0.0,15.0,8,12,1110,1,2,2,1,3,1,32,2,1
24948,201600011200,1.0,1,3,1,21.0,0.0,0.0,0.0,1985.0,B01,1.0,32,0,0.0,0.0,8.0,1.0,8,12,1110,1,2,2,1,3,1,7,1,2
24953,201600011203,1.0,1,1,1,11.0,0.0,0.0,0.0,1950.0,A01,1.0,7,0,0.0,2.0,1.0,1.0,8,17,1045,1,2,1,1,1,1,31,2,1
24954,201600011203,1.0,1,3,1,21.0,0.0,0.0,0.0,1979.0,B01,1.0,31,0,0.0,2.0,4.0,23.0,8,17,1045,1,2,1,1,1,1,7,1,2
24955,201600011203,2.0,2,1,2,21.0,0.0,0.0,0.0,1986.0,B01,1.0,31,0,0.0,2.0,4.0,23.0,8,17,1045,1,2,1,1,1,1,7,1,2
24962,201600011206,1.0,1,4,1,21.0,0.0,0.0,0.0,1986.0,A01,1.0,32,0,0.0,2.0,1.0,1.0,8,21,915,1,2,1,1,2,1,7,1,2
24963,201600011206,1.0,1,1,1,11.0,0.0,0.0,0.0,1945.0,B01,1.0,7,0,0.0,2.0,4.0,1.0,8,21,915,1,2,1,1,2,1,32,2,1
24966,201600011208,1.0,1,3,1,21.0,0.0,0.0,0.0,1990.0,B01,0.0,34,0,0.0,2.0,1.0,1.0,8,22,1330,1,2,3,1,1,2,7,1,2
24967,201600011208,1.0,1,3,2,11.0,0.0,0.0,0.0,1975.0,A01,1.0,7,0,0.0,2.0,1.0,15.0,8,22,1330,1,2,3,1,1,2,34,2,1
24968,201600011209,1.0,1,1,1,11.0,0.0,0.0,0.0,1945.0,A01,1.0,7,0,0.0,2.0,2.0,1.0,8,22,1440,1,2,2,1,3,3,2,2,1
24969,201600011209,2.0,2,1,2,11.0,0.0,0.0,0.0,1949.0,A01,1.0,7,0,0.0,2.0,2.0,1.0,8,22,1440,1,2,2,1,3,3,2,2,1
24970,201600011209,1.0,1,3,1,21.0,0.0,0.0,0.0,1959.0,B01,1.0,2,0,0.0,2.0,1.0,1.0,8,22,1440,1,2,2,1,3,3,7,1,2
24983,201600011214,1.0,1,4,2,22.0,0.0,0.0,0.0,1963.0,B01,1.0,1,0,1.0,2.0,1.0,1.0,8,24,1015,1,2,1,1,3,1,7,1,2
24984,201600011214,1.0,1,1,1,12.0,0.0,0.0,0.0,1991.0,A01,2.0,7,0,0.0,9.0,3.0,24.0,8,24,1015,1,2,1,1,3,1,1,2,1
24996,201600011217,1.0,1,2,1,11.0,0.0,0.0,0.0,1948.0,A01,0.0,7,0,6.0,0.0,3.0,1.0,8,26,2300,5,2,1,1,6,5,7,2,2
25009,201600011223,1.0,1,2,1,21.0,0.0,0.0,0.0,1953.0,A01,2.0,30,0,6.0,0.0,1.0,1.0,8,31,1158,1,1,1,1,6,1,30,1,1
25013,201600011225,2.0,2,3,2,21.0,0.0,0.0,0.0,1972.0,B01,2.0,34,0,0.0,2.0,7.0,1.0,9,2,2100,4,2,6,1,3,4,7,1,2