,Num_Acc,place,catu,grav,sexe,secu,locp,actp,etatp,an_nais,num_veh,senc,catv,occutc,obs,obsm,choc,manv,mois,jour,hrmn,lum,agg,int,atm,col,mom,catvopp,catv_gen,catvopp_gen
25434,201600011407,1.0,1,3,1,11.0,0.0,0.0,0.0,1996.0,A01,2.0,7,0,0.0,2.0,2.0,15.0,5,22,1730,1,1,1,1,3,3,7,2,2
25435,201600011407,2.0,2,3,1,11.0,0.0,0.0,0.0,1999.0,A01,2.0,7,0,0.0,2.0,2.0,15.0,5,22,1730,1,1,1,1,3,3,7,2,2
25436,201600011407,3.0,2,3,1,11.0,0.0,0.0,0.0,1995.0,A01,2.0,7,0,0.0,2.0,2.0,15.0,5,22,1730,1,1,1,1,3,3,7,2,2
25437,201600011407,4.0,2,3,1,11.0,0.0,0.0,0.0,1999.0,A01,2.0,7,0,0.0,2.0,2.0,15.0,5,22,1730,1,1,1,1,3,3,7,2,2
25438,201600011408,4.0,2,1,2,11.0,0.0,0.0,0.0,1984.0,A01,1.0,7,0,0.0,2.0,1.0,1.0,6,9,2030,1,1,1,1,1,4,33,2,1
25439,201600011408,2.0,2,1,1,11.0,0.0,0.0,0.0,1983.0,A01,1.0,7,0,0.0,2.0,1.0,1.0,6,9,2030,1,1,1,1,1,4,33,2,1
25440,201600011408,1.0,1,1,1,11.0,0.0,0.0,0.0,1979.0,A01,1.0,7,0,0.0,2.0,1.0,1.0,6,9,2030,1,1,1,1,1,4,33,2,1
25441,201600011408,1.0,1,3,1,21.0,0.0,0.0,0.0,1987.0,B02,2.0,33,0,0.0,2.0,1.0,13.0,6,9,2030,1,1,1,1,1,4,7,1,2
25442,201600011409,1.0,1,3,1,21.0,0.0,0.0,0.0,1954.0,A01,2.0,33,0,8.0,0.0,1.0,17.0,6,26,2100,1,2,1,1,6,4,33,1,1
25443,201600011410,1.0,1,3,1,11.0,0.0,0.0,0.0,1996.0,B02,2.0,7,0,0.0,2.0,1.0,1.0,7,18,1400,1,1,1,1,1,3,7,2,2
25444,201600011410,1.0,1,3,1,11.0,0.0,0.0,0.0,1996.0,A01,1.0,7,0,0.0,2.0,1.0,13.0,7,18,1400,1,1,1,1,1,3,7,2,2
25445,201600011411,1.0,1,3,1,11.0,0.0,0.0,0.0,1987.0,B02,2.0,7,0,0.0,2.0,2.0,15.0,7,24,1915,1,1,1,1,1,4,7,2,2
25446,201600011411,1.0,1,1,1,11.0,0.0,0.0,0.0,1997.0,A01,1.0,7,0,0.0,2.0,1.0,1.0,7,24,1915,1,1,1,1,1,4,7,2,2
25447,201600011411,2.0,2,4,1,11.0,0.0,0.0,0.0,1997.0,A01,1.0,7,0,0.0,2.0,1.0,1.0,7,24,1915,1,1,1,1,1,4,7,2,2
25448,201600011411,3.0,2,3,2,11.0,0.0,0.0,0.0,1997.0,A01,1.0,7,0,0.0,2.0,1.0,1.0,7,24,1915,1,1,1,1,1,4,7,2,2
25449,201600011411,4.0,2,4,1,11.0,0.0,0.0,0.0,1994.0,A01,1.0,7,0,0.0,2.0,1.0,1.0,7,24,1915,1,1,1,1,1,4,7,2,2
25450,201600011412,1.0,1,4,2,11.0,0.0,0.0,0.0,1969.0,B02,1.0,7,0,0.0,2.0,1.0,1.0,7,28,1600,1,1,1,1,1,3,7,2,2
25451,201600011412,1.0,1,3,1,11.0,0.0,0.0,0.0,1977.0,A01,2.0,7,0,0.0,2.0,1.0,17.0,7,28,1600,1,1,1,1,1,3,7,2,2
25452,201600011413,1.0,1,1,1,11.0,0.0,0.0,0.0,1937.0,B02,2.0,7,0,0.0,2.0,1.0,1.0,8,24,1045,1,1,1,1,5,1,10,2,2
25453,201600011413,2.0,2,3,1,11.0,0.0,0.0,0.0,1977.0,C03,1.0,10,0,0.0,2.0,1.0,1.0,8,24,1045,1,1,1,1,5,1,7,2,2
25454,201600011413,1.0,1,3,1,11.0,0.0,0.0,0.0,1972.0,C03,1.0,10,0,0.0,2.0,1.0,1.0,8,24,1045,1,1,1,1,5,1,7,2,2
25455,201600011413,1.0,1,2,1,11.0,0.0,0.0,0.0,1933.0,A01,2.0,7,0,0.0,2.0,1.0,13.0,8,24,1045,1,1,1,1,5,1,10,2,2
25456,201600011414,1.0,1,1,1,11.0,0.0,0.0,0.0,1973.0,B02,1.0,7,0,0.0,0.0,2.0,1.0,11,26,1700,3,1,1,1,1,3,7,2,2
25457,201600011414,2.0,2,3,2,11.0,0.0,0.0,0.0,1977.0,B02,1.0,7,0,0.0,0.0,2.0,1.0,11,26,1700,3,1,1,1,1,3,7,2,2
25458,201600011414,1.0,1,3,1,11.0,0.0,0.0,0.0,1980.0,A01,2.0,7,0,0.0,0.0,2.0,5.0,11,26,1700,3,1,1,1,1,3,7,2,2
25459,201600011415,1.0,1,4,1,11.0,0.0,0.0,0.0,1996.0,B02,1.0,17,0,0.0,2.0,3.0,1.0,1,18,1330,1,1,1,2,5,2,7,3,2
25460,201600011415,1.0,1,3,1,11.0,0.0,0.0,0.0,1946.0,C03,1.0,7,0,13.0,0.0,1.0,1.0,1,18,1330,1,1,1,2,5,2,17,2,3
25461,201600011415,1.0,1,3,1,11.0,0.0,0.0,0.0,1961.0,A01,2.0,7,0,0.0,2.0,1.0,13.0,1,18,1330,1,1,1,2,5,2,17,2,3
25462,201600011416,1.0,1,4,1,11.0,0.0,0.0,0.0,1966.0,A01,1.0,7,0,0.0,1.0,3.0,1.0,3,14,1015,1,2,1,1,6,1,7,2,2
25463,201600011416,0.0,3,3,1,0.0,1.0,2.0,1.0,1921.0,A01,1.0,7,0,0.0,1.0,3.0,1.0,3,14,1015,1,2,1,1,6,1,7,2,2
25464,201600011417,1.0,1,3,1,11.0,0.0,0.0,0.0,1997.0,A01,1.0,7,0,0.0,2.0,1.0,13.0,3,23,1730,1,1,1,1,1,3,14,2,3
25465,201600011417,1.0,1,4,1,11.0,0.0,0.0,0.0,1963.0,B02,2.0,14,0,0.0,2.0,1.0,1.0,3,23,1730,1,1,1,1,1,3,7,3,2
25466,201600011418,1.0,1,3,2,11.0,0.0,0.0,0.0,1993.0,A01,1.0,7,0,6.0,0.0,1.0,1.0,4,19,1430,1,1,1,1,7,3,7,2,2
25467,201600011419,2.0,2,3,1,11.0,0.0,0.0,0.0,1987.0,A01,2.0,7,0,0.0,2.0,2.0,1.0,4,22,1745,1,1,1,1,3,3,7,2,2
25468,201600011419,1.0,1,1,1,11.0,0.0,0.0,0.0,1985.0,A01,2.0,7,0,0.0,2.0,2.0,1.0,4,22,1745,1,1,1,1,3,3,7,2,2
25469,201600011419,1.0,1,1,1,11.0,0.0,0.0,0.0,1991.0,B02,2.0,7,0,0.0,0.0,8.0,15.0,4,22,1745,1,1,1,1,3,3,7,2,2
25470,201600011420,1.0,1,1,1,11.0,0.0,0.0,0.0,1981.0,B02,1.0,37,1,0.0,0.0,0.0,2.0,4,28,745,1,1,1,1,1,1,7,3,2
25471,201600011420,1.0,1,3,1,11.0,0.0,0.0,0.0,1961.0,A01,1.0,7,0,2.0,0.0,3.0,13.0,4,28,745,1,1,1,1,1,1,37,2,3
25472,201600011421,1.0,1,2,1,11.0,0.0,0.0,0.0,1955.0,A01,2.0,7,0,0.0,2.0,3.0,5.0,6,2,1645,1,2,1,1,1,3,14,2,3
25473,201600011421,1.0,1,4,1,11.0,0.0,0.0,0.0,1964.0,B02,1.0,14,0,0.0,2.0,3.0,1.0,6,2,1645,1,2,1,1,1,3,7,3,2
25474,201600011422,1.0,1,2,1,12.0,0.0,0.0,0.0,1934.0,A01,0.0,10,0,13.0,0.0,2.0,14.0,7,1,1800,1,1,1,1,6,4,10,2,2
25475,201600011423,1.0,1,2,1,21.0,0.0,0.0,0.0,1958.0,A01,2.0,33,0,13.0,0.0,5.0,13.0,7,31,1300,1,1,1,1,7,2,33,1,1
25476,201600011424,1.0,1,4,2,11.0,0.0,0.0,0.0,1991.0,A01,2.0,7,0,8.0,0.0,7.0,14.0,8,1,745,1,1,1,1,7,1,7,2,2
25477,201600011425,1.0,1,3,2,11.0,0.0,0.0,0.0,1948.0,A01,1.0,7,0,0.0,2.0,3.0,19.0,9,16,1615,1,1,3,2,3,3,7,2,2
25478,201600011425,1.0,1,1,2,11.0,0.0,0.0,0.0,1953.0,B02,1.0,7,0,0.0,2.0,2.0,1.0,9,16,1615,1,1,3,2,3,3,7,2,2
25479,201600011426,0.0,3,2,1,0.0,3.0,3.0,1.0,1938.0,A01,2.0,7,0,0.0,1.0,1.0,1.0,12,23,1830,3,2,1,2,6,4,7,2,2
25480,201600011426,1.0,1,1,1,11.0,0.0,0.0,0.0,1957.0,A01,2.0,7,0,0.0,1.0,1.0,1.0,12,23,1830,3,2,1,2,6,4,7,2,2
25481,201600011427,1.0,1,4,2,11.0,0.0,0.0,0.0,1995.0,B01,1.0,10,0,0.0,2.0,2.0,1.0,12,31,1120,1,2,3,1,3,1,10,2,2
25482,201600011427,2.0,2,1,1,11.0,0.0,0.0,0.0,1997.0,B01,1.0,10,0,0.0,2.0,2.0,1.0,12,31,1120,1,2,3,1,3,1,10,2,2
25483,201600011427,1.0,1,1,1,11.0,0.0,0.0,0.0,1940.0,A01,2.0,10,0,0.0,2.0,1.0,1.0,12,31,1120,1,2,3,1,3,1,10,2,2
25486,201600011429,3.0,2,1,1,11.0,0.0,0.0,0.0,1997.0,A01,2.0,7,0,0.0,2.0,2.0,0.0,1,22,2340,3,1,1,2,1,5,7,2,2
25487,201600011429,1.0,1,4,1,13.0,0.0,0.0,0.0,1997.0,A01,2.0,7,0,0.0,2.0,2.0,0.0,1,22,2340,3,1,1,2,1,5,7,2,2
25488,201600011429,1.0,1,1,1,11.0,0.0,0.0,0.0,1983.0,B01,1.0,7,0,0.0,2.0,2.0,0.0,1,22,2340,3,1,1,2,1,5,7,2,2
25489,201600011429,2.0,2,1,1,11.0,0.0,0.0,0.0,1989.0,B01,1.0,7,0,0.0,2.0,2.0,0.0,1,22,2340,3,1,1,2,1,5,7,2,2
25490,201600011429,4.0,2,1,1,11.0,0.0,0.0,0.0,2007.0,B01,1.0,7,0,0.0,2.0,2.0,0.0,1,22,2340,3,1,1,2,1,5,7,2,2
25493,201600011431,1.0,1,1,2,11.0,0.0,0.0,0.0,1974.0,A01,1.0,7,0,0.0,1.0,3.0,15.0,1,28,1700,2,2,1,1,6,3,7,2,2
25494,201600011431,0.0,3,4,2,0.0,1.0,3.0,1.0,1946.0,A01,1.0,7,0,0.0,1.0,3.0,15.0,1,28,1700,2,2,1,1,6,3,7,2,2
25495,201600011432,1.0,1,1,1,11.0,0.0,0.0,0.0,1986.0,B01,2.0,7,0,0.0,2.0,2.0,0.0,2,27,55,5,2,3,2,3,0,7,2,2
25496,201600011432,1.0,1,1,1,11.0,0.0,0.0,0.0,1988.0,A01,1.0,7,0,0.0,2.0,7.0,0.0,2,27,55,5,2,3,2,3,0,7,2,2
25497,201600011432,2.0,2,3,1,11.0,0.0,0.0,0.0,1994.0,A01,1.0,7,0,0.0,2.0,7.0,0.0,2,27,55,5,2,3,2,3,0,7,2,2
25498,201600011433,1.0,1,1,1,13.0,0.0,0.0,0.0,1991.0,A01,1.0,7,0,0.0,2.0,2.0,9.0,2,19,1220,1,2,6,1,3,2,7,2,2
25499,201600011433,1.0,1,4,2,11.0,0.0,0.0,0.0,1981.0,B01,2.0,7,0,0.0,2.0,5.0,1.0,2,19,1220,1,2,6,1,3,2,7,2,2
25502,201600011435,1.0,1,1,1,11.0,0.0,0.0,0.0,1986.0,B01,1.0,10,0,0.0,0.0,8.0,2.0,3,17,803,1,2,1,1,2,1,7,2,2
25503,201600011435,1.0,1,4,1,11.0,0.0,0.0,0.0,1960.0,A01,1.0,7,0,0.0,2.0,2.0,2.0,3,17,803,1,2,1,1,2,1,10,2,2
25504,201600011436,1.0,1,1,2,11.0,0.0,0.0,0.0,1997.0,A01,2.0,7,0,0.0,1.0,2.0,1.0,3,29,1400,1,2,1,1,6,3,7,2,2
25505,201600011436,2.0,2,1,2,11.0,0.0,0.0,0.0,1998.0,A01,2.0,7,0,0.0,1.0,2.0,1.0,3,29,1400,1,2,1,1,6,3,7,2,2
25506,201600011436,0.0,3,3,2,0.0,2.0,2.0,1.0,1931.0,A01,2.0,7,0,0.0,1.0,2.0,1.0,3,29,1400,1,2,1,1,6,3,7,2,2
25507,201600011437,1.0,1,4,1,11.0,0.0,0.0,0.0,1977.0,B01,1.0,7,0,0.0,2.0,1.0,1.0,4,4,1720,1,1,1,8,3,3,7,2,2
25508,201600011437,2.0,2,4,2,11.0,0.0,0.0,0.0,1980.0,B01,1.0,7,0,0.0,2.0,1.0,1.0,4,4,1720,1,1,1,8,3,3,7,2,2
25509,201600011437,3.0,2,1,1,31.0,0.0,0.0,0.0,2011.0,B01,1.0,7,0,0.0,2.0,1.0,1.0,4,4,1720,1,1,1,8,3,3,7,2,2
25510,201600011437,4.0,2,1,2,31.0,0.0,0.0,0.0,2008.0,B01,1.0,7,0,0.0,2.0,1.0,1.0,4,4,1720,1,1,1,8,3,3,7,2,2
25511,201600011437,1.0,1,4,1,11.0,0.0,0.0,0.0,1998.0,A01,2.0,7,0,0.0,2.0,7.0,17.0,4,4,1720,1,1,1,8,3,3,7,2,2
25512,201600011437,2.0,2,4,2,11.0,0.0,0.0,0.0,1967.0,A01,2.0,7,0,0.0,2.0,7.0,17.0,4,4,1720,1,1,1,8,3,3,7,2,2
25513,201600011438,1.0,1,3,2,11.0,0.0,0.0,0.0,1949.0,B01,1.0,7,0,0.0,2.0,3.0,1.0,4,13,1800,1,1,1,8,1,4,15,2,3
25514,201600011438,2.0,2,4,1,11.0,0.0,0.0,0.0,1938.0,B01,1.0,7,0,0.0,2.0,3.0,1.0,4,13,1800,1,1,1,8,1,4,15,2,3
25515,201600011438,1.0,1,1,1,11.0,0.0,0.0,0.0,1979.0,A01,2.0,15,0,0.0,2.0,6.0,1.0,4,13,1800,1,1,1,8,1,4,7,3,2
25516,201600011439,0.0,3,3,2,0.0,0.0,4.0,1.0,1946.0,A01,2.0,7,0,1.0,1.0,1.0,1.0,4,11,1645,1,2,1,1,6,3,7,2,2
25517,201600011439,1.0,1,1,2,11.0,0.0,0.0,0.0,1938.0,A01,2.0,7,0,1.0,1.0,1.0,1.0,4,11,1645,1,2,1,1,6,3,7,2,2
25518,201600011440,1.0,1,1,2,11.0,0.0,0.0,0.0,1978.0,A01,2.0,7,0,0.0,0.0,3.0,19.0,4,16,1650,1,2,2,1,3,3,2,2,1
25519,201600011440,1.0,1,3,1,21.0,0.0,0.0,0.0,2001.0,B01,1.0,2,0,0.0,2.0,1.0,0.0,4,16,1650,1,2,2,1,3,3,7,1,2
25520,201600011441,1.0,1,4,2,11.0,0.0,0.0,0.0,1995.0,A01,1.0,7,0,0.0,2.0,3.0,13.0,6,1,1750,1,1,1,1,3,3,7,2,2
25521,201600011441,1.0,1,1,1,11.0,0.0,0.0,0.0,1960.0,B01,2.0,7,0,0.0,2.0,8.0,1.0,6,1,1750,1,1,1,1,3,3,7,2,2
25525,201600011443,1.0,1,3,2,11.0,0.0,0.0,0.0,1992.0,B01,1.0,7,0,0.0,2.0,3.0,1.0,7,11,1750,1,1,1,1,3,3,17,2,3
25526,201600011443,1.0,1,1,1,11.0,0.0,0.0,0.0,1978.0,A01,2.0,17,0,0.0,2.0,6.0,1.0,7,11,1750,1,1,1,1,3,3,7,3,2
25527,201600011444,1.0,1,3,1,21.0,0.0,0.0,0.0,1959.0,A01,2.0,33,0,0.0,2.0,2.0,2.0,7,23,1730,1,1,1,1,2,3,7,1,2
25528,201600011444,2.0,2,3,2,21.0,0.0,0.0,0.0,1963.0,A01,2.0,33,0,0.0,2.0,2.0,2.0,7,23,1730,1,1,1,1,2,3,7,1,2
25529,201600011444,1.0,1,1,1,11.0,0.0,0.0,0.0,1956.0,B01,2.0,7,0,0.0,2.0,6.0,2.0,7,23,1730,1,1,1,1,2,3,33,2,1
25530,201600011445,1.0,1,4,1,21.0,0.0,0.0,0.0,2001.0,B01,2.0,2,0,0.0,2.0,1.0,1.0,10,20,910,1,2,6,1,3,1,10,1,2
25531,201600011445,1.0,1,1,1,11.0,0.0,0.0,0.0,1979.0,A01,2.0,10,0,0.0,2.0,8.0,19.0,10,20,910,1,2,6,1,3,1,2,2,1
25532,201600011446,1.0,1,4,2,11.0,0.0,0.0,0.0,1971.0,B01,2.0,7,0,0.0,2.0,6.0,1.0,11,5,1730,3,1,1,3,3,3,7,2,2
25533,201600011446,1.0,1,1,1,11.0,0.0,0.0,0.0,1989.0,A01,2.0,7,0,3.0,0.0,7.0,1.0,11,5,1730,3,1,1,3,3,3,7,2,2
25534,201600011447,2.0,2,4,1,11.0,0.0,0.0,0.0,1998.0,A01,0.0,7,0,6.0,0.0,2.0,1.0,11,11,505,3,2,1,1,6,0,7,2,2
25535,201600011447,5.0,2,1,1,11.0,0.0,0.0,0.0,1999.0,A01,0.0,7,0,6.0,0.0,2.0,1.0,11,11,505,3,2,1,1,6,0,7,2,2
25536,201600011447,1.0,1,4,1,11.0,0.0,0.0,0.0,1987.0,A01,0.0,7,0,6.0,0.0,2.0,1.0,11,11,505,3,2,1,1,6,0,7,2,2
25537,201600011448,2.0,2,4,2,11.0,0.0,0.0,0.0,1996.0,A01,1.0,7,0,15.0,0.0,1.0,1.0,12,10,530,5,2,1,1,6,0,7,2,2
25538,201600011448,1.0,1,4,2,11.0,0.0,0.0,0.0,1995.0,A01,1.0,7,0,15.0,0.0,1.0,1.0,12,10,530,5,2,1,1,6,0,7,2,2
25539,201600011449,1.0,1,4,2,21.0,0.0,0.0,0.0,1997.0,B01,2.0,30,0,0.0,2.0,5.0,16.0,12,15,1220,1,1,6,1,2,2,7,1,2
25540,201600011449,1.0,1,1,2,11.0,0.0,0.0,0.0,1993.0,A01,2.0,7,0,0.0,2.0,3.0,16.0,12,15,1220,1,1,6,1,2,2,30,2,1
25541,201600011450,1.0,1,4,1,11.0,0.0,0.0,0.0,1928.0,A01,2.0,7,0,0.0,2.0,1.0,2.0,2,4,848,1,2,1,1,4,1,7,2,2
25542,201600011450,1.0,1,1,2,11.0,0.0,0.0,0.0,1952.0,C01,2.0,7,0,0.0,2.0,4.0,23.0,2,4,848,1,2,1,1,4,1,7,2,2
25543,201600011450,1.0,1,1,2,11.0,0.0,0.0,0.0,1968.0,B01,2.0,7,0,0.0,2.0,4.0,23.0,2,4,848,1,2,1,1,4,1,7,2,2
25544,201600011451,1.0,1,4,2,11.0,0.0,0.0,0.0,1957.0,B01,1.0,7,0,0.0,2.0,1.0,0.0,2,11,1125,1,2,1,1,2,1,7,2,2
25545,201600011451,1.0,1,4,1,11.0,0.0,0.0,0.0,1993.0,A01,1.0,7,0,0.0,2.0,2.0,0.0,2,11,1125,1,2,1,1,2,1,7,2,2
25546,201600011452,1.0,1,4,1,21.0,0.0,0.0,0.0,1956.0,A01,1.0,30,0,11.0,0.0,0.0,0.0,3,14,2345,5,2,6,1,6,5,30,1,1
25549,201600011454,1.0,1,1,1,11.0,0.0,0.0,0.0,1959.0,C01,2.0,7,0,0.0,2.0,0.0,0.0,3,28,1105,1,2,3,8,5,1,7,2,2
25550,201600011454,1.0,1,4,2,11.0,0.0,0.0,0.0,1997.0,B01,1.0,7,0,0.0,2.0,9.0,2.0,3,28,1105,1,2,3,8,5,1,7,2,2
25551,201600011454,1.0,1,1,1,11.0,0.0,0.0,0.0,1936.0,A01,1.0,7,0,0.0,2.0,3.0,15.0,3,28,1105,1,2,3,8,5,1,7,2,2
25552,201600011455,1.0,1,4,1,21.0,0.0,0.0,0.0,1976.0,A01,1.0,33,0,0.0,2.0,0.0,0.0,4,4,805,1,2,3,1,3,1,7,1,2
25553,201600011455,1.0,1,1,2,11.0,0.0,0.0,0.0,1984.0,B01,1.0,7,0,0.0,2.0,3.0,0.0,4,4,805,1,2,3,1,3,1,33,2,1
25554,201600011456,1.0,1,4,2,11.0,0.0,0.0,0.0,1938.0,A01,1.0,7,0,8.0,0.0,0.0,0.0,4,4,1520,1,1,6,1,6,3,7,2,2
25555,201600011457,1.0,1,1,1,11.0,0.0,0.0,0.0,1944.0,A01,2.0,7,0,0.0,1.0,0.0,0.0,4,21,1700,1,2,1,1,6,3,7,2,2
25556,201600011457,0.0,3,4,2,0.0,8.0,3.0,1.0,1933.0,A01,2.0,7,0,0.0,1.0,0.0,0.0,4,21,1700,1,2,1,1,6,3,7,2,2
25557,201600011458,1.0,1,1,2,11.0,0.0,0.0,0.0,1953.0,A01,1.0,7,0,0.0,1.0,3.0,0.0,4,25,920,1,2,1,1,6,1,7,2,2
25558,201600011458,0.0,3,3,2,0.0,3.0,3.0,1.0,1947.0,A01,1.0,7,0,0.0,1.0,3.0,0.0,4,25,920,1,2,1,1,6,1,7,2,2
25559,201600011459,1.0,1,1,1,11.0,0.0,0.0,0.0,1959.0,B01,0.0,7,0,0.0,2.0,3.0,2.0,5,1,740,1,1,1,1,1,1,7,2,2
25560,201600011459,1.0,1,4,2,11.0,0.0,0.0,0.0,1966.0,A01,2.0,7,0,0.0,2.0,0.0,0.0,5,1,740,1,1,1,1,1,1,7,2,2
25561,201600011460,1.0,1,1,1,11.0,0.0,0.0,0.0,1970.0,A01,2.0,7,0,0.0,2.0,0.0,0.0,5,20,1725,1,2,1,1,6,3,30,2,1
25562,201600011460,1.0,1,4,1,21.0,0.0,0.0,0.0,2001.0,B01,1.0,30,0,0.0,2.0,0.0,0.0,5,20,1725,1,2,1,1,6,3,7,1,2
25564,201600011462,1.0,1,1,1,21.0,0.0,0.0,0.0,1994.0,A01,2.0,31,0,0.0,1.0,0.0,0.0,7,2,1720,1,2,1,1,6,3,31,1,1
25565,201600011462,0.0,3,3,2,0.0,3.0,3.0,2.0,1949.0,A01,2.0,31,0,0.0,1.0,0.0,0.0,7,2,1720,1,2,1,1,6,3,31,1,1
25566,201600011463,1.0,1,1,1,11.0,0.0,0.0,0.0,1969.0,A01,2.0,7,0,0.0,2.0,2.0,2.0,7,13,905,1,2,2,1,3,1,1,2,1
25567,201600011463,1.0,1,2,2,93.0,0.0,0.0,0.0,1930.0,B01,1.0,1,0,0.0,2.0,0.0,0.0,7,13,905,1,2,2,1,3,1,7,1,2
25570,201600011465,1.0,1,3,1,21.0,0.0,0.0,0.0,1992.0,B01,2.0,33,0,0.0,2.0,1.0,1.0,7,14,1325,1,2,3,1,3,2,7,1,2
25571,201600011465,1.0,1,1,1,11.0,0.0,0.0,0.0,1934.0,A01,1.0,7,0,0.0,2.0,5.0,15.0,7,14,1325,1,2,3,1,3,2,33,2,1
25572,201600011466,1.0,1,1,1,11.0,0.0,0.0,0.0,1988.0,A01,2.0,16,0,0.0,1.0,0.0,0.0,7,29,930,1,2,3,1,6,1,16,3,3
25573,201600011466,0.0,3,4,2,0.0,3.0,3.0,1.0,1990.0,A01,2.0,16,0,0.0,1.0,0.0,0.0,7,29,930,1,2,3,1,6,1,16,3,3
25593,201600011475,1.0,1,1,2,11.0,0.0,0.0,0.0,1961.0,B02,2.0,7,0,0.0,2.0,1.0,1.0,3,14,945,1,1,1,1,1,1,7,2,2
25594,201600011475,1.0,1,2,1,11.0,0.0,0.0,0.0,1987.0,A01,1.0,7,0,0.0,2.0,4.0,13.0,3,14,945,1,1,1,1,1,1,7,2,2
25595,201600011476,1.0,1,3,1,21.0,0.0,0.0,0.0,1964.0,A01,0.0,33,0,0.0,0.0,8.0,1.0,4,30,1945,2,1,1,6,7,4,33,1,1
25596,201600011477,1.0,1,1,1,11.0,0.0,0.0,0.0,1986.0,A01,2.0,7,0,0.0,0.0,9.0,0.0,6,5,700,1,1,1,1,7,1,7,2,2
25597,201600011477,2.0,2,1,1,11.0,0.0,0.0,0.0,1988.0,A01,2.0,7,0,0.0,0.0,9.0,0.0,6,5,700,1,1,1,1,7,1,7,2,2
25598,201600011477,3.0,2,3,1,13.0,0.0,0.0,0.0,1988.0,A01,2.0,7,0,0.0,0.0,9.0,0.0,6,5,700,1,1,1,1,7,1,7,2,2
25599,201600011478,1.0,1,1,1,11.0,0.0,0.0,0.0,1963.0,A01,1.0,7,0,0.0,1.0,3.0,1.0,6,29,2315,3,1,1,1,6,5,7,2,2
25600,201600011478,0.0,3,2,1,0.0,1.0,3.0,1.0,1961.0,A01,1.0,7,0,0.0,1.0,3.0,1.0,6,29,2315,3,1,1,1,6,5,7,2,2
25601,201600011479,1.0,1,1,1,11.0,0.0,0.0,0.0,1995.0,A01,1.0,7,0,0.0,2.0,2.0,13.0,8,21,1945,1,1,1,1,1,4,10,2,2
25602,201600011479,4.0,2,3,2,11.0,0.0,0.0,0.0,2004.0,B02,2.0,10,0,0.0,2.0,2.0,1.0,8,21,1945,1,1,1,1,1,4,7,2,2
25603,201600011479,3.0,2,1,2,11.0,0.0,0.0,0.0,2002.0,B02,2.0,10,0,0.0,2.0,2.0,1.0,8,21,1945,1,1,1,1,1,4,7,2,2
25604,201600011479,2.0,2,4,2,11.0,0.0,0.0,0.0,1974.0,B02,2.0,10,0,0.0,2.0,2.0,1.0,8,21,1945,1,1,1,1,1,4,7,2,2
25605,201600011479,1.0,1,1,1,11.0,0.0,0.0,0.0,1980.0,B02,2.0,10,0,0.0,2.0,2.0,1.0,8,21,1945,1,1,1,1,1,4,7,2,2
25606,201600011480,0.0,3,3,2,0.0,4.0,3.0,1.0,1995.0,A01,1.0,7,0,0.0,1.0,1.0,17.0,2,19,1915,5,2,1,8,6,4,7,2,2
25607,201600011481,1.0,1,3,1,11.0,0.0,0.0,0.0,1992.0,A01,1.0,7,0,0.0,2.0,3.0,15.0,5,23,2230,3,1,1,1,3,5,7,2,2
25608,201600011481,1.0,1,3,1,11.0,0.0,0.0,0.0,1957.0,B02,2.0,7,0,0.0,2.0,1.0,1.0,5,23,2230,3,1,1,1,3,5,7,2,2
25609,201600011482,1.0,1,3,1,12.0,0.0,0.0,0.0,1991.0,A01,0.0,7,0,0.0,2.0,7.0,13.0,5,25,430,2,1,1,1,1,0,7,2,2
25610,201600011482,1.0,1,4,2,11.0,0.0,0.0,0.0,1957.0,B02,0.0,7,0,0.0,2.0,1.0,1.0,5,25,430,2,1,1,1,1,0,7,2,2
25611,201600011483,1.0,1,1,1,11.0,0.0,0.0,0.0,1949.0,B02,0.0,10,0,0.0,2.0,3.0,1.0,5,24,1500,1,1,1,1,3,3,7,2,2
25612,201600011483,1.0,1,4,2,11.0,0.0,0.0,0.0,1932.0,A01,0.0,7,0,0.0,2.0,3.0,13.0,5,24,1500,1,1,1,1,3,3,10,2,2
25613,201600011484,1.0,1,4,1,11.0,0.0,0.0,0.0,1985.0,A01,2.0,7,0,0.0,2.0,2.0,13.0,5,30,1230,1,2,1,3,1,2,7,2,2
25614,201600011484,1.0,1,3,1,11.0,0.0,0.0,0.0,1979.0,B02,1.0,7,0,0.0,2.0,1.0,1.0,5,30,1230,1,2,1,3,1,2,7,2,2
25615,201600011484,2.0,2,4,1,11.0,0.0,0.0,0.0,1976.0,B02,1.0,7,0,0.0,2.0,1.0,1.0,5,30,1230,1,2,1,3,1,2,7,2,2
25616,201600011485,1.0,1,1,1,11.0,0.0,0.0,0.0,1984.0,B02,2.0,10,0,13.0,2.0,0.0,1.0,5,31,1430,1,1,1,2,1,3,7,2,2
25617,201600011485,1.0,1,1,1,11.0,0.0,0.0,0.0,1985.0,A01,1.0,7,0,3.0,0.0,2.0,1.0,5,31,1430,1,1,1,2,1,3,10,2,2
25618,201600011485,2.0,2,3,2,11.0,0.0,0.0,0.0,1982.0,A01,1.0,7,0,3.0,0.0,2.0,1.0,5,31,1430,1,1,1,2,1,3,10,2,2
25619,201600011486,1.0,1,4,1,21.0,0.0,0.0,0.0,1970.0,B02,1.0,30,0,0.0,2.0,2.0,1.0,6,10,1700,1,1,1,1,3,3,7,1,2