,Num_Acc,place,catu,grav,sexe,secu,locp,actp,etatp,an_nais,num_veh,senc,catv,occutc,obs,obsm,choc,manv,mois,jour,hrmn,lum,agg,int,atm,col,mom,catvopp,catv_gen,catvopp_gen
25787,201600011566,1.0,1,3,1,21.0,0.0,0.0,0.0,1971.0,A01,0.0,30,0,0.0,2.0,1.0,2.0,3,26,1930,1,2,2,1,2,4,7,1,2
25788,201600011567,1.0,1,3,1,21.0,0.0,0.0,0.0,1951.0,A01,2.0,33,0,0.0,0.0,8.0,1.0,4,19,1415,1,2,3,1,7,3,33,1,1
25789,201600011568,1.0,1,3,1,21.0,0.0,0.0,0.0,1974.0,A01,1.0,31,0,13.0,0.0,1.0,1.0,4,27,345,3,1,1,1,7,0,31,1,1
25790,201600011569,1.0,1,3,1,21.0,0.0,0.0,0.0,1967.0,A01,2.0,33,0,0.0,2.0,7.0,1.0,5,7,2030,2,1,3,1,3,4,7,1,2
25791,201600011569,2.0,2,3,1,21.0,0.0,0.0,0.0,2004.0,A01,2.0,33,0,0.0,2.0,7.0,1.0,5,7,2030,2,1,3,1,3,4,7,1,2
25792,201600011569,1.0,1,1,1,11.0,0.0,0.0,0.0,1988.0,B02,1.0,7,0,0.0,2.0,2.0,15.0,5,7,2030,2,1,3,1,3,4,33,2,1
25793,201600011570,2.0,2,3,1,21.0,0.0,0.0,0.0,2001.0,B02,1.0,2,0,0.0,2.0,1.0,5.0,6,16,1615,1,2,1,2,3,3,7,1,2
25794,201600011570,1.0,1,3,1,21.0,0.0,0.0,0.0,2001.0,B02,1.0,2,0,0.0,2.0,1.0,5.0,6,16,1615,1,2,1,2,3,3,7,1,2
25795,201600011570,1.0,1,4,1,11.0,0.0,0.0,0.0,1996.0,A01,1.0,7,0,0.0,0.0,7.0,1.0,6,16,1615,1,2,1,2,3,3,2,2,1
25796,201600011571,1.0,1,4,1,11.0,0.0,0.0,0.0,1993.0,A01,1.0,7,0,0.0,2.0,3.0,13.0,6,24,1545,1,1,1,1,1,3,7,2,2
25797,201600011571,3.0,2,3,2,11.0,0.0,0.0,0.0,1941.0,B02,2.0,7,0,0.0,2.0,3.0,1.0,6,24,1545,1,1,1,1,1,3,7,2,2
25798,201600011571,1.0,1,3,1,11.0,0.0,0.0,0.0,1941.0,B02,2.0,7,0,0.0,2.0,3.0,1.0,6,24,1545,1,1,1,1,1,3,7,2,2
25799,201600011572,1.0,1,2,1,11.0,0.0,0.0,0.0,1982.0,A01,1.0,7,0,2.0,0.0,1.0,18.0,8,30,1645,1,1,1,1,6,3,7,2,2
25800,201600011573,1.0,1,3,2,11.0,0.0,0.0,0.0,1983.0,A01,2.0,7,0,0.0,2.0,1.0,13.0,9,3,1930,1,2,1,1,4,4,7,2,2
25801,201600011573,2.0,2,1,1,11.0,0.0,0.0,0.0,1982.0,A01,2.0,7,0,0.0,2.0,1.0,13.0,9,3,1930,1,2,1,1,4,4,7,2,2
25802,201600011573,1.0,1,3,2,11.0,0.0,0.0,0.0,1957.0,B02,1.0,7,0,0.0,2.0,5.0,1.0,9,3,1930,1,2,1,1,4,4,7,2,2
25803,201600011573,2.0,2,3,1,11.0,0.0,0.0,0.0,1954.0,B02,1.0,7,0,0.0,2.0,5.0,1.0,9,3,1930,1,2,1,1,4,4,7,2,2
25804,201600011573,1.0,1,1,2,11.0,0.0,0.0,0.0,1972.0,C03,1.0,7,0,0.0,2.0,1.0,1.0,9,3,1930,1,2,1,1,4,4,7,2,2
25805,201600011573,2.0,2,1,1,11.0,0.0,0.0,0.0,1973.0,C03,1.0,7,0,0.0,2.0,1.0,1.0,9,3,1930,1,2,1,1,4,4,7,2,2
25806,201600011574,1.0,1,3,1,11.0,0.0,0.0,0.0,1949.0,B02,2.0,7,0,0.0,2.0,1.0,1.0,9,11,700,2,2,1,1,1,1,7,2,2
25807,201600011574,1.0,1,4,1,13.0,0.0,0.0,0.0,1991.0,A01,1.0,7,0,0.0,2.0,1.0,13.0,9,11,700,2,2,1,1,1,1,7,2,2
25808,201600011575,1.0,1,3,1,21.0,0.0,0.0,0.0,1941.0,B02,2.0,1,0,0.0,2.0,7.0,19.0,10,28,1645,1,2,1,1,3,3,7,1,2
25809,201600011575,1.0,1,1,1,11.0,0.0,0.0,0.0,1934.0,A01,2.0,7,0,0.0,2.0,3.0,0.0,10,28,1645,1,2,1,1,3,3,1,2,1
25810,201600011576,1.0,1,4,1,21.0,0.0,0.0,0.0,2001.0,B02,2.0,2,0,0.0,2.0,1.0,1.0,10,31,1700,1,2,2,7,1,3,7,1,2
25811,201600011576,1.0,1,1,2,11.0,0.0,0.0,0.0,1941.0,A01,1.0,7,0,0.0,2.0,3.0,15.0,10,31,1700,1,2,2,7,1,3,2,2,1
25812,201600011577,1.0,1,1,2,11.0,0.0,0.0,0.0,1990.0,A01,1.0,7,0,0.0,1.0,1.0,1.0,1,7,545,3,2,1,2,6,0,7,2,2
25813,201600011577,0.0,3,3,1,0.0,1.0,9.0,1.0,1977.0,A01,1.0,7,0,0.0,1.0,1.0,1.0,1,7,545,3,2,1,2,6,0,7,2,2
25814,201600011578,0.0,3,3,1,0.0,1.0,9.0,1.0,1988.0,A01,0.0,7,0,0.0,1.0,2.0,1.0,3,29,1615,1,1,1,7,6,3,7,2,2
25815,201600011578,1.0,1,1,1,11.0,0.0,0.0,0.0,1996.0,A01,0.0,7,0,0.0,1.0,2.0,1.0,3,29,1615,1,1,1,7,6,3,7,2,2
25816,201600011579,1.0,1,3,1,21.0,0.0,0.0,0.0,1971.0,A01,0.0,33,0,0.0,0.0,0.0,0.0,7,28,530,1,1,1,1,6,0,33,1,1
25817,201600011580,1.0,1,1,1,11.0,0.0,0.0,0.0,1978.0,B02,0.0,7,0,0.0,0.0,0.0,0.0,8,22,1600,1,1,1,1,1,3,7,2,2
25818,201600011580,1.0,1,3,1,11.0,0.0,0.0,0.0,1991.0,A01,0.0,7,0,0.0,0.0,0.0,0.0,8,22,1600,1,1,1,1,1,3,7,2,2
25819,201600011581,1.0,1,3,2,11.0,0.0,0.0,0.0,1934.0,B02,0.0,7,0,0.0,0.0,0.0,0.0,9,9,1715,1,1,1,1,3,3,7,2,2
25820,201600011581,1.0,1,3,1,11.0,0.0,0.0,0.0,1933.0,A01,0.0,7,0,0.0,0.0,0.0,0.0,9,9,1715,1,1,1,1,3,3,7,2,2
25821,201600011581,2.0,2,3,2,11.0,0.0,0.0,0.0,1934.0,A01,0.0,7,0,0.0,0.0,0.0,0.0,9,9,1715,1,1,1,1,3,3,7,2,2
25822,201600011582,1.0,1,4,1,11.0,0.0,0.0,0.0,1973.0,A01,0.0,7,0,0.0,6.0,4.0,1.0,10,4,2330,3,1,1,1,1,5,7,2,2
25823,201600011582,1.0,1,4,2,11.0,0.0,0.0,0.0,1992.0,B02,0.0,7,0,0.0,2.0,1.0,1.0,10,4,2330,3,1,1,1,1,5,7,2,2
25824,201600011583,2.0,2,3,2,11.0,0.0,0.0,0.0,1999.0,A01,1.0,7,0,0.0,2.0,1.0,13.0,11,12,1130,2,1,1,2,1,1,7,2,2
25825,201600011583,1.0,1,3,1,11.0,0.0,0.0,0.0,1996.0,A01,1.0,7,0,0.0,2.0,1.0,13.0,11,12,1130,2,1,1,2,1,1,7,2,2
25826,201600011583,1.0,1,3,2,11.0,0.0,0.0,0.0,1957.0,B02,2.0,7,0,0.0,2.0,1.0,1.0,11,12,1130,2,1,1,2,1,1,7,2,2
25827,201600011583,2.0,2,3,2,11.0,0.0,0.0,0.0,1983.0,B02,2.0,7,0,0.0,2.0,1.0,1.0,11,12,1130,2,1,1,2,1,1,7,2,2
25828,201600011584,2.0,2,3,2,11.0,0.0,0.0,0.0,1983.0,A01,1.0,7,0,0.0,2.0,3.0,1.0,2,7,1400,1,1,1,4,5,3,7,2,2
25829,201600011584,1.0,1,1,1,11.0,0.0,0.0,0.0,1970.0,A01,1.0,7,0,0.0,2.0,3.0,1.0,2,7,1400,1,1,1,4,5,3,7,2,2
25830,201600011584,8.0,2,1,2,11.0,0.0,0.0,0.0,1995.0,B02,2.0,7,0,0.0,2.0,3.0,1.0,2,7,1400,1,1,1,4,5,3,7,2,2
25831,201600011584,1.0,1,1,1,11.0,0.0,0.0,0.0,1992.0,B02,2.0,7,0,0.0,2.0,3.0,1.0,2,7,1400,1,1,1,4,5,3,7,2,2
25832,201600011584,3.0,2,1,1,11.0,0.0,0.0,0.0,1961.0,B02,2.0,7,0,0.0,2.0,3.0,1.0,2,7,1400,1,1,1,4,5,3,7,2,2
25833,201600011584,2.0,2,1,2,11.0,0.0,0.0,0.0,1964.0,B02,2.0,7,0,0.0,2.0,3.0,1.0,2,7,1400,1,1,1,4,5,3,7,2,2
25834,201600011584,4.0,2,1,2,11.0,0.0,0.0,0.0,2001.0,B02,2.0,7,0,0.0,2.0,3.0,1.0,2,7,1400,1,1,1,4,5,3,7,2,2
25835,201600011584,1.0,1,1,2,11.0,0.0,0.0,0.0,1995.0,C03,2.0,7,0,0.0,2.0,1.0,1.0,2,7,1400,1,1,1,4,5,3,7,2,2
25836,201600011584,2.0,2,1,1,11.0,0.0,0.0,0.0,1963.0,C03,2.0,7,0,0.0,2.0,1.0,1.0,2,7,1400,1,1,1,4,5,3,7,2,2
25837,201600011585,1.0,1,4,1,13.0,0.0,0.0,0.0,1991.0,A01,0.0,10,0,0.0,2.0,1.0,13.0,3,9,715,1,2,1,1,6,1,10,2,2
25838,201600011586,3.0,2,2,2,13.0,0.0,0.0,0.0,2013.0,A01,1.0,7,0,13.0,0.0,2.0,1.0,10,9,2345,3,1,1,1,6,5,7,2,2
25839,201600011586,4.0,2,1,1,11.0,0.0,0.0,0.0,2012.0,A01,1.0,7,0,13.0,0.0,2.0,1.0,10,9,2345,3,1,1,1,6,5,7,2,2
25840,201600011586,1.0,1,4,1,11.0,0.0,0.0,0.0,1983.0,A01,1.0,7,0,13.0,0.0,2.0,1.0,10,9,2345,3,1,1,1,6,5,7,2,2
25841,201600011586,2.0,2,3,2,11.0,0.0,0.0,0.0,1987.0,A01,1.0,7,0,13.0,0.0,2.0,1.0,10,9,2345,3,1,1,1,6,5,7,2,2
25842,201600011587,1.0,1,3,2,11.0,0.0,0.0,0.0,1981.0,B01,1.0,7,0,0.0,0.0,4.0,2.0,10,20,2315,3,1,1,1,2,5,10,2,2
25843,201600011587,1.0,1,1,1,11.0,0.0,0.0,0.0,1987.0,A02,1.0,10,0,0.0,2.0,1.0,2.0,10,20,2315,3,1,1,1,2,5,7,2,2
25844,201600011588,1.0,1,2,1,11.0,0.0,0.0,0.0,1966.0,A01,1.0,7,0,0.0,2.0,1.0,5.0,3,22,945,1,1,1,7,1,1,7,2,2
25845,201600011588,2.0,2,2,1,11.0,0.0,0.0,0.0,1968.0,A01,1.0,7,0,0.0,2.0,1.0,5.0,3,22,945,1,1,1,7,1,1,7,2,2
25846,201600011588,1.0,1,3,1,11.0,0.0,0.0,0.0,1949.0,B02,2.0,7,0,0.0,2.0,2.0,1.0,3,22,945,1,1,1,7,1,1,7,2,2
25847,201600011588,2.0,2,2,2,11.0,0.0,0.0,0.0,1948.0,B02,2.0,7,0,0.0,2.0,2.0,1.0,3,22,945,1,1,1,7,1,1,7,2,2
25848,201600011589,1.0,1,1,1,11.0,0.0,0.0,0.0,1970.0,A01,1.0,7,0,0.0,2.0,1.0,2.0,4,2,1115,1,1,1,1,2,1,7,2,2
25849,201600011589,1.0,1,1,2,11.0,0.0,0.0,0.0,1955.0,B02,1.0,7,0,0.0,0.0,4.0,2.0,4,2,1115,1,1,1,1,2,1,7,2,2
25850,201600011589,2.0,2,3,1,11.0,0.0,0.0,0.0,1941.0,B02,1.0,7,0,0.0,0.0,4.0,2.0,4,2,1115,1,1,1,1,2,1,7,2,2
25851,201600011590,1.0,1,1,1,11.0,0.0,0.0,0.0,1964.0,A01,1.0,15,0,0.0,2.0,4.0,0.0,4,5,315,3,1,1,1,2,0,15,3,3
25852,201600011590,1.0,1,3,1,13.0,0.0,0.0,0.0,1959.0,B02,1.0,15,0,14.0,0.0,1.0,2.0,4,5,315,3,1,1,1,2,0,15,3,3
25853,201600011591,1.0,1,3,2,11.0,0.0,0.0,0.0,1940.0,A01,2.0,7,0,0.0,0.0,1.0,1.0,3,31,1630,1,1,1,2,6,3,7,2,2
25854,201600011591,2.0,2,3,1,11.0,0.0,0.0,0.0,1933.0,A01,2.0,7,0,0.0,0.0,1.0,1.0,3,31,1630,1,1,1,2,6,3,7,2,2
25855,201600011592,3.0,2,4,1,11.0,0.0,0.0,0.0,1997.0,A01,2.0,7,0,4.0,0.0,1.0,1.0,5,28,2330,3,1,1,3,6,5,7,2,2
25856,201600011592,1.0,1,4,2,11.0,0.0,0.0,0.0,1982.0,A01,2.0,7,0,4.0,0.0,1.0,1.0,5,28,2330,3,1,1,3,6,5,7,2,2
25857,201600011592,2.0,2,4,1,11.0,0.0,0.0,0.0,1978.0,A01,2.0,7,0,4.0,0.0,1.0,1.0,5,28,2330,3,1,1,3,6,5,7,2,2
25858,201600011593,5.0,2,1,2,11.0,0.0,0.0,0.0,2012.0,B02,2.0,38,55,0.0,2.0,4.0,1.0,6,24,1615,1,1,1,1,5,3,7,3,2
25859,201600011593,5.0,2,1,1,11.0,0.0,0.0,0.0,2012.0,B02,2.0,38,55,0.0,2.0,4.0,1.0,6,24,1615,1,1,1,1,5,3,7,3,2
25884,201600011593,5.0,2,1,2,11.0,0.0,0.0,0.0,2011.0,B02,2.0,38,55,0.0,2.0,4.0,1.0,6,24,1615,1,1,1,1,5,3,7,3,2
25885,201600011593,5.0,2,1,2,11.0,0.0,0.0,0.0,1956.0,B02,2.0,38,55,0.0,2.0,4.0,1.0,6,24,1615,1,1,1,1,5,3,7,3,2
25887,201600011593,1.0,1,1,1,11.0,0.0,0.0,0.0,1988.0,B02,2.0,38,55,0.0,2.0,4.0,1.0,6,24,1615,1,1,1,1,5,3,7,3,2
25888,201600011593,5.0,2,1,2,11.0,0.0,0.0,0.0,1951.0,B02,2.0,38,55,0.0,2.0,4.0,1.0,6,24,1615,1,1,1,1,5,3,7,3,2
25889,201600011593,5.0,2,1,2,11.0,0.0,0.0,0.0,1959.0,B02,2.0,38,55,0.0,2.0,4.0,1.0,6,24,1615,1,1,1,1,5,3,7,3,2
25890,201600011593,5.0,2,1,1,11.0,0.0,0.0,0.0,2011.0,B02,2.0,38,55,0.0,2.0,4.0,1.0,6,24,1615,1,1,1,1,5,3,7,3,2
25891,201600011593,5.0,2,1,2,11.0,0.0,0.0,0.0,1970.0,B02,2.0,38,55,0.0,2.0,4.0,1.0,6,24,1615,1,1,1,1,5,3,7,3,2
25892,201600011593,5.0,2,1,2,11.0,0.0,0.0,0.0,1973.0,B02,2.0,38,55,0.0,2.0,4.0,1.0,6,24,1615,1,1,1,1,5,3,7,3,2
25893,201600011593,5.0,2,1,2,11.0,0.0,0.0,0.0,1976.0,B02,2.0,38,55,0.0,2.0,4.0,1.0,6,24,1615,1,1,1,1,5,3,7,3,2
25894,201600011593,5.0,2,1,2,11.0,0.0,0.0,0.0,1979.0,B02,2.0,38,55,0.0,2.0,4.0,1.0,6,24,1615,1,1,1,1,5,3,7,3,2
25895,201600011593,5.0,2,1,1,11.0,0.0,0.0,0.0,1980.0,B02,2.0,38,55,0.0,2.0,4.0,1.0,6,24,1615,1,1,1,1,5,3,7,3,2
25896,201600011593,5.0,2,1,2,11.0,0.0,0.0,0.0,1982.0,B02,2.0,38,55,0.0,2.0,4.0,1.0,6,24,1615,1,1,1,1,5,3,7,3,2
25897,201600011593,5.0,2,1,2,11.0,0.0,0.0,0.0,1968.0,B02,2.0,38,55,0.0,2.0,4.0,1.0,6,24,1615,1,1,1,1,5,3,7,3,2
25906,201600011593,5.0,2,1,1,11.0,0.0,0.0,0.0,1984.0,B02,2.0,38,55,0.0,2.0,4.0,1.0,6,24,1615,1,1,1,1,5,3,7,3,2
25911,201600011593,1.0,1,1,1,11.0,0.0,0.0,0.0,1976.0,C08,2.0,14,0,0.0,2.0,4.0,1.0,6,24,1615,1,1,1,1,5,3,7,3,2
25912,201600011593,1.0,1,1,1,11.0,0.0,0.0,0.0,1968.0,A01,2.0,7,0,0.0,2.0,1.0,1.0,6,24,1615,1,1,1,1,5,3,38,2,3
25913,201600011593,2.0,2,4,1,11.0,0.0,0.0,0.0,1954.0,A01,2.0,7,0,0.0,2.0,1.0,1.0,6,24,1615,1,1,1,1,5,3,38,2,3
25914,201600011594,1.0,1,3,1,11.0,0.0,0.0,0.0,1967.0,A01,2.0,15,0,3.0,0.0,1.0,13.0,8,5,530,3,1,1,1,6,0,15,3,3
25915,201600011595,1.0,1,1,1,11.0,0.0,0.0,0.0,1943.0,A01,2.0,7,0,0.0,2.0,3.0,5.0,8,24,2200,3,1,1,1,5,5,7,2,2
25916,201600011595,1.0,1,3,1,11.0,0.0,0.0,0.0,1971.0,B02,1.0,7,0,0.0,2.0,1.0,1.0,8,24,2200,3,1,1,1,5,5,7,2,2
25917,201600011595,1.0,1,1,1,11.0,0.0,0.0,0.0,1979.0,C03,1.0,7,0,0.0,2.0,3.0,1.0,8,24,2200,3,1,1,1,5,5,7,2,2
25918,201600011596,1.0,1,2,1,21.0,0.0,0.0,0.0,1979.0,A01,1.0,34,0,1.0,0.0,1.0,11.0,10,17,1350,1,1,1,8,6,2,34,1,1
25919,201600011597,1.0,1,3,1,11.0,0.0,0.0,0.0,1978.0,A01,1.0,7,0,0.0,2.0,3.0,13.0,10,23,1800,1,1,1,3,1,4,7,2,2
25920,201600011597,2.0,2,4,2,11.0,0.0,0.0,0.0,1978.0,A01,1.0,7,0,0.0,2.0,3.0,13.0,10,23,1800,1,1,1,3,1,4,7,2,2
25921,201600011597,7.0,2,3,1,11.0,0.0,0.0,0.0,2005.0,A01,1.0,7,0,0.0,2.0,3.0,13.0,10,23,1800,1,1,1,3,1,4,7,2,2
25922,201600011597,9.0,2,4,1,11.0,0.0,0.0,0.0,2002.0,A01,1.0,7,0,0.0,2.0,3.0,13.0,10,23,1800,1,1,1,3,1,4,7,2,2
25923,201600011597,1.0,1,3,1,11.0,0.0,0.0,0.0,1964.0,B02,2.0,7,0,0.0,2.0,0.0,1.0,10,23,1800,1,1,1,3,1,4,7,2,2
25924,201600011598,1.0,1,3,1,11.0,0.0,0.0,0.0,1974.0,A01,2.0,7,0,0.0,2.0,1.0,2.0,11,14,705,1,1,1,1,2,1,10,2,2
25925,201600011598,1.0,1,1,1,11.0,0.0,0.0,0.0,1964.0,B02,2.0,10,0,0.0,2.0,4.0,2.0,11,14,705,1,1,1,1,2,1,7,2,2
25926,201600011599,1.0,1,2,1,21.0,0.0,0.0,0.0,1984.0,A01,1.0,33,0,2.0,0.0,9.0,14.0,11,22,100,3,1,1,1,6,0,33,1,1
25927,201600011600,1.0,1,4,1,13.0,0.0,0.0,0.0,1972.0,A01,1.0,14,0,1.0,0.0,2.0,1.0,11,24,1225,1,1,1,1,2,2,15,3,3
25928,201600011600,1.0,1,1,1,13.0,0.0,0.0,0.0,1971.0,B02,1.0,15,0,0.0,0.0,6.0,1.0,11,24,1225,1,1,1,1,2,2,14,3,3
25929,201600011601,1.0,1,3,2,11.0,0.0,0.0,0.0,1941.0,A01,1.0,7,0,0.0,0.0,1.0,14.0,11,27,1320,1,1,1,1,7,2,7,2,2
25930,201600011602,1.0,1,3,1,11.0,0.0,0.0,0.0,1959.0,A01,2.0,7,0,4.0,0.0,2.0,1.0,12,13,2125,3,1,1,1,6,4,7,2,2
25931,201600011603,1.0,1,2,1,12.0,0.0,0.0,0.0,1964.0,A01,2.0,17,0,3.0,0.0,1.0,1.0,12,26,600,3,1,1,2,6,1,17,3,3
25932,201600011604,1.0,1,4,1,11.0,0.0,0.0,0.0,1978.0,A01,1.0,7,0,4.0,0.0,1.0,1.0,1,2,1400,1,1,1,1,6,3,7,2,2
25933,201600011604,2.0,2,3,2,11.0,0.0,0.0,0.0,1989.0,A01,1.0,7,0,4.0,0.0,1.0,1.0,1,2,1400,1,1,1,1,6,3,7,2,2
25934,201600011604,3.0,2,3,2,11.0,0.0,0.0,0.0,1984.0,A01,1.0,7,0,4.0,0.0,1.0,1.0,1,2,1400,1,1,1,1,6,3,7,2,2
25935,201600011604,4.0,2,3,2,11.0,0.0,0.0,0.0,2015.0,A01,1.0,7,0,4.0,0.0,1.0,1.0,1,2,1400,1,1,1,1,6,3,7,2,2
25936,201600011605,1.0,1,1,1,11.0,0.0,0.0,0.0,1992.0,A01,2.0,7,0,0.0,2.0,1.0,2.0,1,12,630,3,1,1,2,2,1,14,2,3
25937,201600011605,2.0,2,3,2,11.0,0.0,0.0,0.0,1996.0,A01,2.0,7,0,0.0,2.0,1.0,2.0,1,12,630,3,1,1,2,2,1,14,2,3
25938,201600011605,1.0,1,1,1,11.0,0.0,0.0,0.0,1953.0,B02,2.0,14,0,0.0,2.0,5.0,2.0,1,12,630,3,1,1,2,2,1,7,3,2
25939,201600011606,1.0,1,4,1,11.0,0.0,0.0,0.0,1969.0,A01,2.0,7,0,4.0,2.0,2.0,0.0,2,11,330,3,1,1,1,1,0,14,2,3
25940,201600011606,1.0,1,1,1,11.0,0.0,0.0,0.0,1986.0,B02,2.0,14,0,0.0,0.0,6.0,2.0,2,11,330,3,1,1,1,1,0,7,3,2
25941,201600011607,1.0,1,2,1,11.0,0.0,0.0,0.0,1961.0,A01,1.0,17,0,3.0,0.0,2.0,1.0,5,31,1630,1,1,1,2,6,3,17,3,3
25942,201600011608,1.0,1,4,1,11.0,0.0,0.0,0.0,1947.0,B02,2.0,7,0,0.0,2.0,8.0,1.0,8,8,1030,1,1,1,3,3,1,7,2,2
25943,201600011608,2.0,2,1,1,11.0,0.0,0.0,0.0,1949.0,B02,2.0,7,0,0.0,2.0,8.0,1.0,8,8,1030,1,1,1,3,3,1,7,2,2
25944,201600011608,1.0,1,1,1,11.0,0.0,0.0,0.0,1993.0,A01,2.0,7,0,0.0,2.0,7.0,1.0,8,8,1030,1,1,1,3,3,1,7,2,2
25945,201600011608,2.0,2,1,2,11.0,0.0,0.0,0.0,1992.0,A01,2.0,7,0,0.0,2.0,7.0,1.0,8,8,1030,1,1,1,3,3,1,7,2,2
25946,201600011609,1.0,1,4,1,11.0,0.0,0.0,0.0,1986.0,A01,2.0,7,0,0.0,2.0,1.0,2.0,9,3,645,2,1,1,1,2,1,17,2,3
25947,201600011609,2.0,2,3,1,11.0,0.0,0.0,0.0,1988.0,A01,2.0,7,0,0.0,2.0,1.0,2.0,9,3,645,2,1,1,1,2,1,17,2,3
25948,201600011609,1.0,1,1,1,11.0,0.0,0.0,0.0,1963.0,B02,2.0,17,0,0.0,2.0,5.0,2.0,9,3,645,2,1,1,1,2,1,7,3,2
25949,201600011610,1.0,1,3,1,11.0,0.0,0.0,0.0,1988.0,A01,1.0,15,0,0.0,2.0,1.0,1.0,9,7,1330,1,1,1,1,2,2,15,3,3
25950,201600011610,1.0,1,1,1,11.0,0.0,0.0,0.0,1966.0,B02,1.0,15,0,0.0,2.0,4.0,1.0,9,7,1330,1,1,1,1,2,2,15,3,3
25951,201600011611,1.0,1,1,1,11.0,0.0,0.0,0.0,1975.0,E05,1.0,15,0,0.0,2.0,4.0,23.0,9,7,1500,1,1,1,1,4,3,15,3,3
25952,201600011611,1.0,1,1,1,11.0,0.0,0.0,0.0,1990.0,D04,1.0,15,0,0.0,2.0,4.0,23.0,9,7,1500,1,1,1,1,4,3,15,3,3
25953,201600011611,1.0,1,1,1,11.0,0.0,0.0,0.0,1991.0,B02,1.0,15,0,0.0,2.0,4.0,23.0,9,7,1500,1,1,1,1,4,3,15,3,3
25954,201600011611,1.0,1,3,1,11.0,0.0,0.0,0.0,1965.0,A01,1.0,15,0,0.0,2.0,1.0,1.0,9,7,1500,1,1,1,1,4,3,15,3,3
25955,201600011611,1.0,1,1,1,11.0,0.0,0.0,0.0,1990.0,C03,1.0,15,0,0.0,2.0,4.0,23.0,9,7,1500,1,1,1,1,4,3,15,3,3
25956,201600011612,1.0,1,3,1,21.0,0.0,0.0,0.0,1987.0,A01,1.0,33,0,13.0,0.0,1.0,16.0,10,21,2315,5,2,1,1,6,5,33,1,1
25957,201600011613,1.0,1,1,1,11.0,0.0,0.0,0.0,1962.0,B01,2.0,99,0,0.0,1.0,2.0,1.0,12,1,1845,3,1,1,1,6,4,99,0,0
25958,201600011613,0.0,3,3,1,1.0,0.0,0.0,0.0,1968.0,B01,2.0,99,0,0.0,1.0,2.0,1.0,12,1,1845,3,1,1,1,6,4,99,0,0
25959,201600011614,2.0,2,2,2,11.0,0.0,0.0,0.0,1972.0,A01,2.0,10,0,3.0,0.0,1.0,14.0,1,17,1630,1,1,1,1,7,3,10,2,2
25960,201600011614,1.0,1,3,1,11.0,0.0,0.0,0.0,1974.0,A01,2.0,10,0,3.0,0.0,1.0,14.0,1,17,1630,1,1,1,1,7,3,10,2,2
25961,201600011615,1.0,1,1,1,11.0,0.0,0.0,0.0,1974.0,C03,1.0,14,0,0.0,2.0,2.0,1.0,1,20,700,2,1,9,8,4,1,7,3,2
25962,201600011615,1.0,1,3,1,12.0,0.0,0.0,0.0,1953.0,A01,1.0,7,0,0.0,2.0,3.0,0.0,1,20,700,2,1,9,8,4,1,14,2,3
25963,201600011615,1.0,1,1,1,11.0,0.0,0.0,0.0,1955.0,B02,1.0,7,0,0.0,2.0,2.0,1.0,1,20,700,2,1,9,8,4,1,14,2,3
25964,201600011616,1.0,1,3,1,11.0,0.0,0.0,0.0,1984.0,A01,2.0,7,0,0.0,0.0,2.0,14.0,2,7,1545,1,1,1,1,6,3,7,2,2
25965,201600011616,2.0,2,3,2,11.0,0.0,0.0,0.0,1986.0,A01,2.0,7,0,0.0,0.0,2.0,14.0,2,7,1545,1,1,1,1,6,3,7,2,2
25966,201600011616,4.0,2,1,1,31.0,0.0,0.0,0.0,2015.0,A01,2.0,7,0,0.0,0.0,2.0,14.0,2,7,1545,1,1,1,1,6,3,7,2,2
25967,201600011617,1.0,1,3,1,11.0,0.0,0.0,0.0,1982.0,A01,1.0,16,0,0.0,2.0,1.0,1.0,3,17,630,2,1,1,1,1,1,17,3,3
25968,201600011617,1.0,1,1,1,11.0,0.0,0.0,0.0,1980.0,B02,1.0,17,0,0.0,2.0,4.0,1.0,3,17,630,2,1,1,1,1,1,16,3,3
25969,201600011618,1.0,1,1,1,11.0,0.0,0.0,0.0,1983.0,A01,1.0,17,0,0.0,0.0,5.0,0.0,4,26,1600,1,1,9,1,2,3,7,3,2
25970,201600011618,1.0,1,3,1,11.0,0.0,0.0,0.0,1985.0,B02,1.0,7,0,0.0,2.0,3.0,14.0,4,26,1600,1,1,9,1,2,3,17,2,3
25971,201600011619,1.0,1,3,1,11.0,0.0,0.0,0.0,1974.0,A01,1.0,7,0,4.0,0.0,8.0,1.0,5,9,715,2,1,1,1,6,1,7,2,2
25972,201600011619,2.0,2,3,1,11.0,0.0,0.0,0.0,1998.0,A01,1.0,7,0,4.0,0.0,8.0,1.0,5,9,715,2,1,1,1,6,1,7,2,2
25973,201600011619,3.0,2,3,1,11.0,0.0,0.0,0.0,1975.0,A01,1.0,7,0,4.0,0.0,8.0,1.0,5,9,715,2,1,1,1,6,1,7,2,2
25974,201600011620,1.0,1,1,1,11.0,0.0,0.0,0.0,1960.0,B02,1.0,14,0,0.0,2.0,4.0,1.0,5,9,1315,1,1,1,1,2,2,7,3,2
25975,201600011620,1.0,1,1,1,11.0,0.0,0.0,0.0,1951.0,A01,1.0,7,0,0.0,2.0,1.0,1.0,5,9,1315,1,1,1,1,2,2,14,2,3