,Num_Acc,place,catu,grav,sexe,secu,locp,actp,etatp,an_nais,num_veh,senc,catv,occutc,obs,obsm,choc,manv,mois,jour,hrmn,lum,agg,int,atm,col,mom,catvopp,catv_gen,catvopp_gen
26129,201600011664,2.0,2,4,2,11.0,0.0,0.0,0.0,1979.0,A01,1.0,7,0,1.0,0.0,1.0,1.0,2,1,115,3,1,1,1,1,0,7,2,2
26130,201600011664,3.0,2,3,2,12.0,0.0,0.0,0.0,1930.0,A01,1.0,7,0,1.0,0.0,1.0,1.0,2,1,115,3,1,1,1,1,0,7,2,2
26131,201600011664,4.0,2,3,2,12.0,0.0,0.0,0.0,1988.0,A01,1.0,7,0,1.0,0.0,1.0,1.0,2,1,115,3,1,1,1,1,0,7,2,2
26132,201600011665,3.0,2,4,1,11.0,0.0,0.0,0.0,1998.0,D04,0.0,7,0,0.0,2.0,1.0,21.0,5,14,2345,3,1,1,1,5,5,17,2,3
26133,201600011665,2.0,2,3,1,11.0,0.0,0.0,0.0,1992.0,D04,0.0,7,0,0.0,2.0,1.0,21.0,5,14,2345,3,1,1,1,5,5,17,2,3
26134,201600011665,1.0,1,1,1,11.0,0.0,0.0,0.0,1994.0,D04,0.0,7,0,0.0,2.0,1.0,21.0,5,14,2345,3,1,1,1,5,5,17,2,3
26135,201600011665,1.0,1,1,1,11.0,0.0,0.0,0.0,1970.0,A01,1.0,17,0,0.0,2.0,3.0,1.0,5,14,2345,3,1,1,1,5,5,7,3,2
26136,201600011665,1.0,1,1,1,11.0,0.0,0.0,0.0,1988.0,C03,1.0,7,0,0.0,2.0,1.0,21.0,5,14,2345,3,1,1,1,5,5,17,2,3
26137,201600011665,1.0,1,1,1,11.0,0.0,0.0,0.0,1970.0,B02,1.0,7,0,0.0,0.0,2.0,14.0,5,14,2345,3,1,1,1,5,5,17,2,3
26138,201600011666,1.0,1,3,1,13.0,0.0,0.0,0.0,1985.0,A01,1.0,7,0,4.0,0.0,1.0,13.0,8,15,930,1,1,1,1,6,1,7,2,2
26139,201600011667,1.0,1,1,1,11.0,0.0,0.0,0.0,1962.0,B02,2.0,7,0,0.0,2.0,4.0,1.0,8,16,1430,1,1,1,1,2,3,33,2,1
26140,201600011667,1.0,1,3,1,21.0,0.0,0.0,0.0,1956.0,A01,2.0,33,0,0.0,2.0,1.0,1.0,8,16,1430,1,1,1,1,2,3,7,1,2
26141,201600011667,2.0,2,3,2,21.0,0.0,0.0,0.0,1965.0,A01,2.0,33,0,0.0,2.0,1.0,1.0,8,16,1430,1,1,1,1,2,3,7,1,2
26142,201600011668,1.0,1,1,1,11.0,0.0,0.0,0.0,1960.0,C03,2.0,7,0,0.0,2.0,4.0,1.0,9,10,1200,1,1,1,1,4,2,7,2,2
26143,201600011668,2.0,2,3,2,11.0,0.0,0.0,0.0,1937.0,A01,2.0,7,0,0.0,2.0,1.0,1.0,9,10,1200,1,1,1,1,4,2,7,2,2
26144,201600011668,1.0,1,3,1,11.0,0.0,0.0,0.0,1935.0,A01,2.0,7,0,0.0,2.0,1.0,1.0,9,10,1200,1,1,1,1,4,2,7,2,2
26145,201600011668,1.0,1,4,2,11.0,0.0,0.0,0.0,1965.0,B02,2.0,7,0,0.0,2.0,4.0,1.0,9,10,1200,1,1,1,1,4,2,7,2,2
26146,201600011669,1.0,1,1,2,11.0,0.0,0.0,0.0,1992.0,A01,2.0,7,0,0.0,0.0,5.0,2.0,10,11,1745,1,1,1,1,2,3,33,2,1
26147,201600011669,1.0,1,2,1,21.0,0.0,0.0,0.0,1967.0,B02,2.0,33,0,0.0,0.0,1.0,2.0,10,11,1745,1,1,1,1,2,3,7,1,2
26148,201600011670,1.0,1,4,2,11.0,0.0,0.0,0.0,1981.0,B02,0.0,7,0,0.0,2.0,8.0,15.0,1,4,815,1,1,3,1,3,1,7,2,2
26149,201600011670,1.0,1,4,2,11.0,0.0,0.0,0.0,1960.0,A01,0.0,7,0,0.0,2.0,1.0,1.0,1,4,815,1,1,3,1,3,1,7,2,2
26150,201600011671,1.0,1,4,2,11.0,0.0,0.0,0.0,1976.0,A01,2.0,7,0,0.0,2.0,3.0,13.0,1,14,1930,3,1,1,2,1,4,7,2,2
26151,201600011671,1.0,1,4,2,11.0,0.0,0.0,0.0,1979.0,B02,1.0,7,0,0.0,2.0,2.0,1.0,1,14,1930,3,1,1,2,1,4,7,2,2
26152,201600011672,2.0,2,4,1,11.0,0.0,0.0,0.0,1985.0,A01,2.0,7,0,0.0,0.0,4.0,23.0,1,14,1200,1,2,1,1,2,2,7,2,2
26153,201600011672,1.0,1,4,2,11.0,0.0,0.0,0.0,1990.0,A01,2.0,7,0,0.0,0.0,4.0,23.0,1,14,1200,1,2,1,1,2,2,7,2,2
26154,201600011672,1.0,1,4,2,11.0,0.0,0.0,0.0,1973.0,B02,2.0,7,0,14.0,0.0,1.0,1.0,1,14,1200,1,2,1,1,2,2,7,2,2
26155,201600011673,1.0,1,3,1,11.0,0.0,0.0,0.0,1927.0,A01,0.0,7,0,2.0,0.0,2.0,2.0,2,3,1100,1,1,1,8,6,1,7,2,2
26156,201600011673,2.0,2,4,2,11.0,0.0,0.0,0.0,1935.0,A01,0.0,7,0,2.0,0.0,2.0,2.0,2,3,1100,1,1,1,8,6,1,7,2,2
26157,201600011674,1.0,1,4,2,11.0,0.0,0.0,0.0,1978.0,B02,0.0,7,0,0.0,2.0,1.0,1.0,3,3,800,1,2,1,1,4,1,7,2,2
26158,201600011674,1.0,1,4,1,11.0,0.0,0.0,0.0,1987.0,A01,0.0,7,0,0.0,0.0,4.0,1.0,3,3,800,1,2,1,1,4,1,7,2,2
26159,201600011674,3.0,2,4,2,11.0,0.0,0.0,0.0,1992.0,A01,0.0,7,0,0.0,0.0,4.0,1.0,3,3,800,1,2,1,1,4,1,7,2,2
26160,201600011674,4.0,2,4,2,11.0,0.0,0.0,0.0,1989.0,A01,0.0,7,0,0.0,0.0,4.0,1.0,3,3,800,1,2,1,1,4,1,7,2,2
26161,201600011674,1.0,1,1,1,11.0,0.0,0.0,0.0,1965.0,C03,0.0,7,0,0.0,2.0,1.0,1.0,3,3,800,1,2,1,1,4,1,7,2,2
26162,201600011675,1.0,1,3,1,21.0,0.0,0.0,0.0,1976.0,B02,1.0,33,0,0.0,2.0,1.0,1.0,5,3,1615,1,1,1,1,3,3,7,1,2
26163,201600011675,1.0,1,4,2,11.0,0.0,0.0,0.0,1989.0,A01,1.0,7,0,0.0,2.0,2.0,15.0,5,3,1615,1,1,1,1,3,3,33,2,1
26164,201600011676,1.0,1,1,1,11.0,0.0,0.0,0.0,1995.0,B02,0.0,7,0,0.0,2.0,1.0,13.0,6,22,1815,1,1,1,1,1,4,7,2,2
26165,201600011676,1.0,1,3,2,11.0,0.0,0.0,0.0,1977.0,A01,0.0,7,0,0.0,2.0,1.0,1.0,6,22,1815,1,1,1,1,1,4,7,2,2
26166,201600011677,1.0,1,1,1,11.0,0.0,0.0,0.0,1986.0,B02,0.0,10,0,0.0,2.0,1.0,1.0,6,21,2045,1,2,1,1,2,4,7,2,2
26167,201600011677,2.0,2,1,1,11.0,0.0,0.0,0.0,1997.0,B02,0.0,10,0,0.0,2.0,1.0,1.0,6,21,2045,1,2,1,1,2,4,7,2,2
26168,201600011677,1.0,1,3,1,11.0,0.0,0.0,0.0,1992.0,A01,0.0,7,0,0.0,2.0,4.0,12.0,6,21,2045,1,2,1,1,2,4,10,2,2
26169,201600011677,2.0,2,3,2,11.0,0.0,0.0,0.0,1997.0,A01,0.0,7,0,0.0,2.0,4.0,12.0,6,21,2045,1,2,1,1,2,4,10,2,2
26170,201600011678,5.0,2,3,1,11.0,0.0,0.0,0.0,2010.0,A01,1.0,7,0,16.0,0.0,1.0,1.0,8,4,115,4,2,1,1,6,0,7,2,2
26171,201600011678,1.0,1,3,2,11.0,0.0,0.0,0.0,1981.0,A01,1.0,7,0,16.0,0.0,1.0,1.0,8,4,115,4,2,1,1,6,0,7,2,2
26172,201600011679,5.0,2,1,1,11.0,0.0,0.0,0.0,2009.0,A01,0.0,7,0,1.0,1.0,1.0,23.0,8,19,915,1,2,1,1,6,1,7,2,2
26173,201600011679,5.0,2,1,1,11.0,0.0,0.0,0.0,2011.0,A01,0.0,7,0,1.0,1.0,1.0,23.0,8,19,915,1,2,1,1,6,1,7,2,2
26174,201600011679,5.0,2,1,2,11.0,0.0,0.0,0.0,2015.0,A01,0.0,7,0,1.0,1.0,1.0,23.0,8,19,915,1,2,1,1,6,1,7,2,2
26175,201600011679,0.0,3,2,1,0.0,0.0,0.0,0.0,1950.0,A01,0.0,7,0,1.0,1.0,1.0,23.0,8,19,915,1,2,1,1,6,1,7,2,2
26176,201600011680,1.0,1,3,1,11.0,0.0,0.0,0.0,1966.0,A01,2.0,7,0,3.0,2.0,7.0,13.0,11,2,1545,1,1,1,1,5,3,7,2,2
26177,201600011680,2.0,2,2,1,11.0,0.0,0.0,0.0,2005.0,A01,2.0,7,0,3.0,2.0,7.0,13.0,11,2,1545,1,1,1,1,5,3,7,2,2
26178,201600011680,1.0,1,3,1,11.0,0.0,0.0,0.0,1997.0,B02,1.0,7,0,0.0,2.0,1.0,1.0,11,2,1545,1,1,1,1,5,3,7,2,2
26179,201600011680,1.0,1,1,1,11.0,0.0,0.0,0.0,1978.0,C03,2.0,7,0,0.0,2.0,1.0,1.0,11,2,1545,1,1,1,1,5,3,7,2,2
26180,201600011681,1.0,1,4,2,11.0,0.0,0.0,0.0,1966.0,A01,1.0,7,0,13.0,0.0,4.0,0.0,1,17,1715,2,1,1,1,6,3,7,2,2
26181,201600011681,2.0,2,1,1,11.0,0.0,0.0,0.0,1961.0,A01,1.0,7,0,13.0,0.0,4.0,0.0,1,17,1715,2,1,1,1,6,3,7,2,2
26182,201600011681,5.0,2,1,1,11.0,0.0,0.0,0.0,1994.0,A01,1.0,7,0,13.0,0.0,4.0,0.0,1,17,1715,2,1,1,1,6,3,7,2,2
26183,201600011682,1.0,1,3,1,13.0,0.0,0.0,0.0,1964.0,A01,2.0,7,0,13.0,0.0,9.0,17.0,4,16,1215,1,1,9,3,6,2,7,2,2
26184,201600011682,2.0,2,3,1,13.0,0.0,0.0,0.0,1969.0,A01,2.0,7,0,13.0,0.0,9.0,17.0,4,16,1215,1,1,9,3,6,2,7,2,2
26185,201600011683,1.0,1,1,1,11.0,0.0,0.0,0.0,1971.0,A01,1.0,14,0,0.0,2.0,1.0,1.0,6,23,1730,1,2,9,1,5,3,7,3,2
26186,201600011683,1.0,1,1,2,11.0,0.0,0.0,0.0,1953.0,C03,2.0,7,0,0.0,2.0,1.0,2.0,6,23,1730,1,2,9,1,5,3,14,2,3
26187,201600011683,1.0,1,1,1,11.0,0.0,0.0,0.0,1938.0,B02,2.0,7,0,0.0,2.0,9.0,15.0,6,23,1730,1,2,9,1,5,3,14,2,3
26188,201600011683,2.0,2,3,1,11.0,0.0,0.0,0.0,1946.0,B02,2.0,7,0,0.0,2.0,9.0,15.0,6,23,1730,1,2,9,1,5,3,14,2,3
26189,201600011684,1.0,1,4,1,11.0,0.0,0.0,0.0,1969.0,A01,2.0,7,0,3.0,0.0,9.0,1.0,10,1,1600,1,1,1,2,6,3,7,2,2
26190,201600011684,2.0,2,1,2,11.0,0.0,0.0,0.0,1970.0,A01,2.0,7,0,3.0,0.0,9.0,1.0,10,1,1600,1,1,1,2,6,3,7,2,2
26191,201600011685,1.0,1,1,2,11.0,0.0,0.0,0.0,1960.0,A01,1.0,7,0,0.0,2.0,1.0,1.0,12,12,1600,2,1,1,2,5,3,15,2,3
26192,201600011685,1.0,1,3,1,11.0,0.0,0.0,0.0,1936.0,B02,1.0,7,0,0.0,2.0,3.0,13.0,12,12,1600,2,1,1,2,5,3,15,2,3
26193,201600011685,1.0,1,1,1,11.0,0.0,0.0,0.0,1979.0,C03,2.0,15,0,2.0,2.0,3.0,21.0,12,12,1600,2,1,1,2,5,3,7,3,2
26194,201600011685,1.0,1,3,2,11.0,0.0,0.0,0.0,1976.0,D04,1.0,7,0,2.0,2.0,9.0,1.0,12,12,1600,2,1,1,2,5,3,15,2,3
26195,201600011685,4.0,2,1,2,11.0,0.0,0.0,0.0,2011.0,D04,1.0,7,0,2.0,2.0,9.0,1.0,12,12,1600,2,1,1,2,5,3,15,2,3
26196,201600011686,1.0,1,4,1,11.0,0.0,0.0,0.0,1996.0,A01,1.0,10,0,4.0,0.0,2.0,1.0,1,30,1615,1,1,1,8,6,3,10,2,2
26197,201600011687,1.0,1,3,1,11.0,0.0,0.0,0.0,1993.0,A01,2.0,10,0,4.0,0.0,2.0,14.0,2,1,515,4,1,1,1,3,0,7,2,2
26198,201600011687,1.0,1,1,1,11.0,0.0,0.0,0.0,1965.0,B02,2.0,7,0,1.0,0.0,1.0,1.0,2,1,515,4,1,1,1,3,0,10,2,2
26199,201600011688,1.0,1,1,1,11.0,0.0,0.0,0.0,1977.0,B02,1.0,17,0,0.0,2.0,1.0,1.0,4,14,1445,1,1,1,1,3,3,7,3,2
26200,201600011688,1.0,1,1,2,11.0,0.0,0.0,0.0,1996.0,A01,1.0,7,0,0.0,2.0,8.0,11.0,4,14,1445,1,1,1,1,3,3,17,2,3
26201,201600011688,2.0,2,1,1,11.0,0.0,0.0,0.0,1972.0,A01,1.0,7,0,0.0,2.0,8.0,11.0,4,14,1445,1,1,1,1,3,3,17,2,3
26202,201600011688,3.0,2,4,2,11.0,0.0,0.0,0.0,1963.0,A01,1.0,7,0,0.0,2.0,8.0,11.0,4,14,1445,1,1,1,1,3,3,17,2,3
26203,201600011689,3.0,2,3,2,11.0,0.0,0.0,0.0,1938.0,B02,2.0,7,0,0.0,2.0,6.0,2.0,4,29,1645,1,1,1,2,2,3,10,2,2
26204,201600011689,1.0,1,1,2,11.0,0.0,0.0,0.0,1959.0,B02,2.0,7,0,0.0,2.0,6.0,2.0,4,29,1645,1,1,1,2,2,3,10,2,2
26205,201600011689,1.0,1,1,1,11.0,0.0,0.0,0.0,1983.0,A01,2.0,10,0,0.0,2.0,2.0,2.0,4,29,1645,1,1,1,2,2,3,7,2,2
26206,201600011690,1.0,1,1,1,11.0,0.0,0.0,0.0,1966.0,A01,1.0,7,0,0.0,0.0,2.0,17.0,6,17,1445,1,1,1,2,3,3,7,2,2
26207,201600011690,1.0,1,3,2,11.0,0.0,0.0,0.0,1983.0,B02,1.0,7,0,0.0,0.0,6.0,0.0,6,17,1445,1,1,1,2,3,3,7,2,2
26208,201600011691,1.0,1,4,1,11.0,0.0,0.0,0.0,1994.0,A01,2.0,7,0,6.0,0.0,1.0,1.0,6,28,815,1,1,1,1,6,1,7,2,2
26209,201600011691,3.0,2,3,2,11.0,0.0,0.0,0.0,1996.0,A01,2.0,7,0,6.0,0.0,1.0,1.0,6,28,815,1,1,1,1,6,1,7,2,2
26210,201600011692,1.0,1,3,1,13.0,0.0,0.0,0.0,1979.0,A01,2.0,7,0,3.0,0.0,9.0,1.0,7,9,300,5,1,1,1,1,0,7,2,2
26211,201600011692,1.0,1,1,1,11.0,0.0,0.0,0.0,1986.0,B02,2.0,7,0,1.0,0.0,7.0,1.0,7,9,300,5,1,1,1,1,0,7,2,2
26212,201600011693,1.0,1,1,1,11.0,0.0,0.0,0.0,1958.0,B02,1.0,17,0,0.0,2.0,4.0,1.0,7,18,1600,1,1,1,1,2,3,7,3,2
26213,201600011693,1.0,1,1,2,11.0,0.0,0.0,0.0,1948.0,A01,1.0,7,0,0.0,2.0,1.0,2.0,7,18,1600,1,1,1,1,2,3,17,2,3
26214,201600011693,2.0,2,3,1,11.0,0.0,0.0,0.0,1954.0,A01,1.0,7,0,0.0,2.0,1.0,2.0,7,18,1600,1,1,1,1,2,3,17,2,3
26215,201600011694,1.0,1,1,2,11.0,0.0,0.0,0.0,1971.0,A01,2.0,7,0,13.0,0.0,2.0,0.0,8,11,1830,1,1,1,1,6,4,7,2,2
26216,201600011694,2.0,2,1,1,11.0,0.0,0.0,0.0,1955.0,A01,2.0,7,0,13.0,0.0,2.0,0.0,8,11,1830,1,1,1,1,6,4,7,2,2
26217,201600011694,4.0,2,4,2,11.0,0.0,0.0,0.0,1931.0,A01,2.0,7,0,13.0,0.0,2.0,0.0,8,11,1830,1,1,1,1,6,4,7,2,2
26218,201600011695,2.0,2,1,2,11.0,0.0,0.0,0.0,1999.0,B02,1.0,7,0,0.0,0.0,3.0,1.0,8,17,1645,1,1,1,1,3,3,7,2,2
26219,201600011695,1.0,1,1,2,11.0,0.0,0.0,0.0,1997.0,B02,1.0,7,0,0.0,0.0,3.0,1.0,8,17,1645,1,1,1,1,3,3,7,2,2
26220,201600011695,5.0,2,4,2,11.0,0.0,0.0,0.0,2009.0,A01,1.0,7,0,4.0,2.0,2.0,14.0,8,17,1645,1,1,1,1,3,3,7,2,2
26221,201600011695,2.0,2,3,1,11.0,0.0,0.0,0.0,1969.0,A01,1.0,7,0,4.0,2.0,2.0,14.0,8,17,1645,1,1,1,1,3,3,7,2,2
26222,201600011695,5.0,2,4,1,11.0,0.0,0.0,0.0,2005.0,A01,1.0,7,0,4.0,2.0,2.0,14.0,8,17,1645,1,1,1,1,3,3,7,2,2
26223,201600011695,5.0,2,3,1,11.0,0.0,0.0,0.0,2008.0,A01,1.0,7,0,4.0,2.0,2.0,14.0,8,17,1645,1,1,1,1,3,3,7,2,2
26224,201600011695,1.0,1,4,2,11.0,0.0,0.0,0.0,1981.0,A01,1.0,7,0,4.0,2.0,2.0,14.0,8,17,1645,1,1,1,1,3,3,7,2,2
26225,201600011696,1.0,1,1,1,11.0,0.0,0.0,0.0,1962.0,B02,1.0,15,0,0.0,2.0,5.0,1.0,8,26,1915,2,1,1,1,2,4,33,3,1
26226,201600011696,1.0,1,3,1,21.0,0.0,0.0,0.0,1987.0,A01,1.0,33,0,0.0,2.0,1.0,18.0,8,26,1915,2,1,1,1,2,4,15,1,3
26227,201600011697,1.0,1,3,1,12.0,0.0,0.0,0.0,1960.0,A01,2.0,15,0,4.0,0.0,2.0,1.0,9,5,815,1,1,1,1,6,1,15,3,3
26228,201600011698,1.0,1,3,1,11.0,0.0,0.0,0.0,1983.0,A01,2.0,7,0,1.0,0.0,3.0,13.0,10,24,1600,1,1,1,1,2,3,14,2,3
26229,201600011698,2.0,2,3,1,11.0,0.0,0.0,0.0,1957.0,A01,2.0,7,0,1.0,0.0,3.0,13.0,10,24,1600,1,1,1,1,2,3,14,2,3
26230,201600011698,1.0,1,1,1,11.0,0.0,0.0,0.0,1967.0,B02,2.0,14,0,0.0,2.0,5.0,23.0,10,24,1600,1,1,1,1,2,3,7,3,2
26231,201600011699,1.0,1,1,1,11.0,0.0,0.0,0.0,1986.0,B02,2.0,7,0,0.0,0.0,6.0,2.0,11,19,1815,4,1,1,1,2,4,33,2,1
26232,201600011699,2.0,2,1,2,11.0,0.0,0.0,0.0,1994.0,B02,2.0,7,0,0.0,0.0,6.0,2.0,11,19,1815,4,1,1,1,2,4,33,2,1
26233,201600011699,3.0,2,1,2,11.0,0.0,0.0,0.0,1990.0,B02,2.0,7,0,0.0,0.0,6.0,2.0,11,19,1815,4,1,1,1,2,4,33,2,1
26234,201600011699,1.0,1,2,1,21.0,0.0,0.0,0.0,1994.0,A01,2.0,33,0,0.0,2.0,1.0,2.0,11,19,1815,4,1,1,1,2,4,7,1,2
26235,201600011700,2.0,2,3,1,11.0,0.0,0.0,0.0,1983.0,A01,1.0,7,0,2.0,0.0,3.0,1.0,12,16,1645,1,1,1,8,6,3,7,2,2
26236,201600011700,1.0,1,3,1,11.0,0.0,0.0,0.0,1975.0,A01,1.0,7,0,2.0,0.0,3.0,1.0,12,16,1645,1,1,1,8,6,3,7,2,2
26237,201600011701,1.0,1,2,1,21.0,0.0,0.0,0.0,1984.0,A01,1.0,33,0,3.0,0.0,2.0,14.0,3,22,1755,1,1,1,1,6,3,33,1,1
26238,201600011702,1.0,1,3,1,11.0,0.0,0.0,0.0,1962.0,B02,2.0,7,0,0.0,2.0,6.0,2.0,3,27,1515,1,1,1,1,2,3,7,2,2
26239,201600011702,1.0,1,1,2,11.0,0.0,0.0,0.0,1971.0,A01,2.0,7,0,0.0,2.0,2.0,2.0,3,27,1515,1,1,1,1,2,3,7,2,2
26240,201600011702,2.0,2,1,1,11.0,0.0,0.0,0.0,1966.0,A01,2.0,7,0,0.0,2.0,2.0,2.0,3,27,1515,1,1,1,1,2,3,7,2,2
26241,201600011702,4.0,2,1,1,11.0,0.0,0.0,0.0,1999.0,A01,2.0,7,0,0.0,2.0,2.0,2.0,3,27,1515,1,1,1,1,2,3,7,2,2
26242,201600011703,1.0,1,1,2,11.0,0.0,0.0,0.0,1961.0,A01,2.0,7,0,0.0,2.0,2.0,2.0,4,28,830,1,1,1,1,2,1,7,2,2
26243,201600011703,1.0,1,3,2,11.0,0.0,0.0,0.0,1989.0,B02,2.0,7,0,0.0,0.0,4.0,2.0,4,28,830,1,1,1,1,2,1,7,2,2
26244,201600011704,1.0,1,3,2,11.0,0.0,0.0,0.0,1973.0,A01,2.0,7,0,3.0,0.0,1.0,1.0,5,13,900,1,1,1,1,7,1,7,2,2
26245,201600011705,1.0,1,1,1,11.0,0.0,0.0,0.0,1993.0,C03,1.0,7,0,0.0,2.0,1.0,2.0,7,8,2300,3,1,1,1,5,5,7,2,2
26246,201600011705,2.0,2,1,2,11.0,0.0,0.0,0.0,1993.0,C03,1.0,7,0,0.0,2.0,1.0,2.0,7,8,2300,3,1,1,1,5,5,7,2,2
26247,201600011705,1.0,1,1,1,11.0,0.0,0.0,0.0,1988.0,B02,1.0,7,0,0.0,2.0,2.0,2.0,7,8,2300,3,1,1,1,5,5,7,2,2
26248,201600011705,1.0,1,4,1,11.0,0.0,0.0,0.0,1991.0,A01,1.0,7,0,0.0,0.0,6.0,9.0,7,8,2300,3,1,1,1,5,5,7,2,2
26249,201600011705,2.0,2,3,2,11.0,0.0,0.0,0.0,1964.0,A01,1.0,7,0,0.0,0.0,6.0,9.0,7,8,2300,3,1,1,1,5,5,7,2,2
26250,201600011706,1.0,1,2,1,11.0,0.0,0.0,0.0,1967.0,A01,1.0,7,0,0.0,2.0,1.0,13.0,8,3,1215,1,1,1,1,4,2,17,2,3
26251,201600011706,1.0,1,1,1,11.0,0.0,0.0,0.0,1953.0,D04,0.0,17,0,0.0,0.0,0.0,24.0,8,3,1215,1,1,1,1,4,2,7,3,2
26252,201600011706,1.0,1,3,1,11.0,0.0,0.0,0.0,1959.0,B02,2.0,17,0,0.0,2.0,1.0,1.0,8,3,1215,1,1,1,1,4,2,7,3,2
26253,201600011707,1.0,1,1,1,11.0,0.0,0.0,0.0,1949.0,B02,2.0,7,0,0.0,2.0,0.0,1.0,7,29,930,1,1,1,1,2,1,7,2,2
26254,201600011707,2.0,2,1,2,11.0,0.0,0.0,0.0,1950.0,B02,2.0,7,0,0.0,2.0,0.0,1.0,7,29,930,1,1,1,1,2,1,7,2,2
26255,201600011707,1.0,1,3,1,11.0,0.0,0.0,0.0,1992.0,A01,2.0,7,0,0.0,2.0,1.0,1.0,7,29,930,1,1,1,1,2,1,7,2,2
26256,201600011707,2.0,2,1,1,11.0,0.0,0.0,0.0,1984.0,A01,2.0,7,0,0.0,2.0,1.0,1.0,7,29,930,1,1,1,1,2,1,7,2,2
26257,201600011708,1.0,1,4,1,11.0,0.0,0.0,0.0,1994.0,A01,1.0,7,0,4.0,0.0,3.0,1.0,8,28,1030,1,1,1,1,6,1,7,2,2
26258,201600011708,2.0,2,4,2,11.0,0.0,0.0,0.0,1996.0,A01,1.0,7,0,4.0,0.0,3.0,1.0,8,28,1030,1,1,1,1,6,1,7,2,2
26259,201600011708,3.0,2,4,1,11.0,0.0,0.0,0.0,1994.0,A01,1.0,7,0,4.0,0.0,3.0,1.0,8,28,1030,1,1,1,1,6,1,7,2,2
26260,201600011708,4.0,2,3,1,11.0,0.0,0.0,0.0,1995.0,A01,1.0,7,0,4.0,0.0,3.0,1.0,8,28,1030,1,1,1,1,6,1,7,2,2
26261,201600011708,5.0,2,4,2,11.0,0.0,0.0,0.0,1995.0,A01,1.0,7,0,4.0,0.0,3.0,1.0,8,28,1030,1,1,1,1,6,1,7,2,2
26262,201600011708,6.0,2,4,2,11.0,0.0,0.0,0.0,1996.0,A01,1.0,7,0,4.0,0.0,3.0,1.0,8,28,1030,1,1,1,1,6,1,7,2,2
26263,201600011709,8.0,2,3,1,12.0,0.0,0.0,0.0,1994.0,A01,2.0,7,0,0.0,0.0,1.0,1.0,9,25,715,2,1,1,1,7,1,7,2,2
26264,201600011709,8.0,2,4,2,11.0,0.0,0.0,0.0,1998.0,A01,2.0,7,0,0.0,0.0,1.0,1.0,9,25,715,2,1,1,1,7,1,7,2,2
26265,201600011709,4.0,2,1,1,11.0,0.0,0.0,0.0,1998.0,A01,2.0,7,0,0.0,0.0,1.0,1.0,9,25,715,2,1,1,1,7,1,7,2,2
26266,201600011709,3.0,2,4,2,11.0,0.0,0.0,0.0,1998.0,A01,2.0,7,0,0.0,0.0,1.0,1.0,9,25,715,2,1,1,1,7,1,7,2,2
26267,201600011709,2.0,2,3,1,11.0,0.0,0.0,0.0,1993.0,A01,2.0,7,0,0.0,0.0,1.0,1.0,9,25,715,2,1,1,1,7,1,7,2,2
26268,201600011709,1.0,1,3,1,11.0,0.0,0.0,0.0,1993.0,A01,2.0,7,0,0.0,0.0,1.0,1.0,9,25,715,2,1,1,1,7,1,7,2,2
26269,201600011710,1.0,1,4,1,21.0,0.0,0.0,0.0,1967.0,A01,1.0,33,0,0.0,2.0,3.0,18.0,12,23,1445,1,1,1,1,3,3,7,1,2
26270,201600011710,1.0,1,1,1,13.0,0.0,0.0,0.0,1945.0,B02,1.0,7,0,0.0,2.0,2.0,1.0,12,23,1445,1,1,1,1,3,3,33,2,1
26271,201600011710,2.0,2,1,2,13.0,0.0,0.0,0.0,1945.0,B02,1.0,7,0,0.0,2.0,2.0,1.0,12,23,1445,1,1,1,1,3,3,33,2,1
26272,201600011710,3.0,2,1,1,13.0,0.0,0.0,0.0,2008.0,B02,1.0,7,0,0.0,2.0,2.0,1.0,12,23,1445,1,1,1,1,3,3,33,2,1
26273,201600011710,4.0,2,1,1,13.0,0.0,0.0,0.0,2004.0,B02,1.0,7,0,0.0,2.0,2.0,1.0,12,23,1445,1,1,1,1,3,3,33,2,1
26274,201600011711,1.0,1,3,1,11.0,0.0,0.0,0.0,1986.0,A01,2.0,7,0,13.0,0.0,9.0,1.0,12,24,145,3,1,1,2,7,0,7,2,2
26275,201600011712,1.0,1,2,1,11.0,0.0,0.0,0.0,1995.0,A01,1.0,7,0,0.0,2.0,0.0,0.0,1,26,415,3,1,1,8,3,0,7,2,2
26276,201600011712,2.0,2,2,1,13.0,0.0,0.0,0.0,1964.0,A01,1.0,7,0,0.0,2.0,0.0,0.0,1,26,415,3,1,1,8,3,0,7,2,2
26277,201600011712,1.0,1,1,1,11.0,0.0,0.0,0.0,1959.0,B02,1.0,7,0,1.0,0.0,3.0,0.0,1,26,415,3,1,1,8,3,0,7,2,2
26278,201600011713,1.0,1,2,1,11.0,0.0,0.0,0.0,1980.0,A01,2.0,16,0,0.0,2.0,1.0,1.0,2,3,345,3,1,1,1,2,0,17,3,3
26279,201600011713,1.0,1,1,1,11.0,0.0,0.0,0.0,1992.0,B02,2.0,17,0,0.0,0.0,4.0,1.0,2,3,345,3,1,1,1,2,0,16,3,3
26280,201600011713,2.0,2,1,1,11.0,0.0,0.0,0.0,1989.0,B02,2.0,17,0,0.0,0.0,4.0,1.0,2,3,345,3,1,1,1,2,0,16,3,3
26281,201600011714,6.0,2,4,1,11.0,0.0,0.0,0.0,1984.0,B02,2.0,10,0,0.0,0.0,6.0,0.0,2,25,2230,3,1,1,1,2,5,17,2,3