,Num_Acc,place,catu,grav,sexe,secu,locp,actp,etatp,an_nais,num_veh,senc,catv,occutc,obs,obsm,choc,manv,mois,jour,hrmn,lum,agg,int,atm,col,mom,catvopp,catv_gen,catvopp_gen
26282,201600011714,2.0,2,1,1,11.0,0.0,0.0,0.0,1997.0,B02,2.0,10,0,0.0,0.0,6.0,0.0,2,25,2230,3,1,1,1,2,5,17,2,3
26283,201600011714,1.0,1,1,1,11.0,0.0,0.0,0.0,1979.0,B02,2.0,10,0,0.0,0.0,6.0,0.0,2,25,2230,3,1,1,1,2,5,17,2,3
26284,201600011714,1.0,1,1,1,11.0,0.0,0.0,0.0,1979.0,A01,2.0,17,0,1.0,0.0,2.0,2.0,2,25,2230,3,1,1,1,2,5,10,3,2
26285,201600011715,1.0,1,1,1,11.0,0.0,0.0,0.0,1983.0,B02,2.0,7,0,0.0,0.0,4.0,1.0,5,3,200,3,1,1,1,2,0,7,2,2
26286,201600011715,1.0,1,3,2,11.0,0.0,0.0,0.0,1975.0,A01,2.0,7,0,0.0,2.0,2.0,12.0,5,3,200,3,1,1,1,2,0,7,2,2
26287,201600011715,2.0,2,3,1,11.0,0.0,0.0,0.0,1982.0,A01,2.0,7,0,0.0,2.0,2.0,12.0,5,3,200,3,1,1,1,2,0,7,2,2
26288,201600011715,3.0,2,3,1,11.0,0.0,0.0,0.0,1984.0,A01,2.0,7,0,0.0,2.0,2.0,12.0,5,3,200,3,1,1,1,2,0,7,2,2
26289,201600011716,1.0,1,4,1,12.0,0.0,0.0,0.0,1986.0,A01,1.0,7,0,4.0,0.0,1.0,13.0,5,8,615,1,1,1,1,6,1,7,2,2
26290,201600011716,2.0,2,4,1,12.0,0.0,0.0,0.0,1986.0,A01,1.0,7,0,4.0,0.0,1.0,13.0,5,8,615,1,1,1,1,6,1,7,2,2
26291,201600011717,1.0,1,4,1,11.0,0.0,0.0,0.0,1963.0,B02,2.0,10,0,14.0,0.0,1.0,1.0,5,10,45,3,1,1,3,2,0,15,2,3
26292,201600011717,1.0,1,1,1,11.0,0.0,0.0,0.0,1970.0,A01,2.0,15,0,4.0,0.0,1.0,13.0,5,10,45,3,1,1,3,2,0,10,3,2
26293,201600011718,1.0,1,3,2,11.0,0.0,0.0,0.0,1965.0,A01,2.0,7,0,0.0,2.0,2.0,14.0,6,1,1430,1,1,1,1,3,3,17,2,3
26294,201600011718,1.0,1,1,1,11.0,0.0,0.0,0.0,1972.0,B02,2.0,17,0,0.0,0.0,6.0,1.0,6,1,1430,1,1,1,1,3,3,7,3,2
26295,201600011719,1.0,1,3,2,11.0,0.0,0.0,0.0,1973.0,B02,2.0,7,0,0.0,2.0,7.0,1.0,6,6,2000,1,1,1,1,3,4,17,2,3
26296,201600011719,2.0,2,3,2,11.0,0.0,0.0,0.0,1987.0,B02,2.0,7,0,0.0,2.0,7.0,1.0,6,6,2000,1,1,1,1,3,4,17,2,3
26297,201600011719,1.0,1,1,1,11.0,0.0,0.0,0.0,1974.0,A01,2.0,17,0,0.0,2.0,8.0,1.0,6,6,2000,1,1,1,1,3,4,7,3,2
26298,201600011720,1.0,1,3,2,11.0,0.0,0.0,0.0,1993.0,A01,1.0,7,0,4.0,0.0,9.0,13.0,6,12,1545,1,1,1,3,6,3,7,2,2
26299,201600011720,2.0,2,3,1,11.0,0.0,0.0,0.0,1996.0,A01,1.0,7,0,4.0,0.0,9.0,13.0,6,12,1545,1,1,1,3,6,3,7,2,2
26300,201600011721,1.0,1,3,1,11.0,0.0,0.0,0.0,1968.0,A01,1.0,14,0,13.0,0.0,2.0,1.0,6,16,1330,1,1,1,1,7,2,14,3,3
26301,201600011722,1.0,1,4,1,21.0,0.0,0.0,0.0,1968.0,A01,2.0,33,0,0.0,2.0,1.0,2.0,7,9,1000,1,1,1,1,2,1,7,1,2
26302,201600011722,1.0,1,1,1,11.0,0.0,0.0,0.0,1949.0,B02,2.0,7,0,0.0,2.0,4.0,2.0,7,9,1000,1,1,1,1,2,1,33,2,1
26303,201600011722,2.0,2,1,1,11.0,0.0,0.0,0.0,1991.0,B02,2.0,7,0,0.0,2.0,4.0,2.0,7,9,1000,1,1,1,1,2,1,33,2,1
26304,201600011723,4.0,2,4,1,11.0,0.0,0.0,0.0,2004.0,D04,2.0,7,0,0.0,0.0,0.0,1.0,7,12,845,1,1,1,1,5,1,14,2,3
26305,201600011723,3.0,2,4,1,11.0,0.0,0.0,0.0,1998.0,D04,2.0,7,0,0.0,0.0,0.0,1.0,7,12,845,1,1,1,1,5,1,14,2,3
26306,201600011723,5.0,2,3,2,11.0,0.0,0.0,0.0,2007.0,D04,2.0,7,0,0.0,0.0,0.0,1.0,7,12,845,1,1,1,1,5,1,14,2,3
26307,201600011723,1.0,1,4,1,11.0,0.0,0.0,0.0,1966.0,D04,2.0,7,0,0.0,0.0,0.0,1.0,7,12,845,1,1,1,1,5,1,14,2,3
26308,201600011723,2.0,2,1,2,11.0,0.0,0.0,0.0,1973.0,D04,2.0,7,0,0.0,0.0,0.0,1.0,7,12,845,1,1,1,1,5,1,14,2,3
26309,201600011723,1.0,1,4,1,11.0,0.0,0.0,0.0,1985.0,C03,2.0,7,0,0.0,0.0,7.0,1.0,7,12,845,1,1,1,1,5,1,14,2,3
26310,201600011723,1.0,1,4,1,11.0,0.0,0.0,0.0,1964.0,A01,2.0,14,0,0.0,2.0,8.0,13.0,7,12,845,1,1,1,1,5,1,7,3,2
26311,201600011724,1.0,1,4,1,11.0,0.0,0.0,0.0,1952.0,A01,1.0,7,0,0.0,2.0,1.0,2.0,7,12,1945,1,1,1,1,2,4,7,2,2
26312,201600011724,2.0,2,3,2,11.0,0.0,0.0,0.0,1974.0,A01,1.0,7,0,0.0,2.0,1.0,2.0,7,12,1945,1,1,1,1,2,4,7,2,2
26313,201600011724,4.0,2,4,2,11.0,0.0,0.0,0.0,2007.0,B02,1.0,7,0,0.0,0.0,4.0,2.0,7,12,1945,1,1,1,1,2,4,7,2,2
26314,201600011724,2.0,2,4,2,11.0,0.0,0.0,0.0,1951.0,B02,1.0,7,0,0.0,0.0,4.0,2.0,7,12,1945,1,1,1,1,2,4,7,2,2
26315,201600011724,3.0,2,4,2,11.0,0.0,0.0,0.0,2002.0,B02,1.0,7,0,0.0,0.0,4.0,2.0,7,12,1945,1,1,1,1,2,4,7,2,2
26316,201600011724,1.0,1,4,1,11.0,0.0,0.0,0.0,1951.0,B02,1.0,7,0,0.0,0.0,4.0,2.0,7,12,1945,1,1,1,1,2,4,7,2,2
26317,201600011725,1.0,1,1,1,11.0,0.0,0.0,0.0,1963.0,A01,1.0,7,0,0.0,2.0,1.0,2.0,7,29,630,1,1,1,1,2,1,14,2,3
26318,201600011725,1.0,1,4,1,11.0,0.0,0.0,0.0,1960.0,B02,1.0,14,0,0.0,2.0,5.0,23.0,7,29,630,1,1,1,1,2,1,7,3,2
26319,201600011725,2.0,2,4,1,11.0,0.0,0.0,0.0,1972.0,B02,1.0,14,0,0.0,2.0,5.0,23.0,7,29,630,1,1,1,1,2,1,7,3,2
26320,201600011725,4.0,2,3,2,11.0,0.0,0.0,0.0,1973.0,B02,1.0,14,0,0.0,2.0,5.0,23.0,7,29,630,1,1,1,1,2,1,7,3,2
26321,201600011726,1.0,1,3,2,11.0,0.0,0.0,0.0,1995.0,A01,1.0,7,0,4.0,0.0,1.0,2.0,8,10,1100,1,1,9,1,6,1,7,2,2
26322,201600011727,1.0,1,3,1,11.0,0.0,0.0,0.0,1991.0,A01,1.0,15,0,6.0,0.0,3.0,2.0,8,18,600,3,1,1,2,6,1,15,3,3
26323,201600011728,1.0,1,1,1,11.0,0.0,0.0,0.0,1967.0,B02,2.0,17,0,0.0,2.0,6.0,1.0,8,23,815,1,1,1,1,3,1,7,3,2
26324,201600011728,1.0,1,1,1,11.0,0.0,0.0,0.0,1994.0,A01,2.0,7,0,0.0,2.0,2.0,17.0,8,23,815,1,1,1,1,3,1,17,2,3
26325,201600011728,2.0,2,3,2,11.0,0.0,0.0,0.0,1995.0,A01,2.0,7,0,0.0,2.0,2.0,17.0,8,23,815,1,1,1,1,3,1,17,2,3
26326,201600011729,1.0,1,3,2,11.0,0.0,0.0,0.0,1988.0,A01,1.0,7,0,3.0,0.0,5.0,1.0,8,27,300,3,1,1,1,2,0,17,2,3
26327,201600011729,2.0,2,1,1,11.0,0.0,0.0,0.0,1989.0,A01,1.0,7,0,3.0,0.0,5.0,1.0,8,27,300,3,1,1,1,2,0,17,2,3
26328,201600011729,1.0,1,1,1,11.0,0.0,0.0,0.0,1974.0,B02,1.0,17,0,0.0,2.0,1.0,1.0,8,27,300,3,1,1,1,2,0,7,3,2
26329,201600011730,5.0,2,3,1,11.0,0.0,0.0,0.0,1980.0,A01,1.0,7,0,0.0,2.0,1.0,1.0,9,4,2245,3,1,1,2,2,5,7,2,2
26330,201600011730,3.0,2,2,1,11.0,0.0,0.0,0.0,1966.0,A01,1.0,7,0,0.0,2.0,1.0,1.0,9,4,2245,3,1,1,2,2,5,7,2,2
26331,201600011730,1.0,1,3,1,11.0,0.0,0.0,0.0,1976.0,A01,1.0,7,0,0.0,2.0,1.0,1.0,9,4,2245,3,1,1,2,2,5,7,2,2
26332,201600011730,1.0,1,2,1,12.0,0.0,0.0,0.0,1945.0,B02,1.0,7,0,0.0,2.0,4.0,2.0,9,4,2245,3,1,1,2,2,5,7,2,2
26333,201600011731,1.0,1,3,1,11.0,0.0,0.0,0.0,1947.0,A01,2.0,10,0,0.0,2.0,1.0,2.0,9,29,2130,3,1,1,1,2,4,17,2,3
26334,201600011731,1.0,1,1,1,11.0,0.0,0.0,0.0,1962.0,B02,2.0,17,0,0.0,2.0,4.0,2.0,9,29,2130,3,1,1,1,2,4,10,3,2
26335,201600011732,1.0,1,3,1,11.0,0.0,0.0,0.0,1999.0,A01,2.0,10,0,16.0,0.0,1.0,1.0,10,8,730,2,1,1,1,7,1,10,2,2
26336,201600011732,2.0,2,3,1,11.0,0.0,0.0,0.0,1996.0,A01,2.0,10,0,16.0,0.0,1.0,1.0,10,8,730,2,1,1,1,7,1,10,2,2
26337,201600011733,1.0,1,1,1,11.0,0.0,0.0,0.0,1957.0,B02,2.0,17,0,0.0,2.0,5.0,2.0,11,3,1800,3,1,9,1,2,4,10,3,2
26338,201600011733,1.0,1,3,1,11.0,0.0,0.0,0.0,1960.0,A01,2.0,10,0,0.0,2.0,3.0,2.0,11,3,1800,3,1,9,1,2,4,17,2,3
26339,201600011733,2.0,2,1,1,11.0,0.0,0.0,0.0,1973.0,A01,2.0,10,0,0.0,2.0,3.0,2.0,11,3,1800,3,1,9,1,2,4,17,2,3
26340,201600011734,1.0,1,1,1,11.0,0.0,0.0,0.0,1976.0,B02,1.0,17,0,0.0,2.0,0.0,2.0,11,8,630,3,1,1,5,2,1,10,3,2
26341,201600011734,1.0,1,1,1,11.0,0.0,0.0,0.0,1974.0,A01,1.0,10,0,0.0,2.0,2.0,17.0,11,8,630,3,1,1,5,2,1,17,2,3
26342,201600011734,2.0,2,4,1,11.0,0.0,0.0,0.0,1981.0,A01,1.0,10,0,0.0,2.0,2.0,17.0,11,8,630,3,1,1,5,2,1,17,2,3
26343,201600011735,1.0,1,3,1,11.0,0.0,0.0,0.0,1955.0,A01,2.0,7,0,0.0,2.0,2.0,14.0,12,13,1800,2,1,1,1,6,4,7,2,2
26344,201600011736,2.0,2,1,1,11.0,0.0,0.0,0.0,1983.0,A01,2.0,15,0,3.0,0.0,8.0,1.0,12,24,930,1,1,1,1,7,1,15,3,3
26345,201600011736,1.0,1,3,1,11.0,0.0,0.0,0.0,1960.0,A01,2.0,15,0,3.0,0.0,8.0,1.0,12,24,930,1,1,1,1,7,1,15,3,3
26346,201600011737,1.0,1,1,1,11.0,0.0,0.0,0.0,1962.0,A01,1.0,7,0,0.0,2.0,8.0,0.0,5,20,2130,3,1,1,1,5,4,33,2,1
26347,201600011737,1.0,1,2,1,21.0,0.0,0.0,0.0,1957.0,B02,2.0,33,0,0.0,2.0,3.0,13.0,5,20,2130,3,1,1,1,5,4,7,1,2
26348,201600011737,1.0,1,4,1,21.0,0.0,0.0,0.0,1959.0,C03,2.0,33,0,0.0,2.0,1.0,0.0,5,20,2130,3,1,1,1,5,4,7,1,2
26349,201600011738,1.0,1,3,1,21.0,0.0,0.0,0.0,1995.0,A01,1.0,33,0,0.0,2.0,1.0,1.0,5,21,1645,1,1,1,1,2,3,7,1,2
26350,201600011738,2.0,2,1,2,21.0,0.0,0.0,0.0,1995.0,A01,1.0,33,0,0.0,2.0,1.0,1.0,5,21,1645,1,1,1,1,2,3,7,1,2
26351,201600011738,1.0,1,4,2,11.0,0.0,0.0,0.0,1944.0,B02,1.0,7,0,0.0,2.0,2.0,15.0,5,21,1645,1,1,1,1,2,3,33,2,1
26352,201600011739,1.0,1,3,2,11.0,0.0,0.0,0.0,1949.0,A01,2.0,7,0,0.0,2.0,2.0,1.0,6,14,1000,1,1,1,2,1,1,10,2,2
26353,201600011739,2.0,2,3,1,11.0,0.0,0.0,0.0,1935.0,A01,2.0,7,0,0.0,2.0,2.0,1.0,6,14,1000,1,1,1,2,1,1,10,2,2
26354,201600011739,1.0,1,3,1,11.0,0.0,0.0,0.0,1981.0,B02,1.0,10,0,0.0,2.0,3.0,1.0,6,14,1000,1,1,1,2,1,1,7,2,2
26355,201600011739,2.0,2,1,1,11.0,0.0,0.0,0.0,1987.0,B02,1.0,10,0,0.0,2.0,3.0,1.0,6,14,1000,1,1,1,2,1,1,7,2,2
26356,201600011740,4.0,2,1,2,11.0,0.0,0.0,0.0,1999.0,B02,2.0,7,0,0.0,2.0,1.0,2.0,1,11,2145,3,1,1,2,2,4,7,2,2
26357,201600011740,1.0,1,1,1,11.0,0.0,0.0,0.0,1962.0,B02,2.0,7,0,0.0,2.0,1.0,2.0,1,11,2145,3,1,1,2,2,4,7,2,2
26358,201600011740,2.0,2,1,2,11.0,0.0,0.0,0.0,1963.0,B02,2.0,7,0,0.0,2.0,1.0,2.0,1,11,2145,3,1,1,2,2,4,7,2,2
26359,201600011740,2.0,2,1,2,11.0,0.0,0.0,0.0,1971.0,A01,2.0,7,0,0.0,2.0,4.0,2.0,1,11,2145,3,1,1,2,2,4,7,2,2
26360,201600011740,1.0,1,1,1,11.0,0.0,0.0,0.0,1968.0,A01,2.0,7,0,0.0,2.0,4.0,2.0,1,11,2145,3,1,1,2,2,4,7,2,2
26361,201600011740,3.0,2,4,2,11.0,0.0,0.0,0.0,1958.0,A01,2.0,7,0,0.0,2.0,4.0,2.0,1,11,2145,3,1,1,2,2,4,7,2,2
26362,201600011741,1.0,1,2,1,11.0,0.0,0.0,0.0,1930.0,A01,1.0,7,0,1.0,0.0,1.0,1.0,5,10,1215,1,1,1,1,6,2,7,2,2
26363,201600011741,2.0,2,2,1,11.0,0.0,0.0,0.0,1925.0,A01,1.0,7,0,1.0,0.0,1.0,1.0,5,10,1215,1,1,1,1,6,2,7,2,2
26364,201600011742,1.0,1,4,2,11.0,0.0,0.0,0.0,1953.0,A01,2.0,7,0,4.0,2.0,1.0,2.0,7,14,1200,1,1,1,1,2,2,7,2,2
26365,201600011742,2.0,2,4,1,11.0,0.0,0.0,0.0,1983.0,A01,2.0,7,0,4.0,2.0,1.0,2.0,7,14,1200,1,1,1,1,2,2,7,2,2
26366,201600011742,1.0,1,4,1,11.0,0.0,0.0,0.0,1955.0,B02,2.0,7,0,4.0,0.0,4.0,2.0,7,14,1200,1,1,1,1,2,2,7,2,2
26367,201600011742,2.0,2,3,2,11.0,0.0,0.0,0.0,1961.0,B02,2.0,7,0,4.0,0.0,4.0,2.0,7,14,1200,1,1,1,1,2,2,7,2,2
26368,201600011743,1.0,1,1,1,11.0,0.0,0.0,0.0,1994.0,A01,1.0,10,0,0.0,2.0,1.0,2.0,8,1,1745,1,1,1,1,2,3,7,2,2
26369,201600011743,1.0,1,4,1,11.0,0.0,0.0,0.0,1941.0,B02,1.0,7,0,0.0,2.0,4.0,2.0,8,1,1745,1,1,1,1,2,3,10,2,2
26370,201600011743,2.0,2,4,2,11.0,0.0,0.0,0.0,1945.0,B02,1.0,7,0,0.0,2.0,4.0,2.0,8,1,1745,1,1,1,1,2,3,10,2,2
26371,201600011744,1.0,1,1,1,11.0,0.0,0.0,0.0,1928.0,B02,2.0,7,0,0.0,2.0,5.0,2.0,8,14,1030,1,1,1,1,2,1,33,2,1
26372,201600011744,1.0,1,4,1,21.0,0.0,0.0,0.0,1995.0,A01,2.0,33,0,0.0,2.0,1.0,2.0,8,14,1030,1,1,1,1,2,1,7,1,2
26373,201600011745,1.0,1,1,1,13.0,0.0,0.0,0.0,1953.0,B02,1.0,7,0,0.0,0.0,4.0,23.0,11,15,1250,1,1,1,1,2,2,7,2,2
26374,201600011745,2.0,2,4,2,13.0,0.0,0.0,0.0,1956.0,B02,1.0,7,0,0.0,0.0,4.0,23.0,11,15,1250,1,1,1,1,2,2,7,2,2
26375,201600011745,2.0,2,4,2,13.0,0.0,0.0,0.0,1955.0,A01,1.0,7,0,0.0,2.0,1.0,2.0,11,15,1250,1,1,1,1,2,2,7,2,2
26376,201600011745,1.0,1,4,1,13.0,0.0,0.0,0.0,1954.0,A01,1.0,7,0,0.0,2.0,1.0,2.0,11,15,1250,1,1,1,1,2,2,7,2,2
26377,201600011746,1.0,1,4,1,11.0,0.0,0.0,0.0,1975.0,A01,1.0,7,0,4.0,0.0,1.0,1.0,11,18,1955,3,1,1,2,6,4,7,2,2
26378,201600011746,2.0,2,4,2,11.0,0.0,0.0,0.0,1999.0,A01,1.0,7,0,4.0,0.0,1.0,1.0,11,18,1955,3,1,1,2,6,4,7,2,2
26379,201600011747,1.0,1,3,2,13.0,0.0,0.0,0.0,1969.0,A01,1.0,7,0,4.0,0.0,1.0,0.0,12,9,1225,1,1,1,5,6,2,7,2,2
26380,201600011748,1.0,1,1,1,11.0,0.0,0.0,0.0,1996.0,A01,2.0,7,0,0.0,2.0,1.0,2.0,1,6,815,2,1,1,8,2,1,17,2,3
26381,201600011748,2.0,2,3,2,11.0,0.0,0.0,0.0,1993.0,A01,2.0,7,0,0.0,2.0,1.0,2.0,1,6,815,2,1,1,8,2,1,17,2,3
26382,201600011748,3.0,2,4,1,11.0,0.0,0.0,0.0,1983.0,A01,2.0,7,0,0.0,2.0,1.0,2.0,1,6,815,2,1,1,8,2,1,17,2,3
26383,201600011748,1.0,1,1,1,11.0,0.0,0.0,0.0,1981.0,B02,2.0,17,0,0.0,0.0,4.0,1.0,1,6,815,2,1,1,8,2,1,7,3,2
26384,201600011749,1.0,1,1,1,12.0,0.0,0.0,0.0,1985.0,A01,1.0,7,0,0.0,2.0,2.0,13.0,2,8,630,3,1,1,2,5,1,17,2,3
26385,201600011749,2.0,2,2,2,12.0,0.0,0.0,0.0,1995.0,A01,1.0,7,0,0.0,2.0,2.0,13.0,2,8,630,3,1,1,2,5,1,17,2,3
26386,201600011749,1.0,1,1,1,11.0,0.0,0.0,0.0,1974.0,B02,1.0,15,0,0.0,0.0,6.0,1.0,2,8,630,3,1,1,2,5,1,17,3,3
26387,201600011749,1.0,1,1,1,11.0,0.0,0.0,0.0,1982.0,C03,1.0,17,0,0.0,0.0,0.0,11.0,2,8,630,3,1,1,2,5,1,15,3,3
26388,201600011750,1.0,1,4,1,11.0,0.0,0.0,0.0,1992.0,A01,1.0,7,0,3.0,2.0,2.0,2.0,5,14,1230,1,1,1,1,1,2,10,2,2
26389,201600011750,1.0,1,1,1,11.0,0.0,0.0,0.0,1975.0,B02,1.0,10,0,0.0,0.0,6.0,24.0,5,14,1230,1,1,1,1,1,2,7,2,2
26390,201600011751,1.0,1,1,1,11.0,0.0,0.0,0.0,1969.0,A01,2.0,17,0,0.0,2.0,6.0,1.0,12,1,1830,3,1,1,1,4,4,10,3,2
26391,201600011751,1.0,1,1,1,11.0,0.0,0.0,0.0,1984.0,B02,2.0,10,0,0.0,2.0,1.0,1.0,12,1,1830,3,1,1,1,4,4,17,2,3
26392,201600011751,1.0,1,1,1,11.0,0.0,0.0,0.0,1982.0,C03,2.0,17,0,0.0,2.0,6.0,1.0,12,1,1830,3,1,1,1,4,4,10,3,2
26393,201600011751,1.0,1,4,1,11.0,0.0,0.0,0.0,1949.0,D04,2.0,7,0,0.0,2.0,1.0,1.0,12,1,1830,3,1,1,1,4,4,17,2,3
26394,201600011751,2.0,2,2,2,11.0,0.0,0.0,0.0,1951.0,D04,2.0,7,0,0.0,2.0,1.0,1.0,12,1,1830,3,1,1,1,4,4,17,2,3
26395,201600011752,1.0,1,1,1,11.0,0.0,0.0,0.0,1984.0,B02,0.0,14,0,0.0,2.0,7.0,15.0,11,25,1500,1,1,1,7,3,3,33,3,1
26396,201600011752,1.0,1,2,1,21.0,0.0,0.0,0.0,1974.0,A01,0.0,33,0,0.0,2.0,7.0,1.0,11,25,1500,1,1,1,7,3,3,14,1,3
26397,201600011753,1.0,1,4,2,11.0,0.0,0.0,0.0,1973.0,B02,2.0,37,0,0.0,2.0,3.0,1.0,8,1,1330,1,1,1,1,1,2,7,3,2
26398,201600011753,1.0,1,2,1,11.0,0.0,0.0,0.0,1993.0,A01,1.0,7,0,0.0,2.0,1.0,13.0,8,1,1330,1,1,1,1,1,2,37,2,3
26399,201600011754,1.0,1,3,1,11.0,0.0,0.0,0.0,1981.0,A01,1.0,7,0,4.0,0.0,3.0,1.0,3,4,2345,5,1,1,3,6,5,7,2,2
26400,201600011755,1.0,1,3,1,11.0,0.0,0.0,0.0,1992.0,A01,2.0,7,0,4.0,0.0,3.0,1.0,3,8,930,1,1,1,8,7,1,7,2,2
26401,201600011756,1.0,1,1,1,12.0,0.0,0.0,0.0,1979.0,A01,0.0,17,0,0.0,2.0,2.0,15.0,5,30,1600,1,2,1,1,3,3,7,3,2
26402,201600011756,1.0,1,4,1,11.0,0.0,0.0,0.0,1973.0,B02,0.0,7,0,0.0,2.0,1.0,1.0,5,30,1600,1,2,1,1,3,3,17,2,3
26403,201600011757,1.0,1,3,1,11.0,0.0,0.0,0.0,1985.0,C03,2.0,7,0,1.0,0.0,7.0,13.0,7,4,1400,1,1,1,1,4,3,17,2,3
26404,201600011757,1.0,1,1,1,11.0,0.0,0.0,0.0,1957.0,A01,2.0,15,0,0.0,0.0,6.0,1.0,7,4,1400,1,1,1,1,4,3,17,3,3
26405,201600011757,1.0,1,2,1,13.0,0.0,0.0,0.0,1965.0,B02,2.0,17,0,1.0,0.0,2.0,1.0,7,4,1400,1,1,1,1,4,3,15,3,3
26406,201600011758,1.0,1,3,1,11.0,0.0,0.0,0.0,1964.0,C03,2.0,10,0,0.0,2.0,3.0,1.0,7,13,1600,1,1,1,1,5,3,16,2,3
26407,201600011758,1.0,1,4,1,11.0,0.0,0.0,0.0,1963.0,B02,2.0,16,0,0.0,2.0,3.0,1.0,7,13,1600,1,1,1,1,5,3,10,3,2
26408,201600011758,1.0,1,3,1,11.0,0.0,0.0,0.0,1992.0,A01,1.0,10,0,0.0,2.0,3.0,13.0,7,13,1600,1,1,1,1,5,3,16,2,3
26409,201600011759,1.0,1,1,1,11.0,0.0,0.0,0.0,1973.0,A01,1.0,14,0,0.0,0.0,6.0,1.0,7,21,800,1,2,1,1,5,1,7,3,2
26410,201600011759,1.0,1,3,2,11.0,0.0,0.0,0.0,1975.0,B02,2.0,7,0,0.0,2.0,3.0,1.0,7,21,800,1,2,1,1,5,1,14,2,3
26411,201600011759,1.0,1,3,2,11.0,0.0,0.0,0.0,1965.0,C03,2.0,7,0,0.0,2.0,3.0,1.0,7,21,800,1,2,1,1,5,1,14,2,3
26412,201600011760,1.0,1,3,2,11.0,0.0,0.0,0.0,1959.0,B02,1.0,7,0,1.0,0.0,1.0,1.0,8,1,1400,1,1,1,1,2,3,17,2,3
26413,201600011760,1.0,1,1,1,11.0,0.0,0.0,0.0,1986.0,A01,1.0,17,0,0.0,0.0,5.0,1.0,8,1,1400,1,1,1,1,2,3,7,3,2
26414,201600011761,1.0,1,1,1,12.0,0.0,0.0,0.0,1949.0,B02,2.0,14,0,0.0,2.0,4.0,2.0,9,23,2015,3,1,1,1,2,4,7,3,2
26415,201600011761,2.0,2,1,1,12.0,0.0,0.0,0.0,1993.0,B02,2.0,14,0,0.0,2.0,4.0,2.0,9,23,2015,3,1,1,1,2,4,7,3,2
26416,201600011761,1.0,1,3,1,11.0,0.0,0.0,0.0,1975.0,A01,2.0,7,0,0.0,2.0,1.0,2.0,9,23,2015,3,1,1,1,2,4,14,2,3
26417,201600011762,1.0,1,1,1,11.0,0.0,0.0,0.0,1927.0,A01,2.0,7,0,11.0,2.0,2.0,15.0,9,24,1700,1,1,1,1,1,3,7,2,2
26418,201600011762,2.0,2,3,2,11.0,0.0,0.0,0.0,1964.0,A01,2.0,7,0,11.0,2.0,2.0,15.0,9,24,1700,1,1,1,1,1,3,7,2,2
26419,201600011762,1.0,1,1,2,11.0,0.0,0.0,0.0,1983.0,B02,2.0,7,0,0.0,2.0,7.0,23.0,9,24,1700,1,1,1,1,1,3,7,2,2
26420,201600011763,1.0,1,1,1,11.0,0.0,0.0,0.0,1989.0,F05,2.0,7,0,0.0,1.0,1.0,21.0,11,5,1845,3,1,1,3,6,4,7,2,2
26421,201600011763,0.0,3,2,1,0.0,0.0,0.0,0.0,1933.0,F05,2.0,7,0,0.0,1.0,1.0,21.0,11,5,1845,3,1,1,3,6,4,7,2,2
26422,201600011763,1.0,1,1,1,11.0,0.0,0.0,0.0,1994.0,I08,2.0,7,0,0.0,2.0,5.0,21.0,11,5,1845,3,1,1,3,6,4,7,2,2
26423,201600011763,1.0,1,1,1,11.0,0.0,0.0,0.0,1956.0,H07,2.0,7,0,0.0,1.0,1.0,21.0,11,5,1845,3,1,1,3,6,4,7,2,2
26424,201600011763,1.0,1,1,1,11.0,0.0,0.0,0.0,1982.0,G06,2.0,7,0,0.0,1.0,1.0,21.0,11,5,1845,3,1,1,3,6,4,7,2,2
26425,201600011763,1.0,1,1,1,11.0,0.0,0.0,0.0,1969.0,E04,2.0,7,0,0.0,2.0,1.0,1.0,11,5,1845,3,1,1,3,6,4,7,2,2
26426,201600011763,2.0,2,4,2,11.0,0.0,0.0,0.0,1989.0,B01,2.0,7,0,14.0,0.0,1.0,1.0,11,5,1845,3,1,1,3,6,4,7,2,2
26427,201600011763,4.0,2,1,2,31.0,0.0,0.0,0.0,2015.0,B01,2.0,7,0,14.0,0.0,1.0,1.0,11,5,1845,3,1,1,3,6,4,7,2,2
26428,201600011763,1.0,1,1,1,11.0,0.0,0.0,0.0,1985.0,B01,2.0,7,0,14.0,0.0,1.0,1.0,11,5,1845,3,1,1,3,6,4,7,2,2
26429,201600011763,1.0,1,1,1,11.0,0.0,0.0,0.0,1995.0,D03,2.0,7,0,0.0,2.0,1.0,1.0,11,5,1845,3,1,1,3,6,4,7,2,2
26430,201600011763,2.0,2,1,1,11.0,0.0,0.0,0.0,1995.0,D03,2.0,7,0,0.0,2.0,1.0,1.0,11,5,1845,3,1,1,3,6,4,7,2,2
26431,201600011763,1.0,1,1,1,11.0,0.0,0.0,0.0,1963.0,C02,2.0,7,0,0.0,2.0,3.0,1.0,11,5,1845,3,1,1,3,6,4,7,2,2
26432,201600011764,1.0,1,1,1,11.0,0.0,0.0,0.0,1965.0,B02,1.0,10,0,0.0,2.0,4.0,1.0,12,8,830,1,1,1,1,2,1,7,2,2
26433,201600011764,1.0,1,3,2,11.0,0.0,0.0,0.0,1953.0,A01,1.0,7,0,0.0,2.0,1.0,2.0,12,8,830,1,1,1,1,2,1,10,2,2