,Num_Acc,place,catu,grav,sexe,secu,locp,actp,etatp,an_nais,num_veh,senc,catv,occutc,obs,obsm,choc,manv,mois,jour,hrmn,lum,agg,int,atm,col,mom,catvopp,catv_gen,catvopp_gen
27219,201600012028,1.0,1,1,1,11.0,0.0,0.0,0.0,1973.0,B02,2.0,7,0,0.0,2.0,4.0,0.0,8,18,1145,1,1,1,1,4,1,7,2,2
27220,201600012028,2.0,2,1,1,11.0,0.0,0.0,0.0,1980.0,B02,2.0,7,0,0.0,2.0,4.0,0.0,8,18,1145,1,1,1,1,4,1,7,2,2
27221,201600012029,1.0,1,4,1,21.0,0.0,0.0,0.0,1962.0,C03,1.0,33,0,0.0,2.0,1.0,1.0,8,25,945,1,1,1,1,5,1,14,1,3
27222,201600012029,1.0,1,1,1,11.0,0.0,0.0,0.0,1977.0,B02,1.0,14,0,0.0,2.0,2.0,1.0,8,25,945,1,1,1,1,5,1,33,3,1
27223,201600012029,1.0,1,4,1,11.0,0.0,0.0,0.0,1941.0,A01,1.0,7,0,0.0,2.0,3.0,9.0,8,25,945,1,1,1,1,5,1,33,2,1
27224,201600012029,2.0,2,3,2,11.0,0.0,0.0,0.0,1943.0,A01,1.0,7,0,0.0,2.0,3.0,9.0,8,25,945,1,1,1,1,5,1,33,2,1
27225,201600012030,2.0,2,4,2,11.0,0.0,0.0,0.0,1965.0,A01,0.0,10,0,0.0,2.0,2.0,1.0,9,27,845,1,1,1,1,2,1,7,2,2
27226,201600012030,1.0,1,4,1,11.0,0.0,0.0,0.0,1958.0,A01,0.0,10,0,0.0,2.0,2.0,1.0,9,27,845,1,1,1,1,2,1,7,2,2
27227,201600012030,1.0,1,3,1,11.0,0.0,0.0,0.0,1976.0,B02,2.0,7,0,0.0,2.0,6.0,1.0,9,27,845,1,1,1,1,2,1,10,2,2
27228,201600012031,2.0,2,4,2,11.0,0.0,0.0,0.0,1969.0,B02,1.0,7,0,0.0,0.0,6.0,1.0,9,28,1830,1,1,1,1,2,4,7,2,2
27229,201600012031,1.0,1,4,1,11.0,0.0,0.0,0.0,1961.0,B02,1.0,7,0,0.0,0.0,6.0,1.0,9,28,1830,1,1,1,1,2,4,7,2,2
27230,201600012031,2.0,2,3,2,11.0,0.0,0.0,0.0,2000.0,A01,0.0,7,0,0.0,2.0,2.0,17.0,9,28,1830,1,1,1,1,2,4,7,2,2
27231,201600012031,1.0,1,1,1,11.0,0.0,0.0,0.0,1977.0,A01,0.0,7,0,0.0,2.0,2.0,17.0,9,28,1830,1,1,1,1,2,4,7,2,2
27232,201600012032,1.0,1,1,1,11.0,0.0,0.0,0.0,1954.0,A01,2.0,7,0,0.0,0.0,4.0,23.0,10,30,1100,1,1,1,1,4,1,7,2,2
27233,201600012032,1.0,1,1,1,11.0,0.0,0.0,0.0,1948.0,B02,2.0,7,0,14.0,0.0,1.0,2.0,10,30,1100,1,1,1,1,4,1,7,2,2
27234,201600012032,1.0,1,3,2,11.0,0.0,0.0,0.0,1971.0,C03,2.0,7,0,14.0,0.0,1.0,2.0,10,30,1100,1,1,1,1,4,1,7,2,2
27235,201600012033,1.0,1,1,1,11.0,0.0,0.0,0.0,1959.0,B02,1.0,17,0,0.0,0.0,0.0,2.0,11,4,1145,1,1,1,1,2,1,7,3,2
27236,201600012033,1.0,1,4,2,11.0,0.0,0.0,0.0,1991.0,A01,1.0,7,0,0.0,2.0,1.0,2.0,11,4,1145,1,1,1,1,2,1,17,2,3
27237,201600012033,2.0,2,4,1,11.0,0.0,0.0,0.0,1989.0,A01,1.0,7,0,0.0,2.0,1.0,2.0,11,4,1145,1,1,1,1,2,1,17,2,3
27238,201600012034,3.0,2,4,1,11.0,0.0,0.0,0.0,1991.0,A01,2.0,7,0,0.0,2.0,2.0,1.0,11,19,630,3,1,1,1,2,1,15,2,3
27239,201600012034,2.0,2,2,1,11.0,0.0,0.0,0.0,1993.0,A01,2.0,7,0,0.0,2.0,2.0,1.0,11,19,630,3,1,1,1,2,1,15,2,3
27240,201600012034,1.0,1,4,1,11.0,0.0,0.0,0.0,1993.0,A01,2.0,7,0,0.0,2.0,2.0,1.0,11,19,630,3,1,1,1,2,1,15,2,3
27241,201600012034,1.0,1,1,1,11.0,0.0,0.0,0.0,1974.0,B02,2.0,15,0,0.0,0.0,8.0,1.0,11,19,630,3,1,1,1,2,1,7,3,2
27242,201600012034,2.0,2,1,1,11.0,0.0,0.0,0.0,1979.0,B02,2.0,15,0,0.0,0.0,8.0,1.0,11,19,630,3,1,1,1,2,1,7,3,2
27243,201600012035,1.0,1,3,1,11.0,0.0,0.0,0.0,1995.0,A01,2.0,7,0,4.0,0.0,2.0,1.0,12,23,2300,3,1,1,1,6,5,7,2,2
27244,201600012036,1.0,1,4,2,11.0,0.0,0.0,0.0,1962.0,A01,1.0,14,0,4.0,0.0,8.0,1.0,1,12,2100,3,1,1,8,6,4,14,3,3
27245,201600012037,1.0,1,1,1,11.0,0.0,0.0,0.0,1942.0,C03,2.0,10,0,0.0,0.0,1.0,2.0,1,17,1030,1,1,1,1,4,1,7,2,2
27246,201600012037,1.0,1,3,2,11.0,0.0,0.0,0.0,1946.0,B02,2.0,7,0,0.0,0.0,4.0,2.0,1,17,1030,1,1,1,1,4,1,10,2,2
27247,201600012037,1.0,1,1,1,11.0,0.0,0.0,0.0,1950.0,A01,2.0,7,0,0.0,0.0,4.0,0.0,1,17,1030,1,1,1,1,4,1,10,2,2
27248,201600012037,2.0,2,1,2,11.0,0.0,0.0,0.0,1952.0,A01,2.0,7,0,0.0,0.0,4.0,0.0,1,17,1030,1,1,1,1,4,1,10,2,2
27249,201600012038,1.0,1,3,2,11.0,0.0,0.0,0.0,1970.0,A01,1.0,7,0,4.0,6.0,1.0,2.0,1,19,1745,2,1,1,3,6,3,7,2,2
27250,201600012039,1.0,1,1,1,11.0,0.0,0.0,0.0,1974.0,B02,2.0,10,0,0.0,0.0,8.0,1.0,2,15,915,1,1,1,1,3,1,10,2,2
27251,201600012039,1.0,1,4,1,11.0,0.0,0.0,0.0,1990.0,A01,2.0,10,0,15.0,2.0,7.0,17.0,2,15,915,1,1,1,1,3,1,10,2,2
27252,201600012040,1.0,1,3,1,12.0,0.0,0.0,0.0,1959.0,B02,2.0,10,0,0.0,0.0,6.0,24.0,3,10,1545,1,1,1,1,2,3,15,2,3
27253,201600012040,1.0,1,1,1,11.0,0.0,0.0,0.0,1952.0,A01,2.0,15,0,0.0,2.0,2.0,14.0,3,10,1545,1,1,1,1,2,3,10,3,2
27254,201600012041,1.0,1,3,1,11.0,0.0,0.0,0.0,1993.0,A01,2.0,17,0,3.0,2.0,1.0,2.0,6,11,130,3,1,1,1,2,0,15,3,3
27255,201600012041,1.0,1,1,1,11.0,0.0,0.0,0.0,1967.0,B02,2.0,15,0,0.0,0.0,4.0,1.0,6,11,130,3,1,1,1,2,0,17,3,3
27256,201600012042,4.0,2,4,2,31.0,0.0,0.0,0.0,2006.0,B02,2.0,7,0,0.0,0.0,6.0,1.0,6,12,2345,3,1,1,2,2,5,7,2,2
27257,201600012042,1.0,1,3,2,11.0,0.0,0.0,0.0,1970.0,B02,2.0,7,0,0.0,0.0,6.0,1.0,6,12,2345,3,1,1,2,2,5,7,2,2
27258,201600012042,2.0,2,4,1,11.0,0.0,0.0,0.0,1967.0,B02,2.0,7,0,0.0,0.0,6.0,1.0,6,12,2345,3,1,1,2,2,5,7,2,2
27259,201600012042,3.0,2,1,2,31.0,0.0,0.0,0.0,2005.0,B02,2.0,7,0,0.0,0.0,6.0,1.0,6,12,2345,3,1,1,2,2,5,7,2,2
27260,201600012042,1.0,1,1,1,11.0,0.0,0.0,0.0,1993.0,A01,2.0,7,0,0.0,2.0,1.0,1.0,6,12,2345,3,1,1,2,2,5,7,2,2
27261,201600012043,1.0,1,3,1,21.0,0.0,0.0,0.0,1963.0,B02,2.0,33,0,0.0,2.0,3.0,1.0,8,8,1615,1,1,1,1,3,3,7,1,2
27262,201600012043,1.0,1,1,1,11.0,0.0,0.0,0.0,1966.0,A01,2.0,7,0,0.0,2.0,2.0,14.0,8,8,1615,1,1,1,1,3,3,33,2,1
27263,201600012044,1.0,1,1,1,11.0,0.0,0.0,0.0,1974.0,B02,2.0,14,0,0.0,2.0,3.0,1.0,8,17,1015,1,1,1,1,1,1,10,3,2
27264,201600012044,1.0,1,2,2,11.0,0.0,0.0,0.0,1994.0,A01,1.0,10,0,0.0,2.0,1.0,13.0,8,17,1015,1,1,1,1,1,1,14,2,3
27265,201600012045,1.0,1,3,1,11.0,0.0,0.0,0.0,1995.0,A01,1.0,17,0,13.0,0.0,9.0,14.0,8,17,1445,1,1,1,1,6,3,17,3,3
27266,201600012046,1.0,1,4,2,11.0,0.0,0.0,0.0,1995.0,A01,2.0,7,0,5.0,0.0,0.0,1.0,8,27,915,1,1,1,1,6,1,7,2,2
27267,201600012046,2.0,2,4,2,11.0,0.0,0.0,0.0,1967.0,A01,2.0,7,0,5.0,0.0,0.0,1.0,8,27,915,1,1,1,1,6,1,7,2,2
27268,201600012046,3.0,2,1,1,11.0,0.0,0.0,0.0,1992.0,A01,2.0,7,0,5.0,0.0,0.0,1.0,8,27,915,1,1,1,1,6,1,7,2,2
27269,201600012046,4.0,2,1,2,11.0,0.0,0.0,0.0,2000.0,A01,2.0,7,0,5.0,0.0,0.0,1.0,8,27,915,1,1,1,1,6,1,7,2,2
27270,201600012047,1.0,1,3,1,13.0,0.0,0.0,0.0,1968.0,A01,2.0,7,0,11.0,0.0,1.0,1.0,9,12,2245,5,1,1,1,6,5,7,2,2
27271,201600012048,1.0,1,3,1,13.0,0.0,0.0,0.0,1994.0,A01,2.0,7,0,13.0,0.0,1.0,2.0,9,18,2330,3,1,1,1,7,5,7,2,2
27272,201600012049,1.0,1,3,1,11.0,0.0,0.0,0.0,1996.0,A01,1.0,7,0,4.0,0.0,3.0,13.0,10,28,1530,1,1,1,1,6,3,7,2,2
27273,201600012050,2.0,2,1,2,11.0,0.0,0.0,0.0,1950.0,A01,1.0,7,0,0.0,0.0,0.0,1.0,11,1,930,1,1,1,5,4,1,7,2,2
27274,201600012050,1.0,1,1,1,11.0,0.0,0.0,0.0,1944.0,A01,1.0,7,0,0.0,0.0,0.0,1.0,11,1,930,1,1,1,5,4,1,7,2,2
27275,201600012050,2.0,2,4,2,11.0,0.0,0.0,0.0,1965.0,D04,1.0,7,0,14.0,0.0,3.0,2.0,11,1,930,1,1,1,5,4,1,7,2,2
27276,201600012050,1.0,1,4,1,11.0,0.0,0.0,0.0,1969.0,D04,1.0,7,0,14.0,0.0,3.0,2.0,11,1,930,1,1,1,5,4,1,7,2,2
27277,201600012050,1.0,1,4,2,11.0,0.0,0.0,0.0,1954.0,C03,1.0,7,0,3.0,2.0,1.0,2.0,11,1,930,1,1,1,5,4,1,7,2,2
27278,201600012050,1.0,1,4,2,11.0,0.0,0.0,0.0,1991.0,E05,1.0,7,0,14.0,0.0,1.0,2.0,11,1,930,1,1,1,5,4,1,7,2,2
27279,201600012050,2.0,2,4,2,11.0,0.0,0.0,0.0,1958.0,B02,1.0,7,0,0.0,2.0,2.0,2.0,11,1,930,1,1,1,5,4,1,7,2,2
27280,201600012050,1.0,1,1,1,11.0,0.0,0.0,0.0,1955.0,B02,1.0,7,0,0.0,2.0,2.0,2.0,11,1,930,1,1,1,5,4,1,7,2,2
27281,201600012051,1.0,1,1,1,11.0,0.0,0.0,0.0,1969.0,B02,2.0,15,0,0.0,0.0,6.0,1.0,11,18,2115,3,1,1,1,2,4,7,3,2
27282,201600012051,1.0,1,3,1,11.0,0.0,0.0,0.0,1956.0,A01,2.0,7,0,3.0,2.0,7.0,2.0,11,18,2115,3,1,1,1,2,4,15,2,3
27283,201600012052,1.0,1,4,2,11.0,0.0,0.0,0.0,1998.0,A01,1.0,7,0,0.0,0.0,9.0,1.0,12,27,1300,1,1,1,1,6,2,7,2,2
27284,201600012052,2.0,2,1,1,11.0,0.0,0.0,0.0,1998.0,A01,1.0,7,0,0.0,0.0,9.0,1.0,12,27,1300,1,1,1,1,6,2,7,2,2
27285,201600012053,2.0,2,3,2,11.0,0.0,0.0,0.0,1940.0,A01,2.0,7,0,13.0,0.0,9.0,1.0,12,27,1645,1,1,1,1,6,3,7,2,2
27286,201600012053,1.0,1,1,1,11.0,0.0,0.0,0.0,1947.0,A01,2.0,7,0,13.0,0.0,9.0,1.0,12,27,1645,1,1,1,1,6,3,7,2,2
27287,201600012054,1.0,1,1,2,11.0,0.0,0.0,0.0,1996.0,A01,0.0,7,0,0.0,9.0,3.0,9.0,2,6,1330,1,1,1,6,1,2,1,2,1
27288,201600012054,1.0,1,3,1,21.0,0.0,0.0,0.0,1941.0,B02,1.0,1,0,0.0,2.0,3.0,1.0,2,6,1330,1,1,1,6,1,2,7,1,2
27289,201600012055,1.0,1,1,1,11.0,0.0,0.0,0.0,1988.0,B02,0.0,7,0,0.0,2.0,3.0,1.0,3,18,2300,5,2,1,1,3,5,32,2,1
27290,201600012055,1.0,1,3,1,22.0,0.0,0.0,0.0,1989.0,A01,0.0,32,0,0.0,2.0,1.0,13.0,3,18,2300,5,2,1,1,3,5,7,1,2
27291,201600012056,1.0,1,3,1,21.0,0.0,0.0,0.0,1958.0,A01,0.0,32,0,0.0,2.0,2.0,17.0,4,8,1000,1,2,1,1,3,1,10,1,2
27292,201600012056,1.0,1,1,1,11.0,0.0,0.0,0.0,1982.0,B02,0.0,10,0,0.0,2.0,3.0,15.0,4,8,1000,1,2,1,1,3,1,32,2,1
27293,201600012057,1.0,1,2,1,21.0,0.0,0.0,0.0,1993.0,A01,2.0,33,0,0.0,2.0,1.0,0.0,5,21,2230,3,1,1,1,1,5,7,1,2
27294,201600012057,1.0,1,3,2,11.0,0.0,0.0,0.0,1959.0,B02,1.0,7,0,0.0,2.0,1.0,0.0,5,21,2230,3,1,1,1,1,5,33,2,1
27295,201600012058,1.0,1,3,2,11.0,0.0,0.0,0.0,1976.0,A01,0.0,7,0,2.0,0.0,1.0,1.0,5,26,1700,1,1,1,1,6,3,7,2,2
27296,201600012059,1.0,1,1,2,11.0,0.0,0.0,0.0,1964.0,A01,1.0,7,0,0.0,1.0,2.0,1.0,11,29,2145,3,2,1,1,6,4,7,2,2
27297,201600012059,0.0,3,3,1,92.0,2.0,5.0,1.0,1960.0,A01,1.0,7,0,0.0,1.0,2.0,1.0,11,29,2145,3,2,1,1,6,4,7,2,2
27298,201600012060,1.0,1,1,2,11.0,0.0,0.0,0.0,1967.0,A01,0.0,7,0,0.0,2.0,3.0,9.0,12,5,1815,5,2,1,1,3,4,33,2,1
27299,201600012060,1.0,1,3,1,21.0,0.0,0.0,0.0,1956.0,B01,0.0,33,0,0.0,2.0,1.0,1.0,12,5,1815,5,2,1,1,3,4,7,1,2
27300,201600012061,1.0,1,3,1,21.0,0.0,0.0,0.0,1991.0,A01,1.0,33,0,0.0,0.0,8.0,1.0,1,5,1530,1,1,1,1,7,3,33,1,1
27301,201600012062,1.0,1,4,1,11.0,0.0,0.0,0.0,1937.0,A01,2.0,7,0,0.0,2.0,3.0,15.0,1,9,1345,1,1,3,1,1,2,7,2,2
27302,201600012062,2.0,2,4,2,11.0,0.0,0.0,0.0,1943.0,A01,2.0,7,0,0.0,2.0,3.0,15.0,1,9,1345,1,1,3,1,1,2,7,2,2
27303,201600012062,1.0,1,4,1,11.0,0.0,0.0,0.0,1929.0,B02,2.0,7,0,0.0,2.0,1.0,1.0,1,9,1345,1,1,3,1,1,2,7,2,2
27304,201600012062,2.0,2,3,2,11.0,0.0,0.0,0.0,1938.0,B02,2.0,7,0,0.0,2.0,1.0,1.0,1,9,1345,1,1,3,1,1,2,7,2,2
27305,201600012062,3.0,2,4,1,11.0,0.0,0.0,0.0,1985.0,B02,2.0,7,0,0.0,2.0,1.0,1.0,1,9,1345,1,1,3,1,1,2,7,2,2
27306,201600012063,1.0,1,4,1,11.0,0.0,0.0,0.0,1955.0,A01,1.0,10,0,0.0,2.0,1.0,19.0,1,24,1015,2,1,2,5,1,1,10,2,2
27307,201600012063,1.0,1,4,1,11.0,0.0,0.0,0.0,1992.0,B02,2.0,10,0,0.0,2.0,1.0,1.0,1,24,1015,2,1,2,5,1,1,10,2,2
27308,201600012064,0.0,3,3,1,0.0,4.0,3.0,1.0,1933.0,A01,1.0,14,0,0.0,1.0,3.0,1.0,1,30,1045,1,2,1,1,6,1,14,3,3
27309,201600012064,1.0,1,1,1,11.0,0.0,0.0,0.0,1964.0,A01,1.0,14,0,0.0,1.0,3.0,1.0,1,30,1045,1,2,1,1,6,1,14,3,3
27310,201600012065,1.0,1,3,1,21.0,0.0,0.0,0.0,1986.0,A01,0.0,36,0,5.0,0.0,1.0,1.0,2,14,1415,1,1,1,2,1,3,36,1,1
27311,201600012065,1.0,1,1,1,21.0,0.0,0.0,0.0,1987.0,B02,0.0,36,0,0.0,0.0,0.0,1.0,2,14,1415,1,1,1,2,1,3,36,1,1
27312,201600012066,1.0,1,4,2,11.0,0.0,0.0,0.0,1973.0,A01,1.0,7,0,0.0,2.0,3.0,19.0,2,23,1745,1,1,2,1,3,3,7,2,2
27313,201600012066,1.0,1,4,1,11.0,0.0,0.0,0.0,1971.0,B02,0.0,7,0,0.0,2.0,6.0,0.0,2,23,1745,1,1,2,1,3,3,7,2,2
27314,201600012066,2.0,2,3,2,11.0,0.0,0.0,0.0,1976.0,B02,0.0,7,0,0.0,2.0,6.0,0.0,2,23,1745,1,1,2,1,3,3,7,2,2
27315,201600012066,3.0,2,4,2,11.0,0.0,0.0,0.0,2005.0,B02,0.0,7,0,0.0,2.0,6.0,0.0,2,23,1745,1,1,2,1,3,3,7,2,2
27316,201600012067,1.0,1,3,1,21.0,0.0,0.0,0.0,2000.0,A01,2.0,30,0,0.0,0.0,8.0,10.0,3,4,1430,1,1,1,2,7,3,30,1,1
27317,201600012068,1.0,1,3,1,21.0,0.0,0.0,0.0,1963.0,A01,1.0,33,0,0.0,2.0,8.0,13.0,3,6,1530,1,1,1,1,1,3,7,1,2
27318,201600012068,1.0,1,1,1,11.0,0.0,0.0,0.0,1951.0,B02,2.0,7,0,0.0,2.0,1.0,1.0,3,6,1530,1,1,1,1,1,3,33,2,1
27319,201600012069,1.0,1,1,2,11.0,0.0,0.0,0.0,1990.0,A01,2.0,7,0,0.0,2.0,1.0,2.0,3,19,1515,1,1,1,1,2,3,30,2,1
27320,201600012069,2.0,2,1,2,11.0,0.0,0.0,0.0,1995.0,A01,2.0,7,0,0.0,2.0,1.0,2.0,3,19,1515,1,1,1,1,2,3,30,2,1
27321,201600012069,1.0,1,1,1,21.0,0.0,0.0,0.0,2000.0,B02,2.0,30,0,0.0,2.0,4.0,2.0,3,19,1515,1,1,1,1,2,3,7,1,2
27322,201600012069,2.0,2,4,2,21.0,0.0,0.0,0.0,1999.0,B02,2.0,30,0,0.0,2.0,4.0,2.0,3,19,1515,1,1,1,1,2,3,7,1,2
27323,201600012070,1.0,1,1,1,11.0,0.0,0.0,0.0,1971.0,A01,2.0,7,0,0.0,0.0,0.0,15.0,3,26,1200,1,2,1,1,1,2,7,2,2
27324,201600012070,1.0,1,4,1,11.0,0.0,0.0,0.0,1994.0,B02,2.0,7,0,0.0,2.0,1.0,1.0,3,26,1200,1,2,1,1,1,2,7,2,2
27325,201600012071,0.0,3,3,1,0.0,0.0,5.0,1.0,2008.0,A01,0.0,38,1,0.0,1.0,2.0,15.0,4,1,830,1,2,9,1,7,1,38,3,3
27326,201600012071,1.0,1,1,1,11.0,0.0,0.0,0.0,1969.0,A01,0.0,38,1,0.0,1.0,2.0,15.0,4,1,830,1,2,9,1,7,1,38,3,3
27327,201600012072,1.0,1,3,1,21.0,0.0,0.0,0.0,1955.0,A01,2.0,33,0,0.0,2.0,1.0,1.0,4,6,1700,1,1,1,1,2,3,7,1,2
27328,201600012072,1.0,1,1,2,11.0,0.0,0.0,0.0,1996.0,B02,2.0,7,0,0.0,2.0,4.0,23.0,4,6,1700,1,1,1,1,2,3,33,2,1
27329,201600012073,1.0,1,2,1,12.0,0.0,0.0,0.0,1994.0,A01,1.0,7,0,8.0,0.0,9.0,1.0,4,17,915,1,2,1,2,7,1,7,2,2
27330,201600012074,1.0,1,1,1,11.0,0.0,0.0,0.0,1988.0,A01,1.0,7,0,0.0,2.0,1.0,1.0,4,22,1015,1,1,1,1,1,1,7,2,2
27331,201600012074,1.0,1,4,1,11.0,0.0,0.0,0.0,1956.0,B02,2.0,7,0,0.0,2.0,1.0,1.0,4,22,1015,1,1,1,1,1,1,7,2,2
27332,201600012074,2.0,2,3,2,11.0,0.0,0.0,0.0,1933.0,B02,2.0,7,0,0.0,2.0,1.0,1.0,4,22,1015,1,1,1,1,1,1,7,2,2
27333,201600012075,1.0,1,4,2,12.0,0.0,0.0,0.0,1943.0,A01,2.0,7,0,3.0,0.0,0.0,14.0,4,27,1645,1,1,1,1,7,3,7,2,2
27334,201600012076,1.0,1,3,1,11.0,0.0,0.0,0.0,1994.0,A01,1.0,7,0,0.0,2.0,1.0,13.0,5,1,745,1,1,1,3,1,1,7,2,2
27335,201600012076,2.0,2,3,1,11.0,0.0,0.0,0.0,1993.0,A01,1.0,7,0,0.0,2.0,1.0,13.0,5,1,745,1,1,1,3,1,1,7,2,2
27336,201600012076,1.0,1,3,2,11.0,0.0,0.0,0.0,1964.0,B02,2.0,7,0,0.0,2.0,1.0,1.0,5,1,745,1,1,1,3,1,1,7,2,2
27337,201600012076,2.0,2,3,2,11.0,0.0,0.0,0.0,1993.0,B02,2.0,7,0,0.0,2.0,1.0,1.0,5,1,745,1,1,1,3,1,1,7,2,2
27338,201600012076,3.0,2,3,2,11.0,0.0,0.0,0.0,1999.0,B02,2.0,7,0,0.0,2.0,1.0,1.0,5,1,745,1,1,1,3,1,1,7,2,2
27339,201600012076,4.0,2,3,1,11.0,0.0,0.0,0.0,1970.0,B02,2.0,7,0,0.0,2.0,1.0,1.0,5,1,745,1,1,1,3,1,1,7,2,2
27340,201600012077,1.0,1,3,2,11.0,0.0,0.0,0.0,1932.0,A01,1.0,7,0,0.0,2.0,1.0,2.0,5,23,1515,1,1,1,1,2,3,7,2,2
27341,201600012077,1.0,1,4,2,11.0,0.0,0.0,0.0,1942.0,B02,1.0,7,0,16.0,2.0,4.0,2.0,5,23,1515,1,1,1,1,2,3,7,2,2
27342,201600012078,1.0,1,1,1,11.0,0.0,0.0,0.0,1991.0,A01,1.0,7,0,0.0,1.0,1.0,1.0,5,31,1645,1,2,1,1,6,3,7,2,2
27343,201600012078,0.0,3,3,2,0.0,0.0,0.0,0.0,2006.0,A01,1.0,7,0,0.0,1.0,1.0,1.0,5,31,1645,1,2,1,1,6,3,7,2,2
27344,201600012079,1.0,1,4,1,11.0,0.0,0.0,0.0,1976.0,A01,1.0,7,0,0.0,2.0,1.0,13.0,6,4,1845,1,1,1,3,1,4,7,2,2
27345,201600012079,2.0,2,3,1,11.0,0.0,0.0,0.0,1974.0,A01,1.0,7,0,0.0,2.0,1.0,13.0,6,4,1845,1,1,1,3,1,4,7,2,2
27346,201600012079,1.0,1,3,1,11.0,0.0,0.0,0.0,1962.0,B02,2.0,7,0,0.0,2.0,1.0,1.0,6,4,1845,1,1,1,3,1,4,7,2,2
27347,201600012079,2.0,2,3,1,11.0,0.0,0.0,0.0,1963.0,B02,2.0,7,0,0.0,2.0,1.0,1.0,6,4,1845,1,1,1,3,1,4,7,2,2
27348,201600012080,1.0,1,1,2,11.0,0.0,0.0,0.0,1986.0,A01,1.0,7,0,0.0,2.0,6.0,15.0,6,10,1800,1,2,1,1,3,4,2,2,1
27349,201600012080,1.0,1,3,1,21.0,0.0,0.0,0.0,2000.0,B02,1.0,2,0,0.0,2.0,1.0,17.0,6,10,1800,1,2,1,1,3,4,7,1,2
27350,201600012081,1.0,1,1,1,11.0,0.0,0.0,0.0,1996.0,A01,2.0,7,0,0.0,2.0,2.0,15.0,6,16,1945,1,1,1,3,1,4,7,2,2
27351,201600012081,1.0,1,3,2,11.0,0.0,0.0,0.0,1965.0,B02,1.0,7,0,0.0,2.0,2.0,1.0,6,16,1945,1,1,1,3,1,4,7,2,2
27352,201600012082,1.0,1,2,1,13.0,0.0,0.0,0.0,1941.0,A01,0.0,7,0,2.0,0.0,3.0,0.0,6,26,2100,2,1,1,1,7,4,7,2,2
27353,201600012083,1.0,1,1,1,21.0,0.0,0.0,0.0,2000.0,A01,1.0,2,0,0.0,2.0,1.0,1.0,7,9,1700,1,2,1,1,2,3,7,1,2
27354,201600012083,2.0,2,3,1,21.0,0.0,0.0,0.0,2001.0,A01,1.0,2,0,0.0,2.0,1.0,1.0,7,9,1700,1,2,1,1,2,3,7,1,2
27355,201600012083,1.0,1,1,1,11.0,0.0,0.0,0.0,1962.0,B02,1.0,7,0,0.0,2.0,4.0,23.0,7,9,1700,1,2,1,1,2,3,2,2,1
27356,201600012084,1.0,1,2,1,12.0,0.0,0.0,0.0,1948.0,A01,0.0,10,0,0.0,2.0,8.0,15.0,7,19,900,1,1,9,1,3,1,16,2,3
27357,201600012084,1.0,1,4,1,11.0,0.0,0.0,0.0,1989.0,B02,0.0,16,0,0.0,2.0,3.0,1.0,7,19,900,1,1,9,1,3,1,10,3,2
27358,201600012085,1.0,1,2,1,21.0,0.0,0.0,0.0,1996.0,A01,2.0,33,0,2.0,0.0,1.0,0.0,7,21,745,1,2,9,1,6,1,33,1,1
27359,201600012086,1.0,1,4,1,21.0,0.0,0.0,0.0,1999.0,A01,1.0,1,0,0.0,2.0,3.0,2.0,8,4,1915,1,1,1,1,6,4,1,1,1
27360,201600012087,2.0,2,3,2,11.0,0.0,0.0,0.0,1933.0,A01,1.0,7,0,0.0,0.0,9.0,1.0,8,7,1500,1,1,1,1,7,3,7,2,2
27361,201600012087,1.0,1,3,2,11.0,0.0,0.0,0.0,1959.0,A01,1.0,7,0,0.0,0.0,9.0,1.0,8,7,1500,1,1,1,1,7,3,7,2,2
27362,201600012088,1.0,1,2,1,22.0,0.0,0.0,0.0,1956.0,A01,0.0,36,0,13.0,0.0,2.0,1.0,8,10,2100,1,1,1,1,7,4,36,1,1
27363,201600012089,1.0,1,4,1,11.0,0.0,0.0,0.0,1967.0,A01,2.0,7,0,0.0,1.0,2.0,1.0,8,22,1000,1,2,1,1,6,1,7,2,2
27364,201600012089,0.0,3,4,2,0.0,4.0,3.0,1.0,1938.0,A01,2.0,7,0,0.0,1.0,2.0,1.0,8,22,1000,1,2,1,1,6,1,7,2,2
27365,201600012090,1.0,1,1,1,11.0,0.0,0.0,0.0,1958.0,A01,1.0,7,0,0.0,2.0,7.0,15.0,9,24,1200,1,1,1,1,3,2,33,2,1
27366,201600012090,1.0,1,3,1,21.0,0.0,0.0,0.0,1964.0,B02,2.0,33,0,0.0,2.0,1.0,1.0,9,24,1200,1,1,1,1,3,2,7,1,2
27367,201600012091,1.0,1,4,1,21.0,0.0,0.0,0.0,1999.0,B02,2.0,30,0,0.0,2.0,1.0,1.0,9,24,1200,1,2,2,1,3,2,7,1,2
27368,201600012091,2.0,2,3,2,21.0,0.0,0.0,0.0,2001.0,B02,2.0,30,0,0.0,2.0,1.0,1.0,9,24,1200,1,2,2,1,3,2,7,1,2
27369,201600012091,1.0,1,1,2,11.0,0.0,0.0,0.0,1946.0,A01,0.0,7,0,0.0,2.0,3.0,15.0,9,24,1200,1,2,2,1,3,2,30,2,1
27370,201600012092,1.0,1,1,1,11.0,0.0,0.0,0.0,1996.0,A01,2.0,7,0,6.0,0.0,1.0,1.0,10,5,40,5,2,6,1,6,0,7,2,2
27371,201600012092,2.0,2,1,1,11.0,0.0,0.0,0.0,1996.0,A01,2.0,7,0,6.0,0.0,1.0,1.0,10,5,40,5,2,6,1,6,0,7,2,2