,Num_Acc,place,catu,grav,sexe,secu,locp,actp,etatp,an_nais,num_veh,senc,catv,occutc,obs,obsm,choc,manv,mois,jour,hrmn,lum,agg,int,atm,col,mom,catvopp,catv_gen,catvopp_gen
27372,201600012092,3.0,2,1,1,11.0,0.0,0.0,0.0,1996.0,A01,2.0,7,0,6.0,0.0,1.0,1.0,10,5,40,5,2,6,1,6,0,7,2,2
27373,201600012092,4.0,2,4,2,11.0,0.0,0.0,0.0,1996.0,A01,2.0,7,0,6.0,0.0,1.0,1.0,10,5,40,5,2,6,1,6,0,7,2,2
27374,201600012092,5.0,2,4,2,11.0,0.0,0.0,0.0,1996.0,A01,2.0,7,0,6.0,0.0,1.0,1.0,10,5,40,5,2,6,1,6,0,7,2,2
27375,201600012093,1.0,1,4,2,11.0,0.0,0.0,0.0,1982.0,A01,2.0,7,0,13.0,0.0,1.0,1.0,10,6,2230,3,1,1,1,6,5,7,2,2
27376,201600012094,7.0,2,4,2,31.0,0.0,0.0,0.0,2011.0,A01,1.0,7,0,0.0,2.0,3.0,1.0,10,7,2030,3,1,1,1,1,4,7,2,2
27377,201600012094,1.0,1,1,1,11.0,0.0,0.0,0.0,1980.0,A01,1.0,7,0,0.0,2.0,3.0,1.0,10,7,2030,3,1,1,1,1,4,7,2,2
27378,201600012094,1.0,1,3,2,11.0,0.0,0.0,0.0,1961.0,B02,2.0,7,0,0.0,2.0,3.0,1.0,10,7,2030,3,1,1,1,1,4,7,2,2
27379,201600012095,1.0,1,1,1,11.0,0.0,0.0,0.0,1992.0,A01,2.0,7,0,0.0,1.0,3.0,1.0,10,14,750,2,2,9,3,6,1,7,2,2
27380,201600012095,0.0,3,3,1,93.0,3.0,3.0,1.0,1930.0,A01,2.0,7,0,0.0,1.0,3.0,1.0,10,14,750,2,2,9,3,6,1,7,2,2
27381,201600012096,1.0,1,2,1,21.0,0.0,0.0,0.0,2001.0,A01,0.0,2,0,0.0,2.0,1.0,1.0,10,19,1830,2,1,3,1,3,4,21,1,0
27382,201600012096,2.0,2,3,2,21.0,0.0,0.0,0.0,2002.0,A01,0.0,2,0,0.0,2.0,1.0,1.0,10,19,1830,2,1,3,1,3,4,21,1,0
27383,201600012096,1.0,1,1,1,93.0,0.0,0.0,0.0,1966.0,B02,0.0,21,0,0.0,2.0,3.0,15.0,10,19,1830,2,1,3,1,3,4,2,0,1
27384,201600012097,1.0,1,2,1,12.0,0.0,0.0,0.0,1942.0,A01,2.0,7,0,8.0,0.0,1.0,0.0,10,27,2020,3,1,6,1,6,4,7,2,2
27385,201600012098,1.0,1,1,1,11.0,0.0,0.0,0.0,1977.0,A01,1.0,7,0,0.0,2.0,5.0,15.0,10,25,1920,3,1,2,2,3,4,2,2,1
27386,201600012098,1.0,1,4,1,21.0,0.0,0.0,0.0,1983.0,B02,2.0,2,0,0.0,2.0,1.0,1.0,10,25,1920,3,1,2,2,3,4,7,1,2
27387,201600012099,1.0,1,4,1,11.0,0.0,0.0,0.0,1995.0,A01,1.0,7,0,0.0,1.0,1.0,1.0,12,11,645,3,1,1,5,6,1,7,2,2
27388,201600012099,0.0,3,3,1,93.0,1.0,9.0,1.0,1989.0,A01,1.0,7,0,0.0,1.0,1.0,1.0,12,11,645,3,1,1,5,6,1,7,2,2
27389,201600012100,1.0,1,3,1,11.0,0.0,0.0,0.0,1990.0,A01,0.0,7,0,0.0,2.0,3.0,13.0,1,17,600,3,1,1,1,1,1,7,2,2
27390,201600012100,2.0,2,3,1,11.0,0.0,0.0,0.0,1993.0,A01,0.0,7,0,0.0,2.0,3.0,13.0,1,17,600,3,1,1,1,1,1,7,2,2
27391,201600012100,1.0,1,3,2,11.0,0.0,0.0,0.0,1981.0,B02,0.0,7,0,0.0,2.0,3.0,1.0,1,17,600,3,1,1,1,1,1,7,2,2
27392,201600012101,4.0,2,4,1,13.0,0.0,0.0,0.0,1946.0,A01,2.0,7,0,3.0,0.0,3.0,1.0,4,19,2230,3,1,1,1,6,5,7,2,2
27393,201600012101,3.0,2,3,2,13.0,0.0,0.0,0.0,1949.0,A01,2.0,7,0,3.0,0.0,3.0,1.0,4,19,2230,3,1,1,1,6,5,7,2,2
27394,201600012101,2.0,2,1,1,13.0,0.0,0.0,0.0,1986.0,A01,2.0,7,0,3.0,0.0,3.0,1.0,4,19,2230,3,1,1,1,6,5,7,2,2
27395,201600012101,1.0,1,1,1,13.0,0.0,0.0,0.0,1947.0,A01,2.0,7,0,3.0,0.0,3.0,1.0,4,19,2230,3,1,1,1,6,5,7,2,2
27396,201600012102,1.0,1,1,1,11.0,0.0,0.0,0.0,1959.0,A01,1.0,7,0,0.0,2.0,1.0,2.0,7,12,1030,1,1,1,1,2,1,7,2,2
27397,201600012102,2.0,2,3,2,11.0,0.0,0.0,0.0,1962.0,A01,1.0,7,0,0.0,2.0,1.0,2.0,7,12,1030,1,1,1,1,2,1,7,2,2
27398,201600012102,1.0,1,4,1,11.0,0.0,0.0,0.0,1945.0,B02,1.0,7,0,0.0,2.0,4.0,2.0,7,12,1030,1,1,1,1,2,1,7,2,2
27399,201600012102,2.0,2,1,2,11.0,0.0,0.0,0.0,1944.0,B02,1.0,7,0,0.0,2.0,4.0,2.0,7,12,1030,1,1,1,1,2,1,7,2,2
27400,201600012103,1.0,1,3,1,11.0,0.0,0.0,0.0,1951.0,A01,1.0,7,0,3.0,0.0,4.0,0.0,8,17,1845,1,1,1,3,6,4,7,2,2
27401,201600012104,1.0,1,4,1,21.0,0.0,0.0,0.0,1987.0,A01,2.0,33,0,4.0,0.0,3.0,0.0,9,27,745,1,1,1,1,6,1,33,1,1
27402,201600012105,1.0,1,1,1,11.0,0.0,0.0,0.0,1982.0,A01,2.0,7,0,0.0,2.0,2.0,2.0,11,1,1745,3,1,1,1,2,3,7,2,2
27403,201600012105,1.0,1,4,2,11.0,0.0,0.0,0.0,1981.0,B02,2.0,7,0,0.0,0.0,3.0,2.0,11,1,1745,3,1,1,1,2,3,7,2,2
27404,201600012106,1.0,1,4,2,11.0,0.0,0.0,0.0,1983.0,B02,2.0,7,0,0.0,2.0,9.0,2.0,12,15,915,1,1,1,1,4,1,7,2,2
27405,201600012106,1.0,1,1,1,11.0,0.0,0.0,0.0,1946.0,C03,2.0,7,0,0.0,2.0,1.0,2.0,12,15,915,1,1,1,1,4,1,7,2,2
27406,201600012106,2.0,2,1,2,11.0,0.0,0.0,0.0,1945.0,C03,2.0,7,0,0.0,2.0,1.0,2.0,12,15,915,1,1,1,1,4,1,7,2,2
27407,201600012106,1.0,1,1,2,11.0,0.0,0.0,0.0,1955.0,A01,2.0,7,0,0.0,2.0,4.0,1.0,12,15,915,1,1,1,1,4,1,7,2,2
27408,201600012107,1.0,1,3,1,21.0,0.0,0.0,0.0,1950.0,A01,1.0,33,0,12.0,0.0,1.0,1.0,4,25,1900,1,1,1,1,7,4,33,1,1
27409,201600012108,1.0,1,1,1,11.0,0.0,0.0,0.0,1976.0,A01,2.0,10,0,0.0,2.0,1.0,1.0,5,4,830,1,1,1,1,2,1,10,2,2
27410,201600012108,1.0,1,4,1,11.0,0.0,0.0,0.0,1980.0,B02,2.0,10,0,0.0,2.0,4.0,1.0,5,4,830,1,1,1,1,2,1,10,2,2
27411,201600012109,1.0,1,4,1,11.0,0.0,0.0,0.0,1974.0,A01,1.0,17,0,3.0,0.0,7.0,1.0,5,4,2200,3,1,9,1,7,5,17,3,3
27412,201600012110,1.0,1,1,2,11.0,0.0,0.0,0.0,1986.0,B02,1.0,7,0,0.0,2.0,4.0,2.0,5,4,1545,1,1,1,1,2,3,33,2,1
27413,201600012110,2.0,2,1,1,11.0,0.0,0.0,0.0,1961.0,B02,1.0,7,0,0.0,2.0,4.0,2.0,5,4,1545,1,1,1,1,2,3,33,2,1
27414,201600012110,1.0,1,3,1,21.0,0.0,0.0,0.0,1991.0,A01,1.0,33,0,0.0,2.0,1.0,2.0,5,4,1545,1,1,1,1,2,3,7,1,2
27415,201600012111,1.0,1,1,1,11.0,0.0,0.0,0.0,1950.0,A01,2.0,7,0,0.0,2.0,1.0,2.0,7,10,1000,1,1,1,1,2,1,7,2,2
27416,201600012111,2.0,2,4,2,11.0,0.0,0.0,0.0,1953.0,A01,2.0,7,0,0.0,2.0,1.0,2.0,7,10,1000,1,1,1,1,2,1,7,2,2
27417,201600012111,1.0,1,1,1,11.0,0.0,0.0,0.0,1973.0,B02,2.0,7,0,0.0,0.0,4.0,23.0,7,10,1000,1,1,1,1,2,1,7,2,2
27418,201600012111,2.0,2,1,1,11.0,0.0,0.0,0.0,2000.0,B02,2.0,7,0,0.0,0.0,4.0,23.0,7,10,1000,1,1,1,1,2,1,7,2,2
27419,201600012111,5.0,2,1,1,11.0,0.0,0.0,0.0,1997.0,B02,2.0,7,0,0.0,0.0,4.0,23.0,7,10,1000,1,1,1,1,2,1,7,2,2
27420,201600012111,5.0,2,1,2,11.0,0.0,0.0,0.0,1998.0,B02,2.0,7,0,0.0,0.0,4.0,23.0,7,10,1000,1,1,1,1,2,1,7,2,2
27421,201600012111,5.0,2,1,2,11.0,0.0,0.0,0.0,2002.0,B02,2.0,7,0,0.0,0.0,4.0,23.0,7,10,1000,1,1,1,1,2,1,7,2,2
27422,201600012112,1.0,1,4,2,11.0,0.0,0.0,0.0,1995.0,A01,2.0,7,0,0.0,2.0,4.0,2.0,7,18,1215,1,1,1,1,4,2,7,2,2
27423,201600012112,1.0,1,1,1,11.0,0.0,0.0,0.0,1981.0,B02,2.0,7,0,0.0,2.0,4.0,2.0,7,18,1215,1,1,1,1,4,2,7,2,2
27424,201600012112,1.0,1,1,2,11.0,0.0,0.0,0.0,1981.0,C03,2.0,7,0,0.0,2.0,1.0,2.0,7,18,1215,1,1,1,1,4,2,7,2,2
27425,201600012113,1.0,1,1,2,11.0,0.0,0.0,0.0,1957.0,B02,2.0,7,0,0.0,2.0,1.0,2.0,8,5,1045,1,1,1,1,2,1,7,2,2
27426,201600012113,2.0,2,4,2,11.0,0.0,0.0,0.0,1963.0,A01,2.0,7,0,0.0,0.0,4.0,2.0,8,5,1045,1,1,1,1,2,1,7,2,2
27427,201600012113,1.0,1,1,1,11.0,0.0,0.0,0.0,1942.0,A01,2.0,7,0,0.0,0.0,4.0,2.0,8,5,1045,1,1,1,1,2,1,7,2,2
27428,201600012114,1.0,1,1,2,11.0,0.0,0.0,0.0,1997.0,A01,2.0,7,0,0.0,2.0,4.0,2.0,8,5,1000,1,1,1,1,6,1,7,2,2
27429,201600012114,1.0,1,3,1,11.0,0.0,0.0,0.0,1989.0,C03,2.0,7,0,0.0,2.0,1.0,2.0,8,5,1000,1,1,1,1,6,1,7,2,2
27430,201600012114,1.0,1,1,1,11.0,0.0,0.0,0.0,1990.0,D04,2.0,7,0,0.0,2.0,1.0,2.0,8,5,1000,1,1,1,1,6,1,7,2,2
27431,201600012114,1.0,1,1,1,11.0,0.0,0.0,0.0,1972.0,B02,2.0,7,0,0.0,2.0,4.0,2.0,8,5,1000,1,1,1,1,6,1,7,2,2
27432,201600012115,1.0,1,3,1,21.0,0.0,0.0,0.0,1990.0,A01,2.0,33,0,3.0,0.0,8.0,16.0,8,7,2345,1,1,1,1,6,5,33,1,1
27433,201600012116,1.0,1,4,1,11.0,0.0,0.0,0.0,1987.0,A01,2.0,7,0,4.0,0.0,3.0,1.0,8,18,800,2,1,1,2,6,1,7,2,2
27434,201600012117,2.0,2,1,1,11.0,0.0,0.0,0.0,1978.0,A01,1.0,7,0,3.0,0.0,3.0,1.0,10,15,1700,1,1,1,1,6,3,7,2,2
27435,201600012117,1.0,1,3,1,11.0,0.0,0.0,0.0,1970.0,A01,1.0,7,0,3.0,0.0,3.0,1.0,10,15,1700,1,1,1,1,6,3,7,2,2
27436,201600012118,1.0,1,4,2,11.0,0.0,0.0,0.0,1991.0,A01,1.0,7,0,4.0,0.0,9.0,1.0,11,7,1,3,1,1,3,6,0,7,2,2
27437,201600012118,2.0,2,4,1,11.0,0.0,0.0,0.0,1986.0,A01,1.0,7,0,4.0,0.0,9.0,1.0,11,7,1,3,1,1,3,6,0,7,2,2
27438,201600012118,3.0,2,1,2,11.0,0.0,0.0,0.0,1996.0,A01,1.0,7,0,4.0,0.0,9.0,1.0,11,7,1,3,1,1,3,6,0,7,2,2
27439,201600012119,1.0,1,1,1,11.0,0.0,0.0,0.0,1979.0,A01,1.0,7,0,0.0,1.0,2.0,2.0,12,6,2215,3,1,1,1,6,5,7,2,2
27440,201600012119,0.0,3,2,1,0.0,1.0,1.0,1.0,1975.0,A01,1.0,7,0,0.0,1.0,2.0,2.0,12,6,2215,3,1,1,1,6,5,7,2,2
27441,201600012120,1.0,1,3,1,92.0,0.0,0.0,0.0,1925.0,B01,2.0,1,0,0.0,2.0,7.0,1.0,5,3,900,1,2,3,1,3,1,7,1,2
27442,201600012120,1.0,1,1,1,11.0,0.0,0.0,0.0,1969.0,A01,1.0,7,0,0.0,2.0,1.0,15.0,5,3,900,1,2,3,1,3,1,1,2,1
27443,201600012121,1.0,1,4,1,11.0,0.0,0.0,0.0,1971.0,A01,0.0,7,0,0.0,2.0,3.0,16.0,7,8,1120,1,2,3,1,3,1,7,2,2
27444,201600012121,2.0,2,1,2,11.0,0.0,0.0,0.0,1951.0,B01,1.0,7,0,0.0,0.0,8.0,23.0,7,8,1120,1,2,3,1,3,1,7,2,2
27445,201600012121,1.0,1,4,1,11.0,0.0,0.0,0.0,1947.0,B01,1.0,7,0,0.0,0.0,8.0,23.0,7,8,1120,1,2,3,1,3,1,7,2,2
27446,201600012122,1.0,1,1,2,11.0,0.0,0.0,0.0,1990.0,A01,1.0,7,0,0.0,1.0,4.0,4.0,9,6,920,1,2,1,1,6,1,7,2,2
27447,201600012122,0.0,3,3,2,0.0,0.0,2.0,1.0,1937.0,A01,1.0,7,0,0.0,1.0,4.0,4.0,9,6,920,1,2,1,1,6,1,7,2,2
27448,201600012123,1.0,1,1,1,11.0,0.0,0.0,0.0,1978.0,A01,2.0,38,1,0.0,1.0,1.0,16.0,11,29,1600,1,2,2,7,6,3,38,3,3
27449,201600012123,0.0,3,3,2,0.0,3.0,3.0,1.0,1962.0,A01,2.0,38,1,0.0,1.0,1.0,16.0,11,29,1600,1,2,2,7,6,3,38,3,3
27450,201600012124,1.0,1,3,1,21.0,0.0,0.0,0.0,1977.0,B02,2.0,33,0,0.0,2.0,1.0,0.0,3,16,1230,1,1,1,1,1,2,7,1,2
27451,201600012124,1.0,1,4,1,11.0,0.0,0.0,0.0,1930.0,A01,1.0,7,0,0.0,2.0,3.0,5.0,3,16,1230,1,1,1,1,1,2,33,2,1
27452,201600012125,5.0,2,4,1,11.0,0.0,0.0,0.0,1991.0,A01,2.0,7,0,4.0,0.0,3.0,21.0,3,30,2230,3,1,1,8,6,5,7,2,2
27453,201600012125,2.0,2,3,1,11.0,0.0,0.0,0.0,1995.0,A01,2.0,7,0,4.0,0.0,3.0,21.0,3,30,2230,3,1,1,8,6,5,7,2,2
27454,201600012125,1.0,1,3,1,11.0,0.0,0.0,0.0,1996.0,A01,2.0,7,0,4.0,0.0,3.0,21.0,3,30,2230,3,1,1,8,6,5,7,2,2
27455,201600012126,1.0,1,1,1,11.0,0.0,0.0,0.0,1970.0,B02,1.0,17,0,0.0,0.0,6.0,1.0,4,26,2245,3,1,1,8,2,5,7,3,2
27456,201600012126,1.0,1,1,1,11.0,0.0,0.0,0.0,1982.0,A01,1.0,7,0,0.0,2.0,1.0,17.0,4,26,2245,3,1,1,8,2,5,17,2,3
27457,201600012126,2.0,2,3,1,11.0,0.0,0.0,0.0,1979.0,A01,1.0,7,0,0.0,2.0,1.0,17.0,4,26,2245,3,1,1,8,2,5,17,2,3
27458,201600012127,1.0,1,2,1,13.0,0.0,0.0,0.0,1961.0,C03,2.0,15,0,0.0,2.0,6.0,1.0,5,21,1015,1,1,1,1,5,1,10,3,2
27459,201600012127,5.0,2,1,1,11.0,0.0,0.0,0.0,1990.0,B02,2.0,10,0,0.0,2.0,5.0,1.0,5,21,1015,1,1,1,1,5,1,7,2,2
27460,201600012127,5.0,2,1,1,11.0,0.0,0.0,0.0,1976.0,B02,2.0,10,0,0.0,2.0,5.0,1.0,5,21,1015,1,1,1,1,5,1,7,2,2
27461,201600012127,2.0,2,1,1,11.0,0.0,0.0,0.0,1986.0,B02,2.0,10,0,0.0,2.0,5.0,1.0,5,21,1015,1,1,1,1,5,1,7,2,2
27462,201600012127,1.0,1,1,1,11.0,0.0,0.0,0.0,1995.0,B02,2.0,10,0,0.0,2.0,5.0,1.0,5,21,1015,1,1,1,1,5,1,7,2,2
27463,201600012127,2.0,2,1,1,11.0,0.0,0.0,0.0,1992.0,A01,2.0,7,0,0.0,2.0,2.0,3.0,5,21,1015,1,1,1,1,5,1,10,2,2
27464,201600012127,5.0,2,1,2,11.0,0.0,0.0,0.0,1992.0,A01,2.0,7,0,0.0,2.0,2.0,3.0,5,21,1015,1,1,1,1,5,1,10,2,2
27465,201600012127,5.0,2,1,2,11.0,0.0,0.0,0.0,1991.0,A01,2.0,7,0,0.0,2.0,2.0,3.0,5,21,1015,1,1,1,1,5,1,10,2,2
27466,201600012127,1.0,1,1,1,11.0,0.0,0.0,0.0,1990.0,A01,2.0,7,0,0.0,2.0,2.0,3.0,5,21,1015,1,1,1,1,5,1,10,2,2
27467,201600012128,1.0,1,4,1,11.0,0.0,0.0,0.0,1995.0,A01,2.0,17,0,3.0,0.0,7.0,0.0,7,13,1245,1,1,1,1,6,2,17,3,3
27468,201600012129,1.0,1,3,1,11.0,0.0,0.0,0.0,1957.0,B02,2.0,7,0,0.0,2.0,4.0,2.0,7,15,1445,1,1,1,1,6,3,14,2,3
27469,201600012129,1.0,1,1,1,11.0,0.0,0.0,0.0,1968.0,A01,2.0,14,0,0.0,2.0,2.0,2.0,7,15,1445,1,1,1,1,6,3,7,3,2
27470,201600012130,1.0,1,1,1,11.0,0.0,0.0,0.0,1972.0,B02,2.0,10,0,0.0,1.0,1.0,1.0,9,19,2130,3,1,1,1,5,4,7,2,2
27471,201600012130,1.0,1,1,2,11.0,0.0,0.0,0.0,1992.0,C03,2.0,7,0,0.0,1.0,1.0,21.0,9,19,2130,3,1,1,1,5,4,10,2,2
27472,201600012130,1.0,1,1,1,11.0,0.0,0.0,0.0,1978.0,D04,2.0,7,0,0.0,1.0,1.0,1.0,9,19,2130,3,1,1,1,5,4,10,2,2
27473,201600012130,1.0,1,1,1,11.0,0.0,0.0,0.0,1961.0,A01,2.0,10,0,0.0,1.0,3.0,1.0,9,19,2130,3,1,1,1,5,4,7,2,2
27474,201600012130,0.0,3,2,1,0.0,1.0,3.0,1.0,1976.0,A01,2.0,10,0,0.0,1.0,3.0,1.0,9,19,2130,3,1,1,1,5,4,7,2,2
27475,201600012131,1.0,1,1,1,11.0,0.0,0.0,0.0,1968.0,A01,2.0,15,0,0.0,1.0,2.0,1.0,10,8,400,3,1,1,1,6,0,15,3,3
27476,201600012131,0.0,3,2,1,0.0,1.0,3.0,1.0,1994.0,A01,2.0,15,0,0.0,1.0,2.0,1.0,10,8,400,3,1,1,1,6,0,15,3,3
27477,201600012132,2.0,2,3,1,13.0,0.0,0.0,0.0,1977.0,B02,1.0,10,0,0.0,2.0,4.0,2.0,11,2,715,2,1,1,1,2,1,7,2,2
27478,201600012132,1.0,1,3,1,13.0,0.0,0.0,0.0,1983.0,B02,1.0,10,0,0.0,2.0,4.0,2.0,11,2,715,2,1,1,1,2,1,7,2,2
27479,201600012132,1.0,1,3,1,13.0,0.0,0.0,0.0,1963.0,A01,1.0,7,0,0.0,2.0,1.0,2.0,11,2,715,2,1,1,1,2,1,10,2,2
27480,201600012133,1.0,1,3,2,11.0,0.0,0.0,0.0,1985.0,A01,1.0,7,0,0.0,2.0,2.0,17.0,12,8,2030,3,1,1,1,2,4,17,2,3
27481,201600012133,1.0,1,1,1,11.0,0.0,0.0,0.0,1963.0,B02,1.0,17,0,0.0,2.0,6.0,1.0,12,8,2030,3,1,1,1,2,4,7,3,2
27482,201600012134,1.0,1,2,1,11.0,0.0,0.0,0.0,1961.0,A01,2.0,7,0,6.0,0.0,1.0,1.0,12,13,900,1,1,1,2,6,1,7,2,2
27483,201600012135,1.0,1,3,2,11.0,0.0,0.0,0.0,1958.0,A01,1.0,7,0,3.0,0.0,8.0,0.0,12,20,1145,1,1,1,1,6,1,7,2,2
27484,201600012135,5.0,2,1,2,11.0,0.0,0.0,0.0,2012.0,A01,1.0,7,0,3.0,0.0,8.0,0.0,12,20,1145,1,1,1,1,6,1,7,2,2
27485,201600012135,5.0,2,1,2,11.0,0.0,0.0,0.0,2014.0,A01,1.0,7,0,3.0,0.0,8.0,0.0,12,20,1145,1,1,1,1,6,1,7,2,2
27486,201600012136,1.0,1,2,1,11.0,0.0,0.0,0.0,1994.0,A01,2.0,7,0,13.0,0.0,2.0,0.0,12,26,445,3,1,1,2,6,0,7,2,2
27487,201600012137,1.0,1,1,1,11.0,0.0,0.0,0.0,1994.0,A01,2.0,17,0,0.0,2.0,1.0,2.0,1,15,1145,1,1,1,1,4,1,10,3,2
27488,201600012137,1.0,1,1,1,11.0,0.0,0.0,0.0,1980.0,D04,2.0,17,0,0.0,0.0,4.0,2.0,1,15,1145,1,1,1,1,4,1,10,3,2
27489,201600012137,1.0,1,4,1,11.0,0.0,0.0,0.0,1991.0,B02,2.0,10,0,0.0,0.0,4.0,2.0,1,15,1145,1,1,1,1,4,1,17,2,3
27490,201600012137,1.0,1,4,1,11.0,0.0,0.0,0.0,1984.0,C03,2.0,10,0,0.0,2.0,4.0,2.0,1,15,1145,1,1,1,1,4,1,17,2,3
27491,201600012138,2.0,2,3,2,11.0,0.0,0.0,0.0,2004.0,A01,1.0,7,0,13.0,0.0,2.0,1.0,4,20,1015,1,1,1,1,6,1,7,2,2
27492,201600012138,1.0,1,2,2,11.0,0.0,0.0,0.0,1968.0,A01,1.0,7,0,13.0,0.0,2.0,1.0,4,20,1015,1,1,1,1,6,1,7,2,2
27493,201600012139,1.0,1,2,2,12.0,0.0,0.0,0.0,1949.0,A01,2.0,7,0,3.0,0.0,1.0,13.0,5,7,2100,2,1,1,1,7,4,7,2,2
27494,201600012139,3.0,2,3,2,11.0,0.0,0.0,0.0,1990.0,A01,2.0,7,0,3.0,0.0,1.0,13.0,5,7,2100,2,1,1,1,7,4,7,2,2
27495,201600012140,1.0,1,3,1,11.0,0.0,0.0,0.0,1996.0,A01,2.0,17,0,3.0,0.0,0.0,0.0,8,22,600,2,1,1,1,7,1,17,3,3
27496,201600012141,1.0,1,3,1,21.0,0.0,0.0,0.0,1987.0,A01,1.0,33,0,1.0,0.0,2.0,1.0,2,25,1215,1,1,1,1,6,2,33,1,1
27497,201600012142,1.0,1,3,2,11.0,0.0,0.0,0.0,1981.0,A01,0.0,7,0,0.0,2.0,3.0,1.0,10,14,2030,3,2,1,2,1,4,7,2,2
27498,201600012142,1.0,1,1,1,11.0,0.0,0.0,0.0,1997.0,B02,0.0,7,0,0.0,2.0,3.0,13.0,10,14,2030,3,2,1,2,1,4,7,2,2
27499,201600012143,1.0,1,1,1,13.0,0.0,0.0,0.0,1956.0,B02,0.0,15,0,0.0,0.0,4.0,24.0,10,19,130,3,1,1,2,2,0,15,3,3
27500,201600012143,1.0,1,3,1,11.0,0.0,0.0,0.0,1965.0,A01,2.0,15,0,1.0,0.0,1.0,1.0,10,19,130,3,1,1,2,2,0,15,3,3
27501,201600012144,1.0,1,1,2,11.0,0.0,0.0,0.0,1964.0,B02,0.0,7,0,0.0,2.0,3.0,17.0,11,21,1600,1,2,1,8,1,3,30,2,1
27502,201600012144,1.0,1,4,1,21.0,0.0,0.0,0.0,1998.0,A01,0.0,30,0,0.0,2.0,1.0,1.0,11,21,1600,1,2,1,8,1,3,7,1,2
27503,201600012145,1.0,1,3,1,11.0,0.0,0.0,0.0,1995.0,A01,1.0,7,0,2.0,0.0,1.0,17.0,11,29,2315,3,1,6,1,6,5,7,2,2
27504,201600012146,1.0,1,3,2,11.0,0.0,0.0,0.0,1934.0,A01,0.0,7,0,0.0,2.0,7.0,13.0,12,10,1830,3,2,1,2,1,4,7,2,2
27505,201600012146,1.0,1,1,1,13.0,0.0,0.0,0.0,1967.0,B02,0.0,7,0,0.0,2.0,3.0,1.0,12,10,1830,3,2,1,2,1,4,7,2,2
27506,201600012146,2.0,2,1,2,13.0,0.0,0.0,0.0,1964.0,B02,0.0,7,0,0.0,2.0,3.0,1.0,12,10,1830,3,2,1,2,1,4,7,2,2
27507,201600012147,1.0,1,4,1,91.0,0.0,0.0,0.0,1979.0,B02,0.0,38,1,0.0,2.0,2.0,1.0,6,20,1315,1,2,1,1,1,2,10,3,2
27508,201600012147,1.0,1,4,2,11.0,0.0,0.0,0.0,1997.0,A01,0.0,10,0,0.0,2.0,2.0,15.0,6,20,1315,1,2,1,1,1,2,38,2,3
27509,201600012148,1.0,1,3,1,11.0,0.0,0.0,0.0,1958.0,A01,1.0,7,0,0.0,2.0,1.0,13.0,8,23,1345,1,1,1,1,1,2,14,2,3
27510,201600012148,1.0,1,1,1,11.0,0.0,0.0,0.0,1963.0,B02,2.0,14,0,0.0,2.0,3.0,1.0,8,23,1345,1,1,1,1,1,2,7,3,2
27511,201600012149,1.0,1,1,1,11.0,0.0,0.0,0.0,1976.0,B02,2.0,7,0,0.0,2.0,7.0,1.0,2,27,1030,1,1,1,1,3,1,33,2,1
27512,201600012149,1.0,1,3,1,21.0,0.0,0.0,0.0,1956.0,A01,1.0,33,0,0.0,2.0,1.0,11.0,2,27,1030,1,1,1,1,3,1,7,1,2
27513,201600012150,1.0,1,1,1,12.0,0.0,0.0,0.0,1950.0,A01,0.0,7,0,0.0,1.0,6.0,20.0,5,10,1015,1,2,1,1,6,1,7,2,2
27514,201600012150,0.0,3,3,1,0.0,0.0,9.0,2.0,1931.0,A01,0.0,7,0,0.0,1.0,6.0,20.0,5,10,1015,1,2,1,1,6,1,7,2,2
27515,201600012151,0.0,3,3,2,0.0,4.0,3.0,1.0,1984.0,A01,0.0,7,0,0.0,1.0,3.0,15.0,5,23,915,1,2,9,3,6,1,7,2,2
27516,201600012151,1.0,1,1,2,11.0,0.0,0.0,0.0,1984.0,A01,0.0,7,0,0.0,1.0,3.0,15.0,5,23,915,1,2,9,3,6,1,7,2,2
27517,201600012152,1.0,1,3,1,11.0,0.0,0.0,0.0,1982.0,A01,2.0,7,0,0.0,2.0,1.0,17.0,11,15,1815,5,2,2,1,1,4,7,2,2
27518,201600012152,1.0,1,4,1,11.0,0.0,0.0,0.0,1972.0,B02,1.0,7,0,0.0,2.0,7.0,15.0,11,15,1815,5,2,2,1,1,4,7,2,2
27519,201600012153,1.0,1,3,1,11.0,0.0,0.0,0.0,1970.0,A01,2.0,7,0,6.0,0.0,3.0,0.0,12,21,745,2,2,1,5,6,1,7,2,2
27520,201600012154,1.0,1,1,1,11.0,0.0,0.0,0.0,1935.0,A01,2.0,7,0,0.0,1.0,2.0,1.0,12,24,1630,1,2,1,1,6,3,7,2,2
27521,201600012154,0.0,3,4,1,0.0,4.0,3.0,2.0,2008.0,A01,2.0,7,0,0.0,1.0,2.0,1.0,12,24,1630,1,2,1,1,6,3,7,2,2
27522,201600012155,1.0,1,4,2,21.0,0.0,0.0,0.0,2001.0,B02,2.0,1,0,0.0,2.0,1.0,2.0,7,27,1600,1,2,1,1,7,3,1,1,1
27523,201600012155,1.0,1,3,2,21.0,0.0,0.0,0.0,1988.0,A01,2.0,1,0,0.0,0.0,1.0,2.0,7,27,1600,1,2,1,1,7,3,1,1,1