,Num_Acc,place,catu,grav,sexe,secu,locp,actp,etatp,an_nais,num_veh,senc,catv,occutc,obs,obsm,choc,manv,mois,jour,hrmn,lum,agg,int,atm,col,mom,catvopp,catv_gen,catvopp_gen
27524,201600012156,1.0,1,3,1,21.0,0.0,0.0,0.0,1949.0,B02,2.0,1,0,0.0,2.0,6.0,1.0,8,18,1600,1,1,1,1,1,3,7,1,2
27525,201600012156,1.0,1,1,2,11.0,0.0,0.0,0.0,1937.0,A01,1.0,7,0,0.0,9.0,1.0,15.0,8,18,1600,1,1,1,1,1,3,1,2,1
27526,201600012157,1.0,1,4,2,11.0,0.0,0.0,0.0,1986.0,A01,2.0,7,0,0.0,2.0,1.0,1.0,11,30,1515,1,2,1,1,3,3,7,2,2
27527,201600012157,1.0,1,1,2,11.0,0.0,0.0,0.0,1986.0,B02,1.0,7,0,0.0,2.0,3.0,19.0,11,30,1515,1,2,1,1,3,3,7,2,2
27528,201600012158,1.0,1,1,2,11.0,0.0,0.0,0.0,1984.0,A01,1.0,7,0,3.0,2.0,3.0,13.0,12,31,1300,1,1,1,1,1,2,7,2,2
27529,201600012158,1.0,1,4,1,11.0,0.0,0.0,0.0,1980.0,B02,2.0,7,0,3.0,2.0,3.0,1.0,12,31,1300,1,1,1,1,1,2,7,2,2
27530,201600012158,2.0,2,4,2,11.0,0.0,0.0,0.0,1979.0,B02,2.0,7,0,3.0,2.0,3.0,1.0,12,31,1300,1,1,1,1,1,2,7,2,2
27531,201600012158,3.0,2,4,2,11.0,0.0,0.0,0.0,2014.0,B02,2.0,7,0,3.0,2.0,3.0,1.0,12,31,1300,1,1,1,1,1,2,7,2,2
27532,201600012158,4.0,2,4,1,11.0,0.0,0.0,0.0,2009.0,B02,2.0,7,0,3.0,2.0,3.0,1.0,12,31,1300,1,1,1,1,1,2,7,2,2
27533,201600012159,1.0,1,1,1,11.0,0.0,0.0,0.0,1989.0,C03,0.0,38,23,0.0,2.0,3.0,1.0,10,11,745,2,1,1,1,5,1,7,3,2
27534,201600012159,1.0,1,4,1,21.0,0.0,0.0,0.0,1999.0,B02,0.0,30,0,0.0,2.0,1.0,1.0,10,11,745,2,1,1,1,5,1,7,1,2
27535,201600012159,1.0,1,1,2,11.0,0.0,0.0,0.0,1979.0,A01,0.0,7,0,0.0,2.0,2.0,17.0,10,11,745,2,1,1,1,5,1,38,2,3
27536,201600012160,1.0,1,1,1,11.0,0.0,0.0,0.0,1967.0,B02,2.0,37,12,0.0,2.0,8.0,1.0,10,26,745,2,2,3,5,5,1,20,3,0
27537,201600012160,1.0,1,3,1,11.0,0.0,0.0,0.0,1982.0,C03,1.0,20,0,0.0,2.0,2.0,1.0,10,26,745,2,2,3,5,5,1,37,0,3
27538,201600012160,1.0,1,3,1,21.0,0.0,0.0,0.0,1998.0,A01,1.0,31,0,0.0,2.0,1.0,1.0,10,26,745,2,2,3,5,5,1,20,1,0
27539,201600012161,1.0,1,4,2,11.0,0.0,0.0,0.0,1985.0,A01,1.0,7,0,5.0,2.0,0.0,1.0,4,8,1615,1,1,1,1,6,3,10,2,2
27540,201600012161,2.0,2,1,2,11.0,0.0,0.0,0.0,1981.0,B02,1.0,10,0,0.0,2.0,3.0,1.0,4,8,1615,1,1,1,1,6,3,7,2,2
27541,201600012161,1.0,1,1,1,11.0,0.0,0.0,0.0,1979.0,B02,1.0,10,0,0.0,2.0,3.0,1.0,4,8,1615,1,1,1,1,6,3,7,2,2
27542,201600012162,1.0,1,4,1,11.0,0.0,0.0,0.0,1998.0,A01,1.0,10,0,3.0,0.0,1.0,1.0,8,19,2045,2,1,1,9,6,4,10,2,2
27543,201600012162,2.0,2,4,2,11.0,0.0,0.0,0.0,1993.0,A01,1.0,10,0,3.0,0.0,1.0,1.0,8,19,2045,2,1,1,9,6,4,10,2,2
27544,201600012162,5.0,2,4,2,11.0,0.0,0.0,0.0,1995.0,A01,1.0,10,0,3.0,0.0,1.0,1.0,8,19,2045,2,1,1,9,6,4,10,2,2
27545,201600012162,5.0,2,3,1,11.0,0.0,0.0,0.0,1995.0,A01,1.0,10,0,3.0,0.0,1.0,1.0,8,19,2045,2,1,1,9,6,4,10,2,2
27546,201600012162,5.0,2,3,1,11.0,0.0,0.0,0.0,1997.0,A01,1.0,10,0,3.0,0.0,1.0,1.0,8,19,2045,2,1,1,9,6,4,10,2,2
27547,201600012162,5.0,2,4,1,11.0,0.0,0.0,0.0,1998.0,A01,1.0,10,0,3.0,0.0,1.0,1.0,8,19,2045,2,1,1,9,6,4,10,2,2
27548,201600012162,5.0,2,4,1,11.0,0.0,0.0,0.0,1999.0,A01,1.0,10,0,3.0,0.0,1.0,1.0,8,19,2045,2,1,1,9,6,4,10,2,2
27549,201600012162,6.0,2,4,1,11.0,0.0,0.0,0.0,1991.0,A01,1.0,10,0,3.0,0.0,1.0,1.0,8,19,2045,2,1,1,9,6,4,10,2,2
27550,201600012163,1.0,1,1,1,11.0,0.0,0.0,0.0,1969.0,B02,2.0,38,0,3.0,2.0,3.0,0.0,5,17,1515,1,1,1,1,1,3,33,3,1
27551,201600012163,1.0,1,4,1,21.0,0.0,0.0,0.0,1964.0,A01,1.0,33,0,0.0,2.0,3.0,1.0,5,17,1515,1,1,1,1,1,3,38,1,3
27552,201600012164,1.0,1,1,1,11.0,0.0,0.0,0.0,1971.0,A01,2.0,7,0,13.0,0.0,2.0,1.0,6,11,1600,1,1,1,3,6,3,7,2,2
27553,201600012164,2.0,2,1,2,11.0,0.0,0.0,0.0,1970.0,A01,2.0,7,0,13.0,0.0,2.0,1.0,6,11,1600,1,1,1,3,6,3,7,2,2
27554,201600012164,3.0,2,1,2,11.0,0.0,0.0,0.0,1996.0,A01,2.0,7,0,13.0,0.0,2.0,1.0,6,11,1600,1,1,1,3,6,3,7,2,2
27555,201600012164,4.0,2,3,1,12.0,0.0,0.0,0.0,1999.0,A01,2.0,7,0,13.0,0.0,2.0,1.0,6,11,1600,1,1,1,3,6,3,7,2,2
27556,201600012165,1.0,1,3,1,13.0,0.0,0.0,0.0,1966.0,A01,2.0,15,0,4.0,0.0,1.0,1.0,10,31,2143,3,1,1,1,6,4,15,3,3
27557,201600012166,1.0,1,3,1,11.0,0.0,0.0,0.0,1985.0,A01,2.0,17,0,0.0,2.0,1.0,2.0,11,22,1430,1,1,1,2,4,3,17,3,3
27558,201600012166,1.0,1,1,1,11.0,0.0,0.0,0.0,1987.0,C03,2.0,17,0,0.0,2.0,4.0,2.0,11,22,1430,1,1,1,2,4,3,17,3,3
27559,201600012166,1.0,1,1,1,11.0,0.0,0.0,0.0,1985.0,D04,2.0,17,0,0.0,2.0,4.0,2.0,11,22,1430,1,1,1,2,4,3,17,3,3
27560,201600012166,1.0,1,1,1,11.0,0.0,0.0,0.0,1975.0,B02,2.0,17,0,0.0,2.0,4.0,2.0,11,22,1430,1,1,1,2,4,3,17,3,3
27561,201600012167,9.0,2,1,1,13.0,0.0,0.0,0.0,1987.0,C01,2.0,7,0,0.0,2.0,8.0,1.0,12,18,1830,3,1,1,1,4,4,3,2,0
27562,201600012167,1.0,1,4,1,13.0,0.0,0.0,0.0,1996.0,C01,2.0,7,0,0.0,2.0,8.0,1.0,12,18,1830,3,1,1,1,4,4,3,2,0
27563,201600012167,2.0,2,1,1,13.0,0.0,0.0,0.0,1983.0,C01,2.0,7,0,0.0,2.0,8.0,1.0,12,18,1830,3,1,1,1,4,4,3,2,0
27564,201600012167,1.0,1,2,1,11.0,0.0,0.0,0.0,1934.0,A01,1.0,3,0,3.0,2.0,3.0,5.0,12,18,1830,3,1,1,1,4,4,7,0,2
27565,201600012167,2.0,2,3,2,11.0,0.0,0.0,0.0,1938.0,A01,1.0,3,0,3.0,2.0,3.0,5.0,12,18,1830,3,1,1,1,4,4,7,0,2
27566,201600012167,1.0,1,4,1,11.0,0.0,0.0,0.0,1955.0,B01,2.0,7,0,0.0,2.0,3.0,1.0,12,18,1830,3,1,1,1,4,4,3,2,0
27567,201600012168,1.0,1,3,1,13.0,0.0,0.0,0.0,1986.0,A01,2.0,7,0,8.0,0.0,1.0,1.0,12,22,15,5,1,9,5,6,0,7,2,2
27568,201600012169,1.0,1,4,2,11.0,0.0,0.0,0.0,1967.0,A01,2.0,7,0,0.0,2.0,1.0,14.0,3,27,1800,1,1,1,2,2,4,7,2,2
27569,201600012169,1.0,1,3,1,11.0,0.0,0.0,0.0,1940.0,B02,2.0,7,0,0.0,2.0,4.0,1.0,3,27,1800,1,1,1,2,2,4,7,2,2
27570,201600012169,2.0,2,3,2,11.0,0.0,0.0,0.0,1946.0,B02,2.0,7,0,0.0,2.0,4.0,1.0,3,27,1800,1,1,1,2,2,4,7,2,2
27571,201600012170,4.0,2,4,2,11.0,0.0,0.0,0.0,2013.0,C03,2.0,7,0,0.0,2.0,1.0,21.0,5,21,1800,1,1,1,1,5,4,17,2,3
27572,201600012170,3.0,2,4,2,11.0,0.0,0.0,0.0,2009.0,C03,2.0,7,0,0.0,2.0,1.0,21.0,5,21,1800,1,1,1,1,5,4,17,2,3
27573,201600012170,1.0,1,4,1,11.0,0.0,0.0,0.0,1982.0,C03,2.0,7,0,0.0,2.0,1.0,21.0,5,21,1800,1,1,1,1,5,4,17,2,3
27574,201600012170,2.0,2,4,2,11.0,0.0,0.0,0.0,1971.0,C03,2.0,7,0,0.0,2.0,1.0,21.0,5,21,1800,1,1,1,1,5,4,17,2,3
27575,201600012170,1.0,1,1,1,11.0,0.0,0.0,0.0,1982.0,D04,2.0,17,0,0.0,2.0,8.0,21.0,5,21,1800,1,1,1,1,5,4,7,3,2
27576,201600012170,1.0,1,4,1,11.0,0.0,0.0,0.0,1973.0,A01,2.0,7,0,0.0,2.0,2.0,17.0,5,21,1800,1,1,1,1,5,4,17,2,3
27577,201600012170,1.0,1,4,1,11.0,0.0,0.0,0.0,1957.0,B02,1.0,7,0,0.0,2.0,1.0,21.0,5,21,1800,1,1,1,1,5,4,17,2,3
27578,201600012171,1.0,1,3,1,11.0,0.0,0.0,0.0,1943.0,A01,2.0,7,0,13.0,0.0,9.0,1.0,5,25,1200,1,1,1,1,6,2,7,2,2
27579,201600012171,2.0,2,2,2,11.0,0.0,0.0,0.0,1944.0,A01,2.0,7,0,13.0,0.0,9.0,1.0,5,25,1200,1,1,1,1,6,2,7,2,2
27580,201600012172,1.0,1,3,1,11.0,0.0,0.0,0.0,1995.0,A01,1.0,7,0,13.0,6.0,1.0,2.0,6,7,1645,1,1,1,1,6,3,7,2,2
27581,201600012173,1.0,1,3,1,11.0,0.0,0.0,0.0,1995.0,A01,1.0,7,0,3.0,0.0,1.0,1.0,6,10,600,2,1,1,1,6,1,7,2,2
27582,201600012173,2.0,2,3,1,11.0,0.0,0.0,0.0,1992.0,A01,1.0,7,0,3.0,0.0,1.0,1.0,6,10,600,2,1,1,1,6,1,7,2,2
27583,201600012174,1.0,1,4,1,11.0,0.0,0.0,0.0,1977.0,C03,1.0,7,0,0.0,2.0,1.0,1.0,6,20,945,1,1,1,1,5,1,15,2,3
27584,201600012174,1.0,1,4,1,11.0,0.0,0.0,0.0,1965.0,A01,2.0,15,0,3.0,2.0,2.0,6.0,6,20,945,1,1,1,1,5,1,14,3,3
27585,201600012174,1.0,1,2,2,11.0,0.0,0.0,0.0,1966.0,B02,1.0,7,0,0.0,2.0,1.0,1.0,6,20,945,1,1,1,1,5,1,15,2,3
27586,201600012174,1.0,1,1,1,11.0,0.0,0.0,0.0,1987.0,D04,1.0,14,0,0.0,2.0,1.0,1.0,6,20,945,1,1,1,1,5,1,15,3,3
27587,201600012175,1.0,1,1,1,11.0,0.0,0.0,0.0,1969.0,B02,1.0,17,0,0.0,2.0,3.0,1.0,7,22,2345,3,1,1,1,1,5,7,3,2
27588,201600012175,1.0,1,2,1,12.0,0.0,0.0,0.0,1993.0,A01,2.0,7,0,0.0,2.0,3.0,1.0,7,22,2345,3,1,1,1,1,5,17,2,3
27589,201600012176,1.0,1,1,2,11.0,0.0,0.0,0.0,1962.0,A01,2.0,7,0,3.0,0.0,3.0,17.0,7,28,745,1,1,1,1,6,1,7,2,2
27590,201600012176,2.0,2,1,1,11.0,0.0,0.0,0.0,1964.0,A01,2.0,7,0,3.0,0.0,3.0,17.0,7,28,745,1,1,1,1,6,1,7,2,2
27591,201600012176,5.0,2,1,2,12.0,0.0,0.0,0.0,1992.0,A01,2.0,7,0,3.0,0.0,3.0,17.0,7,28,745,1,1,1,1,6,1,7,2,2
27592,201600012176,5.0,2,1,1,12.0,0.0,0.0,0.0,1993.0,A01,2.0,7,0,3.0,0.0,3.0,17.0,7,28,745,1,1,1,1,6,1,7,2,2
27593,201600012176,5.0,2,2,1,12.0,0.0,0.0,0.0,1996.0,A01,2.0,7,0,3.0,0.0,3.0,17.0,7,28,745,1,1,1,1,6,1,7,2,2
27594,201600012177,5.0,2,3,2,13.0,0.0,0.0,0.0,1983.0,A01,2.0,7,0,4.0,0.0,8.0,1.0,8,19,2200,3,1,1,1,6,5,7,2,2
27595,201600012177,1.0,1,3,1,13.0,0.0,0.0,0.0,1989.0,A01,2.0,7,0,4.0,0.0,8.0,1.0,8,19,2200,3,1,1,1,6,5,7,2,2
27596,201600012177,2.0,2,4,1,13.0,0.0,0.0,0.0,1962.0,A01,2.0,7,0,4.0,0.0,8.0,1.0,8,19,2200,3,1,1,1,6,5,7,2,2
27597,201600012177,5.0,2,4,2,13.0,0.0,0.0,0.0,2000.0,A01,2.0,7,0,4.0,0.0,8.0,1.0,8,19,2200,3,1,1,1,6,5,7,2,2
27598,201600012177,5.0,2,3,1,13.0,0.0,0.0,0.0,2000.0,A01,2.0,7,0,4.0,0.0,8.0,1.0,8,19,2200,3,1,1,1,6,5,7,2,2
27599,201600012177,5.0,2,3,1,13.0,0.0,0.0,0.0,2001.0,A01,2.0,7,0,4.0,0.0,8.0,1.0,8,19,2200,3,1,1,1,6,5,7,2,2
27600,201600012177,5.0,2,3,1,13.0,0.0,0.0,0.0,2006.0,A01,2.0,7,0,4.0,0.0,8.0,1.0,8,19,2200,3,1,1,1,6,5,7,2,2
27601,201600012177,6.0,2,3,2,13.0,0.0,0.0,0.0,1976.0,A01,2.0,7,0,4.0,0.0,8.0,1.0,8,19,2200,3,1,1,1,6,5,7,2,2
27602,201600012178,2.0,2,1,2,11.0,0.0,0.0,0.0,1965.0,A01,2.0,7,0,13.0,0.0,1.0,0.0,9,3,730,1,1,1,1,6,1,7,2,2
27603,201600012178,8.0,2,1,1,11.0,0.0,0.0,0.0,1998.0,A01,2.0,7,0,13.0,0.0,1.0,0.0,9,3,730,1,1,1,1,6,1,7,2,2
27604,201600012178,4.0,2,1,1,11.0,0.0,0.0,0.0,1991.0,A01,2.0,7,0,13.0,0.0,1.0,0.0,9,3,730,1,1,1,1,6,1,7,2,2
27605,201600012178,1.0,1,3,1,11.0,0.0,0.0,0.0,1953.0,A01,2.0,7,0,13.0,0.0,1.0,0.0,9,3,730,1,1,1,1,6,1,7,2,2
27606,201600012178,3.0,2,3,2,11.0,0.0,0.0,0.0,1985.0,A01,2.0,7,0,13.0,0.0,1.0,0.0,9,3,730,1,1,1,1,6,1,7,2,2
27607,201600012179,1.0,1,1,1,11.0,0.0,0.0,0.0,1996.0,A01,1.0,7,0,0.0,2.0,9.0,17.0,9,8,1545,1,1,1,1,3,3,15,2,3
27608,201600012179,2.0,2,1,1,11.0,0.0,0.0,0.0,1973.0,A01,1.0,7,0,0.0,2.0,9.0,17.0,9,8,1545,1,1,1,1,3,3,15,2,3
27609,201600012179,3.0,2,1,2,11.0,0.0,0.0,0.0,1972.0,A01,1.0,7,0,0.0,2.0,9.0,17.0,9,8,1545,1,1,1,1,3,3,15,2,3
27610,201600012179,4.0,2,1,2,11.0,0.0,0.0,0.0,1999.0,A01,1.0,7,0,0.0,2.0,9.0,17.0,9,8,1545,1,1,1,1,3,3,15,2,3
27611,201600012179,5.0,2,3,1,11.0,0.0,0.0,0.0,2010.0,A01,1.0,7,0,0.0,2.0,9.0,17.0,9,8,1545,1,1,1,1,3,3,15,2,3
27612,201600012179,1.0,1,1,1,11.0,0.0,0.0,0.0,1968.0,B02,1.0,15,0,0.0,0.0,0.0,1.0,9,8,1545,1,1,1,1,3,3,7,3,2
27613,201600012180,2.0,2,3,2,11.0,0.0,0.0,0.0,1975.0,A01,2.0,7,0,0.0,2.0,1.0,2.0,9,29,1715,1,1,1,1,5,3,14,2,3
27614,201600012180,1.0,1,1,1,11.0,0.0,0.0,0.0,1946.0,A01,2.0,7,0,0.0,2.0,1.0,2.0,9,29,1715,1,1,1,1,5,3,14,2,3
27615,201600012180,1.0,1,1,1,13.0,0.0,0.0,0.0,1945.0,C03,2.0,7,0,0.0,9.0,2.0,2.0,9,29,1715,1,1,1,1,5,3,14,2,3
27616,201600012180,1.0,1,1,1,11.0,0.0,0.0,0.0,1975.0,B02,2.0,14,0,0.0,2.0,4.0,2.0,9,29,1715,1,1,1,1,5,3,7,3,2
27617,201600012181,2.0,2,3,2,11.0,0.0,0.0,0.0,1947.0,A01,1.0,7,0,0.0,2.0,1.0,14.0,10,26,1715,1,1,1,1,2,3,15,2,3
27618,201600012181,1.0,1,4,1,11.0,0.0,0.0,0.0,1938.0,A01,1.0,7,0,0.0,2.0,1.0,14.0,10,26,1715,1,1,1,1,2,3,15,2,3
27619,201600012181,1.0,1,1,1,11.0,0.0,0.0,0.0,1963.0,B02,1.0,15,0,0.0,2.0,6.0,1.0,10,26,1715,1,1,1,1,2,3,7,3,2
27620,201600012182,1.0,1,1,1,11.0,0.0,0.0,0.0,1964.0,B02,1.0,14,0,0.0,2.0,1.0,1.0,7,22,1715,1,1,1,1,1,3,7,3,2
27621,201600012182,4.0,2,2,2,11.0,0.0,0.0,0.0,1958.0,A01,2.0,7,0,0.0,2.0,1.0,13.0,7,22,1715,1,1,1,1,1,3,14,2,3
27622,201600012182,2.0,2,3,2,11.0,0.0,0.0,0.0,1999.0,A01,2.0,7,0,0.0,2.0,1.0,13.0,7,22,1715,1,1,1,1,1,3,14,2,3
27623,201600012182,3.0,2,3,1,11.0,0.0,0.0,0.0,1965.0,A01,2.0,7,0,0.0,2.0,1.0,13.0,7,22,1715,1,1,1,1,1,3,14,2,3
27624,201600012182,1.0,1,2,1,11.0,0.0,0.0,0.0,1930.0,A01,2.0,7,0,0.0,2.0,1.0,13.0,7,22,1715,1,1,1,1,1,3,14,2,3
27625,201600012183,1.0,1,1,2,11.0,0.0,0.0,0.0,1950.0,B02,2.0,7,0,0.0,0.0,6.0,0.0,6,14,1430,1,1,1,1,2,3,10,2,2
27626,201600012183,2.0,2,4,1,13.0,0.0,0.0,0.0,1942.0,B02,2.0,7,0,0.0,0.0,6.0,0.0,6,14,1430,1,1,1,1,2,3,10,2,2
27627,201600012183,1.0,1,4,1,11.0,0.0,0.0,0.0,1987.0,A01,2.0,10,0,1.0,0.0,2.0,0.0,6,14,1430,1,1,1,1,2,3,7,2,2
27628,201600012184,8.0,2,1,2,11.0,0.0,0.0,0.0,2012.0,A01,1.0,7,0,13.0,0.0,1.0,1.0,7,8,1745,1,1,1,1,7,3,7,2,2
27629,201600012184,8.0,2,1,2,11.0,0.0,0.0,0.0,2010.0,A01,1.0,7,0,13.0,0.0,1.0,1.0,7,8,1745,1,1,1,1,7,3,7,2,2
27630,201600012184,4.0,2,1,2,11.0,0.0,0.0,0.0,2011.0,A01,1.0,7,0,13.0,0.0,1.0,1.0,7,8,1745,1,1,1,1,7,3,7,2,2
27631,201600012184,4.0,2,3,1,11.0,0.0,0.0,0.0,2006.0,A01,1.0,7,0,13.0,0.0,1.0,1.0,7,8,1745,1,1,1,1,7,3,7,2,2
27632,201600012184,4.0,2,3,2,11.0,0.0,0.0,0.0,2000.0,A01,1.0,7,0,13.0,0.0,1.0,1.0,7,8,1745,1,1,1,1,7,3,7,2,2
27633,201600012184,3.0,2,4,2,11.0,0.0,0.0,0.0,1996.0,A01,1.0,7,0,13.0,0.0,1.0,1.0,7,8,1745,1,1,1,1,7,3,7,2,2
27634,201600012184,2.0,2,4,2,11.0,0.0,0.0,0.0,1972.0,A01,1.0,7,0,13.0,0.0,1.0,1.0,7,8,1745,1,1,1,1,7,3,7,2,2
27635,201600012184,1.0,1,1,1,11.0,0.0,0.0,0.0,1964.0,A01,1.0,7,0,13.0,0.0,1.0,1.0,7,8,1745,1,1,1,1,7,3,7,2,2
27636,201600012185,1.0,1,4,1,11.0,0.0,0.0,0.0,1952.0,A01,1.0,7,0,13.0,0.0,9.0,1.0,7,14,1245,1,1,1,1,6,2,7,2,2
27637,201600012185,2.0,2,3,1,11.0,0.0,0.0,0.0,1929.0,A01,1.0,7,0,13.0,0.0,9.0,1.0,7,14,1245,1,1,1,1,6,2,7,2,2
27638,201600012185,3.0,2,4,1,11.0,0.0,0.0,0.0,1977.0,A01,1.0,7,0,13.0,0.0,9.0,1.0,7,14,1245,1,1,1,1,6,2,7,2,2
27639,201600012186,1.0,1,3,1,21.0,0.0,0.0,0.0,1967.0,A01,1.0,33,0,0.0,2.0,2.0,2.0,9,24,1745,1,1,1,1,2,3,33,1,1
27640,201600012186,1.0,1,1,1,21.0,0.0,0.0,0.0,1979.0,B02,1.0,33,0,0.0,0.0,4.0,2.0,9,24,1745,1,1,1,1,2,3,33,1,1
27641,201600012187,1.0,1,4,2,11.0,0.0,0.0,0.0,1991.0,A01,2.0,7,0,2.0,0.0,0.0,13.0,10,11,2015,3,1,1,1,7,4,7,2,2
27642,201600012188,1.0,1,1,1,11.0,0.0,0.0,0.0,1969.0,A01,1.0,10,0,0.0,2.0,2.0,2.0,11,15,2215,5,1,1,5,2,5,7,2,2
27643,201600012188,1.0,1,3,2,11.0,0.0,0.0,0.0,1973.0,B02,1.0,7,0,0.0,0.0,6.0,2.0,11,15,2215,5,1,1,5,2,5,10,2,2
27644,201600012189,1.0,1,3,1,11.0,0.0,0.0,0.0,1987.0,A01,1.0,7,0,3.0,0.0,2.0,1.0,12,27,1430,1,1,1,1,6,3,7,2,2
27645,201600012190,1.0,1,4,1,12.0,0.0,0.0,0.0,1958.0,A01,0.0,37,2,0.0,2.0,8.0,8.0,1,14,1700,2,2,1,2,3,3,7,3,2
27646,201600012190,1.0,1,3,2,11.0,0.0,0.0,0.0,1967.0,B02,0.0,7,0,0.0,2.0,1.0,19.0,1,14,1700,2,2,1,2,3,3,37,2,3
27647,201600012191,1.0,1,2,1,11.0,0.0,0.0,0.0,1948.0,A01,1.0,7,0,0.0,2.0,1.0,13.0,4,30,515,2,1,1,2,1,0,17,2,3
27648,201600012191,1.0,1,4,1,11.0,0.0,0.0,0.0,1976.0,B02,2.0,17,0,0.0,2.0,1.0,1.0,4,30,515,2,1,1,2,1,0,7,3,2
27649,201600012192,1.0,1,1,1,11.0,0.0,0.0,0.0,1979.0,A01,2.0,17,0,0.0,2.0,8.0,1.0,11,18,1645,1,2,2,7,3,3,7,3,2
27650,201600012192,1.0,1,1,1,11.0,0.0,0.0,0.0,1976.0,B01,0.0,7,0,0.0,2.0,1.0,1.0,11,18,1645,1,2,2,7,3,3,17,2,3
27651,201600012192,2.0,2,4,1,11.0,0.0,0.0,0.0,2006.0,B01,0.0,7,0,0.0,2.0,1.0,1.0,11,18,1645,1,2,2,7,3,3,17,2,3
27652,201600012192,7.0,2,1,1,31.0,0.0,0.0,0.0,2011.0,B01,0.0,7,0,0.0,2.0,1.0,1.0,11,18,1645,1,2,2,7,3,3,17,2,3
27653,201600012193,1.0,1,2,1,13.0,0.0,0.0,0.0,1987.0,A01,2.0,14,0,2.0,0.0,3.0,13.0,8,22,1030,1,1,1,1,7,1,14,3,3
27654,201600012194,2.0,2,1,1,11.0,0.0,0.0,0.0,1998.0,A01,1.0,14,0,0.0,2.0,3.0,16.0,2,12,1515,1,1,3,3,3,3,7,3,2
27655,201600012194,1.0,1,1,1,11.0,0.0,0.0,0.0,1985.0,A01,1.0,14,0,0.0,2.0,3.0,16.0,2,12,1515,1,1,3,3,3,3,7,3,2
27656,201600012194,1.0,1,3,2,11.0,0.0,0.0,0.0,1993.0,B02,1.0,7,0,0.0,2.0,1.0,1.0,2,12,1515,1,1,3,3,3,3,14,2,3
27657,201600012194,2.0,2,1,1,11.0,0.0,0.0,0.0,1990.0,B02,1.0,7,0,0.0,2.0,1.0,1.0,2,12,1515,1,1,3,3,3,3,14,2,3
27658,201600012195,1.0,1,3,1,21.0,0.0,0.0,0.0,1988.0,A01,2.0,33,0,0.0,2.0,1.0,1.0,5,4,730,1,1,1,1,3,1,38,1,3
27659,201600012195,1.0,1,4,2,11.0,0.0,0.0,0.0,1960.0,B02,1.0,38,0,0.0,2.0,8.0,0.0,5,4,730,1,1,1,1,3,1,33,3,1
27660,201600012196,1.0,1,3,1,11.0,0.0,0.0,0.0,1971.0,A01,1.0,17,0,3.0,0.0,3.0,13.0,7,25,1130,1,1,1,1,6,1,17,3,3
27661,201600012197,1.0,1,2,1,11.0,0.0,0.0,0.0,1976.0,A01,2.0,17,0,4.0,0.0,3.0,13.0,8,29,1430,1,1,1,1,6,3,17,3,3
27662,201600012198,1.0,1,4,2,11.0,0.0,0.0,0.0,1938.0,A01,0.0,7,0,0.0,2.0,3.0,1.0,10,12,1100,1,2,1,1,1,1,38,2,3
27663,201600012198,1.0,1,1,1,11.0,0.0,0.0,0.0,1965.0,B02,0.0,38,1,0.0,2.0,3.0,1.0,10,12,1100,1,2,1,1,1,1,7,3,2
27664,201600012199,1.0,1,4,2,11.0,0.0,0.0,0.0,1989.0,A01,2.0,7,0,0.0,2.0,2.0,14.0,10,13,745,1,1,1,1,3,1,14,2,3
27665,201600012199,1.0,1,1,1,11.0,0.0,0.0,0.0,1988.0,B02,2.0,14,0,0.0,2.0,6.0,1.0,10,13,745,1,1,1,1,3,1,7,3,2
27666,201600012200,1.0,1,3,2,21.0,0.0,0.0,0.0,1988.0,A01,1.0,33,0,0.0,2.0,7.0,1.0,10,21,1715,1,1,1,1,3,3,7,1,2
27667,201600012200,1.0,1,1,1,11.0,0.0,0.0,0.0,1991.0,B02,1.0,7,0,0.0,2.0,8.0,1.0,10,21,1715,1,1,1,1,3,3,33,2,1
27668,201600012200,2.0,2,1,1,11.0,0.0,0.0,0.0,1993.0,B02,1.0,7,0,0.0,2.0,8.0,1.0,10,21,1715,1,1,1,1,3,3,33,2,1
27669,201600012200,4.0,2,1,2,11.0,0.0,0.0,0.0,1990.0,B02,1.0,7,0,0.0,2.0,8.0,1.0,10,21,1715,1,1,1,1,3,3,33,2,1
27670,201600012201,1.0,1,2,1,12.0,0.0,0.0,0.0,1983.0,A01,1.0,17,0,13.0,0.0,2.0,14.0,11,16,645,3,1,1,1,7,1,17,3,3
27671,201600012202,1.0,1,4,1,13.0,0.0,0.0,0.0,1989.0,B02,2.0,14,0,0.0,2.0,1.0,1.0,11,23,1600,1,1,1,3,1,3,7,3,2
27672,201600012202,1.0,1,2,2,12.0,0.0,0.0,0.0,1980.0,A01,1.0,7,0,0.0,2.0,7.0,13.0,11,23,1600,1,1,1,3,1,3,14,2,3
27673,201600012203,1.0,1,1,1,11.0,0.0,0.0,0.0,1960.0,A01,2.0,15,0,0.0,0.0,4.0,2.0,1,5,2115,3,1,1,2,2,4,7,3,2
27674,201600012203,2.0,2,1,1,11.0,0.0,0.0,0.0,1951.0,A01,2.0,15,0,0.0,0.0,4.0,2.0,1,5,2115,3,1,1,2,2,4,7,3,2
27675,201600012203,1.0,1,1,1,11.0,0.0,0.0,0.0,1982.0,B02,2.0,7,0,0.0,2.0,1.0,2.0,1,5,2115,3,1,1,2,2,4,15,2,3