,Num_Acc,place,catu,grav,sexe,secu,locp,actp,etatp,an_nais,num_veh,senc,catv,occutc,obs,obsm,choc,manv,mois,jour,hrmn,lum,agg,int,atm,col,mom,catvopp,catv_gen,catvopp_gen
27828,201600012257,1.0,1,3,1,21.0,0.0,0.0,0.0,1948.0,A01,1.0,1,0,0.0,2.0,4.0,1.0,8,25,1200,1,1,1,1,2,2,14,1,3
27829,201600012257,1.0,1,1,1,11.0,0.0,0.0,0.0,1952.0,B02,1.0,14,0,0.0,2.0,1.0,12.0,8,25,1200,1,1,1,1,2,2,1,3,1
27830,201600012258,1.0,1,3,1,11.0,0.0,0.0,0.0,1937.0,A01,2.0,10,0,14.0,0.0,1.0,1.0,12,1,1000,1,2,1,7,2,1,14,2,3
27831,201600012258,1.0,1,1,1,13.0,0.0,0.0,0.0,1984.0,B02,2.0,14,0,0.0,0.0,6.0,23.0,12,1,1000,1,2,1,7,2,1,10,3,2
27832,201600012258,2.0,2,3,1,91.0,0.0,0.0,0.0,1984.0,B02,2.0,14,0,0.0,0.0,6.0,23.0,12,1,1000,1,2,1,7,2,1,10,3,2
27833,201600012259,1.0,1,3,1,11.0,0.0,0.0,0.0,1952.0,B02,2.0,10,0,0.0,2.0,1.0,1.0,1,23,1545,1,1,1,8,1,3,7,2,2
27834,201600012259,2.0,2,2,1,11.0,0.0,0.0,0.0,1970.0,A01,2.0,7,0,0.0,2.0,7.0,1.0,1,23,1545,1,1,1,8,1,3,10,2,2
27835,201600012259,1.0,1,2,1,11.0,0.0,0.0,0.0,1965.0,A01,2.0,7,0,0.0,2.0,7.0,1.0,1,23,1545,1,1,1,8,1,3,10,2,2
27836,201600012260,1.0,1,2,1,21.0,0.0,0.0,0.0,1965.0,A01,2.0,33,0,0.0,0.0,4.0,2.0,5,15,45,3,1,1,1,2,0,7,1,2
27837,201600012260,1.0,1,1,1,11.0,0.0,0.0,0.0,1985.0,B02,2.0,7,0,0.0,2.0,1.0,2.0,5,15,45,3,1,1,1,2,0,33,2,1
27838,201600012261,1.0,1,3,1,21.0,0.0,0.0,0.0,1964.0,A01,1.0,33,0,0.0,0.0,0.0,1.0,7,7,1730,1,1,1,1,7,3,33,1,1
27839,201600012262,1.0,1,3,2,11.0,0.0,0.0,0.0,1959.0,A01,1.0,7,0,0.0,2.0,2.0,18.0,7,19,1100,1,1,1,1,2,1,14,2,3
27840,201600012262,2.0,2,3,2,11.0,0.0,0.0,0.0,1946.0,A01,1.0,7,0,0.0,2.0,2.0,18.0,7,19,1100,1,1,1,1,2,1,14,2,3
27841,201600012262,1.0,1,1,1,11.0,0.0,0.0,0.0,1964.0,B02,2.0,14,0,0.0,2.0,6.0,1.0,7,19,1100,1,1,1,1,2,1,7,3,2
27842,201600012263,1.0,1,3,1,11.0,0.0,0.0,0.0,1962.0,A01,2.0,7,0,0.0,2.0,1.0,2.0,10,15,1330,1,1,1,1,4,2,7,2,2
27843,201600012263,1.0,1,1,1,11.0,0.0,0.0,0.0,1969.0,B02,2.0,7,0,0.0,2.0,4.0,23.0,10,15,1330,1,1,1,1,4,2,7,2,2
27844,201600012263,2.0,2,3,1,11.0,0.0,0.0,0.0,1963.0,B02,2.0,7,0,0.0,2.0,4.0,23.0,10,15,1330,1,1,1,1,4,2,7,2,2
27845,201600012263,1.0,1,1,1,11.0,0.0,0.0,0.0,1963.0,C03,2.0,7,0,0.0,0.0,4.0,2.0,10,15,1330,1,1,1,1,4,2,7,2,2
27846,201600012263,2.0,2,1,1,11.0,0.0,0.0,0.0,1944.0,C03,2.0,7,0,0.0,0.0,4.0,2.0,10,15,1330,1,1,1,1,4,2,7,2,2
27847,201600012263,2.0,2,4,1,11.0,0.0,0.0,0.0,1962.0,C03,2.0,7,0,0.0,0.0,4.0,2.0,10,15,1330,1,1,1,1,4,2,7,2,2
27848,201600012263,3.0,2,1,1,11.0,0.0,0.0,0.0,1962.0,C03,2.0,7,0,0.0,0.0,4.0,2.0,10,15,1330,1,1,1,1,4,2,7,2,2
27849,201600012264,1.0,1,1,2,11.0,0.0,0.0,0.0,1995.0,B02,1.0,7,0,0.0,2.0,9.0,2.0,11,18,1815,3,1,1,4,6,4,7,2,2
27850,201600012264,0.0,3,4,1,0.0,1.0,3.0,2.0,2001.0,A01,1.0,7,0,0.0,1.0,1.0,2.0,11,18,1815,3,1,1,4,6,4,7,2,2
27851,201600012264,0.0,3,4,1,0.0,1.0,3.0,2.0,1956.0,A01,1.0,7,0,0.0,1.0,1.0,2.0,11,18,1815,3,1,1,4,6,4,7,2,2
27852,201600012264,1.0,1,1,1,11.0,0.0,0.0,0.0,1985.0,A01,1.0,7,0,0.0,1.0,1.0,2.0,11,18,1815,3,1,1,4,6,4,7,2,2
27853,201600012264,0.0,3,3,2,0.0,1.0,3.0,2.0,1959.0,A01,1.0,7,0,0.0,1.0,1.0,2.0,11,18,1815,3,1,1,4,6,4,7,2,2
27854,201600012265,1.0,1,3,1,11.0,0.0,0.0,0.0,1971.0,A01,1.0,7,0,2.0,0.0,1.0,1.0,1,15,2130,3,1,1,1,6,4,7,2,2
27855,201600012266,1.0,1,1,1,11.0,0.0,0.0,0.0,1982.0,A01,2.0,10,0,0.0,1.0,2.0,1.0,1,29,1815,3,1,1,1,6,4,10,2,2
27856,201600012266,0.0,3,3,1,0.0,1.0,3.0,1.0,1976.0,A01,2.0,10,0,0.0,1.0,2.0,1.0,1,29,1815,3,1,1,1,6,4,10,2,2
27857,201600012267,1.0,1,3,2,11.0,0.0,0.0,0.0,1993.0,A01,2.0,7,0,0.0,2.0,7.0,13.0,5,27,745,1,1,1,3,1,1,10,2,2
27858,201600012267,1.0,1,4,1,11.0,0.0,0.0,0.0,1983.0,B02,1.0,10,0,0.0,2.0,3.0,1.0,5,27,745,1,1,1,3,1,1,7,2,2
27859,201600012267,2.0,2,4,1,11.0,0.0,0.0,0.0,1984.0,B02,1.0,10,0,0.0,2.0,3.0,1.0,5,27,745,1,1,1,3,1,1,7,2,2
27860,201600012267,8.0,2,4,1,11.0,0.0,0.0,0.0,1966.0,B02,1.0,10,0,0.0,2.0,3.0,1.0,5,27,745,1,1,1,3,1,1,7,2,2
27861,201600012268,1.0,1,1,2,11.0,0.0,0.0,0.0,1961.0,B02,2.0,7,0,0.0,2.0,8.0,1.0,9,18,1915,1,1,1,1,5,4,33,2,1
27862,201600012268,2.0,2,3,1,21.0,0.0,0.0,0.0,2000.0,A01,1.0,33,0,14.0,2.0,1.0,13.0,9,18,1915,1,1,1,1,5,4,7,1,2
27863,201600012268,1.0,1,4,2,21.0,0.0,0.0,0.0,1977.0,A01,1.0,33,0,14.0,2.0,1.0,13.0,9,18,1915,1,1,1,1,5,4,7,1,2
27864,201600012268,4.0,2,4,2,11.0,0.0,0.0,0.0,2008.0,C03,2.0,7,0,0.0,2.0,1.0,0.0,9,18,1915,1,1,1,1,5,4,33,2,1
27865,201600012268,2.0,2,1,2,11.0,0.0,0.0,0.0,1984.0,C03,2.0,7,0,0.0,2.0,1.0,0.0,9,18,1915,1,1,1,1,5,4,33,2,1
27866,201600012268,1.0,1,1,2,11.0,0.0,0.0,0.0,1988.0,C03,2.0,7,0,0.0,2.0,1.0,0.0,9,18,1915,1,1,1,1,5,4,33,2,1
27867,201600012268,3.0,2,1,2,11.0,0.0,0.0,0.0,2012.0,C03,2.0,7,0,0.0,2.0,1.0,0.0,9,18,1915,1,1,1,1,5,4,33,2,1
27868,201600012269,1.0,1,2,2,11.0,0.0,0.0,0.0,1991.0,A01,1.0,7,0,0.0,2.0,3.0,13.0,1,28,1815,2,1,1,1,1,4,15,2,3
27869,201600012269,1.0,1,1,1,11.0,0.0,0.0,0.0,1989.0,B02,2.0,15,0,0.0,2.0,3.0,1.0,1,28,1815,2,1,1,1,1,4,7,3,2
27870,201600012270,1.0,1,1,1,11.0,0.0,0.0,0.0,1994.0,A01,1.0,15,0,0.0,2.0,2.0,1.0,3,29,1600,1,2,2,1,3,3,10,3,2
27871,201600012270,1.0,1,3,1,11.0,0.0,0.0,0.0,1978.0,B02,1.0,10,0,0.0,2.0,3.0,1.0,3,29,1600,1,2,2,1,3,3,15,2,3
27872,201600012270,2.0,2,3,1,11.0,0.0,0.0,0.0,1957.0,B02,1.0,10,0,0.0,2.0,3.0,1.0,3,29,1600,1,2,2,1,3,3,15,2,3
27873,201600012271,1.0,1,3,1,11.0,0.0,0.0,0.0,1981.0,A01,2.0,7,0,1.0,0.0,1.0,1.0,4,13,815,1,2,1,7,2,1,14,2,3
27874,201600012271,1.0,1,1,1,11.0,0.0,0.0,0.0,1970.0,B02,2.0,14,0,0.0,0.0,4.0,23.0,4,13,815,1,2,1,7,2,1,7,3,2
27875,201600012271,5.0,2,1,1,11.0,0.0,0.0,0.0,1996.0,B02,2.0,14,0,0.0,0.0,4.0,23.0,4,13,815,1,2,1,7,2,1,7,3,2
27876,201600012272,1.0,1,1,1,11.0,0.0,0.0,0.0,1975.0,A01,1.0,38,1,0.0,2.0,3.0,1.0,6,20,1730,1,1,3,2,2,3,7,3,2
27877,201600012272,1.0,1,3,2,11.0,0.0,0.0,0.0,1933.0,B02,2.0,7,0,0.0,2.0,5.0,15.0,6,20,1730,1,1,3,2,2,3,38,2,3
27878,201600012273,1.0,1,3,1,21.0,0.0,0.0,0.0,1980.0,A01,1.0,33,0,0.0,2.0,1.0,17.0,7,8,1145,1,1,1,1,2,1,14,1,3
27879,201600012273,1.0,1,1,1,11.0,0.0,0.0,0.0,1978.0,B02,1.0,14,0,0.0,2.0,6.0,15.0,7,8,1145,1,1,1,1,2,1,33,3,1
27880,201600012274,1.0,1,1,1,11.0,0.0,0.0,0.0,1948.0,A01,0.0,38,1,0.0,2.0,3.0,1.0,3,18,1715,1,2,3,1,1,3,1,3,1
27881,201600012274,1.0,1,3,1,22.0,0.0,0.0,0.0,2008.0,B02,0.0,1,0,0.0,2.0,1.0,5.0,3,18,1715,1,2,3,1,1,3,38,1,3
27882,201600012275,1.0,1,1,1,11.0,0.0,0.0,0.0,1961.0,B02,1.0,17,0,0.0,2.0,4.0,2.0,4,25,915,1,1,2,8,2,1,7,3,2
27883,201600012275,1.0,1,3,1,12.0,0.0,0.0,0.0,1969.0,A01,1.0,7,0,0.0,2.0,1.0,2.0,4,25,915,1,1,2,8,2,1,17,2,3
27884,201600012276,1.0,1,1,1,11.0,0.0,0.0,0.0,1997.0,B02,1.0,15,0,0.0,2.0,1.0,1.0,6,4,645,2,1,1,1,3,1,7,3,2
27885,201600012276,1.0,1,2,1,11.0,0.0,0.0,0.0,1995.0,A01,2.0,7,0,0.0,2.0,7.0,13.0,6,4,645,2,1,1,1,3,1,15,2,3
27886,201600012276,2.0,2,2,1,12.0,0.0,0.0,0.0,1995.0,A01,2.0,7,0,0.0,2.0,7.0,13.0,6,4,645,2,1,1,1,3,1,15,2,3
27887,201600012276,3.0,2,2,1,12.0,0.0,0.0,0.0,1997.0,A01,2.0,7,0,0.0,2.0,7.0,13.0,6,4,645,2,1,1,1,3,1,15,2,3
27888,201600012277,1.0,1,1,1,11.0,0.0,0.0,0.0,1986.0,A01,2.0,14,0,0.0,2.0,1.0,1.0,3,23,1600,1,1,2,1,3,3,7,3,2
27889,201600012277,1.0,1,2,1,11.0,0.0,0.0,0.0,1931.0,B02,0.0,7,0,0.0,2.0,8.0,19.0,3,23,1600,1,1,2,1,3,3,14,2,3
27890,201600012278,1.0,1,1,1,11.0,0.0,0.0,0.0,1948.0,A01,1.0,14,0,0.0,2.0,8.0,15.0,4,28,1715,1,1,1,1,3,3,33,3,1
27891,201600012278,1.0,1,2,1,21.0,0.0,0.0,0.0,1969.0,B02,1.0,33,0,0.0,2.0,1.0,17.0,4,28,1715,1,1,1,1,3,3,14,1,3
27892,201600012279,1.0,1,3,2,91.0,0.0,0.0,0.0,1963.0,A01,1.0,21,0,0.0,2.0,6.0,2.0,5,17,1245,1,1,1,1,2,2,17,0,3
27893,201600012279,1.0,1,1,1,11.0,0.0,0.0,0.0,1996.0,B02,1.0,17,0,0.0,2.0,2.0,2.0,5,17,1245,1,1,1,1,2,2,21,3,0
27894,201600012280,1.0,1,3,1,11.0,0.0,0.0,0.0,1988.0,A01,1.0,7,0,0.0,2.0,3.0,13.0,12,16,1300,1,1,2,1,5,2,17,2,3
27895,201600012280,1.0,1,1,1,11.0,0.0,0.0,0.0,1969.0,B02,2.0,17,0,0.0,0.0,3.0,1.0,12,16,1300,1,1,2,1,5,2,7,3,2
27896,201600012280,1.0,1,1,2,11.0,0.0,0.0,0.0,1950.0,C03,1.0,7,0,0.0,0.0,6.0,23.0,12,16,1300,1,1,2,1,5,2,17,2,3
27897,201600012281,1.0,1,2,2,11.0,0.0,0.0,0.0,1997.0,A01,2.0,7,0,0.0,2.0,6.0,13.0,12,30,930,1,1,1,5,1,1,20,2,0
27898,201600012281,1.0,1,1,1,11.0,0.0,0.0,0.0,1975.0,B02,1.0,20,0,0.0,2.0,2.0,1.0,12,30,930,1,1,1,5,1,1,7,0,2
27899,201600012282,1.0,1,1,1,11.0,0.0,0.0,0.0,1975.0,A01,0.0,14,0,0.0,1.0,7.0,16.0,1,11,1530,1,2,1,1,6,3,14,3,3
27900,201600012282,0.0,3,2,2,0.0,2.0,3.0,1.0,1931.0,A01,0.0,14,0,0.0,1.0,7.0,16.0,1,11,1530,1,2,1,1,6,3,14,3,3
27901,201600012283,1.0,1,1,1,11.0,0.0,0.0,0.0,1986.0,B02,1.0,15,0,0.0,0.0,3.0,1.0,7,28,1430,1,1,1,1,1,3,7,3,2
27902,201600012283,1.0,1,2,2,11.0,0.0,0.0,0.0,1950.0,A01,2.0,7,0,0.0,0.0,1.0,13.0,7,28,1430,1,1,1,1,1,3,15,2,3
27903,201600012283,2.0,2,3,2,11.0,0.0,0.0,0.0,1962.0,A01,2.0,7,0,0.0,0.0,1.0,13.0,7,28,1430,1,1,1,1,1,3,15,2,3
27904,201600012284,1.0,1,3,1,22.0,0.0,0.0,0.0,1977.0,B02,0.0,1,0,0.0,2.0,1.0,15.0,2,5,1200,1,2,3,1,3,2,14,1,3
27905,201600012284,1.0,1,1,1,11.0,0.0,0.0,0.0,1964.0,A01,0.0,14,0,0.0,2.0,2.0,1.0,2,5,1200,1,2,3,1,3,2,1,3,1
27906,201600012285,1.0,1,2,1,12.0,0.0,0.0,0.0,1937.0,A01,1.0,7,0,0.0,2.0,1.0,13.0,4,8,1630,1,1,1,8,1,3,17,2,3
27907,201600012285,1.0,1,1,1,11.0,0.0,0.0,0.0,1964.0,B02,2.0,17,0,0.0,2.0,2.0,1.0,4,8,1630,1,1,1,8,1,3,7,3,2
27908,201600012286,1.0,1,3,1,11.0,0.0,0.0,0.0,1989.0,A01,1.0,7,0,0.0,2.0,5.0,13.0,2,6,345,3,1,1,1,2,0,15,2,3
27909,201600012286,1.0,1,1,1,11.0,0.0,0.0,0.0,1959.0,B02,2.0,15,0,0.0,2.0,1.0,1.0,2,6,345,3,1,1,1,2,0,7,3,2
27910,201600012287,1.0,1,3,2,11.0,0.0,0.0,0.0,1935.0,B03,1.0,15,0,14.0,0.0,5.0,1.0,7,8,842,1,1,1,7,5,1,17,3,3
27911,201600012287,1.0,1,1,2,11.0,0.0,0.0,0.0,1976.0,C04,2.0,10,0,0.0,0.0,8.0,1.0,7,8,842,1,1,1,7,5,1,17,2,3
27912,201600012287,1.0,1,1,1,11.0,0.0,0.0,0.0,1962.0,A01,1.0,17,0,0.0,0.0,5.0,23.0,7,8,842,1,1,1,7,5,1,10,3,2
27913,201600012288,1.0,1,3,1,11.0,0.0,0.0,0.0,1930.0,A01,2.0,7,0,0.0,2.0,7.0,19.0,8,2,1845,1,1,1,1,3,4,38,2,3
27914,201600012288,2.0,2,2,2,11.0,0.0,0.0,0.0,1934.0,A01,2.0,7,0,0.0,2.0,7.0,19.0,8,2,1845,1,1,1,1,3,4,38,2,3
27915,201600012288,1.0,1,1,1,11.0,0.0,0.0,0.0,1962.0,B02,2.0,38,0,0.0,2.0,1.0,1.0,8,2,1845,1,1,1,1,3,4,7,3,2
27916,201600012289,9.0,2,4,2,11.0,0.0,0.0,0.0,2001.0,A01,2.0,38,11,6.0,0.0,1.0,15.0,3,31,1800,1,2,1,8,6,4,38,3,3
27917,201600012289,8.0,2,4,2,12.0,0.0,0.0,0.0,1998.0,A01,2.0,38,11,6.0,0.0,1.0,15.0,3,31,1800,1,2,1,8,6,4,38,3,3
27918,201600012289,7.0,2,4,2,11.0,0.0,0.0,0.0,2001.0,A01,2.0,38,11,6.0,0.0,1.0,15.0,3,31,1800,1,2,1,8,6,4,38,3,3
27919,201600012289,5.0,2,4,1,12.0,0.0,0.0,0.0,2001.0,A01,2.0,38,11,6.0,0.0,1.0,15.0,3,31,1800,1,2,1,8,6,4,38,3,3
27921,201600012289,6.0,2,4,2,12.0,0.0,0.0,0.0,2002.0,A01,2.0,38,11,6.0,0.0,1.0,15.0,3,31,1800,1,2,1,8,6,4,38,3,3
27922,201600012289,4.0,2,4,2,12.0,0.0,0.0,0.0,2000.0,A01,2.0,38,11,6.0,0.0,1.0,15.0,3,31,1800,1,2,1,8,6,4,38,3,3
27923,201600012289,3.0,2,4,1,11.0,0.0,0.0,0.0,2000.0,A01,2.0,38,11,6.0,0.0,1.0,15.0,3,31,1800,1,2,1,8,6,4,38,3,3
27924,201600012289,2.0,2,4,1,11.0,0.0,0.0,0.0,1999.0,A01,2.0,38,11,6.0,0.0,1.0,15.0,3,31,1800,1,2,1,8,6,4,38,3,3
27925,201600012289,1.0,1,4,1,11.0,0.0,0.0,0.0,1978.0,A01,2.0,38,11,6.0,0.0,1.0,15.0,3,31,1800,1,2,1,8,6,4,38,3,3
27926,201600012289,5.0,2,4,1,11.0,0.0,0.0,0.0,2001.0,A01,2.0,38,11,6.0,0.0,1.0,15.0,3,31,1800,1,2,1,8,6,4,38,3,3
27927,201600012290,1.0,1,3,1,11.0,0.0,0.0,0.0,1982.0,A01,1.0,7,0,0.0,2.0,3.0,13.0,5,23,300,3,1,1,3,6,0,7,2,2
27928,201600012291,1.0,1,2,1,11.0,0.0,0.0,0.0,1953.0,A01,1.0,7,0,0.0,2.0,1.0,13.0,9,19,1200,1,1,1,1,1,2,15,2,3
27929,201600012291,1.0,1,1,1,11.0,0.0,0.0,0.0,1964.0,B02,2.0,15,0,0.0,2.0,1.0,1.0,9,19,1200,1,1,1,1,1,2,7,3,2
27930,201600012292,5.0,2,1,2,12.0,0.0,0.0,0.0,2000.0,B02,2.0,38,33,0.0,2.0,2.0,16.0,5,24,657,1,2,2,7,3,1,14,3,3
27931,201600012292,5.0,2,1,1,12.0,0.0,0.0,0.0,2000.0,B02,2.0,38,33,0.0,2.0,2.0,16.0,5,24,657,1,2,2,7,3,1,14,3,3
27934,201600012292,5.0,2,4,2,12.0,0.0,0.0,0.0,2000.0,B02,2.0,38,33,0.0,2.0,2.0,16.0,5,24,657,1,2,2,7,3,1,14,3,3
27938,201600012292,5.0,2,1,1,12.0,0.0,0.0,0.0,2004.0,B02,2.0,38,33,0.0,2.0,2.0,16.0,5,24,657,1,2,2,7,3,1,14,3,3
27939,201600012292,5.0,2,4,2,12.0,0.0,0.0,0.0,2001.0,B02,2.0,38,33,0.0,2.0,2.0,16.0,5,24,657,1,2,2,7,3,1,14,3,3
27941,201600012292,5.0,2,1,1,12.0,0.0,0.0,0.0,2001.0,B02,2.0,38,33,0.0,2.0,2.0,16.0,5,24,657,1,2,2,7,3,1,14,3,3
27944,201600012292,5.0,2,4,1,12.0,0.0,0.0,0.0,2003.0,B02,2.0,38,33,0.0,2.0,2.0,16.0,5,24,657,1,2,2,7,3,1,14,3,3
27945,201600012292,5.0,2,4,1,12.0,0.0,0.0,0.0,2000.0,B02,2.0,38,33,0.0,2.0,2.0,16.0,5,24,657,1,2,2,7,3,1,14,3,3
27947,201600012292,5.0,2,1,2,12.0,0.0,0.0,0.0,1999.0,B02,2.0,38,33,0.0,2.0,2.0,16.0,5,24,657,1,2,2,7,3,1,14,3,3
27948,201600012292,5.0,2,4,1,12.0,0.0,0.0,0.0,1999.0,B02,2.0,38,33,0.0,2.0,2.0,16.0,5,24,657,1,2,2,7,3,1,14,3,3
27949,201600012292,5.0,2,1,2,12.0,0.0,0.0,0.0,1957.0,B02,2.0,38,33,0.0,2.0,2.0,16.0,5,24,657,1,2,2,7,3,1,14,3,3
27950,201600012292,5.0,2,4,1,12.0,0.0,0.0,0.0,1998.0,B02,2.0,38,33,0.0,2.0,2.0,16.0,5,24,657,1,2,2,7,3,1,14,3,3
27952,201600012292,5.0,2,4,2,12.0,0.0,0.0,0.0,1998.0,B02,2.0,38,33,0.0,2.0,2.0,16.0,5,24,657,1,2,2,7,3,1,14,3,3
27953,201600012292,5.0,2,1,1,12.0,0.0,0.0,0.0,1998.0,B02,2.0,38,33,0.0,2.0,2.0,16.0,5,24,657,1,2,2,7,3,1,14,3,3
27954,201600012292,5.0,2,4,2,12.0,0.0,0.0,0.0,1999.0,B02,2.0,38,33,0.0,2.0,2.0,16.0,5,24,657,1,2,2,7,3,1,14,3,3
27955,201600012292,1.0,1,4,1,11.0,0.0,0.0,0.0,1982.0,B02,2.0,38,33,0.0,2.0,2.0,16.0,5,24,657,1,2,2,7,3,1,14,3,3
27956,201600012292,5.0,2,4,1,11.0,0.0,0.0,0.0,1999.0,B02,2.0,38,33,0.0,2.0,2.0,16.0,5,24,657,1,2,2,7,3,1,14,3,3
27957,201600012292,5.0,2,1,1,12.0,0.0,0.0,0.0,1999.0,B02,2.0,38,33,0.0,2.0,2.0,16.0,5,24,657,1,2,2,7,3,1,14,3,3
27963,201600012292,1.0,1,4,1,11.0,0.0,0.0,0.0,1964.0,A01,2.0,14,0,0.0,2.0,3.0,1.0,5,24,657,1,2,2,7,3,1,38,3,3
27964,201600012293,8.0,2,1,2,11.0,0.0,0.0,0.0,2006.0,C03,1.0,7,0,0.0,0.0,6.0,1.0,5,8,1430,1,1,1,1,2,3,7,2,2
27965,201600012293,8.0,2,1,1,11.0,0.0,0.0,0.0,2004.0,C03,1.0,7,0,0.0,0.0,6.0,1.0,5,8,1430,1,1,1,1,2,3,7,2,2
27966,201600012293,4.0,2,1,2,11.0,0.0,0.0,0.0,1986.0,C03,1.0,7,0,0.0,0.0,6.0,1.0,5,8,1430,1,1,1,1,2,3,7,2,2
27967,201600012293,2.0,2,1,1,11.0,0.0,0.0,0.0,1986.0,C03,1.0,7,0,0.0,0.0,6.0,1.0,5,8,1430,1,1,1,1,2,3,7,2,2
27968,201600012293,1.0,1,1,1,11.0,0.0,0.0,0.0,1956.0,C03,1.0,7,0,0.0,0.0,6.0,1.0,5,8,1430,1,1,1,1,2,3,7,2,2
27969,201600012293,3.0,2,1,2,11.0,0.0,0.0,0.0,1957.0,C03,1.0,7,0,0.0,0.0,6.0,1.0,5,8,1430,1,1,1,1,2,3,7,2,2
27970,201600012293,1.0,1,3,1,11.0,0.0,0.0,0.0,1967.0,A01,1.0,7,0,0.0,2.0,2.0,14.0,5,8,1430,1,1,1,1,2,3,7,2,2
27971,201600012294,1.0,1,3,1,11.0,0.0,0.0,0.0,1977.0,B02,2.0,10,0,0.0,2.0,1.0,1.0,1,15,1530,1,1,2,7,3,3,14,2,3
27972,201600012294,2.0,2,3,1,11.0,0.0,0.0,0.0,1987.0,B02,2.0,10,0,0.0,2.0,1.0,1.0,1,15,1530,1,1,2,7,3,3,14,2,3
27973,201600012294,1.0,1,1,1,11.0,0.0,0.0,0.0,1976.0,A01,1.0,14,0,0.0,2.0,2.0,1.0,1,15,1530,1,1,2,7,3,3,10,3,2
27974,201600012295,1.0,1,3,1,12.0,0.0,0.0,0.0,1968.0,A01,2.0,15,0,0.0,0.0,2.0,1.0,10,3,1015,1,1,1,1,6,1,15,3,3
27975,201600012296,1.0,1,1,1,11.0,0.0,0.0,0.0,1975.0,B02,0.0,17,0,0.0,2.0,3.0,0.0,1,12,1230,1,1,1,2,1,2,7,3,2
27976,201600012296,1.0,1,2,2,11.0,0.0,0.0,0.0,1979.0,A01,2.0,7,0,0.0,2.0,3.0,1.0,1,12,1230,1,1,1,2,1,2,17,2,3
27977,201600012297,1.0,1,1,1,11.0,0.0,0.0,0.0,1976.0,B02,1.0,15,0,0.0,2.0,3.0,1.0,1,29,30,3,1,1,2,1,0,7,3,2
27978,201600012297,1.0,1,2,1,11.0,0.0,0.0,0.0,1981.0,A01,2.0,7,0,0.0,2.0,3.0,13.0,1,29,30,3,1,1,2,1,0,15,2,3
27979,201600012298,5.0,2,1,1,11.0,0.0,0.0,0.0,2001.0,A01,1.0,38,17,0.0,2.0,1.0,1.0,5,21,1900,1,1,2,7,3,4,7,3,2
27980,201600012298,5.0,2,1,1,11.0,0.0,0.0,0.0,2003.0,A01,1.0,38,17,0.0,2.0,1.0,1.0,5,21,1900,1,1,2,7,3,4,7,3,2
27981,201600012298,5.0,2,4,2,11.0,0.0,0.0,0.0,2002.0,A01,1.0,38,17,0.0,2.0,1.0,1.0,5,21,1900,1,1,2,7,3,4,7,3,2
27986,201600012298,5.0,2,4,2,11.0,0.0,0.0,0.0,2001.0,A01,1.0,38,17,0.0,2.0,1.0,1.0,5,21,1900,1,1,2,7,3,4,7,3,2
27987,201600012298,5.0,2,1,1,11.0,0.0,0.0,0.0,2000.0,A01,1.0,38,17,0.0,2.0,1.0,1.0,5,21,1900,1,1,2,7,3,4,7,3,2
27988,201600012298,5.0,2,1,1,11.0,0.0,0.0,0.0,1999.0,A01,1.0,38,17,0.0,2.0,1.0,1.0,5,21,1900,1,1,2,7,3,4,7,3,2
27989,201600012298,5.0,2,4,2,11.0,0.0,0.0,0.0,1999.0,A01,1.0,38,17,0.0,2.0,1.0,1.0,5,21,1900,1,1,2,7,3,4,7,3,2
27990,201600012298,5.0,2,1,2,11.0,0.0,0.0,0.0,1999.0,A01,1.0,38,17,0.0,2.0,1.0,1.0,5,21,1900,1,1,2,7,3,4,7,3,2
27991,201600012298,5.0,2,4,1,11.0,0.0,0.0,0.0,1999.0,A01,1.0,38,17,0.0,2.0,1.0,1.0,5,21,1900,1,1,2,7,3,4,7,3,2
27992,201600012298,5.0,2,1,2,11.0,0.0,0.0,0.0,1998.0,A01,1.0,38,17,0.0,2.0,1.0,1.0,5,21,1900,1,1,2,7,3,4,7,3,2
27993,201600012298,5.0,2,1,2,11.0,0.0,0.0,0.0,1997.0,A01,1.0,38,17,0.0,2.0,1.0,1.0,5,21,1900,1,1,2,7,3,4,7,3,2
27994,201600012298,1.0,1,1,1,11.0,0.0,0.0,0.0,1970.0,A01,1.0,38,17,0.0,2.0,1.0,1.0,5,21,1900,1,1,2,7,3,4,7,3,2
27996,201600012298,2.0,2,3,2,11.0,0.0,0.0,0.0,1949.0,B02,0.0,7,0,0.0,2.0,8.0,19.0,5,21,1900,1,1,2,7,3,4,38,2,3
27997,201600012298,1.0,1,2,2,11.0,0.0,0.0,0.0,1950.0,B02,0.0,7,0,0.0,2.0,8.0,19.0,5,21,1900,1,1,2,7,3,4,38,2,3
27998,201600012299,1.0,1,3,2,11.0,0.0,0.0,0.0,1972.0,B02,0.0,7,0,0.0,0.0,3.0,13.0,6,28,1030,1,2,1,1,1,1,37,2,3
27999,201600012299,1.0,1,1,1,11.0,0.0,0.0,0.0,1967.0,A01,0.0,37,0,0.0,0.0,3.0,0.0,6,28,1030,1,2,1,1,1,1,7,3,2