,Num_Acc,place,catu,grav,sexe,secu,locp,actp,etatp,an_nais,num_veh,senc,catv,occutc,obs,obsm,choc,manv,mois,jour,hrmn,lum,agg,int,atm,col,mom,catvopp,catv_gen,catvopp_gen
28000,201600012300,1.0,1,1,1,11.0,0.0,0.0,0.0,1960.0,B02,1.0,7,0,0.0,9.0,3.0,1.0,4,3,1145,1,1,1,1,1,1,33,2,1
28001,201600012300,2.0,2,1,2,11.0,0.0,0.0,0.0,1964.0,B02,1.0,7,0,0.0,9.0,3.0,1.0,4,3,1145,1,1,1,1,1,1,33,2,1
28002,201600012300,1.0,1,2,1,21.0,0.0,0.0,0.0,1978.0,A01,2.0,33,0,0.0,2.0,0.0,1.0,4,3,1145,1,1,1,1,1,1,7,1,2
28003,201600012301,5.0,2,1,1,13.0,0.0,0.0,0.0,2016.0,B02,2.0,38,13,0.0,2.0,3.0,1.0,1,2,1030,1,1,1,2,1,1,7,3,2
28006,201600012301,5.0,2,1,2,13.0,0.0,0.0,0.0,2016.0,B02,2.0,38,13,0.0,2.0,3.0,1.0,1,2,1030,1,1,1,2,1,1,7,3,2
28011,201600012301,1.0,1,1,1,11.0,0.0,0.0,0.0,1964.0,B02,2.0,38,13,0.0,2.0,3.0,1.0,1,2,1030,1,1,1,2,1,1,7,3,2
28013,201600012301,2.0,2,1,2,13.0,0.0,0.0,0.0,1953.0,B02,2.0,38,13,0.0,2.0,3.0,1.0,1,2,1030,1,1,1,2,1,1,7,3,2
28014,201600012301,2.0,2,1,2,13.0,0.0,0.0,0.0,2016.0,B02,2.0,38,13,0.0,2.0,3.0,1.0,1,2,1030,1,1,1,2,1,1,7,3,2
28015,201600012301,1.0,1,3,2,11.0,0.0,0.0,0.0,1967.0,A01,1.0,7,0,0.0,2.0,1.0,13.0,1,2,1030,1,1,1,2,1,1,38,2,3
28016,201600012302,1.0,1,4,1,13.0,0.0,0.0,0.0,1969.0,A01,1.0,7,0,11.0,0.0,1.0,0.0,3,2,800,1,1,9,1,6,1,7,2,2
28017,201600012302,2.0,2,4,2,13.0,0.0,0.0,0.0,1978.0,A01,1.0,7,0,11.0,0.0,1.0,0.0,3,2,800,1,1,9,1,6,1,7,2,2
28018,201600012302,5.0,2,4,1,11.0,0.0,0.0,0.0,1989.0,A01,1.0,7,0,11.0,0.0,1.0,0.0,3,2,800,1,1,9,1,6,1,7,2,2
28019,201600012302,5.0,2,4,2,13.0,0.0,0.0,0.0,1989.0,A01,1.0,7,0,11.0,0.0,1.0,0.0,3,2,800,1,1,9,1,6,1,7,2,2
28020,201600012303,2.0,2,4,2,11.0,0.0,0.0,0.0,1951.0,A01,1.0,7,0,0.0,0.0,4.0,2.0,3,5,1400,1,1,1,1,2,3,10,2,2
28021,201600012303,1.0,1,4,2,11.0,0.0,0.0,0.0,1982.0,A01,1.0,7,0,0.0,0.0,4.0,2.0,3,5,1400,1,1,1,1,2,3,10,2,2
28022,201600012303,1.0,1,1,1,11.0,0.0,0.0,0.0,1959.0,B02,1.0,10,0,0.0,2.0,1.0,2.0,3,5,1400,1,1,1,1,2,3,7,2,2
28023,201600012304,1.0,1,1,2,11.0,0.0,0.0,0.0,1986.0,A01,1.0,7,0,0.0,2.0,1.0,2.0,6,30,1815,1,1,1,1,2,4,7,2,2
28024,201600012304,1.0,1,1,2,11.0,0.0,0.0,0.0,1953.0,B02,1.0,7,0,0.0,2.0,4.0,2.0,6,30,1815,1,1,1,1,2,4,7,2,2
28025,201600012304,2.0,2,4,2,11.0,0.0,0.0,0.0,1989.0,B02,1.0,7,0,0.0,2.0,4.0,2.0,6,30,1815,1,1,1,1,2,4,7,2,2
28026,201600012304,4.0,2,1,1,11.0,0.0,0.0,0.0,2009.0,B02,1.0,7,0,0.0,2.0,4.0,2.0,6,30,1815,1,1,1,1,2,4,7,2,2
28027,201600012305,5.0,2,1,2,11.0,0.0,0.0,0.0,2014.0,C03,1.0,10,0,0.0,2.0,2.0,13.0,9,3,1245,1,1,1,1,4,2,7,2,2
28028,201600012305,5.0,2,4,2,11.0,0.0,0.0,0.0,1980.0,C03,1.0,10,0,0.0,2.0,2.0,13.0,9,3,1245,1,1,1,1,4,2,7,2,2
28029,201600012305,1.0,1,1,1,11.0,0.0,0.0,0.0,1976.0,C03,1.0,10,0,0.0,2.0,2.0,13.0,9,3,1245,1,1,1,1,4,2,7,2,2
28030,201600012305,2.0,2,4,2,11.0,0.0,0.0,0.0,1996.0,C03,1.0,10,0,0.0,2.0,2.0,13.0,9,3,1245,1,1,1,1,4,2,7,2,2
28031,201600012305,1.0,1,1,1,11.0,0.0,0.0,0.0,1974.0,E05,1.0,10,0,0.0,2.0,4.0,1.0,9,3,1245,1,1,1,1,4,2,7,2,2
28032,201600012305,2.0,2,1,1,11.0,0.0,0.0,0.0,1996.0,D04,1.0,7,0,0.0,2.0,1.0,1.0,9,3,1245,1,1,1,1,4,2,10,2,2
28033,201600012305,1.0,1,1,1,11.0,0.0,0.0,0.0,1997.0,D04,1.0,7,0,0.0,2.0,1.0,1.0,9,3,1245,1,1,1,1,4,2,10,2,2
28034,201600012305,1.0,1,4,2,11.0,0.0,0.0,0.0,1976.0,B02,1.0,7,0,0.0,2.0,2.0,2.0,9,3,1245,1,1,1,1,4,2,10,2,2
28035,201600012305,2.0,2,1,2,11.0,0.0,0.0,0.0,2011.0,B02,1.0,7,0,0.0,2.0,2.0,2.0,9,3,1245,1,1,1,1,4,2,10,2,2
28036,201600012305,1.0,1,1,2,11.0,0.0,0.0,0.0,1929.0,A01,1.0,7,0,0.0,2.0,3.0,13.0,9,3,1245,1,1,1,1,4,2,10,2,2
28037,201600012306,1.0,1,3,1,21.0,0.0,0.0,0.0,1974.0,A01,2.0,33,0,0.0,9.0,1.0,1.0,9,23,615,3,1,1,1,6,1,33,1,1
28038,201600012307,1.0,1,1,1,11.0,0.0,0.0,0.0,1978.0,B02,1.0,15,0,0.0,2.0,7.0,1.0,1,14,2045,3,1,1,1,1,4,10,3,2
28039,201600012307,1.0,1,2,1,12.0,0.0,0.0,0.0,1974.0,A01,1.0,10,0,3.0,0.0,2.0,1.0,1,14,2045,3,1,1,1,1,4,15,2,3
28040,201600012308,1.0,1,1,1,11.0,0.0,0.0,0.0,1959.0,A01,2.0,15,0,0.0,2.0,4.0,1.0,1,21,700,2,1,1,1,2,1,17,3,3
28041,201600012308,1.0,1,3,1,11.0,0.0,0.0,0.0,1984.0,B02,2.0,17,0,0.0,2.0,1.0,2.0,1,21,700,2,1,1,1,2,1,15,3,3
28042,201600012309,2.0,2,4,2,11.0,0.0,0.0,0.0,1925.0,A01,2.0,7,0,0.0,0.0,4.0,1.0,2,20,1700,1,1,1,1,2,3,7,2,2
28043,201600012309,1.0,1,4,1,11.0,0.0,0.0,0.0,1931.0,A01,2.0,7,0,0.0,0.0,4.0,1.0,2,20,1700,1,1,1,1,2,3,7,2,2
28044,201600012309,1.0,1,1,1,11.0,0.0,0.0,0.0,1933.0,B02,2.0,7,0,0.0,2.0,1.0,1.0,2,20,1700,1,1,1,1,2,3,7,2,2
28045,201600012310,1.0,1,3,1,21.0,0.0,0.0,0.0,1988.0,A01,2.0,33,0,0.0,0.0,0.0,21.0,3,8,1600,1,1,1,1,7,3,33,1,1
28046,201600012311,1.0,1,1,1,11.0,0.0,0.0,0.0,1979.0,B02,2.0,7,0,0.0,0.0,4.0,2.0,3,11,2030,3,1,1,1,2,4,7,2,2
28047,201600012311,1.0,1,4,2,11.0,0.0,0.0,0.0,1985.0,A01,2.0,7,0,0.0,2.0,1.0,2.0,3,11,2030,3,1,1,1,2,4,7,2,2
28048,201600012311,3.0,2,1,2,11.0,0.0,0.0,0.0,2009.0,A01,2.0,7,0,0.0,2.0,1.0,2.0,3,11,2030,3,1,1,1,2,4,7,2,2
28049,201600012311,4.0,2,1,1,31.0,0.0,0.0,0.0,2013.0,A01,2.0,7,0,0.0,2.0,1.0,2.0,3,11,2030,3,1,1,1,2,4,7,2,2
28050,201600012312,1.0,1,4,1,11.0,0.0,0.0,0.0,1995.0,A01,2.0,7,0,0.0,2.0,1.0,1.0,4,18,1830,1,1,1,1,4,4,7,2,2
28051,201600012312,1.0,1,1,1,11.0,0.0,0.0,0.0,1972.0,C03,2.0,7,0,0.0,2.0,4.0,1.0,4,18,1830,1,1,1,1,4,4,7,2,2
28052,201600012312,1.0,1,3,1,11.0,0.0,0.0,0.0,1985.0,B02,2.0,7,0,0.0,2.0,4.0,1.0,4,18,1830,1,1,1,1,4,4,7,2,2
28053,201600012313,1.0,1,4,1,13.0,0.0,0.0,0.0,1952.0,A01,1.0,7,0,0.0,2.0,1.0,2.0,6,6,1545,1,1,1,1,2,3,7,2,2
28054,201600012313,2.0,2,3,2,13.0,0.0,0.0,0.0,1946.0,A01,1.0,7,0,0.0,2.0,1.0,2.0,6,6,1545,1,1,1,1,2,3,7,2,2
28055,201600012313,1.0,1,2,1,11.0,0.0,0.0,0.0,1932.0,B02,1.0,7,0,0.0,2.0,4.0,2.0,6,6,1545,1,1,1,1,2,3,7,2,2
28056,201600012313,3.0,2,2,2,11.0,0.0,0.0,0.0,1921.0,B02,1.0,7,0,0.0,2.0,4.0,2.0,6,6,1545,1,1,1,1,2,3,7,2,2
28057,201600012313,3.0,2,2,2,11.0,0.0,0.0,0.0,1942.0,B02,1.0,7,0,0.0,2.0,4.0,2.0,6,6,1545,1,1,1,1,2,3,7,2,2
28058,201600012314,1.0,1,3,2,11.0,0.0,0.0,0.0,1997.0,A01,1.0,7,0,4.0,0.0,3.0,2.0,7,17,945,1,1,1,1,6,1,7,2,2
28059,201600012315,1.0,1,4,1,11.0,0.0,0.0,0.0,1994.0,A01,2.0,7,0,3.0,0.0,2.0,14.0,9,16,1615,1,1,1,1,6,3,7,2,2
28060,201600012316,1.0,1,3,1,11.0,0.0,0.0,0.0,1993.0,A01,1.0,7,0,3.0,0.0,1.0,6.0,12,10,545,3,1,1,1,6,0,7,2,2
28061,201600012317,1.0,1,1,1,11.0,0.0,0.0,0.0,1966.0,A01,1.0,7,0,0.0,2.0,1.0,3.0,12,31,2230,3,1,1,1,2,5,30,2,1
28062,201600012317,1.0,1,4,1,21.0,0.0,0.0,0.0,1999.0,B02,1.0,30,0,0.0,2.0,4.0,1.0,12,31,2230,3,1,1,1,2,5,7,1,2
28063,201600012318,1.0,1,4,1,11.0,0.0,0.0,0.0,1954.0,A01,1.0,7,0,3.0,0.0,1.0,17.0,1,26,2100,1,1,1,1,6,4,7,2,2
28064,201600012318,2.0,2,3,1,11.0,0.0,0.0,0.0,1965.0,A01,1.0,7,0,3.0,0.0,1.0,17.0,1,26,2100,1,1,1,1,6,4,7,2,2
28065,201600012319,1.0,1,3,1,11.0,0.0,0.0,0.0,1944.0,A01,1.0,7,0,0.0,0.0,7.0,1.0,2,7,215,3,1,1,1,6,0,7,2,2
28066,201600012320,1.0,1,3,2,21.0,0.0,0.0,0.0,1981.0,A01,1.0,33,0,0.0,0.0,1.0,0.0,2,16,530,3,1,1,1,1,0,7,1,2
28067,201600012320,2.0,2,1,2,21.0,0.0,0.0,0.0,1988.0,A01,1.0,33,0,0.0,0.0,1.0,0.0,2,16,530,3,1,1,1,1,0,7,1,2
28068,201600012320,1.0,1,4,2,11.0,0.0,0.0,0.0,1946.0,B02,1.0,7,0,14.0,0.0,1.0,1.0,2,16,530,3,1,1,1,1,0,33,2,1
28069,201600012321,1.0,1,1,1,11.0,0.0,0.0,0.0,1993.0,A01,1.0,7,0,0.0,1.0,1.0,1.0,2,23,1830,3,1,1,1,5,4,33,2,1
28070,201600012321,0.0,3,2,2,0.0,1.0,3.0,1.0,1964.0,A01,1.0,7,0,0.0,1.0,1.0,1.0,2,23,1830,3,1,1,1,5,4,33,2,1
28071,201600012321,1.0,1,2,1,21.0,0.0,0.0,0.0,1983.0,B02,1.0,33,0,0.0,2.0,1.0,2.0,2,23,1830,3,1,1,1,5,4,7,1,2
28072,201600012321,1.0,1,1,1,11.0,0.0,0.0,0.0,1949.0,C03,1.0,7,0,0.0,2.0,8.0,2.0,2,23,1830,3,1,1,1,5,4,33,2,1
28073,201600012322,4.0,2,4,1,11.0,0.0,0.0,0.0,1993.0,B02,0.0,7,0,0.0,2.0,8.0,2.0,2,28,900,1,1,1,8,3,1,7,2,2
28074,201600012322,3.0,2,4,1,11.0,0.0,0.0,0.0,1990.0,B02,0.0,7,0,0.0,2.0,8.0,2.0,2,28,900,1,1,1,8,3,1,7,2,2
28075,201600012322,1.0,1,3,1,11.0,0.0,0.0,0.0,1997.0,B02,0.0,7,0,0.0,2.0,8.0,2.0,2,28,900,1,1,1,8,3,1,7,2,2
28076,201600012322,2.0,2,3,2,11.0,0.0,0.0,0.0,1994.0,B02,0.0,7,0,0.0,2.0,8.0,2.0,2,28,900,1,1,1,8,3,1,7,2,2
28077,201600012322,1.0,1,4,1,11.0,0.0,0.0,0.0,1974.0,A01,2.0,7,0,0.0,0.0,2.0,12.0,2,28,900,1,1,1,8,3,1,7,2,2
28078,201600012323,1.0,1,1,1,11.0,0.0,0.0,0.0,1973.0,A01,2.0,7,0,0.0,2.0,6.0,1.0,3,19,1600,1,1,1,1,3,3,33,2,1
28079,201600012323,1.0,1,3,1,21.0,0.0,0.0,0.0,1960.0,B02,2.0,33,0,0.0,2.0,3.0,11.0,3,19,1600,1,1,1,1,3,3,7,1,2
28080,201600012324,1.0,1,1,1,11.0,0.0,0.0,0.0,1960.0,C03,2.0,7,0,0.0,2.0,4.0,1.0,3,10,1845,3,1,1,1,4,4,7,2,2
28081,201600012324,1.0,1,4,2,11.0,0.0,0.0,0.0,1996.0,B02,2.0,7,0,4.0,0.0,5.0,1.0,3,10,1845,3,1,1,1,4,4,7,2,2
28082,201600012324,1.0,1,1,1,11.0,0.0,0.0,0.0,1968.0,D04,2.0,7,0,0.0,0.0,1.0,1.0,3,10,1845,3,1,1,1,4,4,7,2,2
28083,201600012324,1.0,1,4,2,11.0,0.0,0.0,0.0,1985.0,A01,2.0,7,0,0.0,0.0,3.0,14.0,3,10,1845,3,1,1,1,4,4,7,2,2
28084,201600012325,1.0,1,4,1,11.0,0.0,0.0,0.0,1931.0,B02,2.0,7,0,0.0,2.0,6.0,1.0,4,10,2045,2,1,1,1,2,4,7,2,2
28085,201600012326,1.0,1,4,1,21.0,0.0,0.0,0.0,1961.0,A01,2.0,33,0,0.0,2.0,1.0,2.0,4,18,830,1,1,1,1,6,1,33,1,1
28086,201600012327,1.0,1,1,2,11.0,0.0,0.0,0.0,1973.0,A01,2.0,7,0,4.0,0.0,1.0,0.0,4,27,1215,1,1,1,6,6,2,7,2,2
28087,201600012327,2.0,2,2,1,13.0,0.0,0.0,0.0,1964.0,A01,2.0,7,0,4.0,0.0,1.0,0.0,4,27,1215,1,1,1,6,6,2,7,2,2
28088,201600012328,1.0,1,3,1,21.0,0.0,0.0,0.0,1961.0,A01,2.0,33,0,14.0,0.0,1.0,1.0,4,28,1530,1,1,1,1,5,3,7,1,2
28089,201600012328,1.0,1,1,2,11.0,0.0,0.0,0.0,1976.0,D04,2.0,7,0,0.0,2.0,3.0,1.0,4,28,1530,1,1,1,1,5,3,33,2,1
28090,201600012328,1.0,1,3,2,21.0,0.0,0.0,0.0,1991.0,B02,2.0,33,0,14.0,0.0,1.0,1.0,4,28,1530,1,1,1,1,5,3,7,1,2
28091,201600012328,1.0,1,3,2,21.0,0.0,0.0,0.0,1962.0,C03,2.0,33,0,14.0,0.0,1.0,1.0,4,28,1530,1,1,1,1,5,3,7,1,2
28092,201600012329,1.0,1,3,2,21.0,0.0,0.0,0.0,1955.0,A01,2.0,33,0,0.0,2.0,3.0,1.0,4,30,900,1,1,1,1,2,1,7,1,2
28093,201600012329,1.0,1,1,2,11.0,0.0,0.0,0.0,1957.0,B02,2.0,7,0,0.0,2.0,5.0,0.0,4,30,900,1,1,1,1,2,1,33,2,1
28094,201600012330,1.0,1,1,1,11.0,0.0,0.0,0.0,1985.0,A01,1.0,17,0,0.0,2.0,0.0,2.0,7,2,200,3,1,1,1,2,0,7,3,2
28095,201600012330,1.0,1,3,1,11.0,0.0,0.0,0.0,1996.0,B02,1.0,7,0,0.0,2.0,1.0,2.0,7,2,200,3,1,1,1,2,0,17,2,3
28096,201600012330,2.0,2,3,1,12.0,0.0,0.0,0.0,1997.0,B02,1.0,7,0,0.0,2.0,1.0,2.0,7,2,200,3,1,1,1,2,0,17,2,3
28097,201600012331,1.0,1,3,1,21.0,0.0,0.0,0.0,1987.0,A01,2.0,33,0,0.0,2.0,1.0,1.0,7,7,845,1,1,1,1,5,1,33,1,1
28098,201600012331,1.0,1,4,1,21.0,0.0,0.0,0.0,1962.0,C03,2.0,33,0,0.0,2.0,4.0,23.0,7,7,845,1,1,1,1,5,1,33,1,1
28099,201600012331,1.0,1,3,1,21.0,0.0,0.0,0.0,1993.0,B02,2.0,33,0,0.0,2.0,4.0,1.0,7,7,845,1,1,1,1,5,1,33,1,1
28100,201600012332,1.0,1,3,1,12.0,0.0,0.0,0.0,1974.0,A01,1.0,15,0,4.0,0.0,2.0,1.0,7,7,2300,3,1,1,1,7,5,15,3,3
28101,201600012333,1.0,1,3,1,21.0,0.0,0.0,0.0,1955.0,A01,0.0,33,0,3.0,0.0,0.0,1.0,7,15,1930,1,1,1,1,6,4,33,1,1
28102,201600012334,1.0,1,3,1,21.0,0.0,0.0,0.0,1970.0,A01,1.0,33,0,0.0,2.0,8.0,1.0,8,2,800,1,1,1,1,3,1,10,1,2
28103,201600012334,1.0,1,1,1,11.0,0.0,0.0,0.0,1991.0,B02,1.0,10,0,0.0,2.0,7.0,12.0,8,2,800,1,1,1,1,3,1,33,2,1
28104,201600012335,1.0,1,1,1,11.0,0.0,0.0,0.0,1986.0,A01,2.0,7,0,0.0,2.0,4.0,4.0,8,4,2245,1,1,1,7,2,5,33,2,1
28105,201600012335,1.0,1,4,1,21.0,0.0,0.0,0.0,1959.0,B02,2.0,33,0,0.0,2.0,1.0,2.0,8,4,2245,1,1,1,7,2,5,7,1,2
28106,201600012336,1.0,1,3,1,21.0,0.0,0.0,0.0,1974.0,A01,2.0,33,0,0.0,2.0,7.0,17.0,8,4,1630,1,1,1,1,3,3,7,1,2
28107,201600012336,1.0,1,1,1,11.0,0.0,0.0,0.0,1972.0,B02,2.0,7,0,0.0,2.0,8.0,14.0,8,4,1630,1,1,1,1,3,3,33,2,1
28108,201600012337,5.0,2,4,1,11.0,0.0,0.0,0.0,1989.0,B02,2.0,7,0,0.0,0.0,4.0,1.0,8,18,30,4,1,1,1,2,0,7,2,2
28109,201600012337,5.0,2,3,1,11.0,0.0,0.0,0.0,1991.0,B02,2.0,7,0,0.0,0.0,4.0,1.0,8,18,30,4,1,1,1,2,0,7,2,2
28110,201600012337,4.0,2,4,2,11.0,0.0,0.0,0.0,1948.0,B02,2.0,7,0,0.0,0.0,4.0,1.0,8,18,30,4,1,1,1,2,0,7,2,2
28111,201600012337,1.0,1,3,1,11.0,0.0,0.0,0.0,1954.0,B02,2.0,7,0,0.0,0.0,4.0,1.0,8,18,30,4,1,1,1,2,0,7,2,2
28112,201600012337,2.0,2,4,1,11.0,0.0,0.0,0.0,1990.0,B02,2.0,7,0,0.0,0.0,4.0,1.0,8,18,30,4,1,1,1,2,0,7,2,2
28113,201600012337,1.0,1,4,1,11.0,0.0,0.0,0.0,1992.0,A01,2.0,7,0,0.0,2.0,1.0,1.0,8,18,30,4,1,1,1,2,0,7,2,2
28114,201600012338,1.0,1,3,1,21.0,0.0,0.0,0.0,1955.0,A01,2.0,33,0,0.0,2.0,1.0,2.0,9,17,1700,1,1,1,1,2,3,33,1,1
28115,201600012338,1.0,1,3,1,21.0,0.0,0.0,0.0,1958.0,B02,2.0,33,0,0.0,2.0,4.0,2.0,9,17,1700,1,1,1,1,2,3,33,1,1
28116,201600012339,1.0,1,4,1,11.0,0.0,0.0,0.0,1980.0,A01,2.0,7,0,0.0,0.0,8.0,1.0,9,25,1545,1,1,1,1,1,3,7,2,2
28117,201600012339,1.0,1,1,2,11.0,0.0,0.0,0.0,1948.0,B02,2.0,7,0,0.0,2.0,0.0,0.0,9,25,1545,1,1,1,1,1,3,7,2,2
28118,201600012340,1.0,1,3,1,21.0,0.0,0.0,0.0,1969.0,A01,2.0,33,0,0.0,2.0,2.0,3.0,10,7,1655,1,1,1,7,5,3,7,1,2
28119,201600012340,1.0,1,1,1,11.0,0.0,0.0,0.0,1953.0,B02,2.0,7,0,0.0,2.0,3.0,2.0,10,7,1655,1,1,1,7,5,3,33,2,1
28120,201600012340,2.0,2,1,2,11.0,0.0,0.0,0.0,1929.0,B02,2.0,7,0,0.0,2.0,3.0,2.0,10,7,1655,1,1,1,7,5,3,33,2,1
28121,201600012340,1.0,1,1,1,11.0,0.0,0.0,0.0,1989.0,C03,2.0,7,0,0.0,0.0,4.0,1.0,10,7,1655,1,1,1,7,5,3,33,2,1
28122,201600012340,1.0,1,1,1,11.0,0.0,0.0,0.0,1966.0,D04,2.0,7,0,0.0,2.0,6.0,1.0,10,7,1655,1,1,1,7,5,3,33,2,1
28123,201600012341,1.0,1,3,1,21.0,0.0,0.0,0.0,1967.0,A01,2.0,33,0,3.0,0.0,2.0,2.0,10,16,1555,1,1,1,1,6,3,33,1,1
28124,201600012342,1.0,1,4,2,11.0,0.0,0.0,0.0,1959.0,B02,1.0,7,0,0.0,2.0,4.0,1.0,10,19,2140,3,1,1,1,2,4,7,2,2
28125,201600012342,1.0,1,1,1,11.0,0.0,0.0,0.0,1977.0,A01,1.0,7,0,0.0,2.0,1.0,2.0,10,19,2140,3,1,1,1,2,4,7,2,2
28126,201600012343,9.0,2,4,1,13.0,0.0,0.0,0.0,1986.0,A01,1.0,10,0,0.0,2.0,1.0,2.0,11,14,602,3,1,1,1,6,1,10,2,2
28127,201600012343,7.0,2,4,1,13.0,0.0,0.0,0.0,1966.0,A01,1.0,10,0,0.0,2.0,1.0,2.0,11,14,602,3,1,1,1,6,1,10,2,2
28128,201600012343,1.0,1,1,1,11.0,0.0,0.0,0.0,1975.0,A01,1.0,10,0,0.0,2.0,1.0,2.0,11,14,602,3,1,1,1,6,1,10,2,2
28129,201600012343,2.0,2,1,1,11.0,0.0,0.0,0.0,1972.0,A01,1.0,10,0,0.0,2.0,1.0,2.0,11,14,602,3,1,1,1,6,1,10,2,2
28130,201600012344,1.0,1,1,2,11.0,0.0,0.0,0.0,1973.0,A01,2.0,7,0,3.0,0.0,2.0,13.0,1,22,1600,1,1,1,8,6,3,7,2,2
28131,201600012344,2.0,2,1,2,11.0,0.0,0.0,0.0,1993.0,A01,2.0,7,0,3.0,0.0,2.0,13.0,1,22,1600,1,1,1,8,6,3,7,2,2
28132,201600012344,3.0,2,1,2,11.0,0.0,0.0,0.0,1994.0,A01,2.0,7,0,3.0,0.0,2.0,13.0,1,22,1600,1,1,1,8,6,3,7,2,2
28133,201600012344,4.0,2,3,2,12.0,0.0,0.0,0.0,1995.0,A01,2.0,7,0,3.0,0.0,2.0,13.0,1,22,1600,1,1,1,8,6,3,7,2,2
28134,201600012345,1.0,1,3,2,21.0,0.0,0.0,0.0,1988.0,A01,1.0,33,0,3.0,0.0,3.0,1.0,1,25,1715,1,1,1,1,6,3,33,1,1
28135,201600012346,1.0,1,1,1,11.0,0.0,0.0,0.0,1968.0,B02,1.0,15,0,0.0,2.0,6.0,1.0,2,8,530,3,1,1,1,5,0,7,3,2
28136,201600012346,1.0,1,1,1,11.0,0.0,0.0,0.0,1971.0,C03,1.0,7,0,5.0,0.0,1.0,1.0,2,8,530,3,1,1,1,5,0,15,2,3
28137,201600012346,1.0,1,2,1,11.0,0.0,0.0,0.0,1960.0,A01,1.0,7,0,0.0,2.0,2.0,2.0,2,8,530,3,1,1,1,5,0,15,2,3
28138,201600012347,2.0,2,3,1,11.0,0.0,0.0,0.0,1993.0,A01,1.0,10,0,0.0,2.0,1.0,2.0,3,7,845,1,1,1,1,2,1,14,2,3
28139,201600012347,1.0,1,1,1,11.0,0.0,0.0,0.0,1993.0,A01,1.0,10,0,0.0,2.0,1.0,2.0,3,7,845,1,1,1,1,2,1,14,2,3
28140,201600012347,1.0,1,1,1,11.0,0.0,0.0,0.0,1987.0,B02,1.0,14,0,0.0,2.0,4.0,2.0,3,7,845,1,1,1,1,2,1,10,3,2
28141,201600012348,5.0,2,3,1,11.0,0.0,0.0,0.0,1985.0,A01,1.0,7,0,13.0,0.0,1.0,17.0,3,16,1345,1,1,1,1,6,2,7,2,2
28142,201600012348,5.0,2,3,1,11.0,0.0,0.0,0.0,1977.0,A01,1.0,7,0,13.0,0.0,1.0,17.0,3,16,1345,1,1,1,1,6,2,7,2,2
28143,201600012348,1.0,1,3,1,11.0,0.0,0.0,0.0,1991.0,A01,1.0,7,0,13.0,0.0,1.0,17.0,3,16,1345,1,1,1,1,6,2,7,2,2
28144,201600012348,2.0,2,3,1,11.0,0.0,0.0,0.0,1973.0,A01,1.0,7,0,13.0,0.0,1.0,17.0,3,16,1345,1,1,1,1,6,2,7,2,2
28145,201600012348,5.0,2,3,1,11.0,0.0,0.0,0.0,1970.0,A01,1.0,7,0,13.0,0.0,1.0,17.0,3,16,1345,1,1,1,1,6,2,7,2,2
28146,201600012349,1.0,1,4,1,11.0,0.0,0.0,0.0,1964.0,A01,2.0,7,0,0.0,2.0,1.0,3.0,5,5,1130,1,1,1,1,5,1,7,2,2
28147,201600012349,2.0,2,3,2,11.0,0.0,0.0,0.0,1968.0,A01,2.0,7,0,0.0,2.0,1.0,3.0,5,5,1130,1,1,1,1,5,1,7,2,2
28148,201600012349,1.0,1,1,1,11.0,0.0,0.0,0.0,1958.0,E05,2.0,7,0,0.0,2.0,5.0,1.0,5,5,1130,1,1,1,1,5,1,7,2,2
28149,201600012349,2.0,2,4,2,11.0,0.0,0.0,0.0,1966.0,E05,2.0,7,0,0.0,2.0,5.0,1.0,5,5,1130,1,1,1,1,5,1,7,2,2
28150,201600012349,1.0,1,1,2,11.0,0.0,0.0,0.0,1972.0,C03,2.0,7,0,0.0,2.0,7.0,1.0,5,5,1130,1,1,1,1,5,1,7,2,2
28151,201600012349,1.0,1,1,1,11.0,0.0,0.0,0.0,1955.0,D04,2.0,7,0,0.0,2.0,4.0,1.0,5,5,1130,1,1,1,1,5,1,7,2,2
28152,201600012350,1.0,1,1,1,11.0,0.0,0.0,0.0,1985.0,C03,1.0,7,0,0.0,9.0,1.0,1.0,6,8,1630,1,1,1,1,5,3,15,2,3
28153,201600012350,1.0,1,1,1,11.0,0.0,0.0,0.0,1959.0,D04,1.0,7,0,0.0,9.0,1.0,0.0,6,8,1630,1,1,1,1,5,3,15,2,3
28154,201600012350,1.0,1,1,1,11.0,0.0,0.0,0.0,1990.0,E05,1.0,14,0,0.0,9.0,1.0,0.0,6,8,1630,1,1,1,1,5,3,15,3,3
28155,201600012350,1.0,1,1,1,11.0,0.0,0.0,0.0,1975.0,A01,1.0,15,0,1.0,0.0,7.0,14.0,6,8,1630,1,1,1,1,5,3,14,3,3
28156,201600012350,2.0,2,3,1,11.0,0.0,0.0,0.0,1966.0,A01,1.0,15,0,1.0,0.0,7.0,14.0,6,8,1630,1,1,1,1,5,3,14,3,3
28157,201600012350,1.0,1,1,1,11.0,0.0,0.0,0.0,1950.0,B02,1.0,15,0,0.0,2.0,8.0,24.0,6,8,1630,1,1,1,1,5,3,14,3,3
28158,201600012351,1.0,1,3,2,11.0,0.0,0.0,0.0,1940.0,A01,1.0,7,0,3.0,0.0,3.0,16.0,7,5,1930,1,1,1,1,6,4,7,2,2
28159,201600012352,2.0,2,3,2,11.0,0.0,0.0,0.0,1986.0,A01,1.0,7,0,13.0,0.0,2.0,1.0,9,9,1700,1,1,1,3,6,3,7,2,2