,Num_Acc,place,catu,grav,sexe,secu,locp,actp,etatp,an_nais,num_veh,senc,catv,occutc,obs,obsm,choc,manv,mois,jour,hrmn,lum,agg,int,atm,col,mom,catvopp,catv_gen,catvopp_gen
28160,201600012352,3.0,2,3,2,11.0,0.0,0.0,0.0,2013.0,A01,1.0,7,0,13.0,0.0,2.0,1.0,9,9,1700,1,1,1,3,6,3,7,2,2
28161,201600012352,1.0,1,3,1,11.0,0.0,0.0,0.0,1984.0,A01,1.0,7,0,13.0,0.0,2.0,1.0,9,9,1700,1,1,1,3,6,3,7,2,2
28162,201600012353,1.0,1,4,1,11.0,0.0,0.0,0.0,1994.0,A01,2.0,7,0,0.0,2.0,2.0,2.0,10,12,2015,3,1,1,2,2,4,33,2,1
28163,201600012353,1.0,1,3,1,21.0,0.0,0.0,0.0,1966.0,B02,2.0,33,0,0.0,2.0,4.0,2.0,10,12,2015,3,1,1,2,2,4,7,1,2
28164,201600012354,1.0,1,3,1,23.0,0.0,0.0,0.0,1998.0,A01,0.0,30,0,0.0,2.0,1.0,5.0,6,20,1215,1,1,1,1,1,2,7,1,2
28165,201600012354,1.0,1,1,1,11.0,0.0,0.0,0.0,1997.0,B02,0.0,7,0,0.0,2.0,1.0,1.0,6,20,1215,1,1,1,1,1,2,30,2,1
28166,201600012355,1.0,1,2,1,13.0,0.0,0.0,0.0,1981.0,A01,2.0,14,0,3.0,0.0,3.0,13.0,7,13,1845,1,1,9,1,7,4,14,3,3
28167,201600012355,2.0,2,3,1,12.0,0.0,0.0,0.0,1985.0,A01,2.0,14,0,3.0,0.0,3.0,13.0,7,13,1845,1,1,9,1,7,4,14,3,3
28168,201600012355,3.0,2,3,1,12.0,0.0,0.0,0.0,1988.0,A01,2.0,14,0,3.0,0.0,3.0,13.0,7,13,1845,1,1,9,1,7,4,14,3,3
28169,201600012355,4.0,2,3,1,13.0,0.0,0.0,0.0,1993.0,A01,2.0,14,0,3.0,0.0,3.0,13.0,7,13,1845,1,1,9,1,7,4,14,3,3
28170,201600012356,1.0,1,1,1,11.0,0.0,0.0,0.0,1994.0,B02,0.0,10,0,0.0,2.0,8.0,15.0,12,15,1400,1,2,1,1,3,3,30,2,1
28171,201600012356,2.0,2,1,2,11.0,0.0,0.0,0.0,1996.0,B02,0.0,10,0,0.0,2.0,8.0,15.0,12,15,1400,1,2,1,1,3,3,30,2,1
28172,201600012356,1.0,1,3,1,21.0,0.0,0.0,0.0,1993.0,A01,0.0,30,0,0.0,2.0,1.0,13.0,12,15,1400,1,2,1,1,3,3,10,1,2
28173,201600012357,1.0,1,4,1,11.0,0.0,0.0,0.0,1972.0,A01,2.0,7,0,0.0,0.0,0.0,9.0,2,11,930,3,1,1,2,5,1,7,2,2
28174,201600012357,2.0,2,3,2,11.0,0.0,0.0,0.0,1986.0,D04,2.0,7,0,14.0,0.0,1.0,1.0,2,11,930,3,1,1,2,5,1,7,2,2
28175,201600012357,1.0,1,3,1,11.0,0.0,0.0,0.0,1987.0,D04,2.0,7,0,14.0,0.0,1.0,1.0,2,11,930,3,1,1,2,5,1,7,2,2
28176,201600012357,2.0,2,1,1,11.0,0.0,0.0,0.0,1992.0,C03,2.0,7,0,3.0,2.0,3.0,13.0,2,11,930,3,1,1,2,5,1,7,2,2
28177,201600012357,2.0,2,1,1,11.0,0.0,0.0,0.0,1987.0,C03,2.0,7,0,3.0,2.0,3.0,13.0,2,11,930,3,1,1,2,5,1,7,2,2
28178,201600012357,1.0,1,1,1,11.0,0.0,0.0,0.0,1979.0,C03,2.0,7,0,3.0,2.0,3.0,13.0,2,11,930,3,1,1,2,5,1,7,2,2
28179,201600012357,2.0,2,1,2,31.0,0.0,0.0,0.0,2014.0,B02,2.0,7,0,0.0,9.0,1.0,1.0,2,11,930,3,1,1,2,5,1,7,2,2
28180,201600012357,2.0,2,1,1,11.0,0.0,0.0,0.0,1982.0,B02,2.0,7,0,0.0,9.0,1.0,1.0,2,11,930,3,1,1,2,5,1,7,2,2
28181,201600012357,1.0,1,1,1,11.0,0.0,0.0,0.0,1982.0,B02,2.0,7,0,0.0,9.0,1.0,1.0,2,11,930,3,1,1,2,5,1,7,2,2
28182,201600012358,1.0,1,3,1,11.0,0.0,0.0,0.0,1962.0,A01,2.0,7,0,13.0,0.0,1.0,1.0,9,25,1845,2,1,1,3,6,4,7,2,2
28183,201600012358,3.0,2,4,2,11.0,0.0,0.0,0.0,1958.0,A01,2.0,7,0,13.0,0.0,1.0,1.0,9,25,1845,2,1,1,3,6,4,7,2,2
28184,201600012359,1.0,1,3,2,13.0,0.0,0.0,0.0,1983.0,A01,1.0,7,0,3.0,0.0,1.0,1.0,10,10,1945,3,1,1,1,6,4,7,2,2
28185,201600012360,1.0,1,3,1,22.0,0.0,0.0,0.0,1988.0,A01,0.0,30,0,0.0,2.0,0.0,2.0,1,3,1715,1,2,2,2,3,3,7,1,2
28186,201600012360,1.0,1,4,2,11.0,0.0,0.0,0.0,1966.0,B02,0.0,7,0,0.0,2.0,3.0,16.0,1,3,1715,1,2,2,2,3,3,30,2,1
28187,201600012361,1.0,1,1,1,11.0,0.0,0.0,0.0,1965.0,A01,0.0,7,0,0.0,1.0,1.0,1.0,1,15,2000,5,2,1,4,6,4,7,2,2
28188,201600012361,0.0,3,3,2,0.0,4.0,3.0,2.0,1946.0,A01,0.0,7,0,0.0,1.0,1.0,1.0,1,15,2000,5,2,1,4,6,4,7,2,2
28189,201600012362,1.0,1,4,1,11.0,0.0,0.0,0.0,1973.0,B02,0.0,7,0,0.0,2.0,2.0,2.0,1,29,1815,5,1,1,1,2,4,7,2,2
28190,201600012362,1.0,1,4,1,11.0,0.0,0.0,0.0,1971.0,A01,0.0,7,0,0.0,2.0,5.0,2.0,1,29,1815,5,1,1,1,2,4,7,2,2
28191,201600012363,1.0,1,1,1,11.0,0.0,0.0,0.0,1994.0,A01,0.0,7,0,0.0,0.0,1.0,1.0,2,22,2115,5,2,6,2,1,4,7,2,2
28192,201600012363,2.0,2,4,1,11.0,0.0,0.0,0.0,1978.0,A01,0.0,7,0,0.0,0.0,1.0,1.0,2,22,2115,5,2,6,2,1,4,7,2,2
28193,201600012363,1.0,1,4,1,11.0,0.0,0.0,0.0,1995.0,B02,0.0,7,0,0.0,0.0,1.0,1.0,2,22,2115,5,2,6,2,1,4,7,2,2
28194,201600012364,1.0,1,4,1,11.0,0.0,0.0,0.0,1996.0,A01,0.0,7,0,12.0,2.0,2.0,15.0,3,1,2015,5,2,1,1,3,4,7,2,2
28195,201600012364,1.0,1,4,2,11.0,0.0,0.0,0.0,1962.0,B02,0.0,7,0,0.0,2.0,1.0,1.0,3,1,2015,5,2,1,1,3,4,7,2,2
28196,201600012365,1.0,1,4,2,11.0,0.0,0.0,0.0,1989.0,A01,0.0,7,0,0.0,2.0,2.0,15.0,3,25,1230,1,2,3,2,3,2,7,2,2
28197,201600012365,1.0,1,4,2,11.0,0.0,0.0,0.0,1996.0,B02,0.0,7,0,0.0,2.0,3.0,1.0,3,25,1230,1,2,3,2,3,2,7,2,2
28198,201600012366,1.0,1,3,1,11.0,0.0,0.0,0.0,1998.0,A01,2.0,7,0,2.0,0.0,1.0,1.0,4,18,1945,2,1,1,2,6,4,7,2,2
28199,201600012367,1.0,1,3,1,11.0,0.0,0.0,0.0,1995.0,A01,0.0,7,0,2.0,0.0,8.0,1.0,4,24,700,1,2,1,1,6,1,7,2,2
28200,201600012368,2.0,2,3,2,11.0,0.0,0.0,0.0,1999.0,A01,1.0,3,0,0.0,2.0,7.0,1.0,5,4,1830,1,2,4,1,3,4,7,0,2
28201,201600012368,1.0,1,4,2,11.0,0.0,0.0,0.0,1978.0,A01,1.0,3,0,0.0,2.0,7.0,1.0,5,4,1830,1,2,4,1,3,4,7,0,2
28202,201600012368,1.0,1,1,2,11.0,0.0,0.0,0.0,1964.0,B02,2.0,7,0,0.0,2.0,1.0,15.0,5,4,1830,1,2,4,1,3,4,3,2,0
28203,201600012369,1.0,1,3,1,11.0,0.0,0.0,0.0,1963.0,A01,0.0,7,0,0.0,2.0,1.0,0.0,5,28,1430,1,2,1,1,1,3,7,2,2
28204,201600012369,1.0,1,3,2,11.0,0.0,0.0,0.0,1957.0,B02,0.0,7,0,0.0,2.0,1.0,0.0,5,28,1430,1,2,1,1,1,3,7,2,2
28205,201600012370,1.0,1,4,1,21.0,0.0,0.0,0.0,1993.0,A01,1.0,30,0,0.0,1.0,1.0,3.0,5,26,1730,1,2,1,1,6,3,30,1,1
28206,201600012370,0.0,3,4,2,0.0,4.0,5.0,2.0,2006.0,A01,1.0,30,0,0.0,1.0,1.0,3.0,5,26,1730,1,2,1,1,6,3,30,1,1
28207,201600012371,1.0,1,3,1,21.0,0.0,0.0,0.0,1971.0,A01,1.0,31,0,0.0,2.0,1.0,1.0,6,6,1800,1,2,1,3,1,4,7,1,2
28208,201600012371,1.0,1,4,2,11.0,0.0,0.0,0.0,1965.0,B02,1.0,7,0,0.0,2.0,1.0,1.0,6,6,1800,1,2,1,3,1,4,31,2,1
28209,201600012372,1.0,1,4,1,11.0,0.0,0.0,0.0,1968.0,A01,1.0,10,0,3.0,2.0,2.0,2.0,6,14,1745,1,1,1,1,1,3,7,2,2
28210,201600012372,1.0,1,3,1,11.0,0.0,0.0,0.0,1993.0,B02,1.0,7,0,3.0,0.0,4.0,2.0,6,14,1745,1,1,1,1,1,3,10,2,2
28211,201600012373,1.0,1,1,2,11.0,0.0,0.0,0.0,1977.0,A01,0.0,7,0,0.0,1.0,1.0,1.0,5,17,1215,1,2,9,1,6,2,7,2,2
28212,201600012373,0.0,3,3,1,0.0,0.0,1.0,1.0,1960.0,A01,0.0,7,0,0.0,1.0,1.0,1.0,5,17,1215,1,2,9,1,6,2,7,2,2
28213,201600012374,1.0,1,1,1,13.0,0.0,0.0,0.0,1991.0,A01,1.0,7,0,0.0,1.0,2.0,2.0,7,2,330,3,1,1,1,6,0,7,2,2
28214,201600012374,0.0,3,2,1,1.0,0.0,0.0,0.0,1972.0,A01,1.0,7,0,0.0,1.0,2.0,2.0,7,2,330,3,1,1,1,6,0,7,2,2
28215,201600012375,1.0,1,1,2,11.0,0.0,0.0,0.0,1985.0,B02,0.0,7,0,0.0,1.0,5.0,15.0,7,5,1030,1,2,2,1,6,1,7,2,2
28216,201600012375,0.0,3,3,1,0.0,5.0,2.0,1.0,1939.0,B02,0.0,7,0,0.0,1.0,5.0,15.0,7,5,1030,1,2,2,1,6,1,7,2,2
28217,201600012375,1.0,1,1,1,11.0,0.0,0.0,0.0,1934.0,A01,0.0,7,0,0.0,2.0,3.0,1.0,7,5,1030,1,2,2,1,6,1,7,2,2
28218,201600012375,2.0,2,4,2,11.0,0.0,0.0,0.0,1938.0,A01,0.0,7,0,0.0,2.0,3.0,1.0,7,5,1030,1,2,2,1,6,1,7,2,2
28219,201600012376,1.0,1,2,1,23.0,0.0,0.0,0.0,1995.0,B01,0.0,1,0,0.0,2.0,5.0,2.0,7,15,1145,1,2,3,1,6,1,7,1,2
28220,201600012376,1.0,1,4,2,11.0,0.0,0.0,0.0,1964.0,A01,0.0,7,0,0.0,2.0,2.0,12.0,7,15,1145,1,2,3,1,6,1,1,2,1
28221,201600012377,1.0,1,4,2,21.0,0.0,0.0,0.0,1991.0,A01,2.0,33,0,0.0,0.0,0.0,1.0,8,16,1600,1,1,1,1,7,3,33,1,1
28222,201600012378,1.0,1,4,1,21.0,0.0,0.0,0.0,1993.0,A01,2.0,33,0,0.0,2.0,1.0,1.0,8,16,1600,1,1,1,1,1,3,10,1,2
28223,201600012378,1.0,1,1,1,11.0,0.0,0.0,0.0,1942.0,B02,1.0,10,0,0.0,2.0,2.0,0.0,8,16,1600,1,1,1,1,1,3,33,2,1
28224,201600012379,1.0,1,3,1,21.0,0.0,0.0,0.0,1982.0,A01,1.0,33,0,0.0,2.0,1.0,1.0,9,28,1215,1,2,1,1,2,2,7,1,2
28225,201600012379,1.0,1,1,2,11.0,0.0,0.0,0.0,1985.0,B02,1.0,7,0,0.0,0.0,4.0,19.0,9,28,1215,1,2,1,1,2,2,33,2,1
28226,201600012380,1.0,1,1,2,11.0,0.0,0.0,0.0,1985.0,A01,0.0,7,0,0.0,2.0,1.0,1.0,12,1,1330,1,2,2,1,1,2,7,2,2
28227,201600012380,1.0,1,3,2,11.0,0.0,0.0,0.0,1980.0,B02,0.0,7,0,8.0,2.0,8.0,1.0,12,1,1330,1,2,2,1,1,2,7,2,2
28228,201600012381,1.0,1,3,1,11.0,0.0,0.0,0.0,1968.0,B02,1.0,7,0,0.0,2.0,1.0,13.0,12,2,2230,3,1,1,1,1,5,7,2,2
28229,201600012381,1.0,1,4,1,11.0,0.0,0.0,0.0,1979.0,A01,2.0,7,0,0.0,2.0,3.0,1.0,12,2,2230,3,1,1,1,1,5,7,2,2
28230,201600012382,1.0,1,1,2,11.0,0.0,0.0,0.0,1934.0,B02,2.0,10,0,0.0,2.0,1.0,2.0,12,14,1445,1,1,4,1,2,3,7,2,2
28231,201600012382,2.0,2,3,1,11.0,0.0,0.0,0.0,1929.0,B02,2.0,10,0,0.0,2.0,1.0,2.0,12,14,1445,1,1,4,1,2,3,7,2,2
28232,201600012382,1.0,1,1,1,11.0,0.0,0.0,0.0,1978.0,A01,2.0,7,0,0.0,2.0,4.0,23.0,12,14,1445,1,1,4,1,2,3,10,2,2
28233,201600012383,1.0,1,3,1,11.0,0.0,0.0,0.0,1963.0,A01,2.0,7,0,2.0,0.0,1.0,1.0,12,30,1845,3,1,1,1,6,4,7,2,2
28234,201600012384,1.0,1,1,1,11.0,0.0,0.0,0.0,1948.0,A01,2.0,7,0,0.0,1.0,3.0,1.0,1,23,1000,2,2,1,2,6,1,7,2,2
28235,201600012384,0.0,3,3,2,0.0,4.0,3.0,1.0,1945.0,A01,2.0,7,0,0.0,1.0,3.0,1.0,1,23,1000,2,2,1,2,6,1,7,2,2
28236,201600012385,1.0,1,3,1,11.0,0.0,0.0,0.0,1977.0,A01,0.0,7,0,14.0,0.0,1.0,1.0,4,8,1845,1,2,1,1,6,4,7,2,2
28237,201600012386,1.0,1,1,1,13.0,0.0,0.0,0.0,1967.0,A01,2.0,21,0,0.0,9.0,5.0,17.0,5,4,1500,1,1,1,1,1,3,1,0,1
28238,201600012386,1.0,1,3,1,22.0,0.0,0.0,0.0,1953.0,B02,0.0,1,0,0.0,2.0,8.0,1.0,5,4,1500,1,1,1,1,1,3,21,1,0
28239,201600012387,1.0,1,3,1,21.0,0.0,0.0,0.0,1996.0,B02,0.0,30,0,0.0,2.0,1.0,13.0,7,3,1230,1,2,1,1,1,2,7,1,2
28240,201600012387,1.0,1,1,1,11.0,0.0,0.0,0.0,1953.0,A01,0.0,7,0,0.0,2.0,3.0,1.0,7,3,1230,1,2,1,1,1,2,30,2,1
28241,201600012388,0.0,3,3,1,0.0,2.0,3.0,1.0,1923.0,A01,0.0,7,0,0.0,1.0,3.0,1.0,10,13,945,1,2,1,7,6,1,7,2,2
28242,201600012388,1.0,1,1,2,11.0,0.0,0.0,0.0,1979.0,A01,0.0,7,0,0.0,1.0,3.0,1.0,10,13,945,1,2,1,7,6,1,7,2,2
28243,201600012389,1.0,1,3,1,21.0,0.0,0.0,0.0,1946.0,B02,1.0,1,0,0.0,2.0,6.0,1.0,11,24,1230,1,1,1,1,5,2,7,1,2
28244,201600012389,1.0,1,4,1,21.0,0.0,0.0,0.0,1949.0,C03,1.0,1,0,0.0,2.0,4.0,1.0,11,24,1230,1,1,1,1,5,2,7,1,2
28245,201600012389,1.0,1,1,1,13.0,0.0,0.0,0.0,1934.0,A01,1.0,7,0,0.0,2.0,2.0,1.0,11,24,1230,1,1,1,1,5,2,1,2,1
28246,201600012390,1.0,1,4,1,13.0,0.0,0.0,0.0,1998.0,A01,2.0,7,0,2.0,0.0,2.0,1.0,12,12,730,3,1,1,2,6,1,7,2,2
28247,201600012391,1.0,1,3,2,13.0,0.0,0.0,0.0,1951.0,A01,1.0,7,0,0.0,2.0,3.0,5.0,12,28,1800,3,1,1,5,1,4,7,2,2
28248,201600012391,1.0,1,4,1,11.0,0.0,0.0,0.0,1977.0,B02,2.0,7,0,0.0,2.0,3.0,1.0,12,28,1800,3,1,1,5,1,4,7,2,2
28249,201600012392,1.0,1,1,1,11.0,0.0,0.0,0.0,1958.0,B02,2.0,17,0,0.0,2.0,3.0,1.0,1,12,1400,1,1,1,4,1,3,10,3,2
28250,201600012392,1.0,1,2,1,11.0,0.0,0.0,0.0,1967.0,A01,1.0,10,0,0.0,2.0,2.0,19.0,1,12,1400,1,1,1,4,1,3,17,2,3
28251,201600012393,1.0,1,3,1,11.0,0.0,0.0,0.0,1951.0,A01,2.0,7,0,0.0,2.0,1.0,17.0,6,28,400,3,1,1,1,2,0,10,2,2
28252,201600012393,1.0,1,2,1,12.0,0.0,0.0,0.0,1953.0,B02,2.0,10,0,3.0,0.0,4.0,1.0,6,28,400,3,1,1,1,2,0,7,2,2
28253,201600012394,1.0,1,1,1,11.0,0.0,0.0,0.0,1975.0,B02,2.0,17,0,0.0,0.0,4.0,1.0,8,25,915,1,1,1,1,2,1,10,3,2
28254,201600012394,2.0,2,1,1,11.0,0.0,0.0,0.0,1975.0,B02,2.0,17,0,0.0,0.0,4.0,1.0,8,25,915,1,1,1,1,2,1,10,3,2
28255,201600012394,1.0,1,3,1,11.0,0.0,0.0,0.0,1970.0,A01,2.0,10,0,0.0,2.0,1.0,17.0,8,25,915,1,1,1,1,2,1,17,2,3
28256,201600012394,2.0,2,3,1,11.0,0.0,0.0,0.0,1988.0,A01,2.0,10,0,0.0,2.0,1.0,17.0,8,25,915,1,1,1,1,2,1,17,2,3
28257,201600012395,2.0,2,1,2,11.0,0.0,0.0,0.0,1993.0,C03,1.0,7,0,0.0,2.0,1.0,2.0,10,17,915,2,1,1,1,5,1,15,2,3
28258,201600012395,1.0,1,1,2,11.0,0.0,0.0,0.0,1992.0,C03,1.0,7,0,0.0,2.0,1.0,2.0,10,17,915,2,1,1,1,5,1,15,2,3
28259,201600012395,1.0,1,1,1,11.0,0.0,0.0,0.0,1970.0,B02,1.0,15,0,0.0,0.0,6.0,1.0,10,17,915,2,1,1,1,5,1,7,3,2
28260,201600012395,1.0,1,4,1,11.0,0.0,0.0,0.0,1968.0,A01,1.0,7,0,0.0,2.0,1.0,17.0,10,17,915,2,1,1,1,5,1,15,2,3
28261,201600012395,2.0,2,4,2,11.0,0.0,0.0,0.0,2002.0,A01,1.0,7,0,0.0,2.0,1.0,17.0,10,17,915,2,1,1,1,5,1,15,2,3
28262,201600012396,1.0,1,1,1,11.0,0.0,0.0,0.0,1994.0,B02,2.0,7,0,0.0,2.0,6.0,24.0,11,4,1730,3,1,1,3,5,3,17,2,3
28263,201600012396,0.0,3,3,1,0.0,6.0,2.0,1.0,1986.0,A01,2.0,17,0,1.0,1.0,2.0,1.0,11,4,1730,3,1,1,3,5,3,10,3,2
28264,201600012396,1.0,1,1,1,11.0,0.0,0.0,0.0,1975.0,A01,2.0,17,0,1.0,1.0,2.0,1.0,11,4,1730,3,1,1,3,5,3,10,3,2
28265,201600012396,1.0,1,1,2,11.0,0.0,0.0,0.0,1988.0,C03,2.0,10,0,0.0,2.0,4.0,24.0,11,4,1730,3,1,1,3,5,3,17,2,3
28266,201600012397,1.0,1,1,1,11.0,0.0,0.0,0.0,1948.0,C03,1.0,7,0,0.0,2.0,1.0,1.0,6,14,1600,1,1,1,2,5,3,15,2,3
28267,201600012397,1.0,1,2,1,11.0,0.0,0.0,0.0,1956.0,A01,1.0,7,0,0.0,2.0,3.0,13.0,6,14,1600,1,1,1,2,5,3,15,2,3
28268,201600012397,1.0,1,1,1,11.0,0.0,0.0,0.0,1972.0,B02,2.0,15,0,0.0,2.0,3.0,1.0,6,14,1600,1,1,1,2,5,3,7,3,2
28269,201600012398,2.0,2,3,2,11.0,0.0,0.0,0.0,1946.0,A01,1.0,7,0,13.0,0.0,2.0,1.0,6,17,1245,1,1,1,1,7,2,7,2,2
28270,201600012398,1.0,1,3,1,11.0,0.0,0.0,0.0,1942.0,A01,1.0,7,0,13.0,0.0,2.0,1.0,6,17,1245,1,1,1,1,7,2,7,2,2
28271,201600012398,3.0,2,3,2,11.0,0.0,0.0,0.0,1940.0,A01,1.0,7,0,13.0,0.0,2.0,1.0,6,17,1245,1,1,1,1,7,2,7,2,2
28272,201600012399,4.0,2,1,1,11.0,0.0,0.0,0.0,2016.0,A01,1.0,7,0,13.0,0.0,1.0,1.0,7,3,830,1,1,1,1,7,1,7,2,2
28273,201600012399,3.0,2,1,2,11.0,0.0,0.0,0.0,2013.0,A01,1.0,7,0,13.0,0.0,1.0,1.0,7,3,830,1,1,1,1,7,1,7,2,2
28274,201600012399,2.0,2,3,2,11.0,0.0,0.0,0.0,1988.0,A01,1.0,7,0,13.0,0.0,1.0,1.0,7,3,830,1,1,1,1,7,1,7,2,2
28275,201600012399,1.0,1,1,1,11.0,0.0,0.0,0.0,1985.0,A01,1.0,7,0,13.0,0.0,1.0,1.0,7,3,830,1,1,1,1,7,1,7,2,2
28276,201600012400,1.0,1,3,1,11.0,0.0,0.0,0.0,1939.0,A01,2.0,7,0,13.0,0.0,1.0,1.0,7,22,1345,1,1,1,1,7,2,7,2,2
28277,201600012400,2.0,2,1,1,11.0,0.0,0.0,0.0,1940.0,A01,2.0,7,0,13.0,0.0,1.0,1.0,7,22,1345,1,1,1,1,7,2,7,2,2
28278,201600012401,1.0,1,4,1,11.0,0.0,0.0,0.0,1973.0,C03,1.0,7,0,0.0,2.0,1.0,1.0,9,25,1900,1,1,1,8,4,4,7,2,2
28279,201600012401,2.0,2,3,2,11.0,0.0,0.0,0.0,1975.0,C03,1.0,7,0,0.0,2.0,1.0,1.0,9,25,1900,1,1,1,8,4,4,7,2,2
28280,201600012401,3.0,2,3,1,11.0,0.0,0.0,0.0,2007.0,C03,1.0,7,0,0.0,2.0,1.0,1.0,9,25,1900,1,1,1,8,4,4,7,2,2
28281,201600012401,4.0,2,4,1,11.0,0.0,0.0,0.0,2011.0,C03,1.0,7,0,0.0,2.0,1.0,1.0,9,25,1900,1,1,1,8,4,4,7,2,2
28282,201600012401,1.0,1,4,1,11.0,0.0,0.0,0.0,1955.0,B02,1.0,7,0,4.0,2.0,1.0,1.0,9,25,1900,1,1,1,8,4,4,7,2,2
28283,201600012401,1.0,1,4,2,11.0,0.0,0.0,0.0,1990.0,A01,1.0,7,0,4.0,0.0,3.0,13.0,9,25,1900,1,1,1,8,4,4,7,2,2
28284,201600012401,3.0,2,2,1,11.0,0.0,0.0,0.0,2016.0,A01,1.0,7,0,4.0,0.0,3.0,13.0,9,25,1900,1,1,1,8,4,4,7,2,2
28285,201600012401,1.0,1,1,2,11.0,0.0,0.0,0.0,1965.0,D04,1.0,7,0,0.0,2.0,1.0,0.0,9,25,1900,1,1,1,8,4,4,7,2,2
28286,201600012402,2.0,2,3,2,11.0,0.0,0.0,0.0,1988.0,A01,1.0,7,0,0.0,2.0,1.0,14.0,10,14,1400,1,1,1,1,3,3,15,2,3
28287,201600012402,1.0,1,3,2,11.0,0.0,0.0,0.0,1987.0,A01,1.0,7,0,0.0,2.0,1.0,14.0,10,14,1400,1,1,1,1,3,3,15,2,3
28288,201600012402,1.0,1,1,1,11.0,0.0,0.0,0.0,1971.0,B02,1.0,15,0,0.0,2.0,8.0,1.0,10,14,1400,1,1,1,1,3,3,7,3,2
28289,201600012403,1.0,1,3,2,11.0,0.0,0.0,0.0,1992.0,A01,2.0,7,0,3.0,2.0,2.0,14.0,11,21,845,1,1,1,8,3,1,14,2,3
28290,201600012403,1.0,1,1,1,13.0,0.0,0.0,0.0,1962.0,B02,2.0,14,0,0.0,2.0,6.0,1.0,11,21,845,1,1,1,8,3,1,7,3,2
28291,201600012404,1.0,1,1,1,11.0,0.0,0.0,0.0,1980.0,A01,1.0,7,0,4.0,2.0,9.0,11.0,12,26,1745,3,1,1,1,7,3,7,2,2
28292,201600012404,2.0,2,1,1,11.0,0.0,0.0,0.0,1977.0,A01,1.0,7,0,4.0,2.0,9.0,11.0,12,26,1745,3,1,1,1,7,3,7,2,2
28293,201600012404,3.0,2,1,2,31.0,0.0,0.0,0.0,2013.0,A01,1.0,7,0,4.0,2.0,9.0,11.0,12,26,1745,3,1,1,1,7,3,7,2,2
28294,201600012404,4.0,2,3,2,11.0,0.0,0.0,0.0,1986.0,A01,1.0,7,0,4.0,2.0,9.0,11.0,12,26,1745,3,1,1,1,7,3,7,2,2
28295,201600012404,5.0,2,3,2,91.0,0.0,0.0,0.0,2008.0,A01,1.0,7,0,4.0,2.0,9.0,11.0,12,26,1745,3,1,1,1,7,3,7,2,2
28296,201600012405,1.0,1,1,1,11.0,0.0,0.0,0.0,1986.0,A01,1.0,7,0,3.0,1.0,5.0,1.0,2,15,815,1,1,1,2,6,1,7,2,2
28297,201600012405,0.0,3,2,1,0.0,6.0,0.0,1.0,1961.0,A01,1.0,7,0,3.0,1.0,5.0,1.0,2,15,815,1,1,1,2,6,1,7,2,2
28298,201600012406,1.0,1,1,1,11.0,0.0,0.0,0.0,1990.0,A01,2.0,7,0,13.0,0.0,1.0,1.0,6,26,1015,1,1,1,1,7,1,7,2,2
28299,201600012406,2.0,2,1,1,11.0,0.0,0.0,0.0,1990.0,A01,2.0,7,0,13.0,0.0,1.0,1.0,6,26,1015,1,1,1,1,7,1,7,2,2
28300,201600012406,3.0,2,3,1,11.0,0.0,0.0,0.0,1984.0,A01,2.0,7,0,13.0,0.0,1.0,1.0,6,26,1015,1,1,1,1,7,1,7,2,2
28301,201600012407,2.0,2,1,2,11.0,0.0,0.0,0.0,2010.0,B02,2.0,7,0,0.0,0.0,4.0,2.0,7,17,2030,1,1,1,1,2,4,7,2,2
28302,201600012407,1.0,1,3,2,11.0,0.0,0.0,0.0,1982.0,B02,2.0,7,0,0.0,0.0,4.0,2.0,7,17,2030,1,1,1,1,2,4,7,2,2
28303,201600012407,4.0,2,1,2,11.0,0.0,0.0,0.0,2007.0,B02,2.0,7,0,0.0,0.0,4.0,2.0,7,17,2030,1,1,1,1,2,4,7,2,2
28304,201600012407,2.0,2,1,1,11.0,0.0,0.0,0.0,1989.0,A01,2.0,7,0,0.0,0.0,1.0,2.0,7,17,2030,1,1,1,1,2,4,7,2,2
28305,201600012407,3.0,2,1,1,11.0,0.0,0.0,0.0,1991.0,A01,2.0,7,0,0.0,0.0,1.0,2.0,7,17,2030,1,1,1,1,2,4,7,2,2
28306,201600012407,1.0,1,1,1,11.0,0.0,0.0,0.0,1992.0,A01,2.0,7,0,0.0,0.0,1.0,2.0,7,17,2030,1,1,1,1,2,4,7,2,2
28307,201600012408,1.0,1,3,1,11.0,0.0,0.0,0.0,1978.0,A01,2.0,10,0,6.0,0.0,3.0,1.0,7,24,1,3,2,1,1,6,0,10,2,2
28308,201600012409,1.0,1,3,1,11.0,0.0,0.0,0.0,1954.0,A01,2.0,7,0,3.0,0.0,2.0,1.0,8,1,1545,1,1,1,1,6,3,7,2,2
28309,201600012409,2.0,2,3,2,11.0,0.0,0.0,0.0,1978.0,A01,2.0,7,0,3.0,0.0,2.0,1.0,8,1,1545,1,1,1,1,6,3,7,2,2
28310,201600012409,3.0,2,3,1,11.0,0.0,0.0,0.0,2012.0,A01,2.0,7,0,3.0,0.0,2.0,1.0,8,1,1545,1,1,1,1,6,3,7,2,2
28311,201600012410,1.0,1,4,2,11.0,0.0,0.0,0.0,1999.0,A01,0.0,7,0,13.0,0.0,9.0,12.0,8,5,1200,1,1,1,1,7,2,7,2,2