,Num_Acc,place,catu,grav,sexe,secu,locp,actp,etatp,an_nais,num_veh,senc,catv,occutc,obs,obsm,choc,manv,mois,jour,hrmn,lum,agg,int,atm,col,mom,catvopp,catv_gen,catvopp_gen
28465,201600012465,1.0,1,3,2,11.0,0.0,0.0,0.0,1956.0,C03,1.0,7,0,1.0,2.0,1.0,21.0,11,9,654,2,1,1,2,5,1,17,2,3
28466,201600012465,1.0,1,1,1,11.0,0.0,0.0,0.0,1980.0,G07,1.0,7,0,1.0,2.0,3.0,21.0,11,9,654,2,1,1,2,5,1,17,2,3
28467,201600012465,1.0,1,1,1,11.0,0.0,0.0,0.0,1972.0,D04,1.0,17,0,3.0,2.0,2.0,21.0,11,9,654,2,1,1,2,5,1,7,3,2
28468,201600012465,1.0,1,1,1,13.0,0.0,0.0,0.0,1968.0,A01,1.0,7,0,4.0,0.0,2.0,21.0,11,9,654,2,1,1,2,5,1,17,2,3
28469,201600012466,1.0,1,1,1,11.0,0.0,0.0,0.0,1938.0,B01,1.0,7,0,1.0,0.0,4.0,2.0,12,6,1745,3,1,1,5,4,3,7,2,2
28470,201600012466,2.0,2,1,1,11.0,0.0,0.0,0.0,1996.0,B01,1.0,7,0,1.0,0.0,4.0,2.0,12,6,1745,3,1,1,5,4,3,7,2,2
28471,201600012466,1.0,1,4,2,11.0,0.0,0.0,0.0,1964.0,A01,1.0,7,0,0.0,0.0,4.0,23.0,12,6,1745,3,1,1,5,4,3,7,2,2
28472,201600012466,1.0,1,1,1,11.0,0.0,0.0,0.0,1950.0,C01,1.0,7,0,1.0,2.0,1.0,2.0,12,6,1745,3,1,1,5,4,3,7,2,2
28473,201600012467,1.0,1,4,2,11.0,0.0,0.0,0.0,1972.0,B01,2.0,7,0,3.0,0.0,1.0,1.0,12,26,1405,1,1,1,1,6,3,7,2,2
28474,201600012467,1.0,1,1,1,11.0,0.0,0.0,0.0,1964.0,A01,2.0,7,0,0.0,0.0,4.0,11.0,12,26,1405,1,1,1,1,6,3,7,2,2
28475,201600012467,7.0,2,4,1,11.0,0.0,0.0,0.0,1999.0,A01,2.0,7,0,0.0,0.0,4.0,11.0,12,26,1405,1,1,1,1,6,3,7,2,2
28476,201600012467,9.0,2,4,2,11.0,0.0,0.0,0.0,1996.0,A01,2.0,7,0,0.0,0.0,4.0,11.0,12,26,1405,1,1,1,1,6,3,7,2,2
28477,201600012468,1.0,1,3,1,11.0,0.0,0.0,0.0,1942.0,A01,2.0,7,0,13.0,0.0,1.0,1.0,2,14,1700,2,1,1,4,6,3,7,2,2
28478,201600012468,2.0,2,3,2,11.0,0.0,0.0,0.0,1944.0,A01,2.0,7,0,13.0,0.0,1.0,1.0,2,14,1700,2,1,1,4,6,3,7,2,2
28479,201600012468,4.0,2,3,2,11.0,0.0,0.0,0.0,1974.0,A01,2.0,7,0,13.0,0.0,1.0,1.0,2,14,1700,2,1,1,4,6,3,7,2,2
28480,201600012469,1.0,1,3,2,11.0,0.0,0.0,0.0,1934.0,A01,0.0,7,0,0.0,2.0,1.0,1.0,3,30,1300,1,1,1,1,1,2,14,2,3
28481,201600012469,1.0,1,1,1,11.0,0.0,0.0,0.0,1991.0,B02,0.0,14,0,0.0,2.0,1.0,1.0,3,30,1300,1,1,1,1,1,2,7,3,2
28482,201600012470,2.0,2,3,2,11.0,0.0,0.0,0.0,1936.0,B02,1.0,7,0,0.0,0.0,4.0,0.0,8,10,1945,1,1,9,1,2,4,15,2,3
28483,201600012470,1.0,1,3,1,11.0,0.0,0.0,0.0,1936.0,B02,1.0,7,0,0.0,0.0,4.0,0.0,8,10,1945,1,1,9,1,2,4,15,2,3
28484,201600012470,1.0,1,4,2,11.0,0.0,0.0,0.0,1991.0,A01,1.0,15,0,0.0,2.0,1.0,2.0,8,10,1945,1,1,9,1,2,4,7,3,2
28485,201600012471,1.0,1,1,1,11.0,0.0,0.0,0.0,1957.0,A01,2.0,10,0,0.0,0.0,2.0,19.0,11,21,1830,1,1,1,8,3,4,7,2,2
28486,201600012471,5.0,2,3,1,11.0,0.0,0.0,0.0,1984.0,A01,2.0,10,0,0.0,0.0,2.0,19.0,11,21,1830,1,1,1,8,3,4,7,2,2
28487,201600012471,1.0,1,1,1,11.0,0.0,0.0,0.0,1993.0,B02,1.0,7,0,0.0,0.0,2.0,1.0,11,21,1830,1,1,1,8,3,4,10,2,2
28488,201600012472,2.0,2,4,1,11.0,0.0,0.0,0.0,1988.0,A01,2.0,7,0,3.0,0.0,3.0,14.0,2,6,545,3,1,1,1,6,0,7,2,2
28489,201600012473,1.0,1,4,2,11.0,0.0,0.0,0.0,1975.0,A01,1.0,7,0,0.0,0.0,2.0,1.0,3,29,900,1,1,1,1,7,1,7,2,2
28490,201600012474,1.0,1,3,2,11.0,0.0,0.0,0.0,1988.0,A01,2.0,7,0,3.0,0.0,3.0,14.0,4,3,1330,1,1,1,1,6,2,7,2,2
28491,201600012475,1.0,1,3,1,11.0,0.0,0.0,0.0,1977.0,A01,1.0,7,0,0.0,0.0,9.0,1.0,7,31,2030,2,1,1,2,7,4,7,2,2
28492,201600012476,1.0,1,1,1,11.0,0.0,0.0,0.0,1996.0,A01,1.0,7,0,0.0,1.0,2.0,14.0,8,12,1515,1,1,1,1,6,3,7,2,2
28493,201600012476,0.0,3,2,1,0.0,0.0,2.0,1.0,1969.0,A01,1.0,7,0,0.0,1.0,2.0,14.0,8,12,1515,1,1,1,1,6,3,7,2,2
28494,201600012477,1.0,1,3,1,12.0,0.0,0.0,0.0,1968.0,A01,2.0,7,0,4.0,0.0,8.0,0.0,9,5,1730,1,1,1,1,6,3,7,2,2
28495,201600012478,1.0,1,1,1,11.0,0.0,0.0,0.0,1982.0,B02,1.0,7,0,0.0,2.0,2.0,2.0,9,20,230,3,1,1,1,2,0,7,2,2
28496,201600012478,1.0,1,4,1,11.0,0.0,0.0,0.0,1961.0,A01,1.0,7,0,0.0,0.0,6.0,1.0,9,20,230,3,1,1,1,2,0,7,2,2
28497,201600012479,1.0,1,4,1,11.0,0.0,0.0,0.0,1988.0,B02,1.0,10,0,0.0,2.0,1.0,3.0,9,29,1315,1,1,1,1,2,2,15,2,3
28498,201600012479,1.0,1,1,1,11.0,0.0,0.0,0.0,1962.0,A01,1.0,15,0,0.0,0.0,6.0,23.0,9,29,1315,1,1,1,1,2,2,10,3,2
28499,201600012480,1.0,1,4,2,11.0,0.0,0.0,0.0,1996.0,A01,2.0,7,0,3.0,0.0,9.0,12.0,10,10,1130,1,2,4,1,6,1,7,2,2
28500,201600012481,1.0,1,2,1,11.0,0.0,0.0,0.0,1971.0,A01,1.0,7,0,6.0,0.0,9.0,1.0,11,6,415,4,1,1,1,6,0,7,2,2
28501,201600012481,2.0,2,4,1,11.0,0.0,0.0,0.0,1980.0,A01,1.0,7,0,6.0,0.0,9.0,1.0,11,6,415,4,1,1,1,6,0,7,2,2
28502,201600012482,1.0,1,3,1,21.0,0.0,0.0,0.0,1968.0,A01,2.0,33,0,0.0,0.0,7.0,9.0,12,5,1615,1,1,1,1,7,3,33,1,1
28503,201600012483,1.0,1,3,1,11.0,0.0,0.0,0.0,1989.0,A01,1.0,7,0,3.0,0.0,0.0,14.0,12,18,615,3,1,1,1,7,1,7,2,2
28504,201600012483,2.0,2,3,1,11.0,0.0,0.0,0.0,1991.0,A01,1.0,7,0,3.0,0.0,0.0,14.0,12,18,615,3,1,1,1,7,1,7,2,2
28505,201600012484,1.0,1,4,2,11.0,0.0,0.0,0.0,1960.0,A01,1.0,7,0,3.0,0.0,1.0,14.0,1,12,1445,1,1,1,1,6,3,7,2,2
28506,201600012484,2.0,2,4,1,11.0,0.0,0.0,0.0,1963.0,A01,1.0,7,0,3.0,0.0,1.0,14.0,1,12,1445,1,1,1,1,6,3,7,2,2
28507,201600012485,1.0,1,4,1,11.0,0.0,0.0,0.0,1966.0,A01,2.0,17,0,2.0,0.0,3.0,1.0,2,23,1345,1,1,1,1,7,2,17,3,3
28508,201600012486,1.0,1,3,1,11.0,0.0,0.0,0.0,1976.0,A01,2.0,14,0,13.0,0.0,3.0,14.0,4,1,1115,1,1,1,1,6,1,14,3,3
28509,201600012487,1.0,1,2,1,13.0,0.0,0.0,0.0,1994.0,A01,1.0,7,0,5.0,0.0,1.0,13.0,4,9,615,3,1,1,3,6,1,7,2,2
28510,201600012488,4.0,2,1,1,11.0,0.0,0.0,0.0,1993.0,B02,1.0,7,0,0.0,0.0,0.0,0.0,5,8,630,2,1,1,1,2,1,7,2,2
28511,201600012488,2.0,2,4,1,11.0,0.0,0.0,0.0,1994.0,B02,1.0,7,0,0.0,0.0,0.0,0.0,5,8,630,2,1,1,1,2,1,7,2,2
28512,201600012488,3.0,2,1,1,11.0,0.0,0.0,0.0,1988.0,B02,1.0,7,0,0.0,0.0,0.0,0.0,5,8,630,2,1,1,1,2,1,7,2,2
28513,201600012488,1.0,1,1,1,11.0,0.0,0.0,0.0,1991.0,B02,1.0,7,0,0.0,0.0,0.0,0.0,5,8,630,2,1,1,1,2,1,7,2,2
28514,201600012488,2.0,2,4,1,11.0,0.0,0.0,0.0,1991.0,A01,1.0,7,0,0.0,2.0,1.0,2.0,5,8,630,2,1,1,1,2,1,7,2,2
28515,201600012488,1.0,1,1,2,11.0,0.0,0.0,0.0,1992.0,A01,1.0,7,0,0.0,2.0,1.0,2.0,5,8,630,2,1,1,1,2,1,7,2,2
28516,201600012489,1.0,1,1,1,11.0,0.0,0.0,0.0,1955.0,A01,1.0,17,0,0.0,0.0,0.0,14.0,5,10,1315,1,1,1,1,5,2,17,3,3
28517,201600012489,1.0,1,1,1,11.0,0.0,0.0,0.0,1965.0,B02,1.0,17,0,0.0,0.0,6.0,20.0,5,10,1315,1,1,1,1,5,2,17,3,3
28518,201600012489,1.0,1,3,1,11.0,0.0,0.0,0.0,1983.0,C03,1.0,17,0,0.0,2.0,2.0,21.0,5,10,1315,1,1,1,1,5,2,17,3,3
28519,201600012490,1.0,1,3,1,11.0,0.0,0.0,0.0,1974.0,A01,1.0,7,0,13.0,0.0,1.0,1.0,7,15,1800,1,1,1,1,6,4,7,2,2
28520,201600012490,2.0,2,3,2,11.0,0.0,0.0,0.0,1957.0,A01,1.0,7,0,13.0,0.0,1.0,1.0,7,15,1800,1,1,1,1,6,4,7,2,2
28521,201600012491,5.0,2,2,2,13.0,0.0,0.0,0.0,1971.0,A01,1.0,7,0,3.0,0.0,1.0,1.0,7,23,830,1,1,1,1,6,1,7,2,2
28522,201600012491,1.0,1,3,1,11.0,0.0,0.0,0.0,1970.0,A01,1.0,7,0,3.0,0.0,1.0,1.0,7,23,830,1,1,1,1,6,1,7,2,2
28523,201600012492,1.0,1,2,1,11.0,0.0,0.0,0.0,1961.0,A01,1.0,7,0,8.0,2.0,1.0,1.0,12,10,1100,1,2,7,8,3,1,7,2,2
28524,201600012492,1.0,1,2,2,11.0,0.0,0.0,0.0,1966.0,B02,1.0,7,0,0.0,2.0,7.0,1.0,12,10,1100,1,2,7,8,3,1,7,2,2
28525,201600012492,2.0,2,2,1,11.0,0.0,0.0,0.0,1961.0,B02,1.0,7,0,0.0,2.0,7.0,1.0,12,10,1100,1,2,7,8,3,1,7,2,2
28526,201600012493,1.0,1,3,1,11.0,0.0,0.0,0.0,1952.0,A01,1.0,7,0,16.0,0.0,1.0,1.0,1,8,630,2,1,1,1,7,1,7,2,2
28527,201600012494,1.0,1,3,2,11.0,0.0,0.0,0.0,1996.0,A01,2.0,7,0,16.0,0.0,1.0,14.0,1,15,1330,1,1,1,1,7,2,7,2,2
28528,201600012495,1.0,1,3,1,11.0,0.0,0.0,0.0,1993.0,A01,1.0,7,0,6.0,0.0,1.0,2.0,1,27,1515,1,1,1,1,6,3,7,2,2
28529,201600012496,1.0,1,3,1,11.0,0.0,0.0,0.0,1943.0,A01,1.0,7,0,13.0,0.0,1.0,1.0,2,1,1415,1,1,1,1,6,3,7,2,2
28530,201600012497,1.0,1,4,1,11.0,0.0,0.0,0.0,1955.0,A01,1.0,7,0,1.0,2.0,2.0,2.0,3,21,1930,3,1,1,1,2,4,17,2,3
28531,201600012497,2.0,2,3,2,11.0,0.0,0.0,0.0,1949.0,A01,1.0,7,0,1.0,2.0,2.0,2.0,3,21,1930,3,1,1,1,2,4,17,2,3
28532,201600012497,1.0,1,1,1,11.0,0.0,0.0,0.0,1958.0,B02,1.0,17,0,0.0,0.0,6.0,2.0,3,21,1930,3,1,1,1,2,4,7,3,2
28533,201600012498,1.0,1,2,1,21.0,0.0,0.0,0.0,1982.0,B02,2.0,33,0,0.0,2.0,1.0,1.0,6,23,1045,1,1,1,1,2,1,17,1,3
28534,201600012498,1.0,1,1,1,11.0,0.0,0.0,0.0,1956.0,A01,2.0,17,0,0.0,0.0,4.0,11.0,6,23,1045,1,1,1,1,2,1,33,3,1
28535,201600012499,1.0,1,3,1,11.0,0.0,0.0,0.0,1972.0,A01,0.0,7,0,2.0,0.0,1.0,1.0,1,11,830,2,1,1,2,6,1,7,2,2
28536,201600012500,1.0,1,1,1,11.0,0.0,0.0,0.0,1971.0,B02,2.0,17,0,0.0,2.0,4.0,2.0,6,4,615,2,1,1,1,2,1,7,3,2
28537,201600012500,1.0,1,3,1,11.0,0.0,0.0,0.0,1966.0,A01,2.0,7,0,3.0,2.0,1.0,2.0,6,4,615,2,1,1,1,2,1,17,2,3
28538,201600012500,2.0,2,4,2,11.0,0.0,0.0,0.0,1988.0,A01,2.0,7,0,3.0,2.0,1.0,2.0,6,4,615,2,1,1,1,2,1,17,2,3
28539,201600012500,3.0,2,3,2,11.0,0.0,0.0,0.0,1960.0,A01,2.0,7,0,3.0,2.0,1.0,2.0,6,4,615,2,1,1,1,2,1,17,2,3
28540,201600012501,3.0,2,4,2,31.0,0.0,0.0,0.0,2013.0,A01,2.0,7,0,3.0,0.0,2.0,14.0,9,4,1645,1,1,1,1,7,3,7,2,2
28541,201600012501,1.0,1,3,1,11.0,0.0,0.0,0.0,1970.0,A01,2.0,7,0,3.0,0.0,2.0,14.0,9,4,1645,1,1,1,1,7,3,7,2,2
28542,201600012501,2.0,2,3,2,11.0,0.0,0.0,0.0,1977.0,A01,2.0,7,0,3.0,0.0,2.0,14.0,9,4,1645,1,1,1,1,7,3,7,2,2
28543,201600012502,1.0,1,4,1,11.0,0.0,0.0,0.0,1995.0,A01,2.0,7,0,3.0,0.0,1.0,14.0,12,3,1615,1,1,1,1,7,3,7,2,2
28544,201600012502,2.0,2,4,2,11.0,0.0,0.0,0.0,1992.0,A01,2.0,7,0,3.0,0.0,1.0,14.0,12,3,1615,1,1,1,1,7,3,7,2,2
28545,201600012503,1.0,1,1,2,11.0,0.0,0.0,0.0,1965.0,D04,1.0,7,0,14.0,0.0,7.0,1.0,12,21,1845,3,1,1,1,5,4,7,2,2
28546,201600012503,4.0,2,4,2,11.0,0.0,0.0,0.0,1999.0,A01,1.0,7,0,3.0,0.0,1.0,13.0,12,21,1845,3,1,1,1,5,4,7,2,2
28547,201600012503,2.0,2,4,1,11.0,0.0,0.0,0.0,1999.0,A01,1.0,7,0,3.0,0.0,1.0,13.0,12,21,1845,3,1,1,1,5,4,7,2,2
28548,201600012503,1.0,1,4,1,11.0,0.0,0.0,0.0,1998.0,A01,1.0,7,0,3.0,0.0,1.0,13.0,12,21,1845,3,1,1,1,5,4,7,2,2
28549,201600012503,3.0,2,1,2,11.0,0.0,0.0,0.0,2009.0,C03,1.0,7,0,14.0,0.0,7.0,1.0,12,21,1845,3,1,1,1,5,4,7,2,2
28550,201600012503,1.0,1,1,1,11.0,0.0,0.0,0.0,1973.0,C03,1.0,7,0,14.0,0.0,7.0,1.0,12,21,1845,3,1,1,1,5,4,7,2,2
28551,201600012503,2.0,2,1,2,11.0,0.0,0.0,0.0,2005.0,C03,1.0,7,0,14.0,0.0,7.0,1.0,12,21,1845,3,1,1,1,5,4,7,2,2
28552,201600012503,1.0,1,4,1,11.0,0.0,0.0,0.0,1947.0,B02,1.0,7,0,14.0,0.0,2.0,1.0,12,21,1845,3,1,1,1,5,4,7,2,2
28553,201600012503,2.0,2,3,2,11.0,0.0,0.0,0.0,2003.0,B02,1.0,7,0,14.0,0.0,2.0,1.0,12,21,1845,3,1,1,1,5,4,7,2,2
28554,201600012503,1.0,1,1,2,11.0,0.0,0.0,0.0,1960.0,E05,2.0,7,0,0.0,9.0,1.0,1.0,12,21,1845,3,1,1,1,5,4,7,2,2
28555,201600012504,1.0,1,4,2,11.0,0.0,0.0,0.0,1960.0,A01,2.0,7,0,3.0,0.0,3.0,1.0,1,3,1230,1,1,1,1,6,2,7,2,2
28556,201600012505,4.0,2,1,1,11.0,0.0,0.0,0.0,1960.0,H08,2.0,10,0,0.0,2.0,1.0,1.0,1,14,745,2,1,1,2,5,1,15,2,3
28557,201600012505,3.0,2,4,1,11.0,0.0,0.0,0.0,1997.0,H08,2.0,10,0,0.0,2.0,1.0,1.0,1,14,745,2,1,1,2,5,1,15,2,3
28558,201600012505,1.0,1,4,1,11.0,0.0,0.0,0.0,1975.0,H08,2.0,10,0,0.0,2.0,1.0,1.0,1,14,745,2,1,1,2,5,1,15,2,3
28559,201600012505,2.0,2,1,1,11.0,0.0,0.0,0.0,1990.0,H08,2.0,10,0,0.0,2.0,1.0,1.0,1,14,745,2,1,1,2,5,1,15,2,3
28560,201600012505,1.0,1,1,2,11.0,0.0,0.0,0.0,1975.0,C03,1.0,7,0,0.0,2.0,3.0,1.0,1,14,745,2,1,1,2,5,1,10,2,2
28561,201600012505,8.0,2,1,1,11.0,0.0,0.0,0.0,1965.0,F06,2.0,10,0,0.0,9.0,8.0,1.0,1,14,745,2,1,1,2,5,1,15,2,3
28562,201600012505,2.0,2,1,1,11.0,0.0,0.0,0.0,1960.0,F06,2.0,10,0,0.0,9.0,8.0,1.0,1,14,745,2,1,1,2,5,1,15,2,3
28563,201600012505,1.0,1,1,1,11.0,0.0,0.0,0.0,1966.0,F06,2.0,10,0,0.0,9.0,8.0,1.0,1,14,745,2,1,1,2,5,1,15,2,3
28564,201600012505,1.0,1,4,1,11.0,0.0,0.0,0.0,1973.0,D04,2.0,7,0,14.0,0.0,1.0,1.0,1,14,745,2,1,1,2,5,1,10,2,2
28565,201600012505,1.0,1,4,2,11.0,0.0,0.0,0.0,1987.0,E05,2.0,7,0,14.0,0.0,2.0,1.0,1,14,745,2,1,1,2,5,1,10,2,2
28566,201600012505,1.0,1,2,2,11.0,0.0,0.0,0.0,1981.0,A01,1.0,7,0,3.0,2.0,1.0,1.0,1,14,745,2,1,1,2,5,1,10,2,2
28567,201600012505,1.0,1,1,1,11.0,0.0,0.0,0.0,1973.0,G07,2.0,15,0,0.0,2.0,5.0,1.0,1,14,745,2,1,1,2,5,1,10,3,2
28568,201600012505,1.0,1,3,2,11.0,0.0,0.0,0.0,1993.0,B02,1.0,7,0,0.0,2.0,1.0,1.0,1,14,745,2,1,1,2,5,1,10,2,2
28569,201600012506,6.0,2,1,1,12.0,0.0,0.0,0.0,1989.0,A01,2.0,14,0,6.0,0.0,1.0,15.0,3,1,1130,1,1,6,1,6,1,14,3,3
28570,201600012506,5.0,2,1,1,1.0,0.0,0.0,0.0,1997.0,A01,2.0,14,0,6.0,0.0,1.0,15.0,3,1,1130,1,1,6,1,6,1,14,3,3
28571,201600012506,5.0,2,1,1,1.0,0.0,0.0,0.0,1996.0,A01,2.0,14,0,6.0,0.0,1.0,15.0,3,1,1130,1,1,6,1,6,1,14,3,3
28575,201600012506,5.0,2,3,1,1.0,0.0,0.0,0.0,1996.0,A01,2.0,14,0,6.0,0.0,1.0,15.0,3,1,1130,1,1,6,1,6,1,14,3,3
28576,201600012506,5.0,2,1,1,1.0,0.0,0.0,0.0,1995.0,A01,2.0,14,0,6.0,0.0,1.0,15.0,3,1,1130,1,1,6,1,6,1,14,3,3
28579,201600012506,5.0,2,1,1,1.0,0.0,0.0,0.0,1994.0,A01,2.0,14,0,6.0,0.0,1.0,15.0,3,1,1130,1,1,6,1,6,1,14,3,3
28580,201600012506,5.0,2,1,1,1.0,0.0,0.0,0.0,1992.0,A01,2.0,14,0,6.0,0.0,1.0,15.0,3,1,1130,1,1,6,1,6,1,14,3,3
28581,201600012506,5.0,2,4,1,1.0,0.0,0.0,0.0,1991.0,A01,2.0,14,0,6.0,0.0,1.0,15.0,3,1,1130,1,1,6,1,6,1,14,3,3
28582,201600012506,5.0,2,1,1,1.0,0.0,0.0,0.0,1991.0,A01,2.0,14,0,6.0,0.0,1.0,15.0,3,1,1130,1,1,6,1,6,1,14,3,3
28583,201600012506,5.0,2,4,1,1.0,0.0,0.0,0.0,1990.0,A01,2.0,14,0,6.0,0.0,1.0,15.0,3,1,1130,1,1,6,1,6,1,14,3,3
28584,201600012506,5.0,2,1,1,1.0,0.0,0.0,0.0,1987.0,A01,2.0,14,0,6.0,0.0,1.0,15.0,3,1,1130,1,1,6,1,6,1,14,3,3
28585,201600012506,2.0,2,1,1,12.0,0.0,0.0,0.0,1988.0,A01,2.0,14,0,6.0,0.0,1.0,15.0,3,1,1130,1,1,6,1,6,1,14,3,3
28586,201600012506,1.0,1,1,1,12.0,0.0,0.0,0.0,1993.0,A01,2.0,14,0,6.0,0.0,1.0,15.0,3,1,1130,1,1,6,1,6,1,14,3,3
28588,201600012507,1.0,1,1,1,11.0,0.0,0.0,0.0,1926.0,A01,2.0,7,0,0.0,2.0,1.0,5.0,3,5,1400,1,1,1,2,1,3,7,2,2
28589,201600012507,1.0,1,3,1,11.0,0.0,0.0,0.0,1987.0,B02,1.0,7,0,0.0,2.0,1.0,1.0,3,5,1400,1,1,1,2,1,3,7,2,2
28590,201600012508,1.0,1,3,1,11.0,0.0,0.0,0.0,1996.0,A01,2.0,7,0,3.0,0.0,1.0,1.0,4,14,1915,1,1,1,1,6,4,7,2,2
28591,201600012508,2.0,2,2,1,12.0,0.0,0.0,0.0,1991.0,A01,2.0,7,0,3.0,0.0,1.0,1.0,4,14,1915,1,1,1,1,6,4,7,2,2
28592,201600012508,3.0,2,3,1,11.0,0.0,0.0,0.0,1993.0,A01,2.0,7,0,3.0,0.0,1.0,1.0,4,14,1915,1,1,1,1,6,4,7,2,2
28593,201600012508,4.0,2,3,1,11.0,0.0,0.0,0.0,1997.0,A01,2.0,7,0,3.0,0.0,1.0,1.0,4,14,1915,1,1,1,1,6,4,7,2,2
28594,201600012509,2.0,2,3,2,21.0,0.0,0.0,0.0,1946.0,A01,2.0,33,0,0.0,2.0,1.0,2.0,5,4,1815,1,1,1,1,2,4,10,1,2
28595,201600012509,1.0,1,1,1,21.0,0.0,0.0,0.0,1953.0,A01,2.0,33,0,0.0,2.0,1.0,2.0,5,4,1815,1,1,1,1,2,4,10,1,2
28596,201600012509,1.0,1,1,1,11.0,0.0,0.0,0.0,1992.0,B02,2.0,10,0,0.0,0.0,5.0,2.0,5,4,1815,1,1,1,1,2,4,33,2,1
28597,201600012510,1.0,1,3,2,21.0,0.0,0.0,0.0,1967.0,A01,2.0,34,0,3.0,0.0,8.0,17.0,7,10,1930,1,1,1,1,6,4,34,1,1
28598,201600012511,1.0,1,1,1,11.0,0.0,0.0,0.0,1952.0,A01,1.0,15,0,0.0,2.0,1.0,2.0,9,9,600,2,1,1,1,2,1,17,3,3
28599,201600012511,1.0,1,3,1,11.0,0.0,0.0,0.0,1960.0,B02,1.0,17,0,0.0,0.0,4.0,2.0,9,9,600,2,1,1,1,2,1,15,3,3
28600,201600012512,1.0,1,3,2,11.0,0.0,0.0,0.0,1976.0,A01,1.0,7,0,0.0,0.0,9.0,1.0,9,25,1000,1,1,1,1,6,1,7,2,2
28601,201600012513,8.0,2,1,1,11.0,0.0,0.0,0.0,1981.0,B02,2.0,10,0,0.0,0.0,4.0,2.0,10,2,1545,1,1,9,1,2,3,7,2,2
28602,201600012513,6.0,2,1,1,11.0,0.0,0.0,0.0,1963.0,B02,2.0,10,0,0.0,0.0,4.0,2.0,10,2,1545,1,1,9,1,2,3,7,2,2
28603,201600012513,4.0,2,1,1,11.0,0.0,0.0,0.0,1958.0,B02,2.0,10,0,0.0,0.0,4.0,2.0,10,2,1545,1,1,9,1,2,3,7,2,2
28604,201600012513,3.0,2,1,2,11.0,0.0,0.0,0.0,1966.0,B02,2.0,10,0,0.0,0.0,4.0,2.0,10,2,1545,1,1,9,1,2,3,7,2,2
28605,201600012513,5.0,2,1,1,11.0,0.0,0.0,0.0,1976.0,B02,2.0,10,0,0.0,0.0,4.0,2.0,10,2,1545,1,1,9,1,2,3,7,2,2
28606,201600012513,1.0,1,1,1,11.0,0.0,0.0,0.0,1985.0,B02,2.0,10,0,0.0,0.0,4.0,2.0,10,2,1545,1,1,9,1,2,3,7,2,2
28607,201600012513,2.0,2,1,1,11.0,0.0,0.0,0.0,1958.0,B02,2.0,10,0,0.0,0.0,4.0,2.0,10,2,1545,1,1,9,1,2,3,7,2,2
28608,201600012513,2.0,2,3,2,11.0,0.0,0.0,0.0,1937.0,A01,2.0,7,0,0.0,2.0,1.0,2.0,10,2,1545,1,1,9,1,2,3,10,2,2
28609,201600012513,1.0,1,3,1,11.0,0.0,0.0,0.0,1937.0,A01,2.0,7,0,0.0,2.0,1.0,2.0,10,2,1545,1,1,9,1,2,3,10,2,2
28610,201600012514,1.0,1,4,2,11.0,0.0,0.0,0.0,1994.0,D04,2.0,7,0,0.0,0.0,1.0,0.0,11,6,1415,1,1,1,5,4,3,10,2,2
28611,201600012514,2.0,2,1,1,11.0,0.0,0.0,0.0,1967.0,H08,2.0,7,0,0.0,0.0,0.0,0.0,11,6,1415,1,1,1,5,4,3,10,2,2
28612,201600012514,1.0,1,1,2,11.0,0.0,0.0,0.0,1970.0,H08,2.0,7,0,0.0,0.0,0.0,0.0,11,6,1415,1,1,1,5,4,3,10,2,2
28613,201600012514,1.0,1,1,2,11.0,0.0,0.0,0.0,1958.0,G07,2.0,7,0,0.0,0.0,1.0,0.0,11,6,1415,1,1,1,5,4,3,10,2,2
28614,201600012514,1.0,1,3,2,11.0,0.0,0.0,0.0,1986.0,F06,2.0,7,0,0.0,0.0,1.0,0.0,11,6,1415,1,1,1,5,4,3,10,2,2
28615,201600012514,1.0,1,1,1,11.0,0.0,0.0,0.0,1990.0,E05,2.0,7,0,0.0,0.0,3.0,0.0,11,6,1415,1,1,1,5,4,3,10,2,2
28616,201600012514,0.0,3,2,1,1.0,0.0,0.0,0.0,1983.0,C03,2.0,7,0,0.0,1.0,1.0,0.0,11,6,1415,1,1,1,5,4,3,10,2,2
28617,201600012514,1.0,1,3,1,11.0,0.0,0.0,0.0,1947.0,C03,2.0,7,0,0.0,1.0,1.0,0.0,11,6,1415,1,1,1,5,4,3,10,2,2
28618,201600012514,2.0,2,3,2,11.0,0.0,0.0,0.0,1949.0,C03,2.0,7,0,0.0,1.0,1.0,0.0,11,6,1415,1,1,1,5,4,3,10,2,2
28619,201600012514,2.0,2,4,2,11.0,0.0,0.0,0.0,1976.0,B02,2.0,10,0,0.0,0.0,0.0,24.0,11,6,1415,1,1,1,5,4,3,7,2,2
28620,201600012514,6.0,2,1,2,11.0,0.0,0.0,0.0,1983.0,B02,2.0,10,0,0.0,0.0,0.0,24.0,11,6,1415,1,1,1,5,4,3,7,2,2
28621,201600012514,1.0,1,3,1,11.0,0.0,0.0,0.0,1973.0,B02,2.0,10,0,0.0,0.0,0.0,24.0,11,6,1415,1,1,1,5,4,3,7,2,2
28622,201600012514,3.0,2,4,2,11.0,0.0,0.0,0.0,1993.0,A01,2.0,7,0,0.0,0.0,0.0,24.0,11,6,1415,1,1,1,5,4,3,10,2,2