,Num_Acc,place,catu,grav,sexe,secu,locp,actp,etatp,an_nais,num_veh,senc,catv,occutc,obs,obsm,choc,manv,mois,jour,hrmn,lum,agg,int,atm,col,mom,catvopp,catv_gen,catvopp_gen
28623,201600012514,2.0,2,4,2,11.0,0.0,0.0,0.0,1987.0,A01,2.0,7,0,0.0,0.0,0.0,24.0,11,6,1415,1,1,1,5,4,3,10,2,2
28624,201600012515,1.0,1,1,1,11.0,0.0,0.0,0.0,1995.0,A01,2.0,7,0,3.0,2.0,2.0,2.0,12,10,1315,1,1,1,5,2,2,17,2,3
28625,201600012515,2.0,2,4,1,11.0,0.0,0.0,0.0,1992.0,A01,2.0,7,0,3.0,2.0,2.0,2.0,12,10,1315,1,1,1,5,2,2,17,2,3
28626,201600012515,1.0,1,1,1,11.0,0.0,0.0,0.0,1977.0,B02,2.0,17,0,0.0,2.0,6.0,2.0,12,10,1315,1,1,1,5,2,2,7,3,2
28627,201600012516,1.0,1,1,1,13.0,0.0,0.0,0.0,1986.0,B02,2.0,17,0,1.0,0.0,2.0,1.0,12,16,1600,1,1,1,2,2,3,10,3,2
28628,201600012516,1.0,1,3,2,12.0,0.0,0.0,0.0,1975.0,A01,2.0,10,0,0.0,0.0,5.0,24.0,12,16,1600,1,1,1,2,2,3,17,2,3
28629,201600012517,2.0,2,3,1,12.0,0.0,0.0,0.0,1985.0,A01,2.0,10,0,0.0,0.0,2.0,1.0,1,16,1630,1,1,1,1,7,3,10,2,2
28630,201600012517,1.0,1,3,2,12.0,0.0,0.0,0.0,1988.0,A01,2.0,10,0,0.0,0.0,2.0,1.0,1,16,1630,1,1,1,1,7,3,10,2,2
28631,201600012518,1.0,1,3,1,21.0,0.0,0.0,0.0,1965.0,A01,2.0,1,0,0.0,2.0,1.0,13.0,5,24,1000,1,1,1,1,3,1,14,1,3
28632,201600012518,1.0,1,1,1,11.0,0.0,0.0,0.0,1966.0,B02,1.0,14,0,0.0,0.0,8.0,1.0,5,24,1000,1,1,1,1,3,1,1,3,1
28633,201600012519,1.0,1,1,2,11.0,0.0,0.0,0.0,1990.0,A01,1.0,7,0,0.0,2.0,2.0,13.0,6,8,1730,1,1,1,1,5,3,1,2,1
28634,201600012519,2.0,2,1,1,11.0,0.0,0.0,0.0,1987.0,A01,1.0,7,0,0.0,2.0,2.0,13.0,6,8,1730,1,1,1,1,5,3,1,2,1
28635,201600012519,3.0,2,1,1,11.0,0.0,0.0,0.0,1981.0,A01,1.0,7,0,0.0,2.0,2.0,13.0,6,8,1730,1,1,1,1,5,3,1,2,1
28636,201600012519,1.0,1,3,1,21.0,0.0,0.0,0.0,1959.0,B02,2.0,1,0,0.0,2.0,1.0,1.0,6,8,1730,1,1,1,1,5,3,7,1,2
28637,201600012519,1.0,1,4,1,21.0,0.0,0.0,0.0,1995.0,C03,2.0,1,0,0.0,0.0,0.0,1.0,6,8,1730,1,1,1,1,5,3,7,1,2
28638,201600012520,1.0,1,1,1,13.0,0.0,0.0,0.0,1969.0,A01,2.0,7,0,0.0,2.0,4.0,1.0,6,15,2030,2,1,1,1,1,4,31,2,1
28639,201600012520,1.0,1,3,1,23.0,0.0,0.0,0.0,1988.0,B02,2.0,31,0,0.0,2.0,1.0,1.0,6,15,2030,2,1,1,1,1,4,7,1,2
28640,201600012520,2.0,2,3,1,23.0,0.0,0.0,0.0,1989.0,B02,2.0,31,0,0.0,2.0,1.0,1.0,6,15,2030,2,1,1,1,1,4,7,1,2
28641,201600012521,2.0,2,1,2,11.0,0.0,0.0,0.0,1992.0,E05,1.0,7,0,0.0,2.0,4.0,2.0,9,7,1030,1,1,1,1,4,1,7,2,2
28642,201600012521,1.0,1,1,1,11.0,0.0,0.0,0.0,1988.0,E05,1.0,7,0,0.0,2.0,4.0,2.0,9,7,1030,1,1,1,1,4,1,7,2,2
28643,201600012521,2.0,2,1,1,11.0,0.0,0.0,0.0,1964.0,D04,1.0,7,0,0.0,2.0,4.0,2.0,9,7,1030,1,1,1,1,4,1,7,2,2
28644,201600012521,1.0,1,1,1,11.0,0.0,0.0,0.0,1964.0,D04,1.0,7,0,0.0,2.0,4.0,2.0,9,7,1030,1,1,1,1,4,1,7,2,2
28645,201600012521,1.0,1,4,1,11.0,0.0,0.0,0.0,1980.0,B02,1.0,7,0,0.0,2.0,4.0,2.0,9,7,1030,1,1,1,1,4,1,7,2,2
28646,201600012521,2.0,2,4,2,11.0,0.0,0.0,0.0,1954.0,A01,1.0,7,0,0.0,2.0,1.0,2.0,9,7,1030,1,1,1,1,4,1,7,2,2
28647,201600012521,1.0,1,4,1,11.0,0.0,0.0,0.0,1949.0,A01,1.0,7,0,0.0,2.0,1.0,2.0,9,7,1030,1,1,1,1,4,1,7,2,2
28648,201600012521,1.0,1,4,1,11.0,0.0,0.0,0.0,1965.0,C03,1.0,7,0,0.0,2.0,4.0,2.0,9,7,1030,1,1,1,1,4,1,7,2,2
28649,201600012522,1.0,1,3,1,11.0,0.0,0.0,0.0,1928.0,A01,1.0,7,0,13.0,0.0,1.0,1.0,1,1,1415,1,1,1,1,6,3,7,2,2
28650,201600012522,2.0,2,1,2,11.0,0.0,0.0,0.0,1928.0,A01,1.0,7,0,13.0,0.0,1.0,1.0,1,1,1415,1,1,1,1,6,3,7,2,2
28651,201600012523,1.0,1,4,2,11.0,0.0,0.0,0.0,1982.0,A01,1.0,7,0,0.0,2.0,1.0,2.0,2,3,1815,3,1,1,8,5,4,17,2,3
28652,201600012523,2.0,2,4,1,11.0,0.0,0.0,0.0,2001.0,A01,1.0,7,0,0.0,2.0,1.0,2.0,2,3,1815,3,1,1,8,5,4,17,2,3
28653,201600012523,1.0,1,1,1,11.0,0.0,0.0,0.0,1960.0,B02,1.0,17,0,0.0,2.0,4.0,2.0,2,3,1815,3,1,1,8,5,4,7,3,2
28654,201600012523,1.0,1,3,1,11.0,0.0,0.0,0.0,1974.0,C03,1.0,7,0,0.0,2.0,1.0,1.0,2,3,1815,3,1,1,8,5,4,17,2,3
28655,201600012524,1.0,1,3,1,11.0,0.0,0.0,0.0,1987.0,A01,2.0,7,0,13.0,0.0,2.0,21.0,3,16,1745,1,1,1,1,6,3,7,2,2
28656,201600012525,1.0,1,3,1,11.0,0.0,0.0,0.0,1974.0,A01,1.0,7,0,0.0,2.0,3.0,13.0,6,8,715,1,1,1,1,1,1,17,2,3
28657,201600012525,1.0,1,1,1,11.0,0.0,0.0,0.0,1959.0,B02,2.0,17,0,0.0,2.0,3.0,1.0,6,8,715,1,1,1,1,1,1,7,3,2
28658,201600012526,1.0,1,4,1,11.0,0.0,0.0,0.0,1983.0,B02,2.0,17,0,3.0,2.0,3.0,1.0,11,14,1700,2,1,1,1,5,3,7,3,2
28659,201600012526,1.0,1,3,1,11.0,0.0,0.0,0.0,1996.0,A01,1.0,7,0,3.0,2.0,3.0,13.0,11,14,1700,2,1,1,1,5,3,17,2,3
28660,201600012526,1.0,1,1,1,11.0,0.0,0.0,0.0,1969.0,C03,1.0,7,0,0.0,2.0,2.0,1.0,11,14,1700,2,1,1,1,5,3,17,2,3
28661,201600012527,1.0,1,4,1,13.0,0.0,0.0,0.0,1984.0,A01,1.0,17,0,3.0,0.0,1.0,13.0,12,13,15,3,1,1,2,6,0,17,3,3
28662,201600012528,1.0,1,4,1,21.0,0.0,0.0,0.0,1998.0,B02,2.0,30,0,0.0,2.0,1.0,1.0,3,26,800,1,2,4,1,3,1,7,1,2
28663,201600012528,1.0,1,1,2,11.0,0.0,0.0,0.0,1943.0,A01,1.0,7,0,0.0,2.0,8.0,15.0,3,26,800,1,2,4,1,3,1,30,2,1
28664,201600012529,1.0,1,3,1,21.0,0.0,0.0,0.0,1997.0,B02,0.0,30,0,0.0,2.0,1.0,1.0,3,31,2130,5,2,1,1,3,4,7,1,2
28665,201600012529,1.0,1,4,1,11.0,0.0,0.0,0.0,1952.0,A01,0.0,7,0,0.0,2.0,7.0,15.0,3,31,2130,5,2,1,1,3,4,30,2,1
28666,201600012530,1.0,1,3,2,21.0,0.0,0.0,0.0,1990.0,A01,1.0,1,0,0.0,2.0,1.0,13.0,4,27,1245,1,2,1,1,1,2,7,1,2
28667,201600012530,1.0,1,1,1,11.0,0.0,0.0,0.0,1957.0,B02,2.0,7,0,0.0,9.0,3.0,1.0,4,27,1245,1,2,1,1,1,2,1,2,1
28668,201600012531,1.0,1,3,1,1.0,0.0,0.0,0.0,1989.0,A01,0.0,7,0,0.0,0.0,8.0,1.0,5,29,45,5,2,1,1,3,0,7,2,2
28669,201600012531,1.0,1,1,1,11.0,0.0,0.0,0.0,1982.0,B02,0.0,7,0,0.0,0.0,1.0,1.0,5,29,45,5,2,1,1,3,0,7,2,2
28670,201600012532,1.0,1,4,2,11.0,0.0,0.0,0.0,1964.0,A01,1.0,7,0,0.0,2.0,1.0,1.0,6,26,500,2,1,1,1,1,0,7,2,2
28671,201600012532,1.0,1,3,1,11.0,0.0,0.0,0.0,1996.0,B02,2.0,7,0,0.0,0.0,1.0,17.0,6,26,500,2,1,1,1,1,0,7,2,2
28672,201600012533,1.0,1,3,1,11.0,0.0,0.0,0.0,1995.0,A01,2.0,7,0,4.0,0.0,8.0,1.0,7,20,2330,3,1,1,1,7,5,7,2,2
28673,201600012534,1.0,1,1,2,11.0,0.0,0.0,0.0,1950.0,A01,0.0,7,0,0.0,2.0,2.0,1.0,11,12,1130,1,2,2,1,3,1,30,2,1
28674,201600012534,1.0,1,1,1,21.0,0.0,0.0,0.0,1999.0,B02,0.0,30,0,0.0,0.0,5.0,1.0,11,12,1130,1,2,2,1,3,1,7,1,2
28675,201600012534,2.0,2,4,1,21.0,0.0,0.0,0.0,1999.0,B02,0.0,30,0,0.0,0.0,5.0,1.0,11,12,1130,1,2,2,1,3,1,7,1,2
28676,201600012535,1.0,1,1,2,11.0,0.0,0.0,0.0,1947.0,A01,1.0,7,0,0.0,1.0,2.0,1.0,12,6,1915,5,2,3,1,6,4,7,2,2
28677,201600012535,0.0,3,4,1,0.0,3.0,3.0,1.0,2002.0,A01,1.0,7,0,0.0,1.0,2.0,1.0,12,6,1915,5,2,3,1,6,4,7,2,2
28678,201600012536,1.0,1,4,2,21.0,0.0,0.0,0.0,1985.0,A01,2.0,30,0,0.0,0.0,0.0,1.0,2,22,1500,1,2,6,2,7,3,30,1,1
28679,201600012537,1.0,1,3,1,21.0,0.0,0.0,0.0,1943.0,A01,2.0,30,0,0.0,2.0,8.0,1.0,3,2,1700,1,1,1,1,3,3,7,1,2
28680,201600012537,1.0,1,1,1,11.0,0.0,0.0,0.0,1992.0,B02,2.0,7,0,0.0,2.0,7.0,17.0,3,2,1700,1,1,1,1,3,3,30,2,1
28681,201600012538,1.0,1,1,1,11.0,0.0,0.0,0.0,1936.0,A01,2.0,7,0,0.0,2.0,5.0,15.0,4,9,245,5,2,1,1,3,0,30,2,1
28682,201600012538,2.0,2,4,2,11.0,0.0,0.0,0.0,1933.0,A01,2.0,7,0,0.0,2.0,5.0,15.0,4,9,245,5,2,1,1,3,0,30,2,1
28683,201600012538,1.0,1,4,1,21.0,0.0,0.0,0.0,1991.0,B02,1.0,30,0,0.0,2.0,1.0,1.0,4,9,245,5,2,1,1,3,0,7,1,2
28684,201600012539,1.0,1,3,1,21.0,0.0,0.0,0.0,1992.0,A01,2.0,33,0,0.0,2.0,9.0,0.0,5,28,15,3,1,1,1,3,0,7,1,2
28685,201600012539,2.0,2,3,1,21.0,0.0,0.0,0.0,1996.0,A01,2.0,33,0,0.0,2.0,9.0,0.0,5,28,15,3,1,1,1,3,0,7,1,2
28686,201600012539,1.0,1,1,1,11.0,0.0,0.0,0.0,1997.0,B02,0.0,7,0,0.0,2.0,9.0,0.0,5,28,15,3,1,1,1,3,0,33,2,1
28687,201600012539,2.0,2,1,1,11.0,0.0,0.0,0.0,1997.0,B02,0.0,7,0,0.0,2.0,9.0,0.0,5,28,15,3,1,1,1,3,0,33,2,1
28688,201600012539,3.0,2,1,1,11.0,0.0,0.0,0.0,1997.0,B02,0.0,7,0,0.0,2.0,9.0,0.0,5,28,15,3,1,1,1,3,0,33,2,1
28689,201600012540,1.0,1,3,2,11.0,0.0,0.0,0.0,1965.0,A01,1.0,7,0,15.0,0.0,1.0,21.0,6,10,2245,5,2,1,1,6,5,7,2,2
28690,201600012541,1.0,1,1,1,11.0,0.0,0.0,0.0,1980.0,B02,2.0,10,0,0.0,2.0,6.0,0.0,7,6,815,1,1,1,1,3,1,33,2,1
28691,201600012541,1.0,1,3,1,21.0,0.0,0.0,0.0,1970.0,A01,2.0,33,0,0.0,2.0,7.0,0.0,7,6,815,1,1,1,1,3,1,10,1,2
28692,201600012542,1.0,1,4,2,11.0,0.0,0.0,0.0,1947.0,A01,2.0,7,0,0.0,2.0,1.0,1.0,7,3,1915,1,2,1,1,1,4,31,2,1
28693,201600012542,1.0,1,3,1,21.0,0.0,0.0,0.0,1968.0,B02,1.0,31,0,0.0,2.0,1.0,13.0,7,3,1915,1,2,1,1,1,4,7,1,2
28694,201600012543,1.0,1,3,1,21.0,0.0,0.0,0.0,1988.0,B02,2.0,33,0,0.0,2.0,1.0,1.0,8,9,930,1,2,1,1,1,1,7,1,2
28695,201600012543,1.0,1,1,2,11.0,0.0,0.0,0.0,1978.0,A01,0.0,7,0,0.0,2.0,6.0,10.0,8,9,930,1,2,1,1,1,1,33,2,1
28696,201600012544,1.0,1,4,1,11.0,0.0,0.0,0.0,1995.0,A01,2.0,14,0,0.0,1.0,1.0,1.0,8,10,1815,2,2,1,1,6,4,14,3,3
28697,201600012544,0.0,3,4,2,0.0,4.0,3.0,1.0,1961.0,A01,2.0,14,0,0.0,1.0,1.0,1.0,8,10,1815,2,2,1,1,6,4,14,3,3
28698,201600012545,1.0,1,4,1,21.0,0.0,0.0,0.0,1990.0,A01,2.0,34,0,9.0,0.0,1.0,1.0,8,27,630,2,1,1,1,6,1,34,1,1
28699,201600012546,1.0,1,1,1,11.0,0.0,0.0,0.0,1987.0,B02,1.0,7,0,0.0,2.0,3.0,15.0,9,3,800,1,2,3,1,5,1,33,2,1
28700,201600012546,1.0,1,3,1,21.0,0.0,0.0,0.0,1971.0,A01,2.0,33,0,0.0,2.0,1.0,1.0,9,3,800,1,2,3,1,5,1,7,1,2
28701,201600012546,1.0,1,1,2,11.0,0.0,0.0,0.0,1966.0,C03,1.0,7,0,0.0,2.0,1.0,23.0,9,3,800,1,2,3,1,5,1,33,2,1
28702,201600012547,1.0,1,3,1,21.0,0.0,0.0,0.0,1974.0,A01,2.0,33,0,0.0,2.0,1.0,1.0,9,23,1830,1,2,3,1,3,4,7,1,2
28703,201600012547,1.0,1,1,2,11.0,0.0,0.0,0.0,1976.0,B02,0.0,7,0,0.0,2.0,2.0,15.0,9,23,1830,1,2,3,1,3,4,33,2,1
28704,201600012548,1.0,1,4,1,21.0,0.0,0.0,0.0,2001.0,A01,2.0,34,0,0.0,2.0,1.0,17.0,10,9,1700,1,2,3,1,2,3,7,1,2
28705,201600012548,1.0,1,1,1,11.0,0.0,0.0,0.0,1967.0,B02,2.0,7,0,0.0,0.0,6.0,1.0,10,9,1700,1,2,3,1,2,3,34,2,1
28706,201600012549,1.0,1,1,2,11.0,0.0,0.0,0.0,1963.0,A01,2.0,7,0,0.0,2.0,1.0,2.0,10,11,1915,2,2,1,1,2,4,2,2,1
28707,201600012549,1.0,1,3,2,21.0,0.0,0.0,0.0,1957.0,B02,2.0,2,0,0.0,2.0,4.0,2.0,10,11,1915,2,2,1,1,2,4,7,1,2
28708,201600012550,1.0,1,4,1,21.0,0.0,0.0,0.0,1991.0,B02,1.0,33,0,0.0,2.0,2.0,17.0,10,17,920,1,2,1,1,3,1,7,1,2
28709,201600012550,1.0,1,1,1,11.0,0.0,0.0,0.0,1992.0,A01,2.0,7,0,0.0,2.0,8.0,15.0,10,17,920,1,2,1,1,3,1,33,2,1
28710,201600012551,1.0,1,4,1,21.0,0.0,0.0,0.0,1959.0,B02,1.0,34,0,0.0,2.0,1.0,1.0,10,2,745,1,2,2,1,3,1,7,1,2
28711,201600012551,1.0,1,4,1,11.0,0.0,0.0,0.0,1984.0,A01,2.0,7,0,0.0,2.0,6.0,1.0,10,2,745,1,2,2,1,3,1,34,2,1
28712,201600012552,1.0,1,1,1,11.0,0.0,0.0,0.0,1997.0,A01,0.0,7,0,0.0,2.0,3.0,19.0,10,29,1630,1,2,3,1,3,3,33,2,1
28713,201600012552,1.0,1,3,1,21.0,0.0,0.0,0.0,1986.0,B02,1.0,33,0,0.0,2.0,1.0,1.0,10,29,1630,1,2,3,1,3,3,7,1,2
28714,201600012552,2.0,2,4,2,21.0,0.0,0.0,0.0,1985.0,B02,1.0,33,0,0.0,2.0,1.0,1.0,10,29,1630,1,2,3,1,3,3,7,1,2
28715,201600012553,1.0,1,1,1,11.0,0.0,0.0,0.0,1998.0,A01,1.0,7,0,0.0,2.0,3.0,11.0,11,29,855,1,1,1,1,5,1,33,2,1
28716,201600012553,1.0,1,3,1,21.0,0.0,0.0,0.0,1977.0,B01,1.0,33,0,0.0,2.0,2.0,3.0,11,29,855,1,1,1,1,5,1,7,1,2
28717,201600012553,1.0,1,1,2,11.0,0.0,0.0,0.0,1990.0,C01,1.0,7,0,0.0,2.0,5.0,1.0,11,29,855,1,1,1,1,5,1,33,2,1
28718,201600012554,1.0,1,1,1,11.0,0.0,0.0,0.0,1971.0,A01,1.0,7,0,0.0,1.0,1.0,1.0,1,15,800,3,2,1,2,6,1,7,2,2
28719,201600012554,0.0,3,3,2,0.0,1.0,3.0,2.0,1963.0,A01,1.0,7,0,0.0,1.0,1.0,1.0,1,15,800,3,2,1,2,6,1,7,2,2
28720,201600012555,1.0,1,3,1,11.0,0.0,0.0,0.0,1971.0,A01,1.0,14,0,0.0,0.0,0.0,0.0,3,3,215,3,1,1,3,7,0,14,3,3
28721,201600012556,1.0,1,4,1,11.0,0.0,0.0,0.0,1995.0,A01,1.0,7,0,3.0,2.0,0.0,1.0,3,19,115,5,2,1,1,1,0,7,2,2
28722,201600012556,2.0,2,4,1,11.0,0.0,0.0,0.0,1997.0,A01,1.0,7,0,3.0,2.0,0.0,1.0,3,19,115,5,2,1,1,1,0,7,2,2
28723,201600012556,3.0,2,3,2,11.0,0.0,0.0,0.0,1993.0,A01,1.0,7,0,3.0,2.0,0.0,1.0,3,19,115,5,2,1,1,1,0,7,2,2
28724,201600012556,1.0,1,4,1,11.0,0.0,0.0,0.0,1980.0,B02,2.0,7,0,0.0,0.0,1.0,0.0,3,19,115,5,2,1,1,1,0,7,2,2
28725,201600012556,2.0,2,4,2,11.0,0.0,0.0,0.0,1985.0,B02,2.0,7,0,0.0,0.0,1.0,0.0,3,19,115,5,2,1,1,1,0,7,2,2
28726,201600012557,1.0,1,4,2,11.0,0.0,0.0,0.0,1976.0,A01,0.0,7,0,0.0,2.0,7.0,23.0,5,1,1730,1,2,1,1,6,3,33,2,1
28727,201600012557,1.0,1,4,1,21.0,0.0,0.0,0.0,1961.0,B02,0.0,33,0,0.0,2.0,1.0,3.0,5,1,1730,1,2,1,1,6,3,7,1,2
28728,201600012558,1.0,1,3,1,21.0,0.0,0.0,0.0,1986.0,A01,1.0,33,0,0.0,2.0,1.0,1.0,5,10,830,1,1,1,1,1,1,7,1,2
28729,201600012558,1.0,1,4,1,11.0,0.0,0.0,0.0,1974.0,B02,2.0,7,0,0.0,2.0,1.0,15.0,5,10,830,1,1,1,1,1,1,33,2,1
28730,201600012559,1.0,1,1,1,11.0,0.0,0.0,0.0,1950.0,A01,2.0,7,0,1.0,1.0,3.0,1.0,6,2,1830,1,1,1,1,6,4,7,2,2
28731,201600012559,0.0,3,4,1,0.0,6.0,1.0,1.0,1990.0,A01,2.0,7,0,1.0,1.0,3.0,1.0,6,2,1830,1,1,1,1,6,4,7,2,2
28732,201600012560,1.0,1,3,1,21.0,0.0,0.0,0.0,1967.0,B02,0.0,32,0,0.0,2.0,1.0,2.0,7,28,45,5,1,1,1,1,0,7,1,2
28733,201600012560,1.0,1,4,1,11.0,0.0,0.0,0.0,1989.0,A01,0.0,7,0,5.0,2.0,1.0,2.0,7,28,45,5,1,1,1,1,0,32,2,1
28734,201600012561,1.0,1,3,1,21.0,0.0,0.0,0.0,1993.0,A01,1.0,33,0,0.0,2.0,1.0,1.0,11,16,845,1,1,1,1,2,1,7,1,2
28735,201600012561,1.0,1,1,1,11.0,0.0,0.0,0.0,1966.0,B02,1.0,7,0,0.0,2.0,5.0,15.0,11,16,845,1,1,1,1,2,1,33,2,1
28736,201600012562,1.0,1,1,1,11.0,0.0,0.0,0.0,1995.0,A01,0.0,7,0,0.0,0.0,1.0,1.0,2,22,645,2,1,6,5,4,1,7,2,2
28737,201600012562,1.0,1,3,1,11.0,0.0,0.0,0.0,1983.0,C03,0.0,7,0,0.0,0.0,4.0,23.0,2,22,645,2,1,6,5,4,1,7,2,2
28738,201600012562,1.0,1,1,1,11.0,0.0,0.0,0.0,1988.0,B02,0.0,7,0,0.0,0.0,0.0,23.0,2,22,645,2,1,6,5,4,1,7,2,2
28739,201600012563,1.0,1,3,1,21.0,0.0,0.0,0.0,1968.0,B02,1.0,1,0,0.0,2.0,1.0,15.0,3,6,1500,1,1,6,1,3,3,7,1,2
28740,201600012563,1.0,1,1,1,11.0,0.0,0.0,0.0,1989.0,A01,1.0,7,0,0.0,2.0,3.0,9.0,3,6,1500,1,1,6,1,3,3,1,2,1
28741,201600012564,1.0,1,3,1,21.0,0.0,0.0,0.0,1954.0,A01,2.0,33,0,13.0,0.0,0.0,1.0,3,30,1230,1,1,1,1,7,2,33,1,1
28742,201600012565,1.0,1,1,1,13.0,0.0,0.0,0.0,1966.0,A01,0.0,7,0,1.0,2.0,1.0,1.0,4,18,1545,1,2,6,1,2,3,7,2,2
28743,201600012565,4.0,2,2,1,31.0,0.0,0.0,0.0,2006.0,B02,0.0,7,0,6.0,0.0,4.0,1.0,4,18,1545,1,2,6,1,2,3,7,2,2
28744,201600012565,1.0,1,2,2,11.0,0.0,0.0,0.0,1976.0,B02,0.0,7,0,6.0,0.0,4.0,1.0,4,18,1545,1,2,6,1,2,3,7,2,2
28745,201600012565,3.0,2,2,1,31.0,0.0,0.0,0.0,2009.0,B02,0.0,7,0,6.0,0.0,4.0,1.0,4,18,1545,1,2,6,1,2,3,7,2,2
28746,201600012566,1.0,1,1,1,11.0,0.0,0.0,0.0,1938.0,A01,1.0,7,0,0.0,2.0,3.0,15.0,4,27,645,1,1,1,1,1,1,7,2,2
28747,201600012566,1.0,1,4,1,11.0,0.0,0.0,0.0,1975.0,B02,2.0,7,0,0.0,2.0,3.0,1.0,4,27,645,1,1,1,1,1,1,7,2,2
28748,201600012567,1.0,1,1,1,11.0,0.0,0.0,0.0,1992.0,A01,1.0,7,0,0.0,1.0,2.0,1.0,6,12,645,3,1,1,1,6,1,7,2,2
28749,201600012567,0.0,3,2,1,0.0,6.0,2.0,1.0,1960.0,A01,1.0,7,0,0.0,1.0,2.0,1.0,6,12,645,3,1,1,1,6,1,7,2,2
28750,201600012568,1.0,1,3,2,21.0,0.0,0.0,0.0,1969.0,B02,1.0,33,0,0.0,2.0,1.0,1.0,9,20,1715,2,1,4,1,1,3,7,1,2
28751,201600012568,1.0,1,1,1,11.0,0.0,0.0,0.0,1960.0,A01,2.0,7,0,0.0,2.0,3.0,15.0,9,20,1715,2,1,4,1,1,3,33,2,1
28752,201600012568,2.0,2,1,2,11.0,0.0,0.0,0.0,1996.0,A01,2.0,7,0,0.0,2.0,3.0,15.0,9,20,1715,2,1,4,1,1,3,33,2,1
28753,201600012569,1.0,1,3,1,21.0,0.0,0.0,0.0,1978.0,A01,1.0,31,0,12.0,0.0,8.0,1.0,9,25,1515,1,1,1,1,7,3,31,1,1
28754,201600012570,1.0,1,4,1,11.0,0.0,0.0,0.0,1990.0,A01,1.0,7,0,2.0,0.0,1.0,16.0,12,16,1945,5,1,6,1,6,4,7,2,2
28755,201600012571,1.0,1,2,1,11.0,0.0,0.0,0.0,1936.0,A01,2.0,7,0,16.0,0.0,9.0,14.0,2,25,1730,1,1,1,1,7,3,7,2,2
28756,201600012572,3.0,2,2,1,11.0,0.0,0.0,0.0,1937.0,B02,2.0,7,0,0.0,0.0,4.0,1.0,4,17,545,3,1,1,2,4,0,7,2,2
28757,201600012572,2.0,2,3,1,11.0,0.0,0.0,0.0,1972.0,B02,2.0,7,0,0.0,0.0,4.0,1.0,4,17,545,3,1,1,2,4,0,7,2,2
28758,201600012572,1.0,1,4,1,11.0,0.0,0.0,0.0,1958.0,B02,2.0,7,0,0.0,0.0,4.0,1.0,4,17,545,3,1,1,2,4,0,7,2,2
28759,201600012572,1.0,1,1,1,13.0,0.0,0.0,0.0,1990.0,A01,2.0,7,0,0.0,2.0,6.0,2.0,4,17,545,3,1,1,2,4,0,7,2,2
28760,201600012572,1.0,1,4,2,11.0,0.0,0.0,0.0,1980.0,C03,2.0,7,0,14.0,0.0,1.0,1.0,4,17,545,3,1,1,2,4,0,7,2,2
28761,201600012573,1.0,1,3,1,13.0,0.0,0.0,0.0,1934.0,A01,2.0,7,0,13.0,0.0,0.0,21.0,5,23,1245,1,1,1,2,6,2,7,2,2
28762,201600012573,2.0,2,3,2,13.0,0.0,0.0,0.0,1934.0,A01,2.0,7,0,13.0,0.0,0.0,21.0,5,23,1245,1,1,1,2,6,2,7,2,2
28763,201600012574,1.0,1,1,1,1.0,0.0,0.0,0.0,1955.0,A01,2.0,17,0,0.0,0.0,0.0,24.0,6,14,2045,1,1,1,1,2,4,7,3,2
28764,201600012574,1.0,1,2,1,11.0,0.0,0.0,0.0,1979.0,C03,2.0,7,0,1.0,0.0,1.0,19.0,6,14,2045,1,1,1,1,2,4,17,2,3
28765,201600012575,1.0,1,1,1,11.0,0.0,0.0,0.0,1983.0,A01,2.0,10,0,0.0,2.0,1.0,2.0,7,13,1645,1,1,1,1,2,3,7,2,2
28766,201600012575,1.0,1,3,1,11.0,0.0,0.0,0.0,1964.0,C03,2.0,7,0,0.0,0.0,4.0,2.0,7,13,1645,1,1,1,1,2,3,10,2,2
28767,201600012575,2.0,2,1,1,11.0,0.0,0.0,0.0,1995.0,C03,2.0,7,0,0.0,0.0,4.0,2.0,7,13,1645,1,1,1,1,2,3,10,2,2
28768,201600012575,5.0,2,1,2,11.0,0.0,0.0,0.0,1968.0,C03,2.0,7,0,0.0,0.0,4.0,2.0,7,13,1645,1,1,1,1,2,3,10,2,2
28769,201600012576,1.0,1,3,1,11.0,0.0,0.0,0.0,1997.0,A01,1.0,7,0,3.0,0.0,1.0,14.0,10,9,515,3,1,1,1,6,0,7,2,2
28770,201600012577,4.0,2,1,2,13.0,0.0,0.0,0.0,2004.0,A01,1.0,7,0,0.0,0.0,4.0,24.0,11,25,2100,3,1,1,1,4,4,7,2,2
28771,201600012577,2.0,2,1,1,13.0,0.0,0.0,0.0,1974.0,A01,1.0,7,0,0.0,0.0,4.0,24.0,11,25,2100,3,1,1,1,4,4,7,2,2
28772,201600012577,2.0,2,1,2,13.0,0.0,0.0,0.0,2013.0,A01,1.0,7,0,0.0,0.0,4.0,24.0,11,25,2100,3,1,1,1,4,4,7,2,2
28773,201600012577,1.0,1,1,2,13.0,0.0,0.0,0.0,1976.0,A01,1.0,7,0,0.0,0.0,4.0,24.0,11,25,2100,3,1,1,1,4,4,7,2,2
28774,201600012577,1.0,1,3,2,11.0,0.0,0.0,0.0,1954.0,B02,1.0,7,0,1.0,0.0,6.0,1.0,11,25,2100,3,1,1,1,4,4,7,2,2
28775,201600012577,1.0,1,1,1,11.0,0.0,0.0,0.0,1965.0,C03,1.0,7,0,0.0,2.0,2.0,2.0,11,25,2100,3,1,1,1,4,4,7,2,2