,Num_Acc,place,catu,grav,sexe,secu,locp,actp,etatp,an_nais,num_veh,senc,catv,occutc,obs,obsm,choc,manv,mois,jour,hrmn,lum,agg,int,atm,col,mom,catvopp,catv_gen,catvopp_gen
28776,201600012578,1.0,1,3,2,11.0,0.0,0.0,0.0,1986.0,A01,1.0,7,0,3.0,0.0,1.0,14.0,12,4,445,3,1,1,1,6,0,7,2,2
28777,201600012579,1.0,1,1,1,13.0,0.0,0.0,0.0,1976.0,B02,2.0,17,0,0.0,0.0,4.0,24.0,12,13,230,3,1,1,1,2,0,7,3,2
28778,201600012579,1.0,1,2,1,11.0,0.0,0.0,0.0,1960.0,A01,2.0,7,0,1.0,0.0,1.0,14.0,12,13,230,3,1,1,1,2,0,17,2,3
28779,201600012580,1.0,1,3,1,11.0,0.0,0.0,0.0,1953.0,A01,1.0,10,0,2.0,0.0,1.0,0.0,7,15,800,1,1,1,1,6,1,10,2,2
28780,201600012581,1.0,1,1,1,13.0,0.0,0.0,0.0,1995.0,A01,1.0,7,0,3.0,2.0,2.0,2.0,7,19,430,3,1,1,1,2,0,14,2,3
28781,201600012581,2.0,2,3,2,13.0,0.0,0.0,0.0,1999.0,A01,1.0,7,0,3.0,2.0,2.0,2.0,7,19,430,3,1,1,1,2,0,14,2,3
28782,201600012581,1.0,1,1,1,11.0,0.0,0.0,0.0,1960.0,B02,1.0,14,0,0.0,0.0,6.0,2.0,7,19,430,3,1,1,1,2,0,7,3,2
28783,201600012582,1.0,1,3,1,13.0,0.0,0.0,0.0,1980.0,A01,2.0,17,0,13.0,0.0,2.0,2.0,9,18,800,2,1,1,1,6,1,17,3,3
28784,201600012583,1.0,1,4,1,11.0,0.0,0.0,0.0,1946.0,A01,1.0,10,0,3.0,0.0,1.0,2.0,7,16,1500,1,1,1,1,7,3,10,2,2
28785,201600012583,2.0,2,4,1,11.0,0.0,0.0,0.0,1956.0,A01,1.0,10,0,3.0,0.0,1.0,2.0,7,16,1500,1,1,1,1,7,3,10,2,2
28786,201600012583,6.0,2,4,1,11.0,0.0,0.0,0.0,1945.0,A01,1.0,10,0,3.0,0.0,1.0,2.0,7,16,1500,1,1,1,1,7,3,10,2,2
28787,201600012584,1.0,1,3,1,11.0,0.0,0.0,0.0,1948.0,B02,2.0,7,0,0.0,2.0,2.0,2.0,9,9,1100,1,1,1,1,3,1,7,2,2
28788,201600012584,1.0,1,3,2,11.0,0.0,0.0,0.0,1966.0,A01,2.0,7,0,3.0,2.0,1.0,13.0,9,9,1100,1,1,1,1,3,1,7,2,2
28789,201600012585,1.0,1,3,2,11.0,0.0,0.0,0.0,1949.0,A01,2.0,7,0,13.0,0.0,0.0,1.0,10,22,815,1,1,1,1,7,1,7,2,2
28790,201600012586,1.0,1,4,1,12.0,0.0,0.0,0.0,1995.0,A01,1.0,7,0,0.0,2.0,3.0,5.0,11,6,1245,1,1,1,1,5,2,7,2,2
28791,201600012586,1.0,1,1,1,11.0,0.0,0.0,0.0,1971.0,C03,2.0,7,0,0.0,2.0,1.0,0.0,11,6,1245,1,1,1,1,5,2,7,2,2
28792,201600012586,1.0,1,3,1,11.0,0.0,0.0,0.0,1961.0,B02,2.0,7,0,0.0,2.0,2.0,1.0,11,6,1245,1,1,1,1,5,2,7,2,2
28793,201600012587,1.0,1,3,1,11.0,0.0,0.0,0.0,1940.0,A01,1.0,7,0,16.0,0.0,9.0,2.0,12,28,1515,1,1,1,1,7,3,7,2,2
28794,201600012588,1.0,1,1,1,11.0,0.0,0.0,0.0,1937.0,A01,2.0,7,0,0.0,0.0,2.0,15.0,1,7,800,1,2,1,1,1,1,30,2,1
28795,201600012588,1.0,1,3,1,22.0,0.0,0.0,0.0,1998.0,B02,1.0,30,0,0.0,2.0,1.0,1.0,1,7,800,1,2,1,1,1,1,7,1,2
28796,201600012589,1.0,1,4,2,11.0,0.0,0.0,0.0,1996.0,A01,1.0,7,0,8.0,0.0,9.0,1.0,4,2,315,5,2,1,1,7,0,7,2,2
28797,201600012589,2.0,2,4,2,11.0,0.0,0.0,0.0,1997.0,A01,1.0,7,0,8.0,0.0,9.0,1.0,4,2,315,5,2,1,1,7,0,7,2,2
28798,201600012590,1.0,1,3,1,21.0,0.0,0.0,0.0,1990.0,A01,1.0,33,0,4.0,0.0,2.0,1.0,4,3,1745,1,1,1,1,6,3,33,1,1
28799,201600012591,1.0,1,3,1,11.0,0.0,0.0,0.0,1969.0,A01,2.0,7,0,2.0,0.0,1.0,1.0,4,16,1615,1,1,1,1,6,3,7,2,2
28800,201600012591,2.0,2,3,1,11.0,0.0,0.0,0.0,1944.0,A01,2.0,7,0,2.0,0.0,1.0,1.0,4,16,1615,1,1,1,1,6,3,7,2,2
28801,201600012591,3.0,2,3,1,11.0,0.0,0.0,0.0,1996.0,A01,2.0,7,0,2.0,0.0,1.0,1.0,4,16,1615,1,1,1,1,6,3,7,2,2
28802,201600012591,4.0,2,3,2,11.0,0.0,0.0,0.0,1968.0,A01,2.0,7,0,2.0,0.0,1.0,1.0,4,16,1615,1,1,1,1,6,3,7,2,2
28803,201600012592,1.0,1,1,1,11.0,0.0,0.0,0.0,1992.0,A01,2.0,7,0,0.0,2.0,1.0,1.0,5,14,745,1,1,1,1,1,1,30,2,1
28804,201600012592,1.0,1,3,1,21.0,0.0,0.0,0.0,1987.0,B02,1.0,30,0,0.0,2.0,1.0,1.0,5,14,745,1,1,1,1,1,1,7,1,2
28805,201600012593,2.0,2,1,2,21.0,0.0,0.0,0.0,1969.0,A01,2.0,33,0,0.0,0.0,8.0,17.0,6,1,1645,1,1,1,1,7,3,33,1,1
28806,201600012593,1.0,1,3,1,21.0,0.0,0.0,0.0,1971.0,A01,2.0,33,0,0.0,0.0,8.0,17.0,6,1,1645,1,1,1,1,7,3,33,1,1
28807,201600012594,1.0,1,4,1,21.0,0.0,0.0,0.0,1968.0,A01,1.0,33,0,0.0,2.0,6.0,11.0,6,15,1645,1,1,1,1,3,3,10,1,2
28808,201600012594,2.0,2,4,1,21.0,0.0,0.0,0.0,2000.0,A01,1.0,33,0,0.0,2.0,6.0,11.0,6,15,1645,1,1,1,1,3,3,10,1,2
28809,201600012594,1.0,1,1,1,11.0,0.0,0.0,0.0,1976.0,B02,1.0,10,0,0.0,2.0,7.0,17.0,6,15,1645,1,1,1,1,3,3,33,2,1
28810,201600012595,1.0,1,1,2,11.0,0.0,0.0,0.0,1985.0,A01,2.0,7,0,0.0,2.0,4.0,17.0,6,16,1115,1,1,1,1,2,1,33,2,1
28811,201600012595,1.0,1,4,1,21.0,0.0,0.0,0.0,1991.0,B02,2.0,33,0,0.0,2.0,1.0,15.0,6,16,1115,1,1,1,1,2,1,7,1,2
28812,201600012596,1.0,1,3,2,11.0,0.0,0.0,0.0,1997.0,A01,1.0,7,0,2.0,0.0,1.0,0.0,6,19,1215,1,1,1,2,6,2,7,2,2
28813,201600012597,1.0,1,1,1,11.0,0.0,0.0,0.0,1947.0,A01,1.0,7,0,0.0,2.0,3.0,15.0,6,26,1630,1,1,1,1,3,3,31,2,1
28814,201600012597,2.0,2,1,2,11.0,0.0,0.0,0.0,1947.0,A01,1.0,7,0,0.0,2.0,3.0,15.0,6,26,1630,1,1,1,1,3,3,31,2,1
28815,201600012597,1.0,1,3,1,21.0,0.0,0.0,0.0,1987.0,B02,1.0,31,0,0.0,2.0,1.0,1.0,6,26,1630,1,1,1,1,3,3,7,1,2
28816,201600012598,1.0,1,1,2,11.0,0.0,0.0,0.0,1995.0,A01,2.0,7,0,0.0,2.0,1.0,15.0,6,30,1330,1,2,1,1,3,2,33,2,1
28817,201600012598,1.0,1,3,1,21.0,0.0,0.0,0.0,1967.0,B02,1.0,33,0,0.0,2.0,1.0,1.0,6,30,1330,1,2,1,1,3,2,7,1,2
28818,201600012599,2.0,2,3,2,11.0,0.0,0.0,0.0,1994.0,A01,1.0,7,0,8.0,0.0,1.0,19.0,7,14,815,1,2,1,1,6,1,7,2,2
28819,201600012599,1.0,1,3,2,11.0,0.0,0.0,0.0,1996.0,A01,1.0,7,0,8.0,0.0,1.0,19.0,7,14,815,1,2,1,1,6,1,7,2,2
28820,201600012600,3.0,2,3,2,11.0,0.0,0.0,0.0,1943.0,A01,1.0,7,0,2.0,0.0,1.0,1.0,7,20,1600,1,1,1,7,6,3,7,2,2
28821,201600012600,4.0,2,3,2,11.0,0.0,0.0,0.0,1951.0,A01,1.0,7,0,2.0,0.0,1.0,1.0,7,20,1600,1,1,1,7,6,3,7,2,2
28822,201600012600,1.0,1,1,1,11.0,0.0,0.0,0.0,1951.0,A01,1.0,7,0,2.0,0.0,1.0,1.0,7,20,1600,1,1,1,7,6,3,7,2,2
28823,201600012600,2.0,2,3,1,11.0,0.0,0.0,0.0,1950.0,A01,1.0,7,0,2.0,0.0,1.0,1.0,7,20,1600,1,1,1,7,6,3,7,2,2
28824,201600012601,1.0,1,4,1,11.0,0.0,0.0,0.0,1979.0,A01,1.0,7,0,0.0,0.0,7.0,1.0,3,26,240,3,1,1,1,7,0,7,2,2
28825,201600012602,1.0,1,1,1,11.0,0.0,0.0,0.0,1964.0,A01,2.0,7,0,0.0,2.0,7.0,15.0,6,3,1845,1,1,4,1,3,4,7,2,2
28826,201600012602,1.0,1,3,1,11.0,0.0,0.0,0.0,1994.0,B02,1.0,7,0,0.0,2.0,1.0,1.0,6,3,1845,1,1,4,1,3,4,7,2,2
28827,201600012603,1.0,1,4,2,11.0,0.0,0.0,0.0,1959.0,A01,0.0,7,0,13.0,0.0,1.0,14.0,6,24,730,1,1,6,1,6,1,7,2,2
28828,201600012604,1.0,1,3,1,21.0,0.0,0.0,0.0,1989.0,A01,2.0,33,0,0.0,2.0,1.0,13.0,7,3,1830,1,1,1,1,1,4,13,1,3
28829,201600012604,2.0,2,3,2,21.0,0.0,0.0,0.0,1988.0,A01,2.0,33,0,0.0,2.0,1.0,13.0,7,3,1830,1,1,1,1,1,4,13,1,3
28830,201600012604,1.0,1,1,1,11.0,0.0,0.0,0.0,1960.0,B02,1.0,13,0,0.0,2.0,2.0,23.0,7,3,1830,1,1,1,1,1,4,33,3,1
28831,201600012604,2.0,2,4,2,11.0,0.0,0.0,0.0,1960.0,B02,1.0,13,0,0.0,2.0,2.0,23.0,7,3,1830,1,1,1,1,1,4,33,3,1
28832,201600012605,1.0,1,1,1,13.0,0.0,0.0,0.0,1981.0,A01,0.0,7,0,0.0,1.0,2.0,1.0,7,7,1945,1,2,6,1,6,4,7,2,2
28833,201600012605,0.0,3,3,1,0.0,4.0,3.0,1.0,1974.0,A01,0.0,7,0,0.0,1.0,2.0,1.0,7,7,1945,1,2,6,1,6,4,7,2,2
28834,201600012606,1.0,1,1,2,11.0,0.0,0.0,0.0,1998.0,C03,1.0,7,0,0.0,0.0,0.0,19.0,8,4,2115,5,2,1,3,5,4,31,2,1
28835,201600012606,3.0,2,1,1,11.0,0.0,0.0,0.0,1999.0,A01,2.0,7,0,0.0,0.0,6.0,1.0,8,4,2115,5,2,1,3,5,4,31,2,1
28836,201600012606,1.0,1,1,2,11.0,0.0,0.0,0.0,1997.0,A01,2.0,7,0,0.0,0.0,6.0,1.0,8,4,2115,5,2,1,3,5,4,31,2,1
28837,201600012606,2.0,2,1,2,11.0,0.0,0.0,0.0,1996.0,A01,2.0,7,0,0.0,0.0,6.0,1.0,8,4,2115,5,2,1,3,5,4,31,2,1
28838,201600012606,1.0,1,3,2,21.0,0.0,0.0,0.0,2000.0,B02,2.0,31,0,0.0,2.0,1.0,1.0,8,4,2115,5,2,1,3,5,4,7,1,2
28839,201600012607,1.0,1,3,1,21.0,0.0,0.0,0.0,1957.0,B02,1.0,33,0,0.0,2.0,4.0,1.0,8,27,845,1,2,3,1,5,1,33,1,1
28840,201600012607,1.0,1,3,2,21.0,0.0,0.0,0.0,1965.0,A01,1.0,33,0,0.0,2.0,4.0,1.0,8,27,845,1,2,3,1,5,1,33,1,1
28841,201600012607,1.0,1,3,1,21.0,0.0,0.0,0.0,1967.0,C03,1.0,33,0,0.0,2.0,1.0,1.0,8,27,845,1,2,3,1,5,1,33,1,1
28842,201600012608,1.0,1,1,1,13.0,0.0,0.0,0.0,1955.0,A01,1.0,7,0,0.0,2.0,3.0,1.0,8,30,1530,1,2,4,1,3,3,2,2,1
28843,201600012608,1.0,1,3,1,21.0,0.0,0.0,0.0,1999.0,B02,1.0,2,0,0.0,2.0,1.0,1.0,8,30,1530,1,2,4,1,3,3,7,1,2
28844,201600012609,1.0,1,3,2,21.0,0.0,0.0,0.0,1959.0,B02,2.0,31,0,0.0,2.0,8.0,2.0,9,14,1645,1,2,4,1,1,3,10,1,2
28845,201600012609,1.0,1,1,1,11.0,0.0,0.0,0.0,1992.0,A01,2.0,10,0,0.0,0.0,0.0,2.0,9,14,1645,1,2,4,1,1,3,31,2,1
28846,201600012610,1.0,1,1,1,11.0,0.0,0.0,0.0,1970.0,B02,2.0,7,0,0.0,2.0,2.0,17.0,1,26,1915,3,1,1,1,3,4,10,2,2
28847,201600012610,1.0,1,4,1,11.0,0.0,0.0,0.0,1981.0,A01,2.0,10,0,0.0,2.0,6.0,1.0,1,26,1915,3,1,1,1,3,4,7,2,2
28848,201600012611,1.0,1,4,1,11.0,0.0,0.0,0.0,1982.0,B02,2.0,7,0,14.0,0.0,1.0,1.0,1,30,2300,3,1,1,1,6,5,7,2,2
28849,201600012611,2.0,2,4,1,13.0,0.0,0.0,0.0,1959.0,B02,2.0,7,0,14.0,0.0,1.0,1.0,1,30,2300,3,1,1,1,6,5,7,2,2
28850,201600012611,3.0,2,4,1,13.0,0.0,0.0,0.0,1985.0,B02,2.0,7,0,14.0,0.0,1.0,1.0,1,30,2300,3,1,1,1,6,5,7,2,2
28851,201600012611,4.0,2,4,1,13.0,0.0,0.0,0.0,1989.0,B02,2.0,7,0,14.0,0.0,1.0,1.0,1,30,2300,3,1,1,1,6,5,7,2,2
28852,201600012611,5.0,2,4,1,13.0,0.0,0.0,0.0,1989.0,B02,2.0,7,0,14.0,0.0,1.0,1.0,1,30,2300,3,1,1,1,6,5,7,2,2
28853,201600012612,1.0,1,4,1,11.0,0.0,0.0,0.0,1977.0,A01,1.0,10,0,3.0,0.0,2.0,1.0,2,18,1400,1,1,1,1,6,3,10,2,2
28854,201600012613,1.0,1,4,1,11.0,0.0,0.0,0.0,1990.0,A01,1.0,7,0,0.0,2.0,1.0,2.0,3,19,915,1,1,1,1,2,1,17,2,3
28855,201600012613,1.0,1,1,1,11.0,0.0,0.0,0.0,1959.0,B02,1.0,17,0,0.0,0.0,4.0,1.0,3,19,915,1,1,1,1,2,1,7,3,2
28856,201600012614,1.0,1,4,1,11.0,0.0,0.0,0.0,1988.0,A01,2.0,14,0,16.0,0.0,8.0,1.0,3,23,1500,1,1,1,6,7,3,14,3,3
28857,201600012615,1.0,1,2,1,11.0,0.0,0.0,0.0,1963.0,A01,1.0,10,0,3.0,0.0,3.0,2.0,4,20,1930,1,1,1,1,7,4,10,2,2
28858,201600012616,1.0,1,1,2,11.0,0.0,0.0,0.0,1984.0,A01,2.0,7,0,4.0,0.0,2.0,14.0,4,30,1700,1,1,1,1,6,3,7,2,2
28859,201600012616,2.0,2,3,2,11.0,0.0,0.0,0.0,1976.0,A01,2.0,7,0,4.0,0.0,2.0,14.0,4,30,1700,1,1,1,1,6,3,7,2,2
28860,201600012616,3.0,2,3,2,11.0,0.0,0.0,0.0,2004.0,A01,2.0,7,0,4.0,0.0,2.0,14.0,4,30,1700,1,1,1,1,6,3,7,2,2
28861,201600012616,4.0,2,3,2,11.0,0.0,0.0,0.0,2006.0,A01,2.0,7,0,4.0,0.0,2.0,14.0,4,30,1700,1,1,1,1,6,3,7,2,2
28862,201600012616,8.0,2,3,1,11.0,0.0,0.0,0.0,2010.0,A01,2.0,7,0,4.0,0.0,2.0,14.0,4,30,1700,1,1,1,1,6,3,7,2,2
28863,201600012617,1.0,1,1,1,11.0,0.0,0.0,0.0,1975.0,B02,1.0,15,0,0.0,2.0,5.0,14.0,4,28,1830,1,1,1,1,3,4,7,3,2
28864,201600012617,1.0,1,4,2,11.0,0.0,0.0,0.0,1961.0,A01,1.0,7,0,0.0,2.0,8.0,23.0,4,28,1830,1,1,1,1,3,4,15,2,3
28865,201600012618,1.0,1,1,1,11.0,0.0,0.0,0.0,1993.0,A01,2.0,7,0,0.0,2.0,7.0,3.0,5,11,100,3,1,1,1,2,0,17,2,3
28866,201600012618,2.0,2,2,1,11.0,0.0,0.0,0.0,1996.0,A01,2.0,7,0,0.0,2.0,7.0,3.0,5,11,100,3,1,1,1,2,0,17,2,3
28867,201600012618,1.0,1,1,1,11.0,0.0,0.0,0.0,1969.0,B02,2.0,17,0,0.0,2.0,6.0,1.0,5,11,100,3,1,1,1,2,0,7,3,2
28868,201600012618,2.0,2,1,1,11.0,0.0,0.0,0.0,1984.0,B02,2.0,17,0,0.0,2.0,6.0,1.0,5,11,100,3,1,1,1,2,0,7,3,2
28869,201600012619,1.0,1,3,1,11.0,0.0,0.0,0.0,1996.0,A01,2.0,7,0,0.0,2.0,1.0,1.0,5,18,2200,3,1,1,1,5,5,10,2,2
28870,201600012619,1.0,1,4,1,11.0,0.0,0.0,0.0,1970.0,B02,2.0,10,0,0.0,0.0,5.0,2.0,5,18,2200,3,1,1,1,5,5,14,2,3
28871,201600012619,1.0,1,1,1,11.0,0.0,0.0,0.0,1972.0,C03,2.0,14,0,14.0,0.0,1.0,2.0,5,18,2200,3,1,1,1,5,5,10,3,2
28872,201600012620,1.0,1,4,1,11.0,0.0,0.0,0.0,1985.0,B02,2.0,7,0,0.0,2.0,1.0,2.0,6,18,245,3,1,1,1,2,0,7,2,2
28873,201600012620,1.0,1,4,1,11.0,0.0,0.0,0.0,1959.0,A01,2.0,7,0,4.0,2.0,1.0,23.0,6,18,245,3,1,1,1,2,0,7,2,2
28874,201600012621,1.0,1,4,1,13.0,0.0,0.0,0.0,1960.0,A01,2.0,15,0,16.0,0.0,7.0,1.0,7,12,845,1,1,1,8,7,1,15,3,3
28875,201600012622,1.0,1,4,1,11.0,0.0,0.0,0.0,1992.0,A01,2.0,10,0,3.0,6.0,3.0,1.0,7,20,500,2,1,1,1,1,0,7,2,2
28876,201600012622,1.0,1,4,2,11.0,0.0,0.0,0.0,1967.0,B02,2.0,7,0,3.0,0.0,3.0,1.0,7,20,500,2,1,1,1,1,0,10,2,2
28877,201600012623,1.0,1,3,2,11.0,0.0,0.0,0.0,1973.0,A01,1.0,7,0,0.0,2.0,1.0,2.0,8,21,1045,1,1,1,1,2,1,7,2,2
28878,201600012623,2.0,2,4,1,11.0,0.0,0.0,0.0,1973.0,A01,1.0,7,0,0.0,2.0,1.0,2.0,8,21,1045,1,1,1,1,2,1,7,2,2
28879,201600012623,4.0,2,4,1,11.0,0.0,0.0,0.0,2008.0,A01,1.0,7,0,0.0,2.0,1.0,2.0,8,21,1045,1,1,1,1,2,1,7,2,2
28880,201600012623,3.0,2,4,2,13.0,0.0,0.0,0.0,2016.0,B02,1.0,7,0,0.0,0.0,4.0,2.0,8,21,1045,1,1,1,1,2,1,7,2,2
28881,201600012623,4.0,2,4,2,13.0,0.0,0.0,0.0,1999.0,B02,1.0,7,0,0.0,0.0,4.0,2.0,8,21,1045,1,1,1,1,2,1,7,2,2
28882,201600012624,1.0,1,4,1,11.0,0.0,0.0,0.0,1982.0,A01,2.0,7,0,0.0,0.0,8.0,0.0,10,5,123,3,1,1,5,2,0,15,2,3
28883,201600012624,1.0,1,1,2,11.0,0.0,0.0,0.0,1991.0,B02,2.0,15,0,0.0,0.0,4.0,24.0,10,5,123,3,1,1,5,2,0,7,3,2
28884,201600012625,1.0,1,2,1,12.0,0.0,0.0,0.0,1965.0,A01,1.0,7,0,0.0,2.0,3.0,11.0,11,4,1830,3,1,1,1,1,4,7,2,2
28885,201600012625,1.0,1,1,2,11.0,0.0,0.0,0.0,1952.0,B02,2.0,7,0,0.0,2.0,3.0,1.0,11,4,1830,3,1,1,1,1,4,7,2,2
28886,201600012625,2.0,2,1,2,11.0,0.0,0.0,0.0,1950.0,B02,2.0,7,0,0.0,2.0,3.0,1.0,11,4,1830,3,1,1,1,1,4,7,2,2
28887,201600012626,1.0,1,3,1,22.0,0.0,0.0,0.0,1982.0,B02,1.0,1,0,0.0,2.0,8.0,2.0,7,17,645,1,1,1,1,3,1,17,1,3
28888,201600012626,1.0,1,3,1,12.0,0.0,0.0,0.0,1957.0,A01,1.0,17,0,0.0,2.0,7.0,2.0,7,17,645,1,1,1,1,3,1,1,3,1
28889,201600012627,1.0,1,3,1,11.0,0.0,0.0,0.0,1943.0,B02,2.0,7,0,0.0,2.0,4.0,2.0,9,14,1315,1,1,1,8,2,2,15,2,3
28890,201600012627,1.0,1,1,1,11.0,0.0,0.0,0.0,1972.0,A01,2.0,15,0,0.0,2.0,1.0,2.0,9,14,1315,1,1,1,8,2,2,7,3,2
28891,201600012628,1.0,1,1,1,11.0,0.0,0.0,0.0,1943.0,A01,1.0,10,0,0.0,1.0,1.0,1.0,2,16,1545,1,2,1,1,6,3,10,2,2
28892,201600012628,0.0,3,3,2,0.0,3.0,3.0,2.0,1937.0,A01,1.0,10,0,0.0,1.0,1.0,1.0,2,16,1545,1,2,1,1,6,3,10,2,2
28893,201600012628,0.0,3,3,2,0.0,3.0,3.0,2.0,1948.0,A01,1.0,10,0,0.0,1.0,1.0,1.0,2,16,1545,1,2,1,1,6,3,10,2,2
28894,201600012629,1.0,1,4,1,11.0,0.0,0.0,0.0,1997.0,A01,2.0,7,0,0.0,6.0,4.0,21.0,3,11,2230,3,1,1,1,6,5,7,2,2
28895,201600012629,2.0,2,4,1,11.0,0.0,0.0,0.0,1995.0,A01,2.0,7,0,0.0,6.0,4.0,21.0,3,11,2230,3,1,1,1,6,5,7,2,2
28896,201600012630,1.0,1,4,2,11.0,0.0,0.0,0.0,1989.0,A01,2.0,7,0,0.0,0.0,9.0,17.0,3,15,2200,3,1,1,2,7,5,7,2,2
28897,201600012631,1.0,1,1,1,11.0,0.0,0.0,0.0,1962.0,A01,1.0,7,0,0.0,1.0,3.0,1.0,3,16,1500,1,2,1,4,6,3,7,2,2
28898,201600012631,0.0,3,3,2,0.0,2.0,9.0,2.0,1984.0,A01,1.0,7,0,0.0,1.0,3.0,1.0,3,16,1500,1,2,1,4,6,3,7,2,2
28899,201600012631,0.0,3,4,1,0.0,2.0,9.0,2.0,2010.0,A01,1.0,7,0,0.0,1.0,3.0,1.0,3,16,1500,1,2,1,4,6,3,7,2,2
28900,201600012632,1.0,1,3,1,21.0,0.0,0.0,0.0,1992.0,A01,2.0,33,0,0.0,0.0,0.0,1.0,3,18,1730,1,1,1,1,7,3,33,1,1
28901,201600012633,2.0,2,1,2,11.0,0.0,0.0,0.0,1995.0,A01,1.0,7,0,0.0,2.0,1.0,15.0,3,19,1915,2,1,1,1,1,4,2,2,1
28902,201600012633,1.0,1,1,2,11.0,0.0,0.0,0.0,1969.0,A01,1.0,7,0,0.0,2.0,1.0,15.0,3,19,1915,2,1,1,1,1,4,2,2,1
28903,201600012633,1.0,1,3,1,21.0,0.0,0.0,0.0,1999.0,B02,2.0,2,0,0.0,2.0,1.0,21.0,3,19,1915,2,1,1,1,1,4,7,1,2
28904,201600012634,1.0,1,4,1,11.0,0.0,0.0,0.0,1988.0,A01,2.0,7,0,0.0,2.0,2.0,13.0,4,19,1715,1,1,1,1,3,3,33,2,1
28905,201600012634,2.0,2,1,1,11.0,0.0,0.0,0.0,1988.0,A01,2.0,7,0,0.0,2.0,2.0,13.0,4,19,1715,1,1,1,1,3,3,33,2,1
28906,201600012634,1.0,1,2,1,21.0,0.0,0.0,0.0,1986.0,B02,2.0,33,0,0.0,2.0,7.0,1.0,4,19,1715,1,1,1,1,3,3,7,1,2
28907,201600012635,1.0,1,1,1,11.0,0.0,0.0,0.0,1968.0,B02,2.0,7,0,0.0,0.0,0.0,23.0,5,7,1130,1,2,1,7,1,1,33,2,1
28908,201600012635,1.0,1,4,1,21.0,0.0,0.0,0.0,1994.0,A01,2.0,33,0,0.0,0.0,0.0,1.0,5,7,1130,1,2,1,7,1,1,7,1,2
28909,201600012636,1.0,1,4,2,11.0,0.0,0.0,0.0,1955.0,A01,2.0,10,0,16.0,0.0,9.0,1.0,5,12,1115,1,1,1,8,7,1,10,2,2
28910,201600012637,1.0,1,4,1,21.0,0.0,0.0,0.0,1978.0,B02,1.0,1,0,0.0,2.0,1.0,21.0,5,23,1400,1,2,1,8,3,3,7,1,2
28911,201600012637,1.0,1,1,1,11.0,0.0,0.0,0.0,1932.0,A01,2.0,7,0,0.0,2.0,7.0,15.0,5,23,1400,1,2,1,8,3,3,1,2,1
28912,201600012638,1.0,1,1,2,11.0,0.0,0.0,0.0,1969.0,A01,0.0,7,0,0.0,1.0,4.0,4.0,6,24,1615,1,2,1,1,6,3,7,2,2
28913,201600012638,0.0,3,3,2,0.0,4.0,3.0,1.0,1940.0,A01,0.0,7,0,0.0,1.0,4.0,4.0,6,24,1615,1,2,1,1,6,3,7,2,2
28914,201600012639,1.0,1,3,1,11.0,0.0,0.0,0.0,1996.0,A01,1.0,7,0,0.0,0.0,8.0,1.0,7,26,515,5,2,1,1,6,0,7,2,2
28915,201600012640,1.0,1,4,1,11.0,0.0,0.0,0.0,1998.0,A01,2.0,7,0,8.0,0.0,1.0,1.0,7,30,2015,1,1,1,2,6,4,7,2,2
28916,201600012641,1.0,1,4,1,11.0,0.0,0.0,0.0,1989.0,A01,2.0,7,0,16.0,0.0,0.0,1.0,8,2,1800,1,1,1,1,7,4,7,2,2
28917,201600012642,1.0,1,3,1,21.0,0.0,0.0,0.0,1975.0,B02,2.0,33,0,0.0,2.0,1.0,1.0,8,7,2000,2,1,1,1,3,4,7,1,2
28918,201600012642,1.0,1,1,2,11.0,0.0,0.0,0.0,1964.0,A01,1.0,7,0,0.0,0.0,7.0,15.0,8,7,2000,2,1,1,1,3,4,33,2,1
28919,201600012643,1.0,1,1,1,11.0,0.0,0.0,0.0,1975.0,A01,1.0,7,0,0.0,9.0,7.0,19.0,8,30,1615,1,2,1,1,1,3,1,2,1
28920,201600012643,1.0,1,4,1,21.0,0.0,0.0,0.0,1947.0,B02,1.0,1,0,0.0,2.0,1.0,0.0,8,30,1615,1,2,1,1,1,3,7,1,2
28921,201600012644,1.0,1,3,1,21.0,0.0,0.0,0.0,1961.0,B02,1.0,2,0,0.0,2.0,3.0,1.0,9,24,1230,1,2,1,7,3,2,7,1,2
28922,201600012644,1.0,1,1,1,11.0,0.0,0.0,0.0,1973.0,A01,2.0,7,0,0.0,2.0,3.0,15.0,9,24,1230,1,2,1,7,3,2,2,2,1
28923,201600012645,1.0,1,3,1,21.0,0.0,0.0,0.0,1992.0,A01,2.0,30,0,0.0,0.0,0.0,16.0,9,25,315,5,2,1,1,7,0,30,1,1
28924,201600012646,1.0,1,4,1,11.0,0.0,0.0,0.0,1982.0,B02,2.0,7,0,0.0,2.0,3.0,1.0,10,10,1545,1,1,1,1,3,3,7,2,2
28925,201600012646,1.0,1,1,1,11.0,0.0,0.0,0.0,1991.0,A01,1.0,7,0,0.0,2.0,3.0,13.0,10,10,1545,1,1,1,1,3,3,7,2,2
28926,201600012647,1.0,1,3,2,21.0,0.0,0.0,0.0,2001.0,A01,1.0,30,0,0.0,2.0,1.0,2.0,11,30,1945,5,2,1,1,2,4,7,1,2
28927,201600012647,1.0,1,1,1,11.0,0.0,0.0,0.0,1993.0,B02,1.0,7,0,0.0,2.0,4.0,2.0,11,30,1945,5,2,1,1,2,4,30,2,1