,Num_Acc,place,catu,grav,sexe,secu,locp,actp,etatp,an_nais,num_veh,senc,catv,occutc,obs,obsm,choc,manv,mois,jour,hrmn,lum,agg,int,atm,col,mom,catvopp,catv_gen,catvopp_gen
28928,201600012648,1.0,1,3,1,11.0,0.0,0.0,0.0,1993.0,A01,0.0,7,0,8.0,0.0,1.0,1.0,1,17,515,3,1,1,9,6,0,7,2,2
28929,201600012648,2.0,2,4,1,11.0,0.0,0.0,0.0,1994.0,A01,0.0,7,0,8.0,0.0,1.0,1.0,1,17,515,3,1,1,9,6,0,7,2,2
28930,201600012649,1.0,1,2,1,11.0,0.0,0.0,0.0,1984.0,A01,1.0,7,0,11.0,0.0,1.0,1.0,9,18,530,3,1,6,5,7,0,7,2,2
28931,201600012650,1.0,1,4,1,11.0,0.0,0.0,0.0,1979.0,A01,1.0,7,0,2.0,0.0,1.0,1.0,12,11,1815,3,1,6,5,6,4,7,2,2
28932,201600012651,1.0,1,4,2,11.0,0.0,0.0,0.0,1966.0,A01,2.0,7,0,0.0,2.0,1.0,5.0,12,12,1000,1,1,6,8,1,1,7,2,2
28933,201600012651,1.0,1,4,2,11.0,0.0,0.0,0.0,1980.0,B02,1.0,7,0,0.0,2.0,1.0,1.0,12,12,1000,1,1,6,8,1,1,7,2,2
28934,201600012651,2.0,2,4,2,11.0,0.0,0.0,0.0,1980.0,B02,1.0,7,0,0.0,2.0,1.0,1.0,12,12,1000,1,1,6,8,1,1,7,2,2
28935,201600012652,1.0,1,1,1,11.0,0.0,0.0,0.0,1987.0,B02,1.0,7,0,0.0,2.0,4.0,1.0,3,22,830,1,1,1,1,2,1,33,2,1
28936,201600012652,1.0,1,3,1,21.0,0.0,0.0,0.0,1974.0,A01,1.0,33,0,0.0,2.0,1.0,2.0,3,22,830,1,1,1,1,2,1,7,1,2
28937,201600012653,1.0,1,4,1,11.0,0.0,0.0,0.0,1971.0,B02,1.0,7,0,0.0,2.0,5.0,1.0,5,28,2000,1,1,1,1,2,4,7,2,2
28938,201600012653,2.0,2,3,2,11.0,0.0,0.0,0.0,1968.0,B02,1.0,7,0,0.0,2.0,5.0,1.0,5,28,2000,1,1,1,1,2,4,7,2,2
28939,201600012653,1.0,1,1,1,11.0,0.0,0.0,0.0,1942.0,A01,1.0,7,0,0.0,2.0,3.0,1.0,5,28,2000,1,1,1,1,2,4,7,2,2
28940,201600012653,2.0,2,4,1,11.0,0.0,0.0,0.0,1958.0,A01,1.0,7,0,0.0,2.0,3.0,1.0,5,28,2000,1,1,1,1,2,4,7,2,2
28941,201600012653,3.0,2,4,1,11.0,0.0,0.0,0.0,2005.0,A01,1.0,7,0,0.0,2.0,3.0,1.0,5,28,2000,1,1,1,1,2,4,7,2,2
28942,201600012654,1.0,1,2,1,11.0,0.0,0.0,0.0,1956.0,A01,2.0,7,0,0.0,2.0,3.0,13.0,6,1,1315,1,1,1,1,1,2,7,2,2
28943,201600012654,1.0,1,4,2,11.0,0.0,0.0,0.0,1992.0,B02,1.0,7,0,0.0,2.0,3.0,1.0,6,1,1315,1,1,1,1,1,2,7,2,2
28944,201600012655,1.0,1,2,1,13.0,0.0,0.0,0.0,1997.0,A01,1.0,7,0,0.0,4.0,1.0,0.0,6,6,2015,1,1,8,1,3,4,39,2,3
28945,201600012655,2.0,2,3,1,13.0,0.0,0.0,0.0,1996.0,A01,1.0,7,0,0.0,4.0,1.0,0.0,6,6,2015,1,1,8,1,3,4,39,2,3
28946,201600012655,1.0,1,1,1,3.0,0.0,0.0,0.0,1992.0,B02,0.0,39,0,0.0,2.0,1.0,1.0,6,6,2015,1,1,8,1,3,4,7,3,2
28947,201600012656,4.0,2,3,2,11.0,0.0,0.0,0.0,1941.0,A01,2.0,7,0,0.0,2.0,7.0,1.0,7,8,1545,1,1,2,1,1,3,10,2,2
28948,201600012656,1.0,1,4,1,11.0,0.0,0.0,0.0,1934.0,A01,2.0,7,0,0.0,2.0,7.0,1.0,7,8,1545,1,1,2,1,1,3,10,2,2
28949,201600012656,2.0,2,2,2,11.0,0.0,0.0,0.0,1936.0,A01,2.0,7,0,0.0,2.0,7.0,1.0,7,8,1545,1,1,2,1,1,3,10,2,2
28950,201600012656,3.0,2,2,1,11.0,0.0,0.0,0.0,1940.0,A01,2.0,7,0,0.0,2.0,7.0,1.0,7,8,1545,1,1,2,1,1,3,10,2,2
28951,201600012656,1.0,1,4,1,11.0,0.0,0.0,0.0,1959.0,B02,2.0,10,0,0.0,2.0,1.0,1.0,7,8,1545,1,1,2,1,1,3,7,2,2
28952,201600012657,1.0,1,3,1,21.0,0.0,0.0,0.0,1968.0,A01,1.0,33,0,0.0,2.0,1.0,19.0,7,19,1845,1,1,1,1,1,4,7,1,2
28953,201600012657,1.0,1,3,1,11.0,0.0,0.0,0.0,1984.0,B02,2.0,7,0,0.0,2.0,3.0,1.0,7,19,1845,1,1,1,1,1,4,33,2,1
28954,201600012658,1.0,1,1,1,11.0,0.0,0.0,0.0,1976.0,A01,1.0,7,0,7.0,0.0,2.0,1.0,8,20,2230,3,1,6,1,6,5,7,2,2
28955,201600012658,2.0,2,3,1,11.0,0.0,0.0,0.0,1976.0,A01,1.0,7,0,7.0,0.0,2.0,1.0,8,20,2230,3,1,6,1,6,5,7,2,2
28956,201600012658,4.0,2,3,1,11.0,0.0,0.0,0.0,1971.0,A01,1.0,7,0,7.0,0.0,2.0,1.0,8,20,2230,3,1,6,1,6,5,7,2,2
28957,201600012659,1.0,1,3,1,21.0,0.0,0.0,0.0,1955.0,A01,0.0,2,0,0.0,2.0,1.0,1.0,9,22,930,1,1,3,1,3,1,10,1,2
28958,201600012659,1.0,1,1,1,11.0,0.0,0.0,0.0,1984.0,B02,0.0,10,0,0.0,2.0,2.0,1.0,9,22,930,1,1,3,1,3,1,2,2,1
28959,201600012660,1.0,1,3,2,11.0,0.0,0.0,0.0,1997.0,A01,2.0,7,0,0.0,2.0,1.0,13.0,11,13,1200,1,1,1,8,1,2,7,2,2
28960,201600012660,1.0,1,4,1,11.0,0.0,0.0,0.0,1975.0,B02,1.0,7,0,0.0,2.0,1.0,1.0,11,13,1200,1,1,1,8,1,2,7,2,2
28961,201600012660,2.0,2,3,2,11.0,0.0,0.0,0.0,1983.0,B02,1.0,7,0,0.0,2.0,1.0,1.0,11,13,1200,1,1,1,8,1,2,7,2,2
28962,201600012660,3.0,2,4,1,11.0,0.0,0.0,0.0,2006.0,B02,1.0,7,0,0.0,2.0,1.0,1.0,11,13,1200,1,1,1,8,1,2,7,2,2
28963,201600012660,4.0,2,4,2,11.0,0.0,0.0,0.0,2004.0,B02,1.0,7,0,0.0,2.0,1.0,1.0,11,13,1200,1,1,1,8,1,2,7,2,2
28964,201600012661,1.0,1,1,1,11.0,0.0,0.0,0.0,1987.0,B02,2.0,17,0,0.0,2.0,1.0,1.0,12,14,400,3,1,1,1,1,0,7,3,2
28965,201600012661,1.0,1,3,1,11.0,0.0,0.0,0.0,1995.0,A01,1.0,7,0,0.0,2.0,1.0,21.0,12,14,400,3,1,1,1,1,0,17,2,3
28966,201600012662,1.0,1,4,1,11.0,0.0,0.0,0.0,1941.0,B01,0.0,7,0,0.0,1.0,1.0,1.0,12,16,845,1,2,2,1,6,1,7,2,2
28967,201600012662,0.0,4,3,1,0.0,1.0,1.0,1.0,2006.0,B01,0.0,7,0,0.0,1.0,1.0,1.0,12,16,845,1,2,2,1,6,1,7,2,2
28968,201600012663,1.0,1,3,1,21.0,0.0,0.0,0.0,1980.0,B02,1.0,30,0,0.0,2.0,1.0,1.0,12,21,1730,3,1,2,1,3,3,7,1,2
28969,201600012663,1.0,1,1,1,11.0,0.0,0.0,0.0,1949.0,A01,2.0,7,0,0.0,2.0,2.0,19.0,12,21,1730,3,1,2,1,3,3,30,2,1
28970,201600012664,1.0,1,3,1,21.0,0.0,0.0,0.0,1938.0,A01,2.0,31,0,12.0,0.0,8.0,1.0,8,30,1430,1,2,1,1,7,3,31,1,1
28971,201600012665,1.0,1,1,2,13.0,0.0,0.0,0.0,1973.0,A01,0.0,7,0,0.0,1.0,2.0,1.0,1,4,1045,1,2,1,1,6,1,7,2,2
28972,201600012665,0.0,3,3,2,0.0,6.0,2.0,1.0,1941.0,A01,0.0,7,0,0.0,1.0,2.0,1.0,1,4,1045,1,2,1,1,6,1,7,2,2
28973,201600012666,1.0,1,4,2,21.0,0.0,0.0,0.0,1999.0,A01,1.0,30,0,0.0,2.0,8.0,1.0,1,11,745,2,2,6,1,6,1,30,1,1
28974,201600012667,1.0,1,3,2,21.0,0.0,0.0,0.0,1986.0,B02,1.0,1,0,0.0,2.0,5.0,21.0,1,24,1215,1,1,6,1,3,2,7,1,2
28975,201600012667,1.0,1,1,2,11.0,0.0,0.0,0.0,1991.0,A01,0.0,7,0,0.0,9.0,1.0,9.0,1,24,1215,1,1,6,1,3,2,1,2,1
28976,201600012668,1.0,1,1,1,11.0,0.0,0.0,0.0,1996.0,A01,0.0,7,0,0.0,2.0,7.0,12.0,1,13,1700,1,1,1,1,3,3,33,2,1
28977,201600012668,1.0,1,3,1,21.0,0.0,0.0,0.0,1962.0,B02,0.0,33,0,0.0,2.0,8.0,1.0,1,13,1700,1,1,1,1,3,3,7,1,2
28978,201600012669,1.0,1,1,1,11.0,0.0,0.0,0.0,1958.0,A01,2.0,7,0,0.0,9.0,2.0,15.0,3,6,1030,1,2,1,1,1,1,1,2,1
28979,201600012669,1.0,1,3,1,21.0,0.0,0.0,0.0,1962.0,B02,1.0,1,0,0.0,2.0,1.0,1.0,3,6,1030,1,2,1,1,1,1,7,1,2
28980,201600012670,3.0,2,4,1,11.0,0.0,0.0,0.0,2010.0,A01,2.0,7,0,0.0,2.0,3.0,13.0,4,14,900,1,2,1,1,1,1,7,2,2
28981,201600012670,1.0,1,4,2,11.0,0.0,0.0,0.0,1978.0,A01,2.0,7,0,0.0,2.0,3.0,13.0,4,14,900,1,2,1,1,1,1,7,2,2
28982,201600012670,2.0,2,4,2,11.0,0.0,0.0,0.0,2005.0,A01,2.0,7,0,0.0,2.0,3.0,13.0,4,14,900,1,2,1,1,1,1,7,2,2
28983,201600012670,1.0,1,4,2,11.0,0.0,0.0,0.0,1979.0,B02,1.0,7,0,0.0,2.0,3.0,1.0,4,14,900,1,2,1,1,1,1,7,2,2
28984,201600012671,1.0,1,1,1,11.0,0.0,0.0,0.0,1969.0,B02,2.0,7,0,0.0,2.0,1.0,1.0,4,21,1800,1,2,1,1,5,4,33,2,1
28985,201600012671,1.0,1,1,1,11.0,0.0,0.0,0.0,1981.0,C03,1.0,15,0,0.0,9.0,6.0,1.0,4,21,1800,1,2,1,1,5,4,33,3,1
28986,201600012671,1.0,1,2,1,21.0,0.0,0.0,0.0,1990.0,A01,1.0,33,0,0.0,2.0,1.0,17.0,4,21,1800,1,2,1,1,5,4,15,1,3
28987,201600012672,1.0,1,1,1,11.0,0.0,0.0,0.0,1973.0,A01,2.0,7,0,0.0,2.0,2.0,15.0,4,27,1900,1,2,1,1,3,4,33,2,1
28988,201600012672,1.0,1,3,1,21.0,0.0,0.0,0.0,1957.0,B02,1.0,33,0,0.0,2.0,5.0,1.0,4,27,1900,1,2,1,1,3,4,7,1,2
28989,201600012673,1.0,1,4,1,11.0,0.0,0.0,0.0,1978.0,A01,1.0,7,0,0.0,2.0,3.0,13.0,5,14,230,3,1,1,1,3,0,7,2,2
28990,201600012673,1.0,1,4,1,11.0,0.0,0.0,0.0,1968.0,B02,2.0,7,0,0.0,2.0,3.0,1.0,5,14,230,3,1,1,1,3,0,7,2,2
28991,201600012674,1.0,1,3,1,21.0,0.0,0.0,0.0,1927.0,A01,0.0,1,0,0.0,0.0,8.0,23.0,5,7,1100,1,2,1,1,6,1,1,1,1
28992,201600012675,1.0,1,3,1,21.0,0.0,0.0,0.0,1986.0,A01,1.0,34,0,0.0,2.0,1.0,3.0,5,26,900,1,1,1,1,2,1,7,1,2
28993,201600012675,1.0,1,1,1,11.0,0.0,0.0,0.0,1977.0,B02,1.0,7,0,0.0,2.0,5.0,12.0,5,26,900,1,1,1,1,2,1,34,2,1
28994,201600012676,1.0,1,1,1,11.0,0.0,0.0,0.0,1956.0,A01,1.0,7,0,0.0,2.0,7.0,1.0,6,12,1330,1,2,1,1,3,2,2,2,1
28995,201600012676,1.0,1,3,1,21.0,0.0,0.0,0.0,2001.0,B02,1.0,2,0,0.0,2.0,8.0,9.0,6,12,1330,1,2,1,1,3,2,7,1,2
28996,201600012676,2.0,2,3,1,21.0,0.0,0.0,0.0,2000.0,B02,1.0,2,0,0.0,2.0,8.0,9.0,6,12,1330,1,2,1,1,3,2,7,1,2
28997,201600012677,1.0,1,1,2,11.0,0.0,0.0,0.0,1976.0,A01,0.0,7,0,0.0,1.0,3.0,1.0,6,23,1800,1,2,1,1,6,4,7,2,2
28998,201600012677,0.0,3,3,2,0.0,1.0,3.0,1.0,2009.0,A01,0.0,7,0,0.0,1.0,3.0,1.0,6,23,1800,1,2,1,1,6,4,7,2,2
28999,201600012678,1.0,1,3,2,11.0,0.0,0.0,0.0,1932.0,A01,2.0,7,0,2.0,0.0,1.0,1.0,6,26,1545,1,1,6,1,6,3,7,2,2
29000,201600012679,1.0,1,3,1,11.0,0.0,0.0,0.0,1995.0,A01,0.0,7,0,0.0,2.0,1.0,13.0,7,13,1115,1,2,1,1,1,1,37,2,3
29001,201600012679,1.0,1,1,2,11.0,0.0,0.0,0.0,1960.0,B02,0.0,37,1,0.0,2.0,1.0,1.0,7,13,1115,1,2,1,1,1,1,7,3,2
29002,201600012680,1.0,1,3,1,21.0,0.0,0.0,0.0,1966.0,A01,2.0,34,0,12.0,0.0,2.0,0.0,7,16,1900,1,1,1,1,7,4,34,1,1
29003,201600012681,1.0,1,3,1,21.0,0.0,0.0,0.0,1993.0,A01,0.0,2,0,0.0,2.0,2.0,17.0,8,4,1745,1,2,1,1,2,3,7,1,2
29004,201600012681,1.0,1,1,1,11.0,0.0,0.0,0.0,1974.0,B02,0.0,7,0,0.0,0.0,6.0,20.0,8,4,1745,1,2,1,1,2,3,2,2,1
29005,201600012682,1.0,1,4,2,11.0,0.0,0.0,0.0,1953.0,A01,1.0,7,0,0.0,9.0,9.0,1.0,8,5,1500,1,1,1,6,6,3,7,2,2
29006,201600012682,2.0,2,4,1,11.0,0.0,0.0,0.0,1952.0,A01,1.0,7,0,0.0,9.0,9.0,1.0,8,5,1500,1,1,1,6,6,3,7,2,2
29007,201600012683,1.0,1,1,1,11.0,0.0,0.0,0.0,1979.0,A01,2.0,7,0,0.0,2.0,2.0,10.0,6,2,1830,1,1,9,1,3,4,33,2,1
29008,201600012683,1.0,1,3,1,21.0,0.0,0.0,0.0,1982.0,B02,1.0,33,0,0.0,2.0,1.0,1.0,6,2,1830,1,1,9,1,3,4,7,1,2
29009,201600012684,1.0,1,3,2,21.0,0.0,0.0,0.0,1997.0,A01,2.0,2,0,0.0,2.0,1.0,13.0,9,5,2245,3,1,1,1,1,5,7,1,2
29010,201600012684,1.0,1,1,2,11.0,0.0,0.0,0.0,1980.0,B02,1.0,7,0,0.0,2.0,3.0,1.0,9,5,2245,3,1,1,1,1,5,2,2,1
29011,201600012685,1.0,1,1,2,11.0,0.0,0.0,0.0,1993.0,C03,1.0,7,0,0.0,2.0,8.0,1.0,10,10,1455,1,1,1,1,5,3,33,2,1
29012,201600012685,1.0,1,4,1,21.0,0.0,0.0,0.0,1959.0,B02,1.0,33,0,0.0,2.0,7.0,14.0,10,10,1455,1,1,1,1,5,3,7,1,2
29013,201600012686,1.0,1,1,2,11.0,0.0,0.0,0.0,1988.0,B02,2.0,7,0,0.0,0.0,6.0,1.0,10,19,747,1,1,1,1,2,1,2,2,1
29014,201600012686,1.0,1,4,2,21.0,0.0,0.0,0.0,1998.0,A01,2.0,2,0,0.0,2.0,1.0,1.0,10,19,747,1,1,1,1,2,1,7,1,2
29015,201600012687,1.0,1,3,1,21.0,0.0,0.0,0.0,1961.0,B02,1.0,1,0,0.0,2.0,4.0,1.0,10,28,1140,1,1,1,1,6,1,10,1,2
29016,201600012687,1.0,1,1,1,11.0,0.0,0.0,0.0,1991.0,A01,1.0,10,0,0.0,9.0,7.0,17.0,10,28,1140,1,1,1,1,6,1,1,2,1
29017,201600012688,1.0,1,3,1,21.0,0.0,0.0,0.0,1999.0,B01,1.0,30,0,0.0,2.0,1.0,17.0,10,30,910,1,2,1,1,3,1,7,1,2
29018,201600012688,1.0,1,1,1,11.0,0.0,0.0,0.0,1983.0,A01,1.0,7,0,0.0,2.0,8.0,15.0,10,30,910,1,2,1,1,3,1,30,2,1
29019,201600012689,1.0,1,3,1,21.0,0.0,0.0,0.0,1972.0,A01,1.0,32,0,0.0,0.0,8.0,1.0,11,9,1040,1,2,1,2,7,1,32,1,1
29020,201600012690,1.0,1,3,2,13.0,0.0,0.0,0.0,1992.0,A01,0.0,7,0,0.0,2.0,8.0,1.0,11,23,820,1,1,1,2,5,1,10,2,2
29021,201600012690,1.0,1,1,1,11.0,0.0,0.0,0.0,1973.0,B01,0.0,10,0,0.0,2.0,8.0,1.0,11,23,820,1,1,1,2,5,1,7,2,2
29022,201600012690,1.0,1,4,2,11.0,0.0,0.0,0.0,1956.0,C01,0.0,7,0,0.0,2.0,1.0,1.0,11,23,820,1,1,1,2,5,1,10,2,2
29023,201600012691,1.0,1,1,2,11.0,0.0,0.0,0.0,1978.0,D04,1.0,7,0,0.0,2.0,1.0,1.0,11,25,1850,5,1,1,1,5,4,7,2,2
29024,201600012691,1.0,1,1,1,11.0,0.0,0.0,0.0,1993.0,A01,2.0,7,0,0.0,2.0,1.0,11.0,11,25,1850,5,1,1,1,5,4,7,2,2
29025,201600012691,1.0,1,4,2,11.0,0.0,0.0,0.0,1956.0,B02,1.0,7,0,0.0,2.0,1.0,1.0,11,25,1850,5,1,1,1,5,4,7,2,2
29026,201600012691,1.0,1,1,2,11.0,0.0,0.0,0.0,1984.0,C03,1.0,7,0,0.0,2.0,1.0,1.0,11,25,1850,5,1,1,1,5,4,7,2,2
29027,201600012692,1.0,1,2,1,21.0,0.0,0.0,0.0,1984.0,A01,1.0,33,0,0.0,2.0,1.0,1.0,11,26,1200,1,1,1,1,1,2,7,1,2
29028,201600012692,1.0,1,1,1,11.0,0.0,0.0,0.0,1974.0,B01,2.0,7,0,0.0,2.0,3.0,1.0,11,26,1200,1,1,1,1,1,2,33,2,1
29029,201600012692,2.0,2,1,2,11.0,0.0,0.0,0.0,1978.0,B01,2.0,7,0,0.0,2.0,3.0,1.0,11,26,1200,1,1,1,1,1,2,33,2,1
29030,201600012693,1.0,1,1,1,11.0,0.0,0.0,0.0,1998.0,A01,2.0,7,0,0.0,1.0,1.0,1.0,11,30,1835,3,2,6,1,6,4,7,2,2
29031,201600012693,0.0,3,3,2,93.0,3.0,3.0,2.0,1997.0,A01,2.0,7,0,0.0,1.0,1.0,1.0,11,30,1835,3,2,6,1,6,4,7,2,2
29032,201600012694,1.0,1,3,1,21.0,0.0,0.0,0.0,1965.0,A01,0.0,32,0,0.0,0.0,7.0,1.0,12,2,750,1,2,1,1,7,1,32,1,1
29033,201600012695,0.0,3,4,1,91.0,3.0,3.0,1.0,1970.0,A01,2.0,2,0,0.0,1.0,1.0,1.0,12,15,1220,1,1,1,1,6,2,2,1,1
29034,201600012695,1.0,1,1,1,21.0,0.0,0.0,0.0,2000.0,A01,2.0,2,0,0.0,1.0,1.0,1.0,12,15,1220,1,1,1,1,6,2,2,1,1
29035,201600012696,1.0,1,2,1,11.0,0.0,0.0,0.0,1941.0,A01,1.0,7,0,10.0,0.0,1.0,1.0,12,30,1500,1,2,1,1,6,3,7,2,2
29036,201600012696,2.0,2,1,2,11.0,0.0,0.0,0.0,1944.0,A01,1.0,7,0,10.0,0.0,1.0,1.0,12,30,1500,1,2,1,1,6,3,7,2,2
29037,201600012697,1.0,1,1,1,11.0,0.0,0.0,0.0,1938.0,B02,1.0,7,0,0.0,2.0,8.0,16.0,3,24,800,1,2,1,1,3,1,34,2,1
29038,201600012697,1.0,1,3,1,21.0,0.0,0.0,0.0,1973.0,A01,1.0,34,0,0.0,2.0,2.0,0.0,3,24,800,1,2,1,1,3,1,7,1,2
29039,201600012698,1.0,1,1,1,11.0,0.0,0.0,0.0,1997.0,A01,0.0,7,0,0.0,2.0,1.0,17.0,7,5,1945,1,2,1,1,1,4,1,2,1
29040,201600012698,1.0,1,3,1,1.0,0.0,0.0,0.0,1962.0,B02,0.0,1,0,0.0,2.0,6.0,15.0,7,5,1945,1,2,1,1,1,4,7,1,2
29041,201600012699,1.0,1,1,2,11.0,0.0,0.0,0.0,1978.0,A01,0.0,7,0,0.0,2.0,5.0,17.0,1,4,1745,5,2,1,2,3,3,31,2,1
29042,201600012699,1.0,1,4,1,21.0,0.0,0.0,0.0,1997.0,B02,0.0,31,0,0.0,2.0,1.0,1.0,1,4,1745,5,2,1,2,3,3,7,1,2
29043,201600012700,1.0,1,1,2,11.0,0.0,0.0,0.0,1971.0,B02,1.0,7,0,0.0,2.0,1.0,0.0,1,12,1715,2,2,1,1,3,3,30,2,1
29044,201600012700,1.0,1,3,1,21.0,0.0,0.0,0.0,1966.0,A01,1.0,30,0,0.0,2.0,1.0,0.0,1,12,1715,2,2,1,1,3,3,7,1,2
29045,201600012701,1.0,1,1,2,11.0,0.0,0.0,0.0,1928.0,A01,0.0,7,0,0.0,1.0,1.0,1.0,4,8,1645,1,2,1,1,6,3,7,2,2
29046,201600012701,0.0,3,3,1,0.0,2.0,5.0,1.0,2005.0,A01,0.0,7,0,0.0,1.0,1.0,1.0,4,8,1645,1,2,1,1,6,3,7,2,2
29047,201600012702,1.0,1,1,2,11.0,0.0,0.0,0.0,1946.0,A01,0.0,7,0,0.0,1.0,3.0,1.0,10,7,1015,1,2,1,1,6,1,7,2,2
29048,201600012702,0.0,3,4,1,93.0,4.0,4.0,1.0,1943.0,A01,0.0,7,0,0.0,1.0,3.0,1.0,10,7,1015,1,2,1,1,6,1,7,2,2
29049,201600012703,1.0,1,1,1,11.0,0.0,0.0,0.0,1987.0,A01,0.0,7,0,0.0,2.0,3.0,9.0,10,19,1850,1,2,1,1,3,4,33,2,1
29050,201600012703,1.0,1,4,1,21.0,0.0,0.0,0.0,1986.0,B02,0.0,33,0,0.0,2.0,1.0,17.0,10,19,1850,1,2,1,1,3,4,7,1,2
29051,201600012704,1.0,1,2,1,21.0,0.0,0.0,0.0,1975.0,B02,0.0,33,0,0.0,2.0,1.0,1.0,11,18,2340,5,2,1,1,1,5,7,1,2
29052,201600012704,1.0,1,1,1,12.0,0.0,0.0,0.0,1988.0,A01,0.0,7,0,0.0,2.0,1.0,5.0,11,18,2340,5,2,1,1,1,5,33,2,1
29053,201600012704,2.0,2,4,1,12.0,0.0,0.0,0.0,1990.0,A01,0.0,7,0,0.0,2.0,1.0,5.0,11,18,2340,5,2,1,1,1,5,33,2,1
29054,201600012705,1.0,1,1,1,11.0,0.0,0.0,0.0,1977.0,A01,2.0,10,0,0.0,2.0,3.0,1.0,12,1,1645,1,2,2,1,3,3,7,2,2
29055,201600012705,1.0,1,4,2,11.0,0.0,0.0,0.0,1948.0,B01,1.0,7,0,0.0,2.0,7.0,19.0,12,1,1645,1,2,2,1,3,3,10,2,2
29056,201600012706,1.0,1,3,1,21.0,0.0,0.0,0.0,1987.0,B01,2.0,33,0,0.0,2.0,1.0,1.0,12,6,1805,5,2,1,5,3,4,7,1,2
29057,201600012706,1.0,1,1,1,11.0,0.0,0.0,0.0,1963.0,A01,2.0,7,0,0.0,2.0,2.0,19.0,12,6,1805,5,2,1,5,3,4,33,2,1
29058,201600012707,1.0,1,1,2,11.0,0.0,0.0,0.0,1940.0,A01,0.0,7,0,0.0,2.0,2.0,15.0,12,8,1945,5,2,1,1,3,4,33,2,1
29059,201600012707,1.0,1,3,1,21.0,0.0,0.0,0.0,1996.0,B01,2.0,33,0,0.0,2.0,1.0,1.0,12,8,1945,5,2,1,1,3,4,7,1,2
29060,201600012708,1.0,1,4,1,21.0,0.0,0.0,0.0,1995.0,A01,0.0,2,0,0.0,2.0,1.0,1.0,12,11,2145,5,2,1,1,3,4,7,1,2
29061,201600012708,1.0,1,1,2,11.0,0.0,0.0,0.0,1994.0,B01,0.0,7,0,0.0,2.0,2.0,15.0,12,11,2145,5,2,1,1,3,4,2,2,1
29062,201600012709,1.0,1,1,1,11.0,0.0,0.0,0.0,1939.0,A01,0.0,7,0,0.0,1.0,1.0,1.0,12,10,1830,5,2,1,1,6,4,7,2,2
29063,201600012709,0.0,3,3,2,0.0,4.0,3.0,1.0,1991.0,A01,0.0,7,0,0.0,1.0,1.0,1.0,12,10,1830,5,2,1,1,6,4,7,2,2
29064,201600012710,1.0,1,4,1,21.0,0.0,0.0,0.0,1983.0,A01,0.0,2,0,0.0,2.0,2.0,18.0,12,14,1230,1,2,1,1,3,2,7,1,2
29065,201600012710,1.0,1,1,1,11.0,0.0,0.0,0.0,1972.0,B02,0.0,7,0,0.0,2.0,2.0,12.0,12,14,1230,1,2,1,1,3,2,2,2,1
29066,201600012711,1.0,1,3,1,11.0,0.0,0.0,0.0,1971.0,C03,1.0,7,0,0.0,2.0,3.0,1.0,1,8,1745,3,1,1,3,5,3,7,2,2
29067,201600012711,1.0,1,1,1,11.0,0.0,0.0,0.0,1952.0,B02,1.0,7,0,0.0,2.0,3.0,1.0,1,8,1745,3,1,1,3,5,3,7,2,2
29068,201600012711,1.0,1,1,1,11.0,0.0,0.0,0.0,1995.0,A01,2.0,7,0,0.0,2.0,3.0,17.0,1,8,1745,3,1,1,3,5,3,7,2,2
29069,201600012712,1.0,1,4,1,11.0,0.0,0.0,0.0,1974.0,B02,2.0,7,0,0.0,2.0,3.0,1.0,7,31,1700,1,1,1,1,1,3,7,2,2
29070,201600012712,1.0,1,3,1,11.0,0.0,0.0,0.0,1996.0,A01,1.0,7,0,0.0,2.0,3.0,13.0,7,31,1700,1,1,1,1,1,3,7,2,2
29071,201600012713,1.0,1,4,1,21.0,0.0,0.0,0.0,1982.0,B02,2.0,33,0,0.0,2.0,1.0,1.0,8,6,1215,1,2,2,1,3,2,10,1,2
29072,201600012713,1.0,1,1,2,11.0,0.0,0.0,0.0,1974.0,A01,1.0,10,0,0.0,2.0,2.0,15.0,8,6,1215,1,2,2,1,3,2,33,2,1
29073,201600012714,1.0,1,2,1,21.0,0.0,0.0,0.0,1944.0,A01,1.0,33,0,8.0,0.0,1.0,1.0,9,2,1830,1,1,1,1,7,4,33,1,1
29074,201600012715,1.0,1,3,1,21.0,0.0,0.0,0.0,1961.0,A01,1.0,33,0,0.0,0.0,1.0,0.0,3,5,1430,1,1,1,2,7,3,33,1,1
29075,201600012716,1.0,1,3,1,21.0,0.0,0.0,0.0,1950.0,B02,2.0,1,0,0.0,2.0,4.0,0.0,3,24,1315,1,1,1,1,2,2,7,1,2
29076,201600012716,1.0,1,1,1,11.0,0.0,0.0,0.0,1995.0,A01,2.0,7,0,0.0,9.0,2.0,17.0,3,24,1315,1,1,1,1,2,2,1,2,1
29077,201600012717,1.0,1,1,1,21.0,0.0,0.0,0.0,1989.0,A01,1.0,33,0,13.0,0.0,0.0,1.0,8,25,130,3,1,1,1,7,0,33,1,1
29078,201600012717,2.0,2,2,2,22.0,0.0,0.0,0.0,1990.0,A01,1.0,33,0,13.0,0.0,0.0,1.0,8,25,130,3,1,1,1,7,0,33,1,1
29079,201600012718,1.0,1,1,1,11.0,0.0,0.0,0.0,1977.0,A01,1.0,17,0,3.0,2.0,2.0,6.0,1,13,1230,1,1,1,1,1,2,7,3,2