,Num_Acc,place,catu,grav,sexe,secu,locp,actp,etatp,an_nais,num_veh,senc,catv,occutc,obs,obsm,choc,manv,mois,jour,hrmn,lum,agg,int,atm,col,mom,catvopp,catv_gen,catvopp_gen
29080,201600012718,2.0,2,1,1,11.0,0.0,0.0,0.0,1971.0,A01,1.0,17,0,3.0,2.0,2.0,6.0,1,13,1230,1,1,1,1,1,2,7,3,2
29081,201600012718,1.0,1,3,1,11.0,0.0,0.0,0.0,1972.0,B02,2.0,7,0,0.0,2.0,3.0,1.0,1,13,1230,1,1,1,1,1,2,17,2,3
29082,201600012719,2.0,2,1,1,11.0,0.0,0.0,0.0,1948.0,C03,1.0,7,0,4.0,0.0,3.0,13.0,3,19,1145,1,1,1,1,5,1,7,2,2
29083,201600012719,3.0,2,4,2,11.0,0.0,0.0,0.0,1954.0,C03,1.0,7,0,4.0,0.0,3.0,13.0,3,19,1145,1,1,1,1,5,1,7,2,2
29084,201600012719,1.0,1,1,1,11.0,0.0,0.0,0.0,1953.0,C03,1.0,7,0,4.0,0.0,3.0,13.0,3,19,1145,1,1,1,1,5,1,7,2,2
29085,201600012719,1.0,1,3,2,11.0,0.0,0.0,0.0,1962.0,B02,1.0,7,0,0.0,2.0,1.0,1.0,3,19,1145,1,1,1,1,5,1,7,2,2
29086,201600012719,2.0,2,3,1,11.0,0.0,0.0,0.0,1944.0,B02,1.0,7,0,0.0,2.0,1.0,1.0,3,19,1145,1,1,1,1,5,1,7,2,2
29087,201600012719,1.0,1,2,1,13.0,0.0,0.0,0.0,1991.0,A01,2.0,7,0,0.0,2.0,1.0,5.0,3,19,1145,1,1,1,1,5,1,7,2,2
29088,201600012720,1.0,1,4,1,11.0,0.0,0.0,0.0,1995.0,A01,2.0,15,0,6.0,0.0,1.0,1.0,4,13,545,3,1,1,3,6,0,15,3,3
29089,201600012721,1.0,1,1,1,11.0,0.0,0.0,0.0,1967.0,A01,1.0,17,0,6.0,0.0,8.0,1.0,4,21,1500,1,1,1,1,6,3,17,3,3
29090,201600012721,2.0,2,4,1,11.0,0.0,0.0,0.0,1970.0,A01,1.0,17,0,6.0,0.0,8.0,1.0,4,21,1500,1,1,1,1,6,3,17,3,3
29091,201600012722,1.0,1,2,1,11.0,0.0,0.0,0.0,1997.0,A01,2.0,7,0,0.0,2.0,1.0,13.0,5,23,845,1,1,1,1,5,1,14,2,3
29092,201600012722,1.0,1,4,1,11.0,0.0,0.0,0.0,1973.0,B02,1.0,14,0,0.0,2.0,3.0,21.0,5,23,845,1,1,1,1,5,1,7,3,2
29093,201600012722,1.0,1,4,2,11.0,0.0,0.0,0.0,1996.0,C03,2.0,7,0,0.0,2.0,8.0,1.0,5,23,845,1,1,1,1,5,1,14,2,3
29094,201600012722,1.0,1,1,1,11.0,0.0,0.0,0.0,1983.0,D04,1.0,14,0,0.0,2.0,1.0,14.0,5,23,845,1,1,1,1,5,1,7,3,2
29095,201600012723,1.0,1,4,2,11.0,0.0,0.0,0.0,1990.0,A01,0.0,10,0,4.0,0.0,9.0,1.0,5,26,730,1,1,1,1,6,1,10,2,2
29096,201600012724,1.0,1,3,1,11.0,0.0,0.0,0.0,1985.0,A01,1.0,10,0,2.0,0.0,3.0,13.0,6,18,500,3,1,1,1,6,0,10,2,2
29097,201600012724,8.0,2,2,2,12.0,0.0,0.0,0.0,1984.0,A01,1.0,10,0,2.0,0.0,3.0,13.0,6,18,500,3,1,1,1,6,0,10,2,2
29098,201600012725,1.0,1,3,1,21.0,0.0,0.0,0.0,1953.0,B01,2.0,33,0,14.0,0.0,1.0,1.0,6,23,1530,1,1,1,1,6,3,17,1,3
29099,201600012725,1.0,1,1,1,11.0,0.0,0.0,0.0,1971.0,A02,2.0,17,0,0.0,0.0,0.0,12.0,6,23,1530,1,1,1,1,6,3,33,3,1
29100,201600012726,2.0,2,1,1,11.0,0.0,0.0,0.0,2000.0,C03,1.0,17,0,0.0,0.0,0.0,0.0,7,31,1930,1,1,1,1,1,4,7,3,2
29101,201600012726,1.0,1,4,1,11.0,0.0,0.0,0.0,1993.0,C03,1.0,17,0,0.0,0.0,0.0,0.0,7,31,1930,1,1,1,1,1,4,7,3,2
29102,201600012726,1.0,1,4,2,11.0,0.0,0.0,0.0,1958.0,A01,1.0,7,0,0.0,0.0,4.0,1.0,7,31,1930,1,1,1,1,1,4,17,2,3
29103,201600012727,1.0,1,3,1,11.0,0.0,0.0,0.0,1976.0,A01,1.0,15,0,3.0,0.0,3.0,1.0,8,11,700,1,1,1,1,7,1,15,3,3
29104,201600012728,1.0,1,3,2,11.0,0.0,0.0,0.0,1963.0,A01,2.0,7,0,2.0,0.0,1.0,0.0,8,11,945,1,1,1,1,7,1,7,2,2
29105,201600012728,2.0,2,4,2,11.0,0.0,0.0,0.0,2002.0,A01,2.0,7,0,2.0,0.0,1.0,0.0,8,11,945,1,1,1,1,7,1,7,2,2
29106,201600012728,3.0,2,4,1,11.0,0.0,0.0,0.0,2005.0,A01,2.0,7,0,2.0,0.0,1.0,0.0,8,11,945,1,1,1,1,7,1,7,2,2
29107,201600012729,1.0,1,4,1,11.0,0.0,0.0,0.0,1969.0,A01,2.0,7,0,4.0,0.0,1.0,0.0,8,22,1445,1,1,1,1,6,3,7,2,2
29108,201600012730,1.0,1,2,1,12.0,0.0,0.0,0.0,1993.0,A01,2.0,7,0,6.0,0.0,1.0,1.0,9,28,2000,2,1,1,1,6,4,7,2,2
29109,201600012731,2.0,2,3,2,11.0,0.0,0.0,0.0,1958.0,A01,1.0,7,0,0.0,6.0,1.0,1.0,11,1,2045,3,1,1,1,6,4,7,2,2
29110,201600012731,1.0,1,1,1,11.0,0.0,0.0,0.0,1958.0,A01,1.0,7,0,0.0,6.0,1.0,1.0,11,1,2045,3,1,1,1,6,4,7,2,2
29111,201600012732,1.0,1,1,2,11.0,0.0,0.0,0.0,1975.0,B02,2.0,37,2,0.0,2.0,3.0,1.0,10,7,850,1,1,1,1,3,1,7,3,2
29112,201600012732,2.0,2,1,2,11.0,0.0,0.0,0.0,1946.0,B02,2.0,37,2,0.0,2.0,3.0,1.0,10,7,850,1,1,1,1,3,1,7,3,2
29113,201600012732,1.0,1,3,2,11.0,0.0,0.0,0.0,1985.0,A01,1.0,7,0,0.0,2.0,3.0,21.0,10,7,850,1,1,1,1,3,1,37,2,3
29114,201600012733,1.0,1,2,1,11.0,0.0,0.0,0.0,1983.0,A01,2.0,7,0,0.0,2.0,3.0,0.0,10,12,1215,1,1,2,1,3,2,17,2,3
29115,201600012733,1.0,1,1,1,12.0,0.0,0.0,0.0,1967.0,B02,2.0,17,0,0.0,2.0,1.0,1.0,10,12,1215,1,1,2,1,3,2,7,3,2
29116,201600012734,1.0,1,1,1,11.0,0.0,0.0,0.0,1959.0,A01,0.0,38,8,0.0,1.0,2.0,7.0,11,22,1600,1,2,9,1,6,3,38,3,3
29117,201600012734,0.0,3,3,1,93.0,1.0,3.0,3.0,1949.0,A01,0.0,38,8,0.0,1.0,2.0,7.0,11,22,1600,1,2,9,1,6,3,38,3,3
29118,201600012735,1.0,1,1,2,11.0,0.0,0.0,0.0,1978.0,A01,2.0,10,0,0.0,2.0,1.0,2.0,6,6,1630,1,1,1,1,4,3,7,2,2
29119,201600012735,1.0,1,3,1,11.0,0.0,0.0,0.0,1960.0,B02,2.0,10,0,0.0,2.0,4.0,2.0,6,6,1630,1,1,1,1,4,3,7,2,2
29120,201600012735,1.0,1,1,2,11.0,0.0,0.0,0.0,1993.0,C03,2.0,7,0,0.0,2.0,4.0,2.0,6,6,1630,1,1,1,1,4,3,10,2,2
29121,201600012735,2.0,2,1,2,11.0,0.0,0.0,0.0,1993.0,C03,2.0,7,0,0.0,2.0,4.0,2.0,6,6,1630,1,1,1,1,4,3,10,2,2
29122,201600012736,1.0,1,3,2,11.0,0.0,0.0,0.0,1991.0,A01,2.0,7,0,0.0,2.0,1.0,2.0,2,16,815,2,1,1,7,4,1,7,2,2
29123,201600012736,1.0,1,4,2,11.0,0.0,0.0,0.0,1994.0,C03,2.0,7,0,0.0,2.0,4.0,2.0,2,16,815,2,1,1,7,4,1,7,2,2
29124,201600012736,1.0,1,4,2,11.0,0.0,0.0,0.0,1962.0,B02,2.0,7,0,0.0,2.0,4.0,2.0,2,16,815,2,1,1,7,4,1,7,2,2
29125,201600012736,1.0,1,4,2,11.0,0.0,0.0,0.0,1961.0,D04,2.0,7,0,0.0,2.0,4.0,2.0,2,16,815,2,1,1,7,4,1,7,2,2
29126,201600012737,1.0,1,4,1,21.0,0.0,0.0,0.0,2000.0,A01,1.0,30,0,0.0,2.0,7.0,15.0,2,21,1230,1,2,1,1,3,2,1,1,1
29127,201600012737,1.0,1,4,1,21.0,0.0,0.0,0.0,1965.0,B02,2.0,1,0,0.0,2.0,1.0,1.0,2,21,1230,1,2,1,1,3,2,30,1,1
29128,201600012738,2.0,2,1,2,31.0,0.0,0.0,0.0,2009.0,B02,1.0,7,0,0.0,2.0,2.0,1.0,3,6,100,3,1,1,1,1,0,7,2,2
29129,201600012738,2.0,2,1,1,31.0,0.0,0.0,0.0,2006.0,B02,1.0,7,0,0.0,2.0,2.0,1.0,3,6,100,3,1,1,1,1,0,7,2,2
29130,201600012738,2.0,2,4,1,11.0,0.0,0.0,0.0,1978.0,B02,1.0,7,0,0.0,2.0,2.0,1.0,3,6,100,3,1,1,1,1,0,7,2,2
29131,201600012738,1.0,1,4,2,11.0,0.0,0.0,0.0,1978.0,B02,1.0,7,0,0.0,2.0,2.0,1.0,3,6,100,3,1,1,1,1,0,7,2,2
29132,201600012739,1.0,1,3,1,21.0,0.0,0.0,0.0,1938.0,B02,1.0,1,0,0.0,0.0,4.0,2.0,4,1,1345,1,1,1,1,1,2,7,1,2
29133,201600012739,1.0,1,4,2,11.0,0.0,0.0,0.0,1940.0,A01,1.0,7,0,0.0,9.0,2.0,2.0,4,1,1345,1,1,1,1,1,2,1,2,1
29134,201600012740,1.0,1,3,2,11.0,0.0,0.0,0.0,1958.0,B02,1.0,7,0,0.0,2.0,1.0,1.0,4,2,1045,1,1,1,8,1,1,7,2,2
29135,201600012740,2.0,2,3,1,11.0,0.0,0.0,0.0,1949.0,B02,1.0,7,0,0.0,2.0,1.0,1.0,4,2,1045,1,1,1,8,1,1,7,2,2
29136,201600012740,1.0,1,3,2,11.0,0.0,0.0,0.0,1931.0,A01,2.0,7,0,0.0,2.0,1.0,5.0,4,2,1045,1,1,1,8,1,1,7,2,2
29137,201600012741,1.0,1,3,2,11.0,0.0,0.0,0.0,1983.0,A01,2.0,7,0,2.0,0.0,8.0,14.0,4,15,730,2,1,1,7,6,1,7,2,2
29138,201600012742,1.0,1,3,1,11.0,0.0,0.0,0.0,1961.0,A01,1.0,7,0,0.0,2.0,3.0,1.0,5,9,700,1,1,1,1,1,1,10,2,2
29139,201600012742,1.0,1,1,1,11.0,0.0,0.0,0.0,1993.0,B02,2.0,10,0,0.0,2.0,1.0,13.0,5,9,700,1,1,1,1,1,1,7,2,2
29140,201600012743,1.0,1,1,1,11.0,0.0,0.0,0.0,1967.0,A01,1.0,7,0,0.0,0.0,8.0,15.0,6,7,1830,1,1,1,1,1,4,33,2,1
29141,201600012743,1.0,1,3,1,21.0,0.0,0.0,0.0,1995.0,B02,1.0,33,0,0.0,2.0,1.0,17.0,6,7,1830,1,1,1,1,1,4,7,1,2
29142,201600012744,1.0,1,1,1,11.0,0.0,0.0,0.0,1940.0,A01,0.0,7,0,0.0,2.0,1.0,19.0,8,28,1115,1,2,4,1,3,1,1,2,1
29143,201600012744,1.0,1,4,1,21.0,0.0,0.0,0.0,1992.0,B01,0.0,1,0,0.0,2.0,8.0,15.0,8,28,1115,1,2,4,1,3,1,7,1,2
29144,201600012745,1.0,1,1,1,11.0,0.0,0.0,0.0,1954.0,B02,0.0,7,0,0.0,2.0,1.0,1.0,9,10,1730,1,2,1,1,2,3,7,2,2
29145,201600012745,1.0,1,4,1,11.0,0.0,0.0,0.0,1963.0,A01,0.0,7,0,0.0,2.0,4.0,1.0,9,10,1730,1,2,1,1,2,3,7,2,2
29146,201600012746,1.0,1,1,1,11.0,0.0,0.0,0.0,1959.0,A01,2.0,7,0,0.0,2.0,5.0,16.0,10,14,845,1,2,1,1,3,1,1,2,1
29147,201600012746,1.0,1,4,1,21.0,0.0,0.0,0.0,1960.0,B02,2.0,1,0,0.0,2.0,3.0,18.0,10,14,845,1,2,1,1,3,1,7,1,2
29148,201600012747,1.0,1,1,1,11.0,0.0,0.0,0.0,1993.0,A01,0.0,7,0,13.0,0.0,3.0,1.0,1,4,245,3,1,1,2,7,0,7,2,2
29149,201600012747,2.0,2,3,2,13.0,0.0,0.0,0.0,1993.0,A01,0.0,7,0,13.0,0.0,3.0,1.0,1,4,245,3,1,1,2,7,0,7,2,2
29150,201600012747,2.0,2,4,2,13.0,0.0,0.0,0.0,1996.0,A01,0.0,7,0,13.0,0.0,3.0,1.0,1,4,245,3,1,1,2,7,0,7,2,2
29151,201600012747,2.0,2,3,2,11.0,0.0,0.0,0.0,1996.0,A01,0.0,7,0,13.0,0.0,3.0,1.0,1,4,245,3,1,1,2,7,0,7,2,2
29152,201600012747,2.0,2,1,1,11.0,0.0,0.0,0.0,1997.0,A01,0.0,7,0,13.0,0.0,3.0,1.0,1,4,245,3,1,1,2,7,0,7,2,2
29153,201600012747,3.0,2,4,1,13.0,0.0,0.0,0.0,1995.0,A01,0.0,7,0,13.0,0.0,3.0,1.0,1,4,245,3,1,1,2,7,0,7,2,2
29154,201600012748,1.0,1,3,1,21.0,0.0,0.0,0.0,1944.0,B02,0.0,1,0,0.0,0.0,6.0,2.0,1,21,945,1,1,1,1,2,1,7,1,2
29155,201600012748,1.0,1,1,2,11.0,0.0,0.0,0.0,1969.0,A01,0.0,7,0,0.0,9.0,2.0,2.0,1,21,945,1,1,1,1,2,1,1,2,1
29156,201600012749,1.0,1,3,1,21.0,0.0,0.0,0.0,1980.0,A01,1.0,33,0,0.0,1.0,2.0,17.0,2,1,1700,1,1,1,1,6,3,33,1,1
29157,201600012749,0.0,3,2,2,0.0,1.0,3.0,1.0,1941.0,A01,1.0,33,0,0.0,1.0,2.0,17.0,2,1,1700,1,1,1,1,6,3,33,1,1
29158,201600012750,1.0,1,4,1,21.0,0.0,0.0,0.0,1958.0,B02,1.0,33,0,0.0,0.0,6.0,1.0,5,19,830,1,2,1,1,1,1,10,1,2
29159,201600012750,1.0,1,1,1,11.0,0.0,0.0,0.0,1949.0,A01,1.0,10,0,0.0,0.0,3.0,19.0,5,19,830,1,2,1,1,1,1,33,2,1
29160,201600012751,1.0,1,4,1,11.0,0.0,0.0,0.0,1954.0,B02,1.0,7,0,0.0,2.0,3.0,1.0,7,13,2230,4,1,1,1,1,5,33,2,1
29161,201600012751,1.0,1,2,1,23.0,0.0,0.0,0.0,1968.0,A01,2.0,33,0,0.0,2.0,1.0,13.0,7,13,2230,4,1,1,1,1,5,7,1,2
29162,201600012752,1.0,1,3,1,21.0,0.0,0.0,0.0,1963.0,B02,0.0,33,0,0.0,2.0,1.0,1.0,7,18,1630,1,1,1,1,1,3,15,1,3
29163,201600012752,1.0,1,1,1,11.0,0.0,0.0,0.0,1952.0,A01,0.0,15,0,0.0,2.0,3.0,1.0,7,18,1630,1,1,1,1,1,3,33,3,1
29164,201600012753,1.0,1,1,1,11.0,0.0,0.0,0.0,1989.0,A01,0.0,14,0,0.0,0.0,3.0,15.0,9,21,800,1,1,1,1,3,1,33,3,1
29165,201600012753,1.0,1,3,1,21.0,0.0,0.0,0.0,1955.0,B02,0.0,33,0,0.0,0.0,0.0,17.0,9,21,800,1,1,1,1,3,1,14,1,3
29166,201600012754,1.0,1,3,1,11.0,0.0,0.0,0.0,1993.0,B02,1.0,7,0,0.0,2.0,1.0,1.0,11,10,2200,4,1,1,1,1,5,7,2,2
29167,201600012754,2.0,2,3,1,11.0,0.0,0.0,0.0,1997.0,B02,1.0,7,0,0.0,2.0,1.0,1.0,11,10,2200,4,1,1,1,1,5,7,2,2
29168,201600012754,4.0,2,3,1,13.0,0.0,0.0,0.0,1994.0,B02,1.0,7,0,0.0,2.0,1.0,1.0,11,10,2200,4,1,1,1,1,5,7,2,2
29169,201600012754,1.0,1,3,1,11.0,0.0,0.0,0.0,1972.0,A01,2.0,7,0,0.0,2.0,1.0,13.0,11,10,2200,4,1,1,1,1,5,7,2,2
29170,201600012755,1.0,1,1,1,11.0,0.0,0.0,0.0,1958.0,A01,1.0,7,0,0.0,2.0,4.0,2.0,10,22,1730,1,1,1,1,2,3,7,2,2
29171,201600012755,2.0,2,4,2,11.0,0.0,0.0,0.0,1961.0,A01,1.0,7,0,0.0,2.0,4.0,2.0,10,22,1730,1,1,1,1,2,3,7,2,2
29172,201600012755,1.0,1,4,1,11.0,0.0,0.0,0.0,1971.0,B02,1.0,7,0,0.0,2.0,1.0,1.0,10,22,1730,1,1,1,1,2,3,7,2,2
29173,201600012756,1.0,1,3,1,21.0,0.0,0.0,0.0,1964.0,A01,1.0,33,0,16.0,0.0,9.0,1.0,12,2,1545,1,1,1,8,7,3,33,1,1
29174,201600012757,1.0,1,1,1,11.0,0.0,0.0,0.0,1965.0,A01,2.0,7,0,0.0,1.0,0.0,1.0,5,14,1045,1,2,1,2,6,1,7,2,2
29175,201600012757,0.0,3,4,2,0.0,4.0,3.0,1.0,1927.0,A01,2.0,7,0,0.0,1.0,0.0,1.0,5,14,1045,1,2,1,2,6,1,7,2,2
29176,201600012758,1.0,1,1,1,21.0,0.0,0.0,0.0,1965.0,E05,1.0,33,0,0.0,2.0,1.0,21.0,5,16,1215,1,1,1,1,5,2,7,1,2
29177,201600012758,2.0,2,1,2,11.0,0.0,0.0,0.0,1941.0,A01,2.0,7,0,0.0,2.0,7.0,15.0,5,16,1215,1,1,1,1,5,2,33,2,1
29178,201600012758,1.0,1,4,1,11.0,0.0,0.0,0.0,1926.0,A01,2.0,7,0,0.0,2.0,7.0,15.0,5,16,1215,1,1,1,1,5,2,33,2,1
29179,201600012758,1.0,1,4,1,21.0,0.0,0.0,0.0,1971.0,B02,1.0,33,0,0.0,2.0,1.0,1.0,5,16,1215,1,1,1,1,5,2,7,1,2
29180,201600012758,1.0,1,2,1,21.0,0.0,0.0,0.0,1991.0,D04,1.0,33,0,0.0,2.0,1.0,1.0,5,16,1215,1,1,1,1,5,2,7,1,2
29181,201600012758,1.0,1,4,1,21.0,0.0,0.0,0.0,1993.0,C03,1.0,33,0,0.0,2.0,1.0,1.0,5,16,1215,1,1,1,1,5,2,7,1,2
29182,201600012759,2.0,2,3,2,21.0,0.0,0.0,0.0,1978.0,B02,1.0,33,0,0.0,2.0,1.0,1.0,6,3,2030,1,1,1,8,3,4,7,1,2
29183,201600012759,1.0,1,3,1,21.0,0.0,0.0,0.0,1972.0,B02,1.0,33,0,0.0,2.0,1.0,1.0,6,3,2030,1,1,1,8,3,4,7,1,2
29184,201600012759,6.0,2,1,2,11.0,0.0,0.0,0.0,1997.0,A01,1.0,7,0,0.0,9.0,8.0,10.0,6,3,2030,1,1,1,8,3,4,33,2,1
29185,201600012759,3.0,2,1,1,11.0,0.0,0.0,0.0,1998.0,A01,1.0,7,0,0.0,9.0,8.0,10.0,6,3,2030,1,1,1,8,3,4,33,2,1
29186,201600012759,1.0,1,4,1,11.0,0.0,0.0,0.0,1996.0,A01,1.0,7,0,0.0,9.0,8.0,10.0,6,3,2030,1,1,1,8,3,4,33,2,1
29187,201600012760,1.0,1,1,1,11.0,0.0,0.0,0.0,1967.0,A01,2.0,7,0,0.0,2.0,2.0,13.0,7,24,1445,1,1,1,1,1,3,33,2,1
29188,201600012760,2.0,2,4,2,11.0,0.0,0.0,0.0,1978.0,A01,2.0,7,0,0.0,2.0,2.0,13.0,7,24,1445,1,1,1,1,1,3,33,2,1
29189,201600012760,3.0,2,4,1,11.0,0.0,0.0,0.0,2006.0,A01,2.0,7,0,0.0,2.0,2.0,13.0,7,24,1445,1,1,1,1,1,3,33,2,1
29190,201600012760,1.0,1,2,1,21.0,0.0,0.0,0.0,1966.0,B02,1.0,33,0,0.0,2.0,1.0,1.0,7,24,1445,1,1,1,1,1,3,7,1,2
29191,201600012761,1.0,1,4,1,11.0,0.0,0.0,0.0,1986.0,A01,2.0,7,0,13.0,0.0,1.0,1.0,10,6,1015,1,1,1,8,6,1,7,2,2
29192,201600012761,2.0,2,4,2,11.0,0.0,0.0,0.0,1986.0,A01,2.0,7,0,13.0,0.0,1.0,1.0,10,6,1015,1,1,1,8,6,1,7,2,2
29193,201600012761,3.0,2,4,1,31.0,0.0,0.0,0.0,2014.0,A01,2.0,7,0,13.0,0.0,1.0,1.0,10,6,1015,1,1,1,8,6,1,7,2,2
29194,201600012762,1.0,1,1,1,11.0,0.0,0.0,0.0,1995.0,C03,2.0,7,0,0.0,2.0,1.0,1.0,11,5,1900,3,1,1,2,5,4,7,2,2
29195,201600012762,2.0,2,1,2,11.0,0.0,0.0,0.0,1991.0,C03,2.0,7,0,0.0,2.0,1.0,1.0,11,5,1900,3,1,1,2,5,4,7,2,2
29196,201600012762,2.0,2,3,1,11.0,0.0,0.0,0.0,1971.0,A01,1.0,7,0,0.0,2.0,1.0,13.0,11,5,1900,3,1,1,2,5,4,7,2,2
29197,201600012762,1.0,1,3,1,11.0,0.0,0.0,0.0,1965.0,A01,1.0,7,0,0.0,2.0,1.0,13.0,11,5,1900,3,1,1,2,5,4,7,2,2
29198,201600012762,3.0,2,3,1,11.0,0.0,0.0,0.0,1982.0,B02,2.0,7,0,0.0,2.0,1.0,1.0,11,5,1900,3,1,1,2,5,4,7,2,2
29199,201600012762,2.0,2,3,2,11.0,0.0,0.0,0.0,1983.0,B02,2.0,7,0,0.0,2.0,1.0,1.0,11,5,1900,3,1,1,2,5,4,7,2,2
29200,201600012762,1.0,1,3,2,11.0,0.0,0.0,0.0,1958.0,B02,2.0,7,0,0.0,2.0,1.0,1.0,11,5,1900,3,1,1,2,5,4,7,2,2
29201,201600012762,4.0,2,3,2,11.0,0.0,0.0,0.0,1981.0,B02,2.0,7,0,0.0,2.0,1.0,1.0,11,5,1900,3,1,1,2,5,4,7,2,2
29202,201600012763,1.0,1,3,2,11.0,0.0,0.0,0.0,1972.0,A01,0.0,7,0,0.0,2.0,1.0,1.0,3,27,2000,5,2,1,1,3,4,7,2,2
29203,201600012763,1.0,1,4,1,11.0,0.0,0.0,0.0,1965.0,B02,0.0,7,0,0.0,2.0,7.0,1.0,3,27,2000,5,2,1,1,3,4,7,2,2
29204,201600012763,2.0,2,4,2,11.0,0.0,0.0,0.0,1965.0,B02,0.0,7,0,0.0,2.0,7.0,1.0,3,27,2000,5,2,1,1,3,4,7,2,2
29205,201600012764,3.0,2,4,2,12.0,0.0,0.0,0.0,1972.0,A01,2.0,7,0,0.0,2.0,4.0,1.0,4,3,245,3,1,1,1,2,0,7,2,2
29206,201600012764,1.0,1,1,1,11.0,0.0,0.0,0.0,1979.0,A01,2.0,7,0,0.0,2.0,4.0,1.0,4,3,245,3,1,1,1,2,0,7,2,2
29207,201600012764,1.0,1,1,1,11.0,0.0,0.0,0.0,1978.0,B02,2.0,7,0,0.0,2.0,1.0,1.0,4,3,245,3,1,1,1,2,0,7,2,2
29208,201600012765,1.0,1,4,1,11.0,0.0,0.0,0.0,1980.0,B02,1.0,7,0,0.0,2.0,3.0,1.0,4,14,1000,1,1,1,1,1,1,7,2,2
29209,201600012765,1.0,1,3,2,11.0,0.0,0.0,0.0,1995.0,A01,2.0,7,0,0.0,2.0,3.0,17.0,4,14,1000,1,1,1,1,1,1,7,2,2
29210,201600012766,1.0,1,3,2,11.0,0.0,0.0,0.0,1977.0,A01,2.0,7,0,0.0,2.0,1.0,1.0,5,28,1830,1,1,1,1,1,4,7,2,2
29211,201600012766,1.0,1,3,2,11.0,0.0,0.0,0.0,1995.0,B02,1.0,7,0,0.0,2.0,1.0,1.0,5,28,1830,1,1,1,1,1,4,7,2,2
29212,201600012767,1.0,1,4,2,22.0,0.0,0.0,0.0,1994.0,B02,0.0,1,0,0.0,2.0,8.0,19.0,7,1,1345,1,2,6,1,1,2,7,1,2
29213,201600012767,1.0,1,1,1,11.0,0.0,0.0,0.0,1992.0,A01,0.0,7,0,0.0,2.0,1.0,1.0,7,1,1345,1,2,6,1,1,2,1,2,1
29214,201600012768,1.0,1,3,1,11.0,0.0,0.0,0.0,1980.0,A01,1.0,7,0,0.0,2.0,2.0,13.0,7,7,1630,1,1,1,1,1,3,10,2,2
29215,201600012768,1.0,1,1,1,11.0,0.0,0.0,0.0,1980.0,B02,2.0,10,0,0.0,2.0,1.0,1.0,7,7,1630,1,1,1,1,1,3,7,2,2
29216,201600012768,2.0,2,3,2,11.0,0.0,0.0,0.0,1972.0,B02,2.0,10,0,0.0,2.0,1.0,1.0,7,7,1630,1,1,1,1,1,3,7,2,2
29217,201600012769,3.0,2,3,1,11.0,0.0,0.0,0.0,1991.0,A01,2.0,7,0,0.0,0.0,2.0,1.0,7,16,515,3,1,1,1,6,0,7,2,2
29218,201600012769,2.0,2,3,1,11.0,0.0,0.0,0.0,1991.0,A01,2.0,7,0,0.0,0.0,2.0,1.0,7,16,515,3,1,1,1,6,0,7,2,2
29219,201600012769,1.0,1,3,1,11.0,0.0,0.0,0.0,1959.0,A01,2.0,7,0,0.0,0.0,2.0,1.0,7,16,515,3,1,1,1,6,0,7,2,2
29220,201600012770,1.0,1,4,2,11.0,0.0,0.0,0.0,1968.0,A01,1.0,7,0,0.0,2.0,1.0,1.0,8,21,1115,1,1,3,1,3,1,1,2,1
29221,201600012770,1.0,1,2,1,21.0,0.0,0.0,0.0,1967.0,B02,2.0,1,0,0.0,2.0,3.0,11.0,8,21,1115,1,1,3,1,3,1,7,1,2
29222,201600012771,1.0,1,1,1,11.0,0.0,0.0,0.0,1962.0,A01,1.0,15,0,0.0,9.0,3.0,15.0,9,14,700,3,1,1,8,3,1,1,3,1
29223,201600012771,1.0,1,3,1,41.0,0.0,0.0,0.0,1959.0,B02,2.0,1,0,0.0,2.0,8.0,1.0,9,14,700,3,1,1,8,3,1,15,1,3
29224,201600012772,1.0,1,1,1,11.0,0.0,0.0,0.0,1945.0,A01,0.0,7,0,0.0,1.0,2.0,1.0,10,12,1020,1,2,1,7,6,1,7,2,2
29225,201600012772,0.0,3,3,1,93.0,3.0,3.0,1.0,1947.0,A01,0.0,7,0,0.0,1.0,2.0,1.0,10,12,1020,1,2,1,7,6,1,7,2,2
29226,201600012773,1.0,1,3,2,11.0,0.0,0.0,0.0,1998.0,A01,0.0,7,0,16.0,0.0,7.0,1.0,10,21,610,3,1,1,1,7,1,7,2,2
29227,201600012774,1.0,1,3,2,11.0,0.0,0.0,0.0,1946.0,B02,0.0,7,0,0.0,2.0,8.0,10.0,11,10,1145,1,2,1,1,3,1,7,2,2
29228,201600012774,2.0,2,1,2,11.0,0.0,0.0,0.0,1953.0,B02,0.0,7,0,0.0,2.0,8.0,10.0,11,10,1145,1,2,1,1,3,1,7,2,2
29229,201600012774,1.0,1,1,1,11.0,0.0,0.0,0.0,1992.0,A01,0.0,7,0,0.0,2.0,1.0,1.0,11,10,1145,1,2,1,1,3,1,7,2,2
29230,201600012775,1.0,1,1,1,11.0,0.0,0.0,0.0,1965.0,A01,1.0,7,0,0.0,2.0,2.0,1.0,11,23,1850,5,1,3,2,3,4,7,2,2
29231,201600012775,1.0,1,1,1,11.0,0.0,0.0,0.0,1973.0,B02,0.0,7,0,0.0,2.0,7.0,9.0,11,23,1850,5,1,3,2,3,4,7,2,2
29232,201600012775,2.0,2,3,2,11.0,0.0,0.0,0.0,1974.0,B02,0.0,7,0,0.0,2.0,7.0,9.0,11,23,1850,5,1,3,2,3,4,7,2,2