,Num_Acc,place,catu,grav,sexe,secu,locp,actp,etatp,an_nais,num_veh,senc,catv,occutc,obs,obsm,choc,manv,mois,jour,hrmn,lum,agg,int,atm,col,mom,catvopp,catv_gen,catvopp_gen
29233,201600012775,3.0,2,3,2,11.0,0.0,0.0,0.0,2004.0,B02,0.0,7,0,0.0,2.0,7.0,9.0,11,23,1850,5,1,3,2,3,4,7,2,2
29234,201600012775,4.0,2,3,1,11.0,0.0,0.0,0.0,1997.0,B02,0.0,7,0,0.0,2.0,7.0,9.0,11,23,1850,5,1,3,2,3,4,7,2,2
29235,201600012776,1.0,1,2,1,13.0,0.0,0.0,0.0,1951.0,A01,1.0,7,0,16.0,0.0,7.0,1.0,12,3,2230,4,1,1,1,7,5,7,2,2
29236,201600012777,1.0,1,3,1,21.0,0.0,0.0,0.0,1959.0,A01,1.0,30,0,0.0,0.0,8.0,1.0,12,18,2055,3,1,1,5,7,4,30,1,1
29237,201600012778,1.0,1,1,2,11.0,0.0,0.0,0.0,1985.0,A01,1.0,7,0,0.0,9.0,2.0,9.0,12,27,1400,1,1,6,1,3,3,1,2,1
29238,201600012778,1.0,1,3,1,21.0,0.0,0.0,0.0,1954.0,B01,1.0,1,0,0.0,2.0,7.0,1.0,12,27,1400,1,1,6,1,3,3,7,1,2
29239,201600012779,1.0,1,4,1,11.0,0.0,0.0,0.0,1993.0,A01,2.0,7,0,9.0,0.0,2.0,15.0,4,17,730,2,1,1,1,6,1,7,2,2
29240,201600012779,2.0,2,4,1,11.0,0.0,0.0,0.0,1995.0,A01,2.0,7,0,9.0,0.0,2.0,15.0,4,17,730,2,1,1,1,6,1,7,2,2
29241,201600012779,3.0,2,3,1,11.0,0.0,0.0,0.0,1992.0,A01,2.0,7,0,9.0,0.0,2.0,15.0,4,17,730,2,1,1,1,6,1,7,2,2
29242,201600012780,1.0,1,2,1,11.0,0.0,0.0,0.0,1991.0,A01,0.0,7,0,15.0,0.0,0.0,1.0,7,14,245,3,1,1,1,6,0,7,2,2
29243,201600012780,2.0,2,3,1,11.0,0.0,0.0,0.0,1995.0,A01,0.0,7,0,15.0,0.0,0.0,1.0,7,14,245,3,1,1,1,6,0,7,2,2
29244,201600012781,1.0,1,3,1,11.0,0.0,0.0,0.0,1992.0,A01,1.0,7,0,13.0,0.0,2.0,14.0,7,17,1145,1,1,1,1,7,1,7,2,2
29245,201600012782,1.0,1,1,1,21.0,0.0,0.0,0.0,1962.0,B02,2.0,33,0,0.0,2.0,2.0,17.0,7,24,1900,1,1,1,1,3,4,7,1,2
29246,201600012782,2.0,2,4,2,21.0,0.0,0.0,0.0,1960.0,B02,2.0,33,0,0.0,2.0,2.0,17.0,7,24,1900,1,1,1,1,3,4,7,1,2
29247,201600012782,1.0,1,1,2,11.0,0.0,0.0,0.0,1955.0,A01,2.0,7,0,0.0,2.0,3.0,15.0,7,24,1900,1,1,1,1,3,4,33,2,1
29248,201600012783,1.0,1,1,1,11.0,0.0,0.0,0.0,1972.0,B02,0.0,7,0,0.0,0.0,1.0,13.0,11,8,1600,1,1,1,1,1,3,7,2,2
29249,201600012783,1.0,1,3,1,11.0,0.0,0.0,0.0,1955.0,A01,0.0,7,0,0.0,0.0,3.0,1.0,11,8,1600,1,1,1,1,1,3,7,2,2
29250,201600012784,1.0,1,3,1,11.0,0.0,0.0,0.0,1964.0,B02,2.0,7,0,0.0,2.0,3.0,1.0,11,25,730,3,1,1,1,4,1,7,2,2
29251,201600012784,1.0,1,4,2,11.0,0.0,0.0,0.0,1993.0,A01,1.0,7,0,0.0,2.0,1.0,13.0,11,25,730,3,1,1,1,4,1,7,2,2
29252,201600012784,4.0,2,4,1,11.0,0.0,0.0,0.0,2001.0,C03,2.0,7,0,0.0,2.0,1.0,1.0,11,25,730,3,1,1,1,4,1,7,2,2
29253,201600012784,1.0,1,4,1,11.0,0.0,0.0,0.0,1967.0,C03,2.0,7,0,0.0,2.0,1.0,1.0,11,25,730,3,1,1,1,4,1,7,2,2
29254,201600012784,2.0,2,4,2,11.0,0.0,0.0,0.0,2000.0,C03,2.0,7,0,0.0,2.0,1.0,1.0,11,25,730,3,1,1,1,4,1,7,2,2
29255,201600012784,3.0,2,4,2,11.0,0.0,0.0,0.0,1999.0,C03,2.0,7,0,0.0,2.0,1.0,1.0,11,25,730,3,1,1,1,4,1,7,2,2
29256,201600012785,1.0,1,1,1,11.0,0.0,0.0,0.0,1941.0,A01,0.0,7,0,0.0,1.0,2.0,1.0,12,19,1900,5,1,1,2,6,4,7,2,2
29257,201600012785,0.0,3,3,2,0.0,4.0,3.0,1.0,1956.0,A01,0.0,7,0,0.0,1.0,2.0,1.0,12,19,1900,5,1,1,2,6,4,7,2,2
29258,201600012786,1.0,1,1,1,11.0,0.0,0.0,0.0,1986.0,B02,2.0,7,0,0.0,2.0,5.0,13.0,2,8,815,1,1,1,1,1,1,10,2,2
29259,201600012786,1.0,1,4,1,11.0,0.0,0.0,0.0,1981.0,A01,2.0,10,0,4.0,2.0,3.0,1.0,2,8,815,1,1,1,1,1,1,7,2,2
29260,201600012787,1.0,1,3,1,11.0,0.0,0.0,0.0,1953.0,A01,1.0,7,0,5.0,0.0,1.0,14.0,2,28,1615,1,1,1,1,6,3,7,2,2
29261,201600012788,1.0,1,1,2,11.0,0.0,0.0,0.0,1964.0,G07,2.0,7,0,0.0,2.0,4.0,1.0,9,27,1145,1,1,1,1,4,1,17,2,3
29262,201600012788,1.0,1,1,1,11.0,0.0,0.0,0.0,1974.0,B02,2.0,14,0,0.0,2.0,6.0,1.0,9,27,1145,1,1,1,1,4,1,17,3,3
29263,201600012788,1.0,1,1,1,11.0,0.0,0.0,0.0,1977.0,C03,2.0,17,0,0.0,2.0,1.0,21.0,9,27,1145,1,1,1,1,4,1,14,3,3
29264,201600012788,1.0,1,1,1,11.0,0.0,0.0,0.0,1965.0,I09,2.0,7,0,3.0,0.0,7.0,21.0,9,27,1145,1,1,1,1,4,1,17,2,3
29265,201600012788,2.0,2,1,2,11.0,0.0,0.0,0.0,1945.0,A01,2.0,7,0,3.0,2.0,7.0,17.0,9,27,1145,1,1,1,1,4,1,17,2,3
29266,201600012788,1.0,1,1,1,11.0,0.0,0.0,0.0,1941.0,A01,2.0,7,0,3.0,2.0,7.0,17.0,9,27,1145,1,1,1,1,4,1,17,2,3
29267,201600012788,1.0,1,4,1,11.0,0.0,0.0,0.0,1972.0,D04,2.0,7,0,0.0,2.0,4.0,21.0,9,27,1145,1,1,1,1,4,1,17,2,3
29268,201600012788,2.0,2,3,2,11.0,0.0,0.0,0.0,1955.0,H08,2.0,7,0,0.0,2.0,4.0,1.0,9,27,1145,1,1,1,1,4,1,17,2,3
29269,201600012788,1.0,1,3,1,11.0,0.0,0.0,0.0,1948.0,H08,2.0,7,0,0.0,2.0,4.0,1.0,9,27,1145,1,1,1,1,4,1,17,2,3
29270,201600012788,2.0,2,3,2,11.0,0.0,0.0,0.0,1943.0,E05,2.0,7,0,0.0,2.0,4.0,1.0,9,27,1145,1,1,1,1,4,1,17,2,3
29271,201600012788,1.0,1,3,1,11.0,0.0,0.0,0.0,1943.0,E05,2.0,7,0,0.0,2.0,4.0,1.0,9,27,1145,1,1,1,1,4,1,17,2,3
29272,201600012788,1.0,1,4,1,11.0,0.0,0.0,0.0,1982.0,F06,2.0,7,0,0.0,2.0,4.0,1.0,9,27,1145,1,1,1,1,4,1,17,2,3
29273,201600012789,1.0,1,4,1,11.0,0.0,0.0,0.0,1994.0,A01,1.0,7,0,0.0,2.0,1.0,0.0,10,7,2245,3,1,9,1,2,5,7,2,2
29274,201600012789,1.0,1,1,1,11.0,0.0,0.0,0.0,1986.0,B02,1.0,7,0,0.0,0.0,4.0,1.0,10,7,2245,3,1,9,1,2,5,7,2,2
29275,201600012789,2.0,2,3,1,13.0,0.0,0.0,0.0,1984.0,B02,1.0,7,0,0.0,0.0,4.0,1.0,10,7,2245,3,1,9,1,2,5,7,2,2
29276,201600012790,1.0,1,1,1,11.0,0.0,0.0,0.0,1962.0,C03,2.0,7,0,0.0,0.0,4.0,2.0,12,8,1830,3,1,1,1,4,4,7,2,2
29277,201600012790,1.0,1,3,1,11.0,0.0,0.0,0.0,1980.0,B02,2.0,7,0,0.0,2.0,4.0,2.0,12,8,1830,3,1,1,1,4,4,7,2,2
29278,201600012790,1.0,1,1,1,11.0,0.0,0.0,0.0,1985.0,A01,2.0,7,0,0.0,2.0,1.0,2.0,12,8,1830,3,1,1,1,4,4,7,2,2
29279,201600012791,3.0,2,1,1,11.0,0.0,0.0,0.0,2006.0,A01,1.0,7,0,3.0,0.0,1.0,1.0,2,12,1430,1,1,1,2,7,3,7,2,2
29280,201600012791,1.0,1,4,1,11.0,0.0,0.0,0.0,1973.0,A01,1.0,7,0,3.0,0.0,1.0,1.0,2,12,1430,1,1,1,2,7,3,7,2,2
29281,201600012791,2.0,2,1,2,11.0,0.0,0.0,0.0,1974.0,A01,1.0,7,0,3.0,0.0,1.0,1.0,2,12,1430,1,1,1,2,7,3,7,2,2
29282,201600012791,4.0,2,1,1,11.0,0.0,0.0,0.0,2009.0,A01,1.0,7,0,3.0,0.0,1.0,1.0,2,12,1430,1,1,1,2,7,3,7,2,2
29283,201600012792,2.0,2,3,2,11.0,0.0,0.0,0.0,1972.0,A01,2.0,10,0,3.0,0.0,2.0,1.0,4,23,945,1,1,1,2,6,1,10,2,2
29284,201600012792,1.0,1,4,1,11.0,0.0,0.0,0.0,1971.0,A01,2.0,10,0,3.0,0.0,2.0,1.0,4,23,945,1,1,1,2,6,1,10,2,2
29285,201600012793,1.0,1,3,2,11.0,0.0,0.0,0.0,1961.0,B02,2.0,7,0,0.0,2.0,3.0,1.0,1,16,1100,1,2,1,1,1,1,2,2,1
29286,201600012793,1.0,1,2,1,21.0,0.0,0.0,0.0,1996.0,A01,1.0,2,0,0.0,2.0,1.0,1.0,1,16,1100,1,2,1,1,1,1,7,1,2
29287,201600012794,1.0,1,1,1,11.0,0.0,0.0,0.0,1976.0,B02,1.0,7,0,0.0,2.0,1.0,1.0,2,17,1715,1,1,2,1,3,3,7,2,2
29288,201600012794,1.0,1,1,2,11.0,0.0,0.0,0.0,1987.0,A01,0.0,7,0,0.0,2.0,7.0,19.0,2,17,1715,1,1,2,1,3,3,7,2,2
29289,201600012794,2.0,2,3,1,11.0,0.0,0.0,0.0,1999.0,A01,0.0,7,0,0.0,2.0,7.0,19.0,2,17,1715,1,1,2,1,3,3,7,2,2
29290,201600012795,1.0,1,1,1,13.0,0.0,0.0,0.0,1989.0,A01,2.0,7,0,0.0,2.0,1.0,1.0,3,31,1700,1,1,5,2,5,3,7,2,2
29291,201600012795,2.0,2,1,1,13.0,0.0,0.0,0.0,1991.0,A01,2.0,7,0,0.0,2.0,1.0,1.0,3,31,1700,1,1,5,2,5,3,7,2,2
29292,201600012795,5.0,2,1,1,13.0,0.0,0.0,0.0,1988.0,A01,2.0,7,0,0.0,2.0,1.0,1.0,3,31,1700,1,1,5,2,5,3,7,2,2
29293,201600012795,1.0,1,1,2,13.0,0.0,0.0,0.0,1988.0,B02,2.0,7,0,8.0,2.0,1.0,1.0,3,31,1700,1,1,5,2,5,3,7,2,2
29294,201600012795,1.0,1,4,1,13.0,0.0,0.0,0.0,1945.0,C03,0.0,7,0,0.0,2.0,1.0,15.0,3,31,1700,1,1,5,2,5,3,7,2,2
29295,201600012795,2.0,2,3,2,13.0,0.0,0.0,0.0,1947.0,C03,0.0,7,0,0.0,2.0,1.0,15.0,3,31,1700,1,1,5,2,5,3,7,2,2
29296,201600012796,1.0,1,1,1,11.0,0.0,0.0,0.0,1960.0,C03,1.0,7,0,0.0,2.0,1.0,1.0,4,30,1315,1,1,1,8,5,2,7,2,2
29297,201600012796,1.0,1,2,2,11.0,0.0,0.0,0.0,1988.0,A01,2.0,7,0,0.0,2.0,3.0,13.0,4,30,1315,1,1,1,8,5,2,7,2,2
29298,201600012796,1.0,1,1,1,11.0,0.0,0.0,0.0,1985.0,B02,1.0,7,0,0.0,2.0,8.0,1.0,4,30,1315,1,1,1,8,5,2,7,2,2
29299,201600012797,2.0,2,3,2,11.0,0.0,0.0,0.0,1955.0,B02,1.0,7,0,0.0,2.0,1.0,2.0,3,19,1000,1,1,1,8,1,1,7,2,2
29300,201600012797,1.0,1,1,1,11.0,0.0,0.0,0.0,1952.0,B02,1.0,7,0,0.0,2.0,1.0,2.0,3,19,1000,1,1,1,8,1,1,7,2,2
29301,201600012797,1.0,1,1,1,11.0,0.0,0.0,0.0,1985.0,A01,1.0,7,0,3.0,0.0,3.0,2.0,3,19,1000,1,1,1,8,1,1,7,2,2
29302,201600012798,1.0,1,1,1,11.0,0.0,0.0,0.0,1995.0,A01,2.0,7,0,0.0,2.0,7.0,12.0,7,24,1515,1,1,1,1,3,3,7,2,2
29303,201600012798,2.0,2,1,1,11.0,0.0,0.0,0.0,1992.0,A01,2.0,7,0,0.0,2.0,7.0,12.0,7,24,1515,1,1,1,1,3,3,7,2,2
29304,201600012798,3.0,2,1,1,11.0,0.0,0.0,0.0,1992.0,A01,2.0,7,0,0.0,2.0,7.0,12.0,7,24,1515,1,1,1,1,3,3,7,2,2
29305,201600012798,1.0,1,3,2,11.0,0.0,0.0,0.0,1953.0,B02,2.0,7,0,0.0,2.0,3.0,1.0,7,24,1515,1,1,1,1,3,3,7,2,2
29306,201600012798,2.0,2,4,1,11.0,0.0,0.0,0.0,1947.0,B02,2.0,7,0,0.0,2.0,3.0,1.0,7,24,1515,1,1,1,1,3,3,7,2,2
29307,201600012799,1.0,1,3,1,12.0,0.0,0.0,0.0,1961.0,A01,0.0,7,0,0.0,2.0,1.0,13.0,3,14,1815,1,2,1,1,1,4,38,2,3
29308,201600012799,1.0,1,4,1,11.0,0.0,0.0,0.0,1986.0,B02,0.0,38,0,0.0,2.0,3.0,1.0,3,14,1815,1,2,1,1,1,4,7,3,2
29309,201600012800,2.0,2,4,1,11.0,0.0,0.0,0.0,1996.0,B02,2.0,7,0,0.0,0.0,1.0,1.0,4,24,1545,1,1,1,1,1,3,7,2,2
29310,201600012800,1.0,1,4,2,11.0,0.0,0.0,0.0,1991.0,B02,2.0,7,0,0.0,0.0,1.0,1.0,4,24,1545,1,1,1,1,1,3,7,2,2
29311,201600012800,3.0,2,3,2,11.0,0.0,0.0,0.0,1964.0,B02,2.0,7,0,0.0,0.0,1.0,1.0,4,24,1545,1,1,1,1,1,3,7,2,2
29312,201600012800,1.0,1,3,1,11.0,0.0,0.0,0.0,1990.0,A01,1.0,7,0,0.0,0.0,1.0,13.0,4,24,1545,1,1,1,1,1,3,7,2,2
29313,201600012801,1.0,1,3,1,21.0,0.0,0.0,0.0,1963.0,B02,1.0,33,0,0.0,2.0,8.0,15.0,8,7,1400,1,1,1,1,3,3,33,1,1
29314,201600012801,1.0,1,3,1,21.0,0.0,0.0,0.0,1991.0,A01,1.0,33,0,0.0,2.0,1.0,17.0,8,7,1400,1,1,1,1,3,3,33,1,1
29315,201600012802,1.0,1,4,1,21.0,0.0,0.0,0.0,1998.0,B02,0.0,2,0,0.0,2.0,1.0,0.0,8,22,2115,3,1,1,1,1,4,10,1,2
29316,201600012802,1.0,1,4,1,11.0,0.0,0.0,0.0,1996.0,A01,0.0,10,0,0.0,2.0,1.0,0.0,8,22,2115,3,1,1,1,1,4,2,2,1
29317,201600012803,1.0,1,3,1,21.0,0.0,0.0,0.0,1959.0,A01,0.0,34,0,0.0,2.0,7.0,13.0,9,13,1215,1,2,1,1,3,2,10,1,2
29318,201600012803,1.0,1,1,2,11.0,0.0,0.0,0.0,1952.0,B02,0.0,10,0,0.0,2.0,3.0,15.0,9,13,1215,1,2,1,1,3,2,34,2,1
29319,201600012804,1.0,1,4,1,11.0,0.0,0.0,0.0,1988.0,A01,0.0,10,0,0.0,2.0,8.0,1.0,9,19,915,1,2,1,3,3,1,10,2,2
29320,201600012804,1.0,1,1,1,1.0,0.0,0.0,0.0,1989.0,B02,0.0,10,0,0.0,2.0,1.0,6.0,9,19,915,1,2,1,3,3,1,10,2,2
29321,201600012805,1.0,1,1,2,11.0,0.0,0.0,0.0,1984.0,A01,0.0,7,0,0.0,1.0,1.0,1.0,11,5,1930,3,2,1,3,6,4,7,2,2
29322,201600012805,0.0,3,3,2,0.0,1.0,3.0,1.0,1981.0,A01,0.0,7,0,0.0,1.0,1.0,1.0,11,5,1930,3,2,1,3,6,4,7,2,2
29323,201600012806,1.0,1,4,1,11.0,0.0,0.0,0.0,1977.0,A01,0.0,7,0,0.0,0.0,2.0,0.0,11,9,915,1,2,1,3,4,1,7,2,2
29324,201600012806,1.0,1,4,1,11.0,0.0,0.0,0.0,1996.0,B02,0.0,7,0,0.0,0.0,3.0,0.0,11,9,915,1,2,1,3,4,1,7,2,2
29325,201600012806,1.0,1,4,1,11.0,0.0,0.0,0.0,1990.0,C03,0.0,7,0,0.0,2.0,3.0,0.0,11,9,915,1,2,1,3,4,1,7,2,2
29326,201600012806,3.0,2,3,2,11.0,0.0,0.0,0.0,2015.0,C03,0.0,7,0,0.0,2.0,3.0,0.0,11,9,915,1,2,1,3,4,1,7,2,2
29327,201600012807,1.0,1,2,2,12.0,0.0,0.0,0.0,1992.0,A01,1.0,7,0,13.0,0.0,2.0,14.0,2,8,1215,1,1,1,1,6,2,7,2,2
29328,201600012807,2.0,2,3,2,11.0,0.0,0.0,0.0,1996.0,A01,1.0,7,0,13.0,0.0,2.0,14.0,2,8,1215,1,1,1,1,6,2,7,2,2
29329,201600012808,9.0,2,1,1,11.0,0.0,0.0,0.0,2000.0,A01,2.0,7,0,12.0,0.0,3.0,13.0,2,10,1715,1,1,1,1,6,3,7,2,2
29330,201600012808,8.0,2,4,2,11.0,0.0,0.0,0.0,2001.0,A01,2.0,7,0,12.0,0.0,3.0,13.0,2,10,1715,1,1,1,1,6,3,7,2,2
29331,201600012808,7.0,2,3,2,11.0,0.0,0.0,0.0,2001.0,A01,2.0,7,0,12.0,0.0,3.0,13.0,2,10,1715,1,1,1,1,6,3,7,2,2
29332,201600012808,5.0,2,4,1,11.0,0.0,0.0,0.0,2000.0,A01,2.0,7,0,12.0,0.0,3.0,13.0,2,10,1715,1,1,1,1,6,3,7,2,2
29333,201600012808,3.0,2,1,1,11.0,0.0,0.0,0.0,2002.0,A01,2.0,7,0,12.0,0.0,3.0,13.0,2,10,1715,1,1,1,1,6,3,7,2,2
29334,201600012808,2.0,2,4,1,11.0,0.0,0.0,0.0,2001.0,A01,2.0,7,0,12.0,0.0,3.0,13.0,2,10,1715,1,1,1,1,6,3,7,2,2
29335,201600012808,1.0,1,4,1,11.0,0.0,0.0,0.0,1997.0,A01,2.0,7,0,12.0,0.0,3.0,13.0,2,10,1715,1,1,1,1,6,3,7,2,2
29336,201600012808,4.0,2,1,1,11.0,0.0,0.0,0.0,2001.0,A01,2.0,7,0,12.0,0.0,3.0,13.0,2,10,1715,1,1,1,1,6,3,7,2,2
29337,201600012809,1.0,1,1,1,11.0,0.0,0.0,0.0,1970.0,A01,2.0,7,0,0.0,2.0,4.0,2.0,7,4,1345,1,1,1,1,5,2,7,2,2
29338,201600012809,1.0,1,1,1,11.0,0.0,0.0,0.0,1960.0,B02,0.0,7,0,0.0,2.0,1.0,21.0,7,4,1345,1,1,1,1,5,2,7,2,2
29339,201600012809,2.0,2,3,2,11.0,0.0,0.0,0.0,1937.0,B02,0.0,7,0,0.0,2.0,1.0,21.0,7,4,1345,1,1,1,1,5,2,7,2,2
29340,201600012809,1.0,1,1,2,11.0,0.0,0.0,0.0,1968.0,C03,2.0,7,0,0.0,2.0,8.0,1.0,7,4,1345,1,1,1,1,5,2,7,2,2
29341,201600012810,1.0,1,3,1,11.0,0.0,0.0,0.0,1985.0,B02,2.0,10,0,0.0,2.0,4.0,24.0,7,13,945,1,1,1,1,2,1,10,2,2
29342,201600012810,2.0,2,4,1,11.0,0.0,0.0,0.0,1987.0,B02,2.0,10,0,0.0,2.0,4.0,24.0,7,13,945,1,1,1,1,2,1,10,2,2
29343,201600012810,1.0,1,4,1,11.0,0.0,0.0,0.0,1986.0,A01,2.0,10,0,1.0,0.0,1.0,14.0,7,13,945,1,1,1,1,2,1,10,2,2
29344,201600012811,0.0,3,3,1,0.0,0.0,9.0,2.0,1964.0,A01,2.0,7,0,0.0,1.0,0.0,14.0,7,17,2100,1,1,1,1,6,4,7,2,2
29345,201600012811,1.0,1,1,1,11.0,0.0,0.0,0.0,1937.0,A01,2.0,7,0,0.0,1.0,0.0,14.0,7,17,2100,1,1,1,1,6,4,7,2,2
29346,201600012812,2.0,2,3,2,21.0,0.0,0.0,0.0,1976.0,B02,2.0,33,0,0.0,2.0,4.0,1.0,7,19,1700,1,1,1,1,2,3,7,1,2
29347,201600012812,1.0,1,4,1,21.0,0.0,0.0,0.0,1965.0,B02,2.0,33,0,0.0,2.0,4.0,1.0,7,19,1700,1,1,1,1,2,3,7,1,2
29348,201600012812,1.0,1,1,2,11.0,0.0,0.0,0.0,1985.0,A01,2.0,7,0,0.0,2.0,2.0,1.0,7,19,1700,1,1,1,1,2,3,33,2,1
29349,201600012813,1.0,1,1,1,11.0,0.0,0.0,0.0,1987.0,A01,2.0,10,0,0.0,2.0,1.0,2.0,9,19,600,3,1,1,1,5,1,7,2,2
29350,201600012813,1.0,1,4,2,11.0,0.0,0.0,0.0,1991.0,C03,2.0,7,0,0.0,0.0,1.0,1.0,9,19,600,3,1,1,1,5,1,10,2,2
29351,201600012813,1.0,1,4,2,11.0,0.0,0.0,0.0,1963.0,B02,2.0,7,0,0.0,0.0,4.0,1.0,9,19,600,3,1,1,1,5,1,10,2,2
29352,201600012813,2.0,2,3,1,11.0,0.0,0.0,0.0,2000.0,B02,2.0,7,0,0.0,0.0,4.0,1.0,9,19,600,3,1,1,1,5,1,10,2,2
29353,201600012814,1.0,1,1,1,11.0,0.0,0.0,0.0,1957.0,D04,2.0,7,0,0.0,0.0,4.0,2.0,2,12,1600,1,1,1,4,4,3,10,2,2
29354,201600012814,1.0,1,1,2,11.0,0.0,0.0,0.0,1966.0,B02,2.0,7,0,0.0,0.0,4.0,2.0,2,12,1600,1,1,1,4,4,3,10,2,2
29355,201600012814,2.0,2,1,1,11.0,0.0,0.0,0.0,1973.0,B02,2.0,7,0,0.0,0.0,4.0,2.0,2,12,1600,1,1,1,4,4,3,10,2,2
29356,201600012814,3.0,2,1,2,11.0,0.0,0.0,0.0,1999.0,B02,2.0,7,0,0.0,0.0,4.0,2.0,2,12,1600,1,1,1,4,4,3,10,2,2
29357,201600012814,4.0,2,1,2,11.0,0.0,0.0,0.0,2002.0,B02,2.0,7,0,0.0,0.0,4.0,2.0,2,12,1600,1,1,1,4,4,3,10,2,2
29358,201600012814,5.0,2,1,1,11.0,0.0,0.0,0.0,1997.0,B02,2.0,7,0,0.0,0.0,4.0,2.0,2,12,1600,1,1,1,4,4,3,10,2,2
29359,201600012814,1.0,1,4,1,11.0,0.0,0.0,0.0,1945.0,A01,2.0,7,0,0.0,2.0,1.0,1.0,2,12,1600,1,1,1,4,4,3,10,2,2
29360,201600012814,2.0,2,3,2,11.0,0.0,0.0,0.0,1949.0,A01,2.0,7,0,0.0,2.0,1.0,1.0,2,12,1600,1,1,1,4,4,3,10,2,2
29361,201600012814,1.0,1,1,1,11.0,0.0,0.0,0.0,1958.0,C03,2.0,10,0,0.0,2.0,2.0,2.0,2,12,1600,1,1,1,4,4,3,7,2,2
29362,201600012814,2.0,2,1,2,11.0,0.0,0.0,0.0,1948.0,C03,2.0,10,0,0.0,2.0,2.0,2.0,2,12,1600,1,1,1,4,4,3,7,2,2
29363,201600012815,5.0,2,3,1,12.0,0.0,0.0,0.0,1995.0,A01,2.0,7,0,13.0,0.0,2.0,14.0,8,14,800,1,1,1,1,6,1,7,2,2
29364,201600012815,1.0,1,4,1,11.0,0.0,0.0,0.0,1995.0,A01,2.0,7,0,13.0,0.0,2.0,14.0,8,14,800,1,1,1,1,6,1,7,2,2
29365,201600012815,2.0,2,4,1,11.0,0.0,0.0,0.0,1995.0,A01,2.0,7,0,13.0,0.0,2.0,14.0,8,14,800,1,1,1,1,6,1,7,2,2
29366,201600012816,1.0,1,4,1,11.0,0.0,0.0,0.0,1978.0,A01,2.0,7,0,0.0,0.0,2.0,1.0,8,27,1000,1,1,1,1,6,1,7,2,2
29367,201600012816,2.0,2,1,2,11.0,0.0,0.0,0.0,1985.0,A01,2.0,7,0,0.0,0.0,2.0,1.0,8,27,1000,1,1,1,1,6,1,7,2,2
29368,201600012816,3.0,2,1,2,11.0,0.0,0.0,0.0,2011.0,A01,2.0,7,0,0.0,0.0,2.0,1.0,8,27,1000,1,1,1,1,6,1,7,2,2
29369,201600012817,1.0,1,3,1,11.0,0.0,0.0,0.0,1970.0,A01,2.0,7,0,3.0,0.0,3.0,1.0,9,7,1945,2,1,1,1,6,4,7,2,2
29370,201600012818,1.0,1,1,1,11.0,0.0,0.0,0.0,1975.0,A01,0.0,7,0,0.0,2.0,2.0,15.0,2,3,730,5,2,1,1,1,1,33,2,1
29371,201600012818,1.0,1,3,2,21.0,0.0,0.0,0.0,1996.0,B02,0.0,33,0,0.0,2.0,1.0,1.0,2,3,730,5,2,1,1,1,1,7,1,2
29372,201600012819,1.0,1,3,1,12.0,0.0,0.0,0.0,1978.0,A01,2.0,7,0,0.0,2.0,7.0,17.0,3,7,630,3,1,1,1,3,1,7,2,2
29373,201600012819,1.0,1,1,1,11.0,0.0,0.0,0.0,1984.0,B02,2.0,7,0,0.0,2.0,3.0,1.0,3,7,630,3,1,1,1,3,1,7,2,2
29374,201600012820,1.0,1,3,1,11.0,0.0,0.0,0.0,1986.0,B02,2.0,7,0,0.0,2.0,9.0,1.0,3,12,845,1,1,1,1,4,1,7,2,2
29375,201600012820,2.0,2,4,2,11.0,0.0,0.0,0.0,1986.0,B02,2.0,7,0,0.0,2.0,9.0,1.0,3,12,845,1,1,1,1,4,1,7,2,2
29376,201600012820,1.0,1,4,2,11.0,0.0,0.0,0.0,1992.0,C03,2.0,7,0,0.0,2.0,8.0,1.0,3,12,845,1,1,1,1,4,1,7,2,2
29377,201600012820,1.0,1,1,2,11.0,0.0,0.0,0.0,1990.0,A01,1.0,7,0,0.0,2.0,3.0,13.0,3,12,845,1,1,1,1,4,1,7,2,2
29378,201600012821,1.0,1,1,1,11.0,0.0,0.0,0.0,1934.0,A01,0.0,7,0,0.0,1.0,2.0,1.0,8,24,915,1,2,1,1,6,1,7,2,2
29379,201600012821,0.0,3,3,1,0.0,2.0,9.0,1.0,1971.0,A01,0.0,7,0,0.0,1.0,2.0,1.0,8,24,915,1,2,1,1,6,1,7,2,2
29380,201600012822,1.0,1,1,2,11.0,0.0,0.0,0.0,1981.0,A01,1.0,7,0,0.0,2.0,7.0,15.0,9,5,830,1,1,1,1,3,1,33,2,1
29381,201600012822,1.0,1,2,1,21.0,0.0,0.0,0.0,1991.0,B02,2.0,33,0,0.0,2.0,1.0,1.0,9,5,830,1,1,1,1,3,1,7,1,2
29382,201600012823,1.0,1,3,1,11.0,0.0,0.0,0.0,1932.0,A01,0.0,3,0,0.0,2.0,3.0,9.0,9,21,1045,1,1,9,1,3,1,14,0,3
29383,201600012823,1.0,1,1,1,11.0,0.0,0.0,0.0,1989.0,B02,0.0,14,0,0.0,2.0,5.0,21.0,9,21,1045,1,1,9,1,3,1,3,3,0
29384,201600012824,1.0,1,1,1,11.0,0.0,0.0,0.0,1959.0,A01,0.0,7,0,0.0,2.0,2.0,1.0,10,15,1415,1,1,3,1,3,3,7,2,2