,Num_Acc,place,catu,grav,sexe,secu,locp,actp,etatp,an_nais,num_veh,senc,catv,occutc,obs,obsm,choc,manv,mois,jour,hrmn,lum,agg,int,atm,col,mom,catvopp,catv_gen,catvopp_gen
29539,201600012876,4.0,2,1,2,31.0,0.0,0.0,0.0,2014.0,B02,1.0,7,0,0.0,0.0,5.0,1.0,8,12,1710,1,1,1,1,2,3,33,2,1
29540,201600012877,1.0,1,1,1,11.0,0.0,0.0,0.0,1963.0,D04,1.0,7,0,0.0,0.0,4.0,23.0,10,24,830,2,1,1,2,4,1,10,2,2
29541,201600012877,1.0,1,4,2,11.0,0.0,0.0,0.0,1992.0,C03,1.0,7,0,0.0,2.0,4.0,23.0,10,24,830,2,1,1,2,4,1,10,2,2
29542,201600012877,1.0,1,3,1,11.0,0.0,0.0,0.0,1970.0,A01,1.0,10,0,0.0,2.0,1.0,2.0,10,24,830,2,1,1,2,4,1,7,2,2
29543,201600012877,1.0,1,1,2,11.0,0.0,0.0,0.0,1972.0,B02,1.0,7,0,0.0,2.0,4.0,23.0,10,24,830,2,1,1,2,4,1,10,2,2
29544,201600012878,1.0,1,3,1,21.0,0.0,0.0,0.0,1994.0,A01,1.0,33,0,3.0,0.0,3.0,1.0,10,28,1715,1,1,1,1,6,3,33,1,1
29545,201600012879,1.0,1,3,2,11.0,0.0,0.0,0.0,1944.0,A01,1.0,7,0,0.0,2.0,1.0,2.0,11,22,1600,1,1,1,1,2,3,17,2,3
29546,201600012879,1.0,1,1,1,11.0,0.0,0.0,0.0,1977.0,B02,1.0,17,0,0.0,0.0,4.0,2.0,11,22,1600,1,1,1,1,2,3,7,3,2
29547,201600012880,1.0,1,1,1,11.0,0.0,0.0,0.0,1979.0,A01,1.0,7,0,0.0,2.0,1.0,2.0,4,5,1145,1,1,1,2,2,1,7,2,2
29548,201600012880,1.0,1,4,1,11.0,0.0,0.0,0.0,1979.0,B02,1.0,7,0,0.0,2.0,4.0,0.0,4,5,1145,1,1,1,2,2,1,7,2,2
29549,201600012881,1.0,1,1,2,11.0,0.0,0.0,0.0,1998.0,A01,2.0,7,0,3.0,0.0,2.0,21.0,7,4,1445,1,1,1,1,7,3,7,2,2
29550,201600012881,2.0,2,3,1,11.0,0.0,0.0,0.0,1998.0,A01,2.0,7,0,3.0,0.0,2.0,21.0,7,4,1445,1,1,1,1,7,3,7,2,2
29551,201600012881,3.0,2,1,2,11.0,0.0,0.0,0.0,1998.0,A01,2.0,7,0,3.0,0.0,2.0,21.0,7,4,1445,1,1,1,1,7,3,7,2,2
29552,201600012881,4.0,2,1,2,11.0,0.0,0.0,0.0,1998.0,A01,2.0,7,0,3.0,0.0,2.0,21.0,7,4,1445,1,1,1,1,7,3,7,2,2
29553,201600012881,8.0,2,1,2,11.0,0.0,0.0,0.0,1998.0,A01,2.0,7,0,3.0,0.0,2.0,21.0,7,4,1445,1,1,1,1,7,3,7,2,2
29554,201600012882,0.0,3,3,1,43.0,1.0,2.0,1.0,1979.0,A01,1.0,10,0,0.0,1.0,7.0,0.0,12,24,2145,3,1,1,1,7,4,10,2,2
29555,201600012883,1.0,1,3,2,11.0,0.0,0.0,0.0,1946.0,A01,1.0,7,0,3.0,0.0,3.0,21.0,10,14,1020,1,1,1,1,6,1,15,2,3
29556,201600012883,1.0,1,1,1,11.0,0.0,0.0,0.0,1972.0,B02,1.0,15,0,0.0,0.0,0.0,1.0,10,14,1020,1,1,1,1,6,1,7,3,2
29557,201600012884,1.0,1,1,1,11.0,0.0,0.0,0.0,1979.0,B01,1.0,17,0,0.0,0.0,6.0,2.0,12,17,1530,1,1,1,7,2,3,7,3,2
29558,201600012884,9.0,2,3,2,11.0,0.0,0.0,0.0,1965.0,A01,1.0,7,0,0.0,2.0,2.0,2.0,12,17,1530,1,1,1,7,2,3,17,2,3
29559,201600012884,7.0,2,1,2,11.0,0.0,0.0,0.0,1956.0,A01,1.0,7,0,0.0,2.0,2.0,2.0,12,17,1530,1,1,1,7,2,3,17,2,3
29560,201600012884,1.0,1,3,1,11.0,0.0,0.0,0.0,1956.0,A01,1.0,7,0,0.0,2.0,2.0,2.0,12,17,1530,1,1,1,7,2,3,17,2,3
29561,201600012884,2.0,2,3,1,11.0,0.0,0.0,0.0,1956.0,A01,1.0,7,0,0.0,2.0,2.0,2.0,12,17,1530,1,1,1,7,2,3,17,2,3
29562,201600012885,1.0,1,2,1,11.0,0.0,0.0,0.0,1995.0,A01,1.0,7,0,2.0,0.0,8.0,14.0,3,26,2215,3,1,1,1,6,5,7,2,2
29563,201600012886,1.0,1,3,2,11.0,0.0,0.0,0.0,1982.0,A01,1.0,7,0,2.0,0.0,3.0,1.0,4,25,1345,1,1,1,1,6,2,7,2,2
29564,201600012887,1.0,1,3,1,21.0,0.0,0.0,0.0,1956.0,B02,2.0,33,0,0.0,2.0,8.0,1.0,5,5,1500,1,1,1,1,3,3,7,1,2
29565,201600012887,2.0,2,3,2,21.0,0.0,0.0,0.0,1956.0,B02,2.0,33,0,0.0,2.0,8.0,1.0,5,5,1500,1,1,1,1,3,3,7,1,2
29566,201600012887,1.0,1,1,1,11.0,0.0,0.0,0.0,1983.0,A01,1.0,7,0,0.0,2.0,8.0,17.0,5,5,1500,1,1,1,1,3,3,33,2,1
29567,201600012888,1.0,1,3,1,21.0,0.0,0.0,0.0,1969.0,A01,0.0,30,0,15.0,0.0,1.0,1.0,6,3,2315,3,2,1,1,6,5,30,1,1
29568,201600012889,1.0,1,3,1,11.0,0.0,0.0,0.0,1967.0,A01,0.0,10,0,0.0,0.0,1.0,0.0,7,13,1,3,1,1,1,6,0,10,2,2
29569,201600012890,1.0,1,1,1,11.0,0.0,0.0,0.0,1960.0,A01,0.0,10,0,0.0,1.0,6.0,4.0,7,28,1115,1,2,1,1,6,1,10,2,2
29570,201600012890,0.0,3,3,1,0.0,1.0,3.0,1.0,1937.0,A01,0.0,10,0,0.0,1.0,6.0,4.0,7,28,1115,1,2,1,1,6,1,10,2,2
29571,201600012891,1.0,1,4,1,11.0,0.0,0.0,0.0,1979.0,B02,0.0,7,0,0.0,2.0,2.0,0.0,8,9,1830,1,2,3,1,3,4,7,2,2
29572,201600012891,2.0,2,4,2,11.0,0.0,0.0,0.0,1959.0,B02,0.0,7,0,0.0,2.0,2.0,0.0,8,9,1830,1,2,3,1,3,4,7,2,2
29573,201600012891,5.0,2,4,1,11.0,0.0,0.0,0.0,1983.0,B02,0.0,7,0,0.0,2.0,2.0,0.0,8,9,1830,1,2,3,1,3,4,7,2,2
29574,201600012891,5.0,2,4,1,11.0,0.0,0.0,0.0,2006.0,B02,0.0,7,0,0.0,2.0,2.0,0.0,8,9,1830,1,2,3,1,3,4,7,2,2
29575,201600012891,1.0,1,3,2,12.0,0.0,0.0,0.0,1968.0,A01,0.0,7,0,0.0,2.0,1.0,0.0,8,9,1830,1,2,3,1,3,4,7,2,2
29576,201600012892,2.0,2,3,1,21.0,0.0,0.0,0.0,1999.0,B01,2.0,2,0,0.0,2.0,7.0,0.0,11,21,1821,5,2,6,8,6,4,7,1,2
29577,201600012892,1.0,1,4,1,21.0,0.0,0.0,0.0,1996.0,B01,2.0,2,0,0.0,2.0,7.0,0.0,11,21,1821,5,2,6,8,6,4,7,1,2
29578,201600012892,1.0,1,1,1,11.0,0.0,0.0,0.0,1975.0,A01,2.0,7,0,0.0,2.0,2.0,0.0,11,21,1821,5,2,6,8,6,4,2,2,1
29579,201600012893,1.0,1,1,1,11.0,0.0,0.0,0.0,1977.0,A01,2.0,7,0,0.0,9.0,0.0,16.0,10,13,1622,1,2,1,2,7,3,30,2,1
29580,201600012893,1.0,1,4,1,21.0,0.0,0.0,0.0,2001.0,B01,2.0,30,0,0.0,0.0,0.0,0.0,10,13,1622,1,2,1,2,7,3,7,1,2
29581,201600012894,1.0,1,3,1,11.0,0.0,0.0,0.0,1926.0,A01,2.0,7,0,0.0,2.0,9.0,13.0,10,19,1630,1,1,1,1,6,3,13,2,3
29582,201600012894,1.0,1,1,1,11.0,0.0,0.0,0.0,1943.0,B01,1.0,13,0,0.0,2.0,5.0,1.0,10,19,1630,1,1,1,1,6,3,7,3,2
29583,201600012895,1.0,1,1,2,11.0,0.0,0.0,0.0,1992.0,A01,1.0,7,0,0.0,2.0,2.0,2.0,12,15,1838,3,1,1,1,2,4,7,2,2
29584,201600012895,1.0,1,4,2,11.0,0.0,0.0,0.0,1989.0,B01,1.0,7,0,0.0,2.0,4.0,0.0,12,15,1838,3,1,1,1,2,4,7,2,2
29585,201600012895,2.0,2,4,2,11.0,0.0,0.0,0.0,1976.0,B01,1.0,7,0,0.0,2.0,4.0,0.0,12,15,1838,3,1,1,1,2,4,7,2,2
29586,201600012896,1.0,1,1,1,21.0,0.0,0.0,0.0,1972.0,A01,1.0,34,0,0.0,2.0,1.0,17.0,12,19,1429,1,2,1,1,6,3,7,1,2
29587,201600012896,1.0,1,3,1,11.0,0.0,0.0,0.0,1976.0,B01,2.0,7,0,0.0,2.0,8.0,0.0,12,19,1429,1,2,1,1,6,3,34,2,1
29588,201600012897,1.0,1,1,1,11.0,0.0,0.0,0.0,1952.0,A01,1.0,7,0,1.0,2.0,2.0,2.0,12,27,1855,5,2,1,5,2,4,7,2,2
29589,201600012897,2.0,2,3,1,11.0,0.0,0.0,0.0,2000.0,B01,1.0,7,0,0.0,0.0,6.0,24.0,12,27,1855,5,2,1,5,2,4,7,2,2
29590,201600012898,1.0,1,1,1,11.0,0.0,0.0,0.0,1962.0,A01,1.0,7,0,0.0,2.0,8.0,15.0,12,24,1520,1,2,3,1,3,3,7,2,2
29591,201600012898,1.0,1,3,2,11.0,0.0,0.0,0.0,1967.0,B01,1.0,7,0,0.0,2.0,2.0,2.0,12,24,1520,1,2,3,1,3,3,7,2,2
29592,201600012898,2.0,2,3,1,11.0,0.0,0.0,0.0,1981.0,B01,1.0,7,0,0.0,2.0,2.0,2.0,12,24,1520,1,2,3,1,3,3,7,2,2
29593,201600012899,1.0,1,4,1,21.0,0.0,0.0,0.0,1999.0,B01,1.0,31,0,0.0,2.0,1.0,1.0,1,6,1757,5,2,1,2,3,3,7,1,2
29594,201600012899,1.0,1,1,2,11.0,0.0,0.0,0.0,1946.0,A01,2.0,7,0,0.0,2.0,5.0,10.0,1,6,1757,5,2,1,2,3,3,31,2,1
29595,201600012900,1.0,1,1,1,11.0,0.0,0.0,0.0,1988.0,A01,2.0,99,0,0.0,2.0,1.0,0.0,8,3,2025,1,2,6,1,6,4,2,0,1
29596,201600012900,1.0,1,4,1,21.0,0.0,0.0,0.0,1993.0,B01,0.0,2,0,0.0,2.0,1.0,21.0,8,3,2025,1,2,6,1,6,4,99,1,0
29597,201600012901,1.0,1,4,1,11.0,0.0,0.0,0.0,1929.0,A01,1.0,7,0,0.0,2.0,3.0,5.0,1,20,1413,1,1,1,1,1,3,7,2,2
29598,201600012901,1.0,1,4,1,11.0,0.0,0.0,0.0,1988.0,B01,2.0,7,0,0.0,2.0,3.0,1.0,1,20,1413,1,1,1,1,1,3,7,2,2
29599,201600012902,1.0,1,3,1,21.0,0.0,0.0,0.0,1999.0,A01,0.0,30,0,0.0,2.0,1.0,17.0,1,8,1734,2,2,3,1,3,3,7,1,2
29600,201600012902,1.0,1,1,1,11.0,0.0,0.0,0.0,1949.0,B01,0.0,7,0,0.0,2.0,3.0,15.0,1,8,1734,2,2,3,1,3,3,30,2,1
29601,201600012903,1.0,1,3,1,21.0,0.0,0.0,0.0,1995.0,A01,2.0,30,0,0.0,2.0,1.0,0.0,1,22,2046,2,2,2,3,3,4,7,1,2
29602,201600012903,1.0,1,1,2,11.0,0.0,0.0,0.0,1975.0,B01,1.0,7,0,0.0,2.0,6.0,15.0,1,22,2046,2,2,2,3,3,4,30,2,1
29603,201600012904,1.0,1,1,1,11.0,0.0,0.0,0.0,1993.0,A01,1.0,7,0,0.0,2.0,1.0,2.0,1,23,1008,1,2,1,1,2,1,30,2,1
29604,201600012904,1.0,1,4,1,21.0,0.0,0.0,0.0,1973.0,B01,1.0,30,0,0.0,2.0,4.0,2.0,1,23,1008,1,2,1,1,2,1,7,1,2
29605,201600012905,1.0,1,1,2,11.0,0.0,0.0,0.0,1984.0,A01,2.0,7,0,0.0,2.0,1.0,2.0,1,26,852,1,2,6,1,2,1,7,2,2
29606,201600012905,1.0,1,4,2,11.0,0.0,0.0,0.0,1981.0,B01,2.0,7,0,0.0,2.0,4.0,2.0,1,26,852,1,2,6,1,2,1,7,2,2
29607,201600012906,1.0,1,1,1,11.0,0.0,0.0,0.0,1987.0,A01,1.0,7,0,0.0,2.0,2.0,1.0,1,22,2300,5,2,3,3,3,5,1,2,1
29608,201600012906,1.0,1,4,2,23.0,0.0,0.0,0.0,1996.0,B01,1.0,1,0,0.0,2.0,1.0,5.0,1,22,2300,5,2,3,3,3,5,7,1,2
29609,201600012907,1.0,1,3,1,11.0,0.0,0.0,0.0,1991.0,B01,1.0,7,0,0.0,2.0,6.0,2.0,1,25,1815,5,2,1,1,2,4,7,2,2
29610,201600012907,1.0,1,1,1,11.0,0.0,0.0,0.0,1970.0,A01,1.0,7,0,0.0,2.0,2.0,17.0,1,25,1815,5,2,1,1,2,4,7,2,2
29611,201600012908,0.0,3,4,2,0.0,3.0,3.0,1.0,1948.0,A01,1.0,7,0,0.0,1.0,1.0,1.0,2,18,1030,1,2,1,1,6,1,7,2,2
29612,201600012909,1.0,1,4,1,42.0,0.0,0.0,0.0,1996.0,B01,1.0,1,0,0.0,2.0,7.0,13.0,2,22,619,5,2,6,1,3,1,7,1,2
29613,201600012909,1.0,1,1,2,11.0,0.0,0.0,0.0,1981.0,A01,1.0,7,0,0.0,2.0,3.0,9.0,2,22,619,5,2,6,1,3,1,1,2,1
29614,201600012910,1.0,1,1,1,11.0,0.0,0.0,0.0,1973.0,A01,1.0,7,0,0.0,2.0,1.0,1.0,2,22,1209,1,2,2,1,2,2,1,2,1
29615,201600012910,1.0,1,4,1,23.0,0.0,0.0,0.0,2004.0,B01,1.0,1,0,0.0,2.0,6.0,15.0,2,22,1209,1,2,2,1,2,2,7,1,2
29616,201600012911,1.0,1,1,2,11.0,0.0,0.0,0.0,1972.0,A01,1.0,7,0,0.0,1.0,1.0,2.0,2,15,1945,5,2,1,1,6,4,7,2,2
29617,201600012911,0.0,3,3,1,0.0,3.0,3.0,1.0,1986.0,A01,1.0,7,0,0.0,1.0,1.0,2.0,2,15,1945,5,2,1,1,6,4,7,2,2
29618,201600012912,1.0,1,1,1,11.0,0.0,0.0,0.0,1972.0,A01,1.0,7,0,0.0,2.0,3.0,2.0,2,3,1500,1,2,1,1,3,3,30,2,1
29619,201600012912,1.0,1,3,1,21.0,0.0,0.0,0.0,1998.0,B01,1.0,30,0,0.0,2.0,2.0,9.0,2,3,1500,1,2,1,1,3,3,7,1,2
29620,201600012913,1.0,1,1,2,11.0,0.0,0.0,0.0,1991.0,A01,2.0,7,0,0.0,2.0,1.0,2.0,2,15,1950,3,2,1,1,2,4,7,2,2
29621,201600012913,1.0,1,4,2,11.0,0.0,0.0,0.0,1982.0,B01,1.0,7,0,0.0,2.0,4.0,1.0,2,15,1950,3,2,1,1,2,4,7,2,2
29622,201600012914,1.0,1,1,1,11.0,0.0,0.0,0.0,1993.0,A01,1.0,7,0,0.0,1.0,3.0,2.0,2,28,1555,1,2,1,1,6,3,7,2,2
29623,201600012914,0.0,3,3,1,0.0,3.0,3.0,2.0,2010.0,A01,1.0,7,0,0.0,1.0,3.0,2.0,2,28,1555,1,2,1,1,6,3,7,2,2
29624,201600012915,0.0,3,3,1,0.0,3.0,3.0,2.0,1957.0,A01,1.0,7,0,0.0,1.0,7.0,2.0,2,23,2025,5,2,1,1,6,4,7,2,2
29625,201600012915,0.0,3,3,2,0.0,3.0,3.0,2.0,1960.0,A01,1.0,7,0,0.0,1.0,7.0,2.0,2,23,2025,5,2,1,1,6,4,7,2,2
29626,201600012915,1.0,1,1,1,11.0,0.0,0.0,0.0,1977.0,A01,1.0,7,0,0.0,1.0,7.0,2.0,2,23,2025,5,2,1,1,6,4,7,2,2
29627,201600012916,1.0,1,1,1,11.0,0.0,0.0,0.0,1994.0,A01,1.0,7,0,0.0,2.0,1.0,2.0,2,24,1320,1,2,1,1,4,2,7,2,2
29628,201600012916,1.0,1,1,1,11.0,0.0,0.0,0.0,1975.0,B01,1.0,7,0,0.0,2.0,4.0,2.0,2,24,1320,1,2,1,1,4,2,7,2,2
29629,201600012916,1.0,1,1,1,11.0,0.0,0.0,0.0,1952.0,C01,1.0,7,0,0.0,2.0,4.0,2.0,2,24,1320,1,2,1,1,4,2,7,2,2
29630,201600012916,3.0,2,1,2,11.0,0.0,0.0,0.0,1968.0,C01,1.0,7,0,0.0,2.0,4.0,2.0,2,24,1320,1,2,1,1,4,2,7,2,2
29631,201600012916,4.0,2,3,2,11.0,0.0,0.0,0.0,1975.0,C01,1.0,7,0,0.0,2.0,4.0,2.0,2,24,1320,1,2,1,1,4,2,7,2,2
29632,201600012917,1.0,1,1,1,11.0,0.0,0.0,0.0,1959.0,A01,1.0,7,0,0.0,1.0,1.0,1.0,3,7,1852,5,2,1,2,6,4,7,2,2
29633,201600012917,0.0,3,4,2,0.0,1.0,3.0,1.0,2005.0,A01,1.0,7,0,0.0,1.0,1.0,1.0,3,7,1852,5,2,1,2,6,4,7,2,2
29634,201600012918,1.0,1,4,2,21.0,0.0,0.0,0.0,1993.0,B01,2.0,33,0,0.0,2.0,7.0,1.0,3,15,1623,1,2,3,1,3,3,7,1,2
29635,201600012918,1.0,1,1,1,11.0,0.0,0.0,0.0,1937.0,A01,1.0,7,0,0.0,2.0,1.0,9.0,3,15,1623,1,2,3,1,3,3,33,2,1
29636,201600012919,1.0,1,1,1,11.0,0.0,0.0,0.0,1928.0,A01,2.0,7,0,0.0,1.0,1.0,1.0,3,9,1230,1,2,1,1,6,2,7,2,2
29637,201600012919,0.0,3,4,2,0.0,3.0,3.0,1.0,1999.0,A01,2.0,7,0,0.0,1.0,1.0,1.0,3,9,1230,1,2,1,1,6,2,7,2,2
29638,201600012920,1.0,1,1,1,11.0,0.0,0.0,0.0,1969.0,A01,2.0,7,0,0.0,1.0,1.0,1.0,3,8,2123,5,2,1,8,6,4,7,2,2
29639,201600012920,0.0,3,4,1,0.0,1.0,5.0,3.0,2000.0,A01,2.0,7,0,0.0,1.0,1.0,1.0,3,8,2123,5,2,1,8,6,4,7,2,2
29640,201600012921,1.0,1,3,2,11.0,0.0,0.0,0.0,1954.0,B01,1.0,7,0,0.0,2.0,1.0,0.0,3,6,2020,4,1,1,1,1,4,7,2,2
29641,201600012921,2.0,2,1,1,11.0,0.0,0.0,0.0,1959.0,A01,1.0,7,0,0.0,2.0,1.0,6.0,3,6,2020,4,1,1,1,1,4,7,2,2
29642,201600012921,1.0,1,1,1,11.0,0.0,0.0,0.0,1975.0,A01,1.0,7,0,0.0,2.0,1.0,6.0,3,6,2020,4,1,1,1,1,4,7,2,2
29643,201600012921,3.0,2,1,2,11.0,0.0,0.0,0.0,1960.0,A01,1.0,7,0,0.0,2.0,1.0,6.0,3,6,2020,4,1,1,1,1,4,7,2,2
29644,201600012922,1.0,1,1,1,11.0,0.0,0.0,0.0,1979.0,A01,2.0,7,0,0.0,9.0,6.0,9.0,3,29,850,1,2,6,1,6,1,1,2,1
29645,201600012922,1.0,1,3,2,21.0,0.0,0.0,0.0,1938.0,B01,2.0,1,0,0.0,2.0,1.0,1.0,3,29,850,1,2,6,1,6,1,7,1,2
29646,201600012923,1.0,1,1,1,11.0,0.0,0.0,0.0,1956.0,A01,2.0,7,0,0.0,9.0,1.0,15.0,3,17,1048,1,2,3,1,6,1,1,2,1
29647,201600012923,1.0,1,4,1,93.0,0.0,0.0,0.0,1935.0,B01,1.0,1,0,0.0,2.0,1.0,1.0,3,17,1048,1,2,3,1,6,1,7,1,2
29648,201600012924,1.0,1,1,1,11.0,0.0,0.0,0.0,1963.0,A01,1.0,7,0,0.0,2.0,1.0,2.0,3,25,1414,1,2,1,1,6,3,7,2,2
29649,201600012924,1.0,1,1,2,11.0,0.0,0.0,0.0,1951.0,B01,1.0,7,0,0.0,1.0,4.0,2.0,3,25,1414,1,2,1,1,6,3,7,2,2
29650,201600012924,0.0,3,4,1,0.0,3.0,3.0,1.0,1965.0,B01,1.0,7,0,0.0,1.0,4.0,2.0,3,25,1414,1,2,1,1,6,3,7,2,2
29651,201600012925,1.0,1,1,1,11.0,0.0,0.0,0.0,1946.0,A01,1.0,7,0,0.0,2.0,7.0,9.0,4,3,1054,1,2,6,1,3,1,2,2,1
29652,201600012925,2.0,2,1,2,11.0,0.0,0.0,0.0,1948.0,A01,1.0,7,0,0.0,2.0,7.0,9.0,4,3,1054,1,2,6,1,3,1,2,2,1
29653,201600012925,1.0,1,4,1,21.0,0.0,0.0,0.0,1952.0,B01,2.0,2,0,0.0,2.0,1.0,1.0,4,3,1054,1,2,6,1,3,1,7,1,2
29654,201600012926,1.0,1,3,1,21.0,0.0,0.0,0.0,1942.0,A01,1.0,30,0,0.0,9.0,0.0,2.0,4,5,1055,1,2,1,1,6,1,30,1,1
29655,201600012927,1.0,1,1,1,11.0,0.0,0.0,0.0,1943.0,A01,1.0,7,0,0.0,2.0,2.0,0.0,4,6,1735,1,2,1,1,3,3,1,2,1
29656,201600012927,1.0,1,3,1,21.0,0.0,0.0,0.0,1980.0,B01,2.0,1,0,0.0,0.0,0.0,0.0,4,6,1735,1,2,1,1,3,3,7,1,2
29657,201600012928,1.0,1,1,2,11.0,0.0,0.0,0.0,1989.0,A01,2.0,7,0,0.0,2.0,8.0,16.0,4,27,1627,1,2,3,1,3,3,2,2,1
29658,201600012928,1.0,1,4,1,21.0,0.0,0.0,0.0,1997.0,B01,1.0,2,0,0.0,2.0,0.0,0.0,4,27,1627,1,2,3,1,3,3,7,1,2
29659,201600012928,2.0,2,1,2,21.0,0.0,0.0,0.0,1996.0,B01,1.0,2,0,0.0,2.0,0.0,0.0,4,27,1627,1,2,3,1,3,3,7,1,2
29660,201600012929,1.0,1,1,2,11.0,0.0,0.0,0.0,1953.0,A01,0.0,7,0,0.0,1.0,8.0,1.0,3,21,1830,1,2,1,1,6,4,7,2,2
29661,201600012929,0.0,3,1,1,0.0,3.0,3.0,2.0,1999.0,A01,0.0,7,0,0.0,1.0,8.0,1.0,3,21,1830,1,2,1,1,6,4,7,2,2
29662,201600012929,0.0,3,3,1,0.0,3.0,3.0,2.0,2000.0,A01,0.0,7,0,0.0,1.0,8.0,1.0,3,21,1830,1,2,1,1,6,4,7,2,2
29663,201600012930,1.0,1,1,1,21.0,0.0,0.0,0.0,1996.0,A01,2.0,2,0,0.0,0.0,0.0,0.0,4,16,1329,1,2,1,1,6,2,33,1,1
29664,201600012930,1.0,1,3,1,21.0,0.0,0.0,0.0,1985.0,B01,2.0,33,0,0.0,0.0,0.0,0.0,4,16,1329,1,2,1,1,6,2,2,1,1
29665,201600012931,1.0,1,1,1,11.0,0.0,0.0,0.0,1937.0,A01,1.0,7,0,0.0,2.0,2.0,15.0,4,20,1640,1,2,1,1,3,3,33,2,1
29666,201600012931,1.0,1,3,1,21.0,0.0,0.0,0.0,1972.0,B01,2.0,33,0,0.0,2.0,1.0,2.0,4,20,1640,1,2,1,1,3,3,7,1,2
29667,201600012932,1.0,1,4,1,21.0,0.0,0.0,0.0,1997.0,A01,1.0,31,0,0.0,2.0,1.0,2.0,5,14,1653,1,2,1,1,6,3,7,1,2
29668,201600012932,1.0,1,1,2,11.0,0.0,0.0,0.0,1963.0,B01,2.0,7,0,0.0,2.0,8.0,15.0,5,14,1653,1,2,1,1,6,3,31,2,1
29669,201600012933,1.0,1,1,2,11.0,0.0,0.0,0.0,1969.0,B01,1.0,7,0,0.0,2.0,2.0,1.0,5,24,1722,1,2,2,1,3,3,30,2,1
29670,201600012933,1.0,1,4,2,21.0,0.0,0.0,0.0,1999.0,A01,2.0,30,0,0.0,2.0,1.0,9.0,5,24,1722,1,2,2,1,3,3,7,1,2
29671,201600012933,2.0,2,4,2,21.0,0.0,0.0,0.0,1998.0,A01,2.0,30,0,0.0,2.0,1.0,9.0,5,24,1722,1,2,2,1,3,3,7,1,2
29672,201600012934,1.0,1,3,1,21.0,0.0,0.0,0.0,1991.0,B01,1.0,30,0,0.0,2.0,1.0,2.0,5,25,1400,1,2,1,1,3,3,7,1,2
29673,201600012934,1.0,1,1,1,11.0,0.0,0.0,0.0,1936.0,A01,2.0,7,0,0.0,2.0,2.0,15.0,5,25,1400,1,2,1,1,3,3,30,2,1
29674,201600012935,1.0,1,1,1,11.0,0.0,0.0,0.0,1974.0,A01,2.0,7,0,0.0,1.0,1.0,1.0,5,28,2003,1,2,1,1,6,4,7,2,2
29675,201600012935,0.0,3,4,2,0.0,3.0,3.0,1.0,2010.0,A01,2.0,7,0,0.0,1.0,1.0,1.0,5,28,2003,1,2,1,1,6,4,7,2,2
29676,201600012936,1.0,1,3,1,11.0,0.0,0.0,0.0,1960.0,A01,1.0,7,0,0.0,2.0,2.0,15.0,1,16,2220,1,1,1,1,3,5,7,2,2
29677,201600012936,1.0,1,1,1,11.0,0.0,0.0,0.0,1988.0,B01,2.0,7,0,0.0,2.0,3.0,2.0,1,16,2220,1,1,1,1,3,5,7,2,2
29678,201600012937,0.0,3,3,1,0.0,5.0,1.0,1.0,1962.0,A01,1.0,7,0,0.0,1.0,1.0,0.0,7,14,1835,1,2,1,1,6,4,7,2,2
29679,201600012938,1.0,1,1,2,11.0,0.0,0.0,0.0,1976.0,A01,1.0,7,0,0.0,2.0,7.0,9.0,7,1,1608,1,2,1,1,3,3,1,2,1
29680,201600012938,1.0,1,4,1,23.0,0.0,0.0,0.0,1995.0,B01,1.0,1,0,0.0,2.0,1.0,1.0,7,1,1608,1,2,1,1,3,3,7,1,2
29681,201600012939,1.0,1,1,1,11.0,0.0,0.0,0.0,1986.0,A01,2.0,10,0,0.0,1.0,1.0,1.0,7,1,823,1,2,1,1,6,1,10,2,2
29682,201600012939,0.0,3,4,1,0.0,3.0,3.0,1.0,1941.0,A01,2.0,10,0,0.0,1.0,1.0,1.0,7,1,823,1,2,1,1,6,1,10,2,2
29683,201600012940,1.0,1,1,1,11.0,0.0,0.0,0.0,1989.0,A01,2.0,7,0,0.0,1.0,0.0,0.0,7,30,951,1,2,3,1,6,1,7,2,2
29684,201600012940,0.0,3,3,2,0.0,3.0,3.0,0.0,1946.0,A01,2.0,7,0,0.0,1.0,0.0,0.0,7,30,951,1,2,3,1,6,1,7,2,2
29688,201600012942,1.0,1,1,2,11.0,0.0,0.0,0.0,1992.0,A01,1.0,7,0,0.0,2.0,7.0,1.0,7,31,1416,1,2,3,1,3,3,1,2,1
29689,201600012942,1.0,1,4,1,93.0,0.0,0.0,0.0,1998.0,B01,1.0,1,0,0.0,2.0,1.0,9.0,7,31,1416,1,2,3,1,3,3,7,1,2
29690,201600012943,1.0,1,1,2,11.0,0.0,0.0,0.0,1991.0,A01,1.0,7,0,0.0,2.0,3.0,15.0,7,28,1820,1,2,3,1,6,4,1,2,1
29691,201600012943,1.0,1,3,1,93.0,0.0,0.0,0.0,1950.0,B01,2.0,1,0,0.0,2.0,8.0,0.0,7,28,1820,1,2,3,1,6,4,7,1,2
29692,201600012944,1.0,1,4,2,11.0,0.0,0.0,0.0,1946.0,B01,2.0,7,0,0.0,2.0,3.0,0.0,8,3,1557,1,2,2,1,1,3,7,2,2
29693,201600012944,1.0,1,1,1,11.0,0.0,0.0,0.0,1994.0,A01,1.0,7,0,15.0,2.0,2.0,1.0,8,3,1557,1,2,2,1,1,3,7,2,2
29694,201600012944,2.0,2,4,1,11.0,0.0,0.0,0.0,1992.0,A01,1.0,7,0,15.0,2.0,2.0,1.0,8,3,1557,1,2,2,1,1,3,7,2,2