,Num_Acc,place,catu,grav,sexe,secu,locp,actp,etatp,an_nais,num_veh,senc,catv,occutc,obs,obsm,choc,manv,mois,jour,hrmn,lum,agg,int,atm,col,mom,catvopp,catv_gen,catvopp_gen
29848,201600013009,2.0,2,1,2,11.0,0.0,0.0,0.0,1970.0,F06,2.0,7,0,0.0,2.0,1.0,1.0,12,31,1815,1,1,1,1,5,4,10,2,2
29849,201600013009,3.0,2,1,2,13.0,0.0,0.0,0.0,1996.0,F06,2.0,7,0,0.0,2.0,1.0,1.0,12,31,1815,1,1,1,1,5,4,10,2,2
29850,201600013009,4.0,2,4,2,13.0,0.0,0.0,0.0,1982.0,F06,2.0,7,0,0.0,2.0,1.0,1.0,12,31,1815,1,1,1,1,5,4,10,2,2
29851,201600013009,1.0,1,1,1,13.0,0.0,0.0,0.0,1987.0,E05,2.0,10,0,0.0,2.0,1.0,1.0,12,31,1815,1,1,1,1,5,4,7,2,2
29852,201600013009,2.0,2,1,2,13.0,0.0,0.0,0.0,1986.0,E05,2.0,10,0,0.0,2.0,1.0,1.0,12,31,1815,1,1,1,1,5,4,7,2,2
29853,201600013009,8.0,2,1,1,13.0,0.0,0.0,0.0,1996.0,E05,2.0,10,0,0.0,2.0,1.0,1.0,12,31,1815,1,1,1,1,5,4,7,2,2
29854,201600013009,2.0,2,1,1,13.0,0.0,0.0,0.0,1981.0,C03,1.0,7,0,0.0,2.0,1.0,1.0,12,31,1815,1,1,1,1,5,4,10,2,2
29855,201600013009,3.0,2,1,2,13.0,0.0,0.0,0.0,2010.0,C03,1.0,7,0,0.0,2.0,1.0,1.0,12,31,1815,1,1,1,1,5,4,10,2,2
29856,201600013009,1.0,1,1,2,11.0,0.0,0.0,0.0,1984.0,C03,1.0,7,0,0.0,2.0,1.0,1.0,12,31,1815,1,1,1,1,5,4,10,2,2
29857,201600013009,1.0,1,1,2,13.0,0.0,0.0,0.0,1979.0,B02,1.0,7,0,0.0,2.0,1.0,1.0,12,31,1815,1,1,1,1,5,4,10,2,2
29858,201600013009,2.0,2,1,1,13.0,0.0,0.0,0.0,2003.0,B02,1.0,7,0,0.0,2.0,1.0,1.0,12,31,1815,1,1,1,1,5,4,10,2,2
29859,201600013009,3.0,2,1,1,13.0,0.0,0.0,0.0,2007.0,B02,1.0,7,0,0.0,2.0,1.0,1.0,12,31,1815,1,1,1,1,5,4,10,2,2
29860,201600013009,4.0,2,1,1,13.0,0.0,0.0,0.0,2004.0,B02,1.0,7,0,0.0,2.0,1.0,1.0,12,31,1815,1,1,1,1,5,4,10,2,2
29861,201600013009,2.0,2,1,1,13.0,0.0,0.0,0.0,1964.0,D04,2.0,7,0,0.0,2.0,1.0,1.0,12,31,1815,1,1,1,1,5,4,10,2,2
29862,201600013009,3.0,2,4,1,13.0,0.0,0.0,0.0,2001.0,D04,2.0,7,0,0.0,2.0,1.0,1.0,12,31,1815,1,1,1,1,5,4,10,2,2
29863,201600013009,1.0,1,4,1,11.0,0.0,0.0,0.0,1960.0,D04,2.0,7,0,0.0,2.0,1.0,1.0,12,31,1815,1,1,1,1,5,4,10,2,2
29864,201600013009,1.0,1,1,1,13.0,0.0,0.0,0.0,1971.0,H08,2.0,7,0,0.0,2.0,1.0,1.0,12,31,1815,1,1,1,1,5,4,10,2,2
29865,201600013009,1.0,1,1,1,13.0,0.0,0.0,0.0,1968.0,A01,1.0,7,0,0.0,2.0,1.0,1.0,12,31,1815,1,1,1,1,5,4,10,2,2
29866,201600013009,1.0,1,4,1,13.0,0.0,0.0,0.0,1962.0,G07,2.0,7,0,0.0,2.0,1.0,1.0,12,31,1815,1,1,1,1,5,4,10,2,2
29867,201600013009,2.0,2,4,2,13.0,0.0,0.0,0.0,1972.0,G07,2.0,7,0,0.0,2.0,1.0,1.0,12,31,1815,1,1,1,1,5,4,10,2,2
29868,201600013009,3.0,2,4,1,13.0,0.0,0.0,0.0,1993.0,G07,2.0,7,0,0.0,2.0,1.0,1.0,12,31,1815,1,1,1,1,5,4,10,2,2
29869,201600013009,5.0,2,1,1,13.0,0.0,0.0,0.0,2001.0,G07,2.0,7,0,0.0,2.0,1.0,1.0,12,31,1815,1,1,1,1,5,4,10,2,2
29870,201600013009,1.0,1,1,1,13.0,0.0,0.0,0.0,1997.0,I09,2.0,7,0,0.0,2.0,1.0,1.0,12,31,1815,1,1,1,1,5,4,10,2,2
29871,201600013010,5.0,2,3,1,12.0,0.0,0.0,0.0,2007.0,A01,1.0,7,0,3.0,0.0,9.0,21.0,2,13,1345,1,1,1,3,6,2,7,2,2
29872,201600013010,1.0,1,1,2,11.0,0.0,0.0,0.0,1987.0,A01,1.0,7,0,3.0,0.0,9.0,21.0,2,13,1345,1,1,1,3,6,2,7,2,2
29873,201600013010,2.0,2,1,2,11.0,0.0,0.0,0.0,1988.0,A01,1.0,7,0,3.0,0.0,9.0,21.0,2,13,1345,1,1,1,3,6,2,7,2,2
29874,201600013010,5.0,2,1,2,11.0,0.0,0.0,0.0,1999.0,A01,1.0,7,0,3.0,0.0,9.0,21.0,2,13,1345,1,1,1,3,6,2,7,2,2
29875,201600013010,5.0,2,3,2,12.0,0.0,0.0,0.0,2004.0,A01,1.0,7,0,3.0,0.0,9.0,21.0,2,13,1345,1,1,1,3,6,2,7,2,2
29876,201600013011,2.0,2,3,1,11.0,0.0,0.0,0.0,1961.0,A01,2.0,7,0,0.0,9.0,1.0,1.0,7,29,30,3,1,1,1,6,0,7,2,2
29877,201600013011,5.0,2,3,1,11.0,0.0,0.0,0.0,2001.0,A01,2.0,7,0,0.0,9.0,1.0,1.0,7,29,30,3,1,1,1,6,0,7,2,2
29878,201600013011,1.0,1,1,1,11.0,0.0,0.0,0.0,1972.0,A01,2.0,7,0,0.0,9.0,1.0,1.0,7,29,30,3,1,1,1,6,0,7,2,2
29879,201600013012,1.0,1,3,1,11.0,0.0,0.0,0.0,1967.0,A01,1.0,7,0,3.0,0.0,1.0,1.0,9,3,30,3,1,1,1,6,0,7,2,2
29880,201600013012,2.0,2,3,2,11.0,0.0,0.0,0.0,1955.0,A01,1.0,7,0,3.0,0.0,1.0,1.0,9,3,30,3,1,1,1,6,0,7,2,2
29881,201600013013,1.0,1,4,1,11.0,0.0,0.0,0.0,1941.0,A01,2.0,7,0,13.0,0.0,1.0,1.0,11,29,1415,1,1,9,1,6,3,7,2,2
29882,201600013013,2.0,2,3,1,11.0,0.0,0.0,0.0,1944.0,A01,2.0,7,0,13.0,0.0,1.0,1.0,11,29,1415,1,1,9,1,6,3,7,2,2
29883,201600013014,1.0,1,3,1,11.0,0.0,0.0,0.0,1972.0,A01,2.0,17,0,6.0,0.0,3.0,1.0,2,4,1120,1,1,1,1,6,1,17,3,3
29884,201600013015,1.0,1,3,2,11.0,0.0,0.0,0.0,1995.0,A01,2.0,7,0,16.0,0.0,1.0,2.0,5,23,1600,1,1,1,6,7,3,7,2,2
29885,201600013015,2.0,2,3,1,11.0,0.0,0.0,0.0,1993.0,A01,2.0,7,0,16.0,0.0,1.0,2.0,5,23,1600,1,1,1,6,7,3,7,2,2
29886,201600013016,1.0,1,3,2,11.0,0.0,0.0,0.0,1941.0,A01,1.0,7,0,13.0,0.0,3.0,14.0,8,23,1530,1,1,1,1,7,3,7,2,2
29887,201600013016,2.0,2,3,1,11.0,0.0,0.0,0.0,1936.0,A01,1.0,7,0,13.0,0.0,3.0,14.0,8,23,1530,1,1,1,1,7,3,7,2,2
29888,201600013017,1.0,1,3,2,11.0,0.0,0.0,0.0,1988.0,A01,2.0,7,0,3.0,0.0,8.0,13.0,9,26,1030,1,1,1,1,6,1,7,2,2
29889,201600013018,2.0,2,4,1,11.0,0.0,0.0,0.0,1942.0,B02,2.0,7,0,0.0,2.0,4.0,1.0,11,12,1730,2,1,1,1,2,3,7,2,2
29890,201600013018,1.0,1,4,1,11.0,0.0,0.0,0.0,1943.0,B02,2.0,7,0,0.0,2.0,4.0,1.0,11,12,1730,2,1,1,1,2,3,7,2,2
29891,201600013018,1.0,1,1,1,11.0,0.0,0.0,0.0,1986.0,A01,2.0,7,0,0.0,2.0,1.0,1.0,11,12,1730,2,1,1,1,2,3,7,2,2
29892,201600013018,2.0,2,1,1,11.0,0.0,0.0,0.0,1978.0,A01,2.0,7,0,0.0,2.0,1.0,1.0,11,12,1730,2,1,1,1,2,3,7,2,2
29893,201600013019,1.0,1,3,2,11.0,0.0,0.0,0.0,1954.0,A01,1.0,7,0,4.0,0.0,2.0,14.0,11,27,1430,1,1,1,1,6,3,7,2,2
29894,201600013020,1.0,1,1,2,11.0,0.0,0.0,0.0,1975.0,A01,0.0,7,0,0.0,1.0,4.0,4.0,1,15,1100,1,2,1,1,6,1,7,2,2
29895,201600013020,0.0,3,3,2,0.0,8.0,3.0,1.0,1934.0,A01,0.0,7,0,0.0,1.0,4.0,4.0,1,15,1100,1,2,1,1,6,1,7,2,2
29896,201600013021,0.0,3,3,1,0.0,2.0,3.0,1.0,1943.0,A01,0.0,10,0,0.0,1.0,3.0,13.0,4,8,1000,1,2,1,1,6,1,10,2,2
29897,201600013021,1.0,1,1,1,13.0,0.0,0.0,0.0,1994.0,A01,0.0,10,0,0.0,1.0,3.0,13.0,4,8,1000,1,2,1,1,6,1,10,2,2
29898,201600013022,2.0,2,1,1,11.0,0.0,0.0,0.0,1999.0,B02,2.0,7,0,0.0,2.0,5.0,15.0,5,20,1645,1,1,1,1,2,3,33,2,1
29899,201600013022,1.0,1,1,1,11.0,0.0,0.0,0.0,1977.0,B02,2.0,7,0,0.0,2.0,5.0,15.0,5,20,1645,1,1,1,1,2,3,33,2,1
29900,201600013022,1.0,1,3,1,21.0,0.0,0.0,0.0,1989.0,A01,2.0,33,0,0.0,2.0,1.0,1.0,5,20,1645,1,1,1,1,2,3,7,1,2
29901,201600013023,1.0,1,4,1,11.0,0.0,0.0,0.0,1984.0,B02,2.0,7,0,0.0,9.0,3.0,1.0,6,15,800,1,1,1,1,1,1,14,2,3
29902,201600013023,1.0,1,1,1,11.0,0.0,0.0,0.0,1972.0,A01,2.0,14,0,0.0,0.0,0.0,1.0,6,15,800,1,1,1,1,1,1,7,3,2
29903,201600013024,1.0,1,1,1,11.0,0.0,0.0,0.0,1977.0,A01,0.0,7,0,0.0,2.0,7.0,1.0,7,11,1600,1,1,1,1,3,3,7,2,2
29904,201600013024,2.0,2,3,2,11.0,0.0,0.0,0.0,1949.0,A01,0.0,7,0,0.0,2.0,7.0,1.0,7,11,1600,1,1,1,1,3,3,7,2,2
29905,201600013024,1.0,1,1,1,11.0,0.0,0.0,0.0,1989.0,B02,0.0,7,0,0.0,2.0,1.0,1.0,7,11,1600,1,1,1,1,3,3,7,2,2
29906,201600013025,1.0,1,3,1,21.0,0.0,0.0,0.0,1973.0,B02,0.0,34,0,0.0,2.0,7.0,1.0,7,20,1215,1,2,6,1,3,2,7,1,2
29907,201600013025,1.0,1,1,2,11.0,0.0,0.0,0.0,1941.0,A01,0.0,7,0,0.0,2.0,1.0,16.0,7,20,1215,1,2,6,1,3,2,34,2,1
29908,201600013026,1.0,1,1,1,11.0,0.0,0.0,0.0,1973.0,B02,0.0,7,0,0.0,2.0,7.0,1.0,8,25,1900,1,1,1,1,3,4,31,2,1
29909,201600013026,1.0,1,3,1,21.0,0.0,0.0,0.0,1997.0,A01,0.0,31,0,0.0,2.0,1.0,1.0,8,25,1900,1,1,1,1,3,4,7,1,2
29910,201600013027,1.0,1,3,1,11.0,0.0,0.0,0.0,1967.0,A01,1.0,7,0,0.0,2.0,1.0,1.0,3,9,2200,3,1,1,1,1,5,7,2,2
29911,201600013027,1.0,1,3,1,11.0,0.0,0.0,0.0,1985.0,B02,2.0,7,0,3.0,0.0,1.0,1.0,3,9,2200,3,1,1,1,1,5,7,2,2
29912,201600013028,1.0,1,3,2,11.0,0.0,0.0,0.0,1962.0,A01,1.0,7,0,0.0,2.0,8.0,13.0,6,24,1000,1,1,1,1,3,1,7,2,2
29913,201600013028,1.0,1,1,1,11.0,0.0,0.0,0.0,1953.0,B02,1.0,7,0,0.0,2.0,2.0,1.0,6,24,1000,1,1,1,1,3,1,7,2,2
29914,201600013029,1.0,1,3,1,11.0,0.0,0.0,0.0,1950.0,B02,1.0,10,0,0.0,2.0,6.0,2.0,10,1,545,3,1,1,1,2,0,7,2,2
29915,201600013029,1.0,1,1,1,11.0,0.0,0.0,0.0,1982.0,A01,1.0,7,0,0.0,2.0,2.0,2.0,10,1,545,3,1,1,1,2,0,10,2,2
29916,201600013030,1.0,1,4,1,11.0,0.0,0.0,0.0,1989.0,B02,2.0,7,0,0.0,2.0,3.0,2.0,10,24,645,3,1,1,1,5,1,10,2,2
29917,201600013030,1.0,1,4,1,11.0,0.0,0.0,0.0,1988.0,C03,2.0,7,0,0.0,2.0,0.0,2.0,10,24,645,3,1,1,1,5,1,10,2,2
29918,201600013030,1.0,1,1,1,11.0,0.0,0.0,0.0,1995.0,E05,2.0,7,0,3.0,2.0,1.0,1.0,10,24,645,3,1,1,1,5,1,10,2,2
29919,201600013030,1.0,1,4,2,11.0,0.0,0.0,0.0,1958.0,F06,2.0,7,0,0.0,2.0,0.0,1.0,10,24,645,3,1,1,1,5,1,10,2,2
29920,201600013030,2.0,2,1,1,11.0,0.0,0.0,0.0,1977.0,A01,2.0,10,0,0.0,0.0,5.0,2.0,10,24,645,3,1,1,1,5,1,7,2,2
29921,201600013030,3.0,2,1,1,11.0,0.0,0.0,0.0,1978.0,A01,2.0,10,0,0.0,0.0,5.0,2.0,10,24,645,3,1,1,1,5,1,7,2,2
29922,201600013030,1.0,1,1,1,11.0,0.0,0.0,0.0,1982.0,A01,2.0,10,0,0.0,0.0,5.0,2.0,10,24,645,3,1,1,1,5,1,7,2,2
29923,201600013030,1.0,1,1,1,11.0,0.0,0.0,0.0,1988.0,D04,2.0,7,0,0.0,2.0,5.0,1.0,10,24,645,3,1,1,1,5,1,10,2,2
29924,201600013031,1.0,1,3,1,11.0,0.0,0.0,0.0,1983.0,A01,1.0,7,0,0.0,2.0,1.0,12.0,12,16,1200,1,1,1,1,2,2,15,2,3
29925,201600013031,2.0,2,3,1,11.0,0.0,0.0,0.0,1983.0,A01,1.0,7,0,0.0,2.0,1.0,12.0,12,16,1200,1,1,1,1,2,2,15,2,3
29926,201600013031,3.0,2,3,1,11.0,0.0,0.0,0.0,1996.0,A01,1.0,7,0,0.0,2.0,1.0,12.0,12,16,1200,1,1,1,1,2,2,15,2,3
29927,201600013031,1.0,1,1,1,11.0,0.0,0.0,0.0,1955.0,B02,1.0,15,0,0.0,2.0,4.0,1.0,12,16,1200,1,1,1,1,2,2,7,3,2
29928,201600013032,1.0,1,3,1,11.0,0.0,0.0,0.0,1985.0,A01,2.0,10,0,0.0,1.0,1.0,2.0,12,30,1300,1,1,1,1,6,2,10,2,2
29929,201600013032,0.0,3,2,2,0.0,1.0,9.0,1.0,1931.0,A01,2.0,10,0,0.0,1.0,1.0,2.0,12,30,1300,1,1,1,1,6,2,10,2,2
29930,201600013033,1.0,1,2,1,21.0,0.0,0.0,0.0,1967.0,A01,2.0,33,0,0.0,2.0,1.0,5.0,4,9,1730,1,1,1,1,1,3,38,1,3
29931,201600013033,1.0,1,1,1,11.0,0.0,0.0,0.0,1971.0,B02,1.0,38,0,0.0,2.0,1.0,1.0,4,9,1730,1,1,1,1,1,3,33,3,1
29932,201600013034,1.0,1,1,1,11.0,0.0,0.0,0.0,1964.0,B02,1.0,14,0,0.0,2.0,3.0,0.0,5,17,900,1,2,1,1,1,1,7,3,2
29933,201600013034,1.0,1,3,1,11.0,0.0,0.0,0.0,1946.0,A01,2.0,7,0,0.0,2.0,3.0,13.0,5,17,900,1,2,1,1,1,1,14,2,3
29934,201600013035,1.0,1,2,1,11.0,0.0,0.0,0.0,1941.0,A01,1.0,7,0,0.0,2.0,3.0,5.0,6,14,1745,1,1,1,1,1,3,7,2,2
29935,201600013035,2.0,2,3,2,11.0,0.0,0.0,0.0,1950.0,A01,1.0,7,0,0.0,2.0,3.0,5.0,6,14,1745,1,1,1,1,1,3,7,2,2
29936,201600013035,1.0,1,4,1,11.0,0.0,0.0,0.0,1983.0,B02,2.0,7,0,0.0,2.0,3.0,1.0,6,14,1745,1,1,1,1,1,3,7,2,2
29937,201600013036,1.0,1,4,1,11.0,0.0,0.0,0.0,1980.0,A01,2.0,7,0,5.0,0.0,1.0,1.0,8,13,1500,1,1,1,1,6,3,7,2,2
29938,201600013036,2.0,2,4,1,11.0,0.0,0.0,0.0,1973.0,A01,2.0,7,0,5.0,0.0,1.0,1.0,8,13,1500,1,1,1,1,6,3,7,2,2
29939,201600013036,3.0,2,4,1,13.0,0.0,0.0,0.0,1991.0,A01,2.0,7,0,5.0,0.0,1.0,1.0,8,13,1500,1,1,1,1,6,3,7,2,2
29940,201600013036,3.0,2,4,2,13.0,0.0,0.0,0.0,1997.0,A01,2.0,7,0,5.0,0.0,1.0,1.0,8,13,1500,1,1,1,1,6,3,7,2,2
29941,201600013036,4.0,2,4,1,13.0,0.0,0.0,0.0,1983.0,A01,2.0,7,0,5.0,0.0,1.0,1.0,8,13,1500,1,1,1,1,6,3,7,2,2
29942,201600013036,4.0,2,4,2,13.0,0.0,0.0,0.0,1992.0,A01,2.0,7,0,5.0,0.0,1.0,1.0,8,13,1500,1,1,1,1,6,3,7,2,2
29943,201600013037,1.0,1,1,1,11.0,0.0,0.0,0.0,1973.0,A01,1.0,14,0,0.0,2.0,2.0,1.0,8,19,2300,3,1,3,1,1,5,7,3,2
29944,201600013037,1.0,1,4,1,12.0,0.0,0.0,0.0,1973.0,B02,2.0,7,0,0.0,2.0,2.0,13.0,8,19,2300,3,1,3,1,1,5,14,2,3
29945,201600013038,1.0,1,3,2,11.0,0.0,0.0,0.0,1985.0,A01,1.0,7,0,3.0,2.0,2.0,1.0,11,9,1815,3,1,1,1,3,4,7,2,2
29946,201600013038,1.0,1,4,2,11.0,0.0,0.0,0.0,1965.0,B02,1.0,7,0,0.0,2.0,1.0,1.0,11,9,1815,3,1,1,1,3,4,7,2,2
29947,201600013039,1.0,1,3,1,21.0,0.0,0.0,0.0,1995.0,B02,1.0,2,0,0.0,2.0,1.0,1.0,2,15,2000,3,1,1,1,1,4,7,1,2
29948,201600013039,1.0,1,1,2,11.0,0.0,0.0,0.0,1986.0,A01,2.0,7,0,0.0,2.0,2.0,15.0,2,15,2000,3,1,1,1,1,4,2,2,1
29949,201600013040,1.0,1,1,2,11.0,0.0,0.0,0.0,1974.0,B02,0.0,10,0,0.0,2.0,2.0,1.0,7,12,1715,1,1,1,2,3,3,1,2,1
29950,201600013040,1.0,1,3,2,1.0,0.0,0.0,0.0,1999.0,A01,0.0,1,0,0.0,2.0,1.0,11.0,7,12,1715,1,1,1,2,3,3,10,1,2
29951,201600013041,1.0,1,3,1,21.0,0.0,0.0,0.0,1973.0,A01,0.0,33,0,0.0,0.0,1.0,1.0,7,25,645,1,2,1,1,7,1,33,1,1
29952,201600013042,1.0,1,3,1,11.0,0.0,0.0,0.0,1965.0,A01,0.0,7,0,8.0,0.0,1.0,19.0,8,5,215,4,2,1,1,6,0,7,2,2
29953,201600013043,1.0,1,3,1,21.0,0.0,0.0,0.0,1954.0,A01,2.0,33,0,8.0,0.0,7.0,1.0,9,8,1500,1,1,6,1,6,3,33,1,1
29954,201600013044,1.0,1,1,1,11.0,0.0,0.0,0.0,1992.0,B02,0.0,7,0,0.0,2.0,2.0,1.0,10,25,1815,1,1,1,1,3,4,1,2,1
29955,201600013044,1.0,1,3,1,92.0,0.0,0.0,0.0,1955.0,A01,0.0,1,0,0.0,2.0,8.0,0.0,10,25,1815,1,1,1,1,3,4,7,1,2
29956,201600013045,1.0,1,1,2,13.0,0.0,0.0,0.0,1951.0,B02,1.0,7,0,0.0,9.0,2.0,2.0,10,31,1100,1,1,3,1,2,1,1,2,1
29957,201600013045,1.0,1,3,1,23.0,0.0,0.0,0.0,2000.0,A01,1.0,1,0,0.0,0.0,0.0,2.0,10,31,1100,1,1,3,1,2,1,7,1,2
29958,201600013046,1.0,1,1,1,11.0,0.0,0.0,0.0,1996.0,A01,2.0,10,0,0.0,1.0,3.0,1.0,12,6,815,1,2,6,7,6,1,10,2,2
29959,201600013046,0.0,3,3,2,92.0,3.0,3.0,1.0,1959.0,A01,2.0,10,0,0.0,1.0,3.0,1.0,12,6,815,1,2,6,7,6,1,10,2,2
29960,201600013047,1.0,1,1,1,13.0,0.0,0.0,0.0,1991.0,A01,0.0,7,0,0.0,1.0,3.0,0.0,12,6,815,2,2,9,9,6,1,7,2,2
29961,201600013047,0.0,3,3,2,42.0,3.0,0.0,2.0,2004.0,A01,0.0,7,0,0.0,1.0,3.0,0.0,12,6,815,2,2,9,9,6,1,7,2,2
29962,201600013047,0.0,3,4,2,42.0,3.0,0.0,2.0,2004.0,A01,0.0,7,0,0.0,1.0,3.0,0.0,12,6,815,2,2,9,9,6,1,7,2,2
29963,201600013048,1.0,1,4,1,11.0,0.0,0.0,0.0,1982.0,A01,1.0,7,0,13.0,0.0,0.0,1.0,12,18,1535,1,1,1,5,7,3,7,2,2
29964,201600013048,2.0,2,4,2,11.0,0.0,0.0,0.0,1993.0,A01,1.0,7,0,13.0,0.0,0.0,1.0,12,18,1535,1,1,1,5,7,3,7,2,2
29965,201600013049,1.0,1,3,2,11.0,0.0,0.0,0.0,1967.0,A01,2.0,7,0,4.0,0.0,3.0,1.0,2,21,1630,1,1,1,8,6,3,7,2,2
29966,201600013050,1.0,1,1,1,11.0,0.0,0.0,0.0,1973.0,B02,1.0,15,0,0.0,0.0,6.0,2.0,2,29,2045,3,1,1,1,2,4,7,3,2
29967,201600013050,1.0,1,3,1,11.0,0.0,0.0,0.0,1976.0,A01,1.0,7,0,0.0,2.0,2.0,2.0,2,29,2045,3,1,1,1,2,4,15,2,3
29968,201600013051,1.0,1,1,1,11.0,0.0,0.0,0.0,1978.0,B02,2.0,7,0,0.0,0.0,1.0,2.0,4,5,1915,3,1,1,2,2,4,7,2,2
29969,201600013051,1.0,1,3,2,11.0,0.0,0.0,0.0,1976.0,A01,2.0,7,0,0.0,0.0,4.0,2.0,4,5,1915,3,1,1,2,2,4,7,2,2
29970,201600013052,1.0,1,2,2,11.0,0.0,0.0,0.0,1951.0,A01,1.0,7,0,6.0,0.0,1.0,14.0,4,20,715,1,1,1,1,6,1,7,2,2
29971,201600013052,2.0,2,3,2,11.0,0.0,0.0,0.0,1978.0,A01,1.0,7,0,6.0,0.0,1.0,14.0,4,20,715,1,1,1,1,6,1,7,2,2
29972,201600013053,1.0,1,3,1,11.0,0.0,0.0,0.0,1980.0,A01,1.0,7,0,0.0,2.0,3.0,17.0,5,25,745,1,1,1,8,2,1,17,2,3
29973,201600013053,1.0,1,1,1,11.0,0.0,0.0,0.0,1967.0,B02,1.0,17,0,0.0,0.0,5.0,2.0,5,25,745,1,1,1,8,2,1,7,3,2
29974,201600013054,1.0,1,4,2,11.0,0.0,0.0,0.0,1988.0,A01,2.0,7,0,0.0,0.0,2.0,0.0,9,16,715,2,1,1,1,7,1,7,2,2
29975,201600013055,1.0,1,1,1,11.0,0.0,0.0,0.0,1990.0,A01,2.0,14,0,0.0,2.0,1.0,2.0,9,21,1800,1,1,1,1,4,4,7,3,2
29976,201600013055,1.0,1,4,1,11.0,0.0,0.0,0.0,1957.0,C03,0.0,7,0,0.0,2.0,4.0,2.0,9,21,1800,1,1,1,1,4,4,14,2,3
29977,201600013055,2.0,2,4,2,11.0,0.0,0.0,0.0,1958.0,C03,0.0,7,0,0.0,2.0,4.0,2.0,9,21,1800,1,1,1,1,4,4,14,2,3
29978,201600013055,1.0,1,4,2,11.0,0.0,0.0,0.0,1975.0,B02,2.0,7,0,0.0,2.0,4.0,2.0,9,21,1800,1,1,1,1,4,4,14,2,3
29979,201600013055,1.0,1,1,1,11.0,0.0,0.0,0.0,1958.0,D04,2.0,14,0,0.0,2.0,4.0,23.0,9,21,1800,1,1,1,1,4,4,7,3,2
29980,201600013056,1.0,1,1,1,11.0,0.0,0.0,0.0,1990.0,C03,2.0,7,0,0.0,2.0,3.0,17.0,1,29,1730,2,1,1,2,5,3,3,2,0
29981,201600013056,2.0,2,3,1,11.0,0.0,0.0,0.0,1966.0,B02,2.0,3,0,13.0,9.0,1.0,1.0,1,29,1730,2,1,1,2,5,3,7,0,2
29982,201600013056,1.0,1,3,1,11.0,0.0,0.0,0.0,1999.0,B02,2.0,3,0,13.0,9.0,1.0,1.0,1,29,1730,2,1,1,2,5,3,7,0,2
29983,201600013056,1.0,1,4,2,11.0,0.0,0.0,0.0,1950.0,A01,1.0,7,0,13.0,9.0,8.0,1.0,1,29,1730,2,1,1,2,5,3,3,2,0
29984,201600013057,1.0,1,4,1,11.0,0.0,0.0,0.0,1984.0,A01,1.0,7,0,0.0,2.0,6.0,1.0,5,31,2015,1,2,1,1,3,4,7,2,2
29985,201600013057,2.0,2,1,1,11.0,0.0,0.0,0.0,1996.0,A01,1.0,7,0,0.0,2.0,6.0,1.0,5,31,2015,1,2,1,1,3,4,7,2,2
29986,201600013057,4.0,2,3,1,11.0,0.0,0.0,0.0,1994.0,A01,1.0,7,0,0.0,2.0,6.0,1.0,5,31,2015,1,2,1,1,3,4,7,2,2
29987,201600013057,1.0,1,1,2,11.0,0.0,0.0,0.0,1989.0,B02,2.0,7,0,0.0,2.0,1.0,0.0,5,31,2015,1,2,1,1,3,4,7,2,2
29988,201600013057,2.0,2,1,1,11.0,0.0,0.0,0.0,1989.0,B02,2.0,7,0,0.0,2.0,1.0,0.0,5,31,2015,1,2,1,1,3,4,7,2,2
29989,201600013057,3.0,2,1,1,11.0,0.0,0.0,0.0,2013.0,B02,2.0,7,0,0.0,2.0,1.0,0.0,5,31,2015,1,2,1,1,3,4,7,2,2
29990,201600013057,4.0,2,1,1,11.0,0.0,0.0,0.0,2008.0,B02,2.0,7,0,0.0,2.0,1.0,0.0,5,31,2015,1,2,1,1,3,4,7,2,2
29991,201600013058,1.0,1,1,1,11.0,0.0,0.0,0.0,1990.0,A01,2.0,7,0,0.0,1.0,1.0,1.0,12,24,2340,5,2,1,1,6,5,7,2,2
29992,201600013058,0.0,3,2,2,0.0,1.0,3.0,1.0,1935.0,A01,2.0,7,0,0.0,1.0,1.0,1.0,12,24,2340,5,2,1,1,6,5,7,2,2
29993,201600013059,1.0,1,4,1,11.0,0.0,0.0,0.0,1961.0,B01,1.0,10,0,0.0,0.0,0.0,0.0,12,4,2130,5,2,1,1,3,4,7,2,2
29994,201600013059,1.0,1,1,1,11.0,0.0,0.0,0.0,1973.0,A01,2.0,7,0,0.0,2.0,2.0,13.0,12,4,2130,5,2,1,1,3,4,10,2,2
29995,201600013060,1.0,1,3,1,11.0,0.0,0.0,0.0,1965.0,B01,2.0,7,0,0.0,2.0,1.0,1.0,1,23,2340,3,1,1,5,1,5,7,2,2
29996,201600013060,1.0,1,3,2,11.0,0.0,0.0,0.0,1994.0,A01,1.0,7,0,0.0,2.0,7.0,17.0,1,23,2340,3,1,1,5,1,5,7,2,2
29997,201600013061,0.0,3,3,2,0.0,3.0,5.0,3.0,1998.0,A01,1.0,7,0,0.0,1.0,5.0,1.0,2,2,1205,1,2,1,1,6,2,7,2,2
29998,201600013061,1.0,1,1,2,13.0,0.0,0.0,0.0,1989.0,A01,1.0,7,0,0.0,1.0,5.0,1.0,2,2,1205,1,2,1,1,6,2,7,2,2
29999,201600013062,1.0,1,1,2,93.0,0.0,0.0,0.0,1976.0,B01,1.0,7,0,0.0,0.0,4.0,2.0,12,22,1600,1,1,1,1,2,3,31,2,1