,Num_Acc,place,catu,grav,sexe,secu,locp,actp,etatp,an_nais,num_veh,senc,catv,occutc,obs,obsm,choc,manv,mois,jour,hrmn,lum,agg,int,atm,col,mom,catvopp,catv_gen,catvopp_gen
30305,201600013182,1.0,1,4,1,11.0,0.0,0.0,0.0,1949.0,A01,1.0,10,0,0.0,2.0,1.0,2.0,6,20,750,1,2,1,1,4,1,7,2,2
30306,201600013182,1.0,1,1,1,11.0,0.0,0.0,0.0,1992.0,C01,1.0,7,0,0.0,9.0,4.0,2.0,6,20,750,1,2,1,1,4,1,10,2,2
30307,201600013182,1.0,1,1,1,11.0,0.0,0.0,0.0,1977.0,B01,1.0,7,0,0.0,2.0,1.0,2.0,6,20,750,1,2,1,1,4,1,10,2,2
30308,201600013183,1.0,1,4,1,11.0,0.0,0.0,0.0,1974.0,A01,1.0,7,0,0.0,2.0,1.0,13.0,5,24,1155,1,2,1,1,2,1,7,2,2
30309,201600013183,1.0,1,4,1,11.0,0.0,0.0,0.0,1982.0,B01,1.0,7,0,0.0,0.0,0.0,0.0,5,24,1155,1,2,1,1,2,1,7,2,2
30310,201600013183,5.0,2,4,2,31.0,0.0,0.0,0.0,2009.0,B01,1.0,7,0,0.0,0.0,0.0,0.0,5,24,1155,1,2,1,1,2,1,7,2,2
30311,201600013184,1.0,1,4,1,21.0,0.0,0.0,0.0,1998.0,A01,1.0,2,0,0.0,2.0,1.0,17.0,7,4,1400,1,2,1,1,2,3,7,1,2
30312,201600013184,1.0,1,1,1,11.0,0.0,0.0,0.0,1963.0,B01,1.0,7,0,0.0,2.0,4.0,4.0,7,4,1400,1,2,1,1,2,3,2,2,1
30313,201600013185,1.0,1,1,1,11.0,0.0,0.0,0.0,1977.0,B01,1.0,7,0,0.0,2.0,4.0,0.0,8,17,1605,1,1,1,1,2,3,33,2,1
30314,201600013185,1.0,1,3,1,21.0,0.0,0.0,0.0,1956.0,A01,1.0,33,0,0.0,2.0,2.0,2.0,8,17,1605,1,1,1,1,2,3,7,1,2
30315,201600013186,1.0,1,4,1,21.0,0.0,0.0,0.0,1987.0,B01,2.0,33,0,0.0,2.0,1.0,2.0,8,20,35,5,2,3,1,1,0,7,1,2
30316,201600013186,1.0,1,1,2,11.0,0.0,0.0,0.0,1981.0,A01,1.0,7,0,0.0,2.0,3.0,15.0,8,20,35,5,2,3,1,1,0,33,2,1
30317,201600013187,1.0,1,1,1,11.0,0.0,0.0,0.0,1961.0,A01,1.0,7,0,0.0,1.0,6.0,4.0,8,19,1035,1,2,1,1,6,1,7,2,2
30318,201600013187,0.0,3,4,1,0.0,2.0,3.0,1.0,1945.0,A01,1.0,7,0,0.0,1.0,6.0,4.0,8,19,1035,1,2,1,1,6,1,7,2,2
30319,201600013188,1.0,1,1,2,11.0,0.0,0.0,0.0,1978.0,A01,1.0,7,0,0.0,2.0,1.0,2.0,7,30,1650,1,1,1,1,2,3,7,2,2
30320,201600013188,1.0,1,4,2,11.0,0.0,0.0,0.0,1982.0,B01,1.0,7,0,0.0,2.0,4.0,2.0,7,30,1650,1,1,1,1,2,3,7,2,2
30321,201600013189,2.0,2,4,1,11.0,0.0,0.0,0.0,2000.0,B01,1.0,7,0,0.0,2.0,4.0,1.0,9,14,1440,1,2,1,1,2,3,7,2,2
30322,201600013189,1.0,1,4,1,11.0,0.0,0.0,0.0,1962.0,B01,1.0,7,0,0.0,2.0,4.0,1.0,9,14,1440,1,2,1,1,2,3,7,2,2
30323,201600013189,1.0,1,1,1,13.0,0.0,0.0,0.0,1970.0,A01,1.0,7,0,0.0,2.0,1.0,1.0,9,14,1440,1,2,1,1,2,3,7,2,2
30324,201600013190,1.0,1,4,2,23.0,0.0,0.0,0.0,2000.0,B01,2.0,2,0,0.0,2.0,1.0,1.0,8,6,1010,1,2,3,1,3,1,7,1,2
30325,201600013190,1.0,1,1,1,13.0,0.0,0.0,0.0,1945.0,A01,0.0,7,0,0.0,2.0,6.0,15.0,8,6,1010,1,2,3,1,3,1,2,2,1
30326,201600013191,1.0,1,1,1,13.0,0.0,0.0,0.0,1983.0,A01,2.0,7,0,0.0,2.0,1.0,1.0,9,24,1800,1,2,6,1,1,4,7,2,2
30327,201600013191,3.0,2,1,2,13.0,0.0,0.0,0.0,1996.0,A01,2.0,7,0,0.0,2.0,1.0,1.0,9,24,1800,1,2,6,1,1,4,7,2,2
30328,201600013191,1.0,1,4,1,13.0,0.0,0.0,0.0,1981.0,B01,2.0,7,0,0.0,2.0,4.0,23.0,9,24,1800,1,2,6,1,1,4,7,2,2
30329,201600013191,2.0,2,4,2,13.0,0.0,0.0,0.0,1988.0,B01,2.0,7,0,0.0,2.0,4.0,23.0,9,24,1800,1,2,6,1,1,4,7,2,2
30330,201600013192,1.0,1,1,2,13.0,0.0,0.0,0.0,1974.0,A01,0.0,7,0,0.0,2.0,1.0,1.0,9,23,1100,1,2,3,1,1,1,7,2,2
30331,201600013192,1.0,1,4,1,13.0,0.0,0.0,0.0,1997.0,B01,0.0,7,0,0.0,2.0,8.0,1.0,9,23,1100,1,2,3,1,1,1,7,2,2
30332,201600013193,1.0,1,1,1,13.0,0.0,0.0,0.0,1969.0,A01,2.0,21,0,0.0,1.0,1.0,1.0,9,27,1615,1,2,1,1,6,3,21,0,0
30333,201600013193,0.0,3,2,1,0.0,3.0,3.0,1.0,1953.0,A01,2.0,21,0,0.0,1.0,1.0,1.0,9,27,1615,1,2,1,1,6,3,21,0,0
30334,201600013194,1.0,1,4,1,93.0,0.0,0.0,0.0,1959.0,A01,2.0,1,0,12.0,0.0,1.0,0.0,9,27,1540,1,2,1,1,7,3,1,1,1
30335,201600013195,1.0,1,4,2,11.0,0.0,0.0,0.0,1966.0,A01,1.0,7,0,6.0,0.0,1.0,14.0,10,5,1240,1,1,1,1,6,2,7,2,2
30336,201600013196,1.0,1,1,1,11.0,0.0,0.0,0.0,1987.0,A01,1.0,7,0,0.0,2.0,1.0,9.0,10,8,1726,1,2,3,1,3,3,30,2,1
30337,201600013196,1.0,1,4,2,21.0,0.0,0.0,0.0,1991.0,B01,1.0,30,0,0.0,2.0,1.0,19.0,10,8,1726,1,2,3,1,3,3,7,1,2
30338,201600013197,1.0,1,4,1,13.0,0.0,0.0,0.0,1966.0,A01,1.0,10,0,0.0,2.0,2.0,0.0,10,13,1800,1,1,3,2,3,4,7,2,2
30339,201600013197,1.0,1,1,1,13.0,0.0,0.0,0.0,1980.0,B01,2.0,7,0,0.0,2.0,3.0,1.0,10,13,1800,1,1,3,2,3,4,10,2,2
30340,201600013198,1.0,1,4,1,11.0,0.0,0.0,0.0,1979.0,B01,1.0,7,0,0.0,2.0,4.0,0.0,10,18,905,1,2,1,1,2,1,7,2,2
30341,201600013198,1.0,1,1,2,11.0,0.0,0.0,0.0,1995.0,A01,1.0,7,0,0.0,2.0,1.0,15.0,10,18,905,1,2,1,1,2,1,7,2,2
30342,201600013199,1.0,1,1,1,13.0,0.0,0.0,0.0,1981.0,A01,0.0,10,0,0.0,1.0,7.0,1.0,10,18,945,1,2,1,1,6,1,10,2,2
30343,201600013199,0.0,3,3,1,0.0,5.0,1.0,1.0,1985.0,A01,0.0,10,0,0.0,1.0,7.0,1.0,10,18,945,1,2,1,1,6,1,10,2,2
30344,201600013200,1.0,1,1,1,13.0,0.0,0.0,0.0,1974.0,B01,1.0,7,0,0.0,2.0,3.0,16.0,10,24,1650,1,2,6,1,3,3,7,2,2
30345,201600013200,1.0,1,4,1,13.0,0.0,0.0,0.0,1967.0,A01,1.0,7,0,0.0,2.0,5.0,16.0,10,24,1650,1,2,6,1,3,3,7,2,2
30346,201600013201,1.0,1,4,1,13.0,0.0,0.0,0.0,1984.0,A01,1.0,7,0,0.0,6.0,1.0,1.0,11,8,1925,3,2,1,1,6,4,7,2,2
30347,201600013202,1.0,1,1,2,13.0,0.0,0.0,0.0,1938.0,B01,1.0,7,0,0.0,2.0,4.0,1.0,10,28,1640,1,2,1,1,2,3,7,2,2
30348,201600013202,1.0,1,4,2,13.0,0.0,0.0,0.0,1965.0,A01,1.0,7,0,0.0,2.0,1.0,1.0,10,28,1640,1,2,1,1,2,3,7,2,2
30349,201600013203,1.0,1,1,1,11.0,0.0,0.0,0.0,1981.0,A01,2.0,14,0,0.0,2.0,2.0,2.0,10,25,1700,1,1,1,1,2,3,7,3,2
30350,201600013203,1.0,1,1,1,11.0,0.0,0.0,0.0,1968.0,B01,2.0,7,0,0.0,2.0,4.0,9.0,10,25,1700,1,1,1,1,2,3,14,2,3
30351,201600013203,2.0,2,4,2,11.0,0.0,0.0,0.0,1973.0,B01,2.0,7,0,0.0,2.0,4.0,9.0,10,25,1700,1,1,1,1,2,3,14,2,3
30352,201600013204,1.0,1,1,1,13.0,0.0,0.0,0.0,1989.0,A01,1.0,7,0,0.0,1.0,1.0,1.0,10,29,400,5,2,1,1,6,0,7,2,2
30353,201600013204,0.0,3,4,1,0.0,1.0,3.0,1.0,1978.0,A01,1.0,7,0,0.0,1.0,1.0,1.0,10,29,400,5,2,1,1,6,0,7,2,2
30354,201600013205,0.0,3,4,1,0.0,3.0,3.0,1.0,1939.0,A01,2.0,3,0,0.0,1.0,1.0,16.0,10,27,1122,1,2,3,1,6,1,3,0,0
30355,201600013205,1.0,1,1,2,11.0,0.0,0.0,0.0,1958.0,A01,2.0,3,0,0.0,1.0,1.0,16.0,10,27,1122,1,2,3,1,6,1,3,0,0
30356,201600013206,1.0,1,1,1,11.0,0.0,0.0,0.0,1957.0,A01,0.0,7,0,0.0,2.0,1.0,2.0,10,25,950,1,2,6,1,2,1,1,2,1
30357,201600013206,1.0,1,4,2,21.0,0.0,0.0,0.0,1941.0,B01,0.0,1,0,0.0,2.0,4.0,14.0,10,25,950,1,2,6,1,2,1,7,1,2
30358,201600013207,1.0,1,4,1,11.0,0.0,0.0,0.0,1991.0,B01,1.0,7,0,0.0,2.0,4.0,9.0,11,22,1940,5,1,1,8,2,4,7,2,2
30359,201600013207,1.0,1,1,1,11.0,0.0,0.0,0.0,1969.0,A01,1.0,7,0,0.0,2.0,2.0,2.0,11,22,1940,5,1,1,8,2,4,7,2,2
30360,201600013208,1.0,1,4,1,21.0,0.0,0.0,0.0,1999.0,B01,1.0,30,0,0.0,2.0,1.0,0.0,11,27,515,5,2,3,1,3,0,7,1,2
30361,201600013208,2.0,2,3,2,21.0,0.0,0.0,0.0,1998.0,B01,1.0,30,0,0.0,2.0,1.0,0.0,11,27,515,5,2,3,1,3,0,7,1,2
30362,201600013208,1.0,1,1,1,13.0,0.0,0.0,0.0,1994.0,A01,1.0,7,0,0.0,2.0,7.0,1.0,11,27,515,5,2,3,1,3,0,30,2,1
30363,201600013208,2.0,2,1,1,13.0,0.0,0.0,0.0,1994.0,A01,1.0,7,0,0.0,2.0,7.0,1.0,11,27,515,5,2,3,1,3,0,30,2,1
30364,201600013208,3.0,2,1,1,11.0,0.0,0.0,0.0,1995.0,A01,1.0,7,0,0.0,2.0,7.0,1.0,11,27,515,5,2,3,1,3,0,30,2,1
30365,201600013209,1.0,1,1,1,13.0,0.0,0.0,0.0,1973.0,A01,1.0,10,0,0.0,2.0,1.0,1.0,11,24,2020,3,2,1,1,2,4,30,2,1
30366,201600013209,1.0,1,4,1,21.0,0.0,0.0,0.0,1983.0,B01,1.0,30,0,0.0,2.0,4.0,1.0,11,24,2020,3,2,1,1,2,4,10,1,2
30367,201600013210,1.0,1,1,1,21.0,0.0,0.0,0.0,1986.0,A01,1.0,30,0,0.0,0.0,0.0,21.0,11,19,414,5,2,1,1,7,0,30,1,1
30368,201600013210,2.0,2,4,2,23.0,0.0,0.0,0.0,1991.0,A01,1.0,30,0,0.0,0.0,0.0,21.0,11,19,414,5,2,1,1,7,0,30,1,1
30369,201600013211,1.0,1,1,2,13.0,0.0,0.0,0.0,1989.0,A01,0.0,7,0,0.0,2.0,6.0,9.0,11,25,759,2,1,3,1,3,1,31,2,1
30370,201600013211,1.0,1,4,1,21.0,0.0,0.0,0.0,2000.0,B01,0.0,31,0,0.0,2.0,5.0,1.0,11,25,759,2,1,3,1,3,1,7,1,2
30371,201600013212,1.0,1,1,2,11.0,0.0,0.0,0.0,1976.0,A01,2.0,7,0,0.0,2.0,1.0,2.0,11,24,1245,1,2,1,1,2,2,7,2,2
30372,201600013212,1.0,1,4,1,11.0,0.0,0.0,0.0,1943.0,B01,2.0,7,0,0.0,2.0,4.0,2.0,11,24,1245,1,2,1,1,2,2,7,2,2
30373,201600013213,1.0,1,4,1,21.0,0.0,0.0,0.0,2000.0,B01,1.0,2,0,0.0,2.0,1.0,2.0,11,30,1255,1,2,1,1,3,2,7,1,2
30374,201600013213,1.0,1,1,2,11.0,0.0,0.0,0.0,1934.0,A01,2.0,7,0,0.0,2.0,3.0,14.0,11,30,1255,1,2,1,1,3,2,2,2,1
30375,201600013214,1.0,1,4,1,21.0,0.0,0.0,0.0,1963.0,B01,2.0,1,0,0.0,2.0,7.0,1.0,12,3,850,1,2,6,1,3,1,1,1,1
30376,201600013215,1.0,1,1,1,13.0,0.0,0.0,0.0,1965.0,A01,2.0,7,0,0.0,1.0,1.0,1.0,12,13,1830,5,2,1,1,6,4,7,2,2
30377,201600013215,0.0,3,3,1,0.0,3.0,6.0,1.0,1961.0,A01,2.0,7,0,0.0,1.0,1.0,1.0,12,13,1830,5,2,1,1,6,4,7,2,2
30378,201600013216,1.0,1,4,1,93.0,0.0,0.0,0.0,1999.0,A01,1.0,1,0,0.0,2.0,1.0,1.0,12,16,1845,5,2,3,1,3,4,7,1,2
30379,201600013216,1.0,1,1,1,13.0,0.0,0.0,0.0,1981.0,B01,1.0,7,0,0.0,2.0,2.0,16.0,12,16,1845,5,2,3,1,3,4,1,2,1
30380,201600013217,1.0,1,1,1,13.0,0.0,0.0,0.0,1997.0,A01,1.0,7,0,0.0,2.0,2.0,0.0,12,17,1200,1,2,4,1,3,2,10,2,2
30381,201600013217,2.0,2,4,2,13.0,0.0,0.0,0.0,1998.0,A01,1.0,7,0,0.0,2.0,2.0,0.0,12,17,1200,1,2,4,1,3,2,10,2,2
30382,201600013217,1.0,1,1,1,13.0,0.0,0.0,0.0,1958.0,B01,2.0,10,0,0.0,2.0,2.0,0.0,12,17,1200,1,2,4,1,3,2,7,2,2
30383,201600013218,1.0,1,1,1,11.0,0.0,0.0,0.0,1987.0,B01,1.0,7,0,0.0,2.0,2.0,1.0,1,23,1616,1,2,3,1,3,3,2,2,1
30384,201600013218,1.0,1,4,1,21.0,0.0,0.0,0.0,2000.0,A01,2.0,2,0,0.0,2.0,3.0,9.0,1,23,1616,1,2,3,1,3,3,7,1,2
30385,201600013218,2.0,2,4,2,21.0,0.0,0.0,0.0,2000.0,A01,2.0,2,0,0.0,2.0,3.0,9.0,1,23,1616,1,2,3,1,3,3,7,1,2
30386,201600013219,3.0,2,4,1,11.0,0.0,0.0,0.0,1966.0,B02,2.0,7,0,0.0,0.0,0.0,0.0,2,10,800,1,1,1,1,1,1,7,2,2
30387,201600013219,2.0,2,4,1,11.0,0.0,0.0,0.0,1960.0,B02,2.0,7,0,0.0,0.0,0.0,0.0,2,10,800,1,1,1,1,1,1,7,2,2
30388,201600013219,1.0,1,3,1,11.0,0.0,0.0,0.0,1971.0,B02,2.0,7,0,0.0,0.0,0.0,0.0,2,10,800,1,1,1,1,1,1,7,2,2
30389,201600013219,1.0,1,1,1,11.0,0.0,0.0,0.0,1963.0,A01,2.0,7,0,0.0,0.0,0.0,0.0,2,10,800,1,1,1,1,1,1,7,2,2
30390,201600013220,1.0,1,3,2,11.0,0.0,0.0,0.0,1974.0,B02,0.0,7,0,0.0,0.0,0.0,0.0,4,25,1545,1,1,1,1,2,3,7,2,2
30391,201600013220,1.0,1,1,1,11.0,0.0,0.0,0.0,1978.0,A01,0.0,7,0,0.0,0.0,0.0,0.0,4,25,1545,1,1,1,1,2,3,7,2,2
30392,201600013221,1.0,1,3,1,11.0,0.0,0.0,0.0,1958.0,A01,1.0,7,0,3.0,2.0,8.0,1.0,4,30,1600,1,1,1,1,7,3,7,2,2
30393,201600013222,1.0,1,3,1,11.0,0.0,0.0,0.0,1982.0,A01,1.0,7,0,0.0,2.0,1.0,2.0,7,20,1845,1,1,1,1,1,4,7,2,2
30394,201600013222,1.0,1,1,1,11.0,0.0,0.0,0.0,1975.0,B02,1.0,7,0,0.0,0.0,4.0,2.0,7,20,1845,1,1,1,1,1,4,7,2,2
30395,201600013223,1.0,1,3,1,21.0,0.0,0.0,0.0,1969.0,B02,2.0,34,0,0.0,2.0,4.0,1.0,7,22,1545,1,1,1,1,3,3,7,1,2
30396,201600013223,2.0,2,3,2,21.0,0.0,0.0,0.0,1999.0,B02,2.0,34,0,0.0,2.0,4.0,1.0,7,22,1545,1,1,1,1,3,3,7,1,2
30397,201600013223,1.0,1,1,1,11.0,0.0,0.0,0.0,1976.0,A01,2.0,7,0,0.0,2.0,3.0,11.0,7,22,1545,1,1,1,1,3,3,34,2,1
30398,201600013223,2.0,2,1,1,11.0,0.0,0.0,0.0,1976.0,A01,2.0,7,0,0.0,2.0,3.0,11.0,7,22,1545,1,1,1,1,3,3,34,2,1
30399,201600013223,3.0,2,1,2,11.0,0.0,0.0,0.0,1996.0,A01,2.0,7,0,0.0,2.0,3.0,11.0,7,22,1545,1,1,1,1,3,3,34,2,1
30400,201600013223,4.0,2,1,1,11.0,0.0,0.0,0.0,2010.0,A01,2.0,7,0,0.0,2.0,3.0,11.0,7,22,1545,1,1,1,1,3,3,34,2,1
30401,201600013223,5.0,2,4,1,11.0,0.0,0.0,0.0,1993.0,A01,2.0,7,0,0.0,2.0,3.0,11.0,7,22,1545,1,1,1,1,3,3,34,2,1
30402,201600013224,2.0,2,1,1,11.0,0.0,0.0,0.0,1974.0,A01,2.0,7,0,4.0,0.0,3.0,13.0,7,21,1745,1,1,1,1,6,3,7,2,2
30403,201600013224,4.0,2,1,1,11.0,0.0,0.0,0.0,1972.0,A01,2.0,7,0,4.0,0.0,3.0,13.0,7,21,1745,1,1,1,1,6,3,7,2,2
30404,201600013224,1.0,1,1,1,11.0,0.0,0.0,0.0,1974.0,A01,2.0,7,0,4.0,0.0,3.0,13.0,7,21,1745,1,1,1,1,6,3,7,2,2
30405,201600013224,3.0,2,3,1,11.0,0.0,0.0,0.0,1982.0,A01,2.0,7,0,4.0,0.0,3.0,13.0,7,21,1745,1,1,1,1,6,3,7,2,2
30406,201600013225,1.0,1,1,2,11.0,0.0,0.0,0.0,1988.0,D04,1.0,7,0,0.0,0.0,4.0,2.0,10,6,2015,3,1,1,1,5,4,7,2,2
30407,201600013225,1.0,1,3,2,11.0,0.0,0.0,0.0,1931.0,C03,1.0,7,0,14.0,2.0,1.0,2.0,10,6,2015,3,1,1,1,5,4,7,2,2
30408,201600013225,2.0,2,4,2,11.0,0.0,0.0,0.0,1985.0,C03,1.0,7,0,14.0,2.0,1.0,2.0,10,6,2015,3,1,1,1,5,4,7,2,2
30409,201600013225,1.0,1,1,1,11.0,0.0,0.0,0.0,1985.0,F06,1.0,7,0,0.0,2.0,6.0,2.0,10,6,2015,3,1,1,1,5,4,7,2,2
30410,201600013225,1.0,1,4,2,11.0,0.0,0.0,0.0,1991.0,B02,1.0,7,0,3.0,0.0,8.0,11.0,10,6,2015,3,1,1,1,5,4,7,2,2
30411,201600013225,1.0,1,1,1,11.0,0.0,0.0,0.0,1946.0,E05,1.0,7,0,0.0,2.0,3.0,2.0,10,6,2015,3,1,1,1,5,4,7,2,2
30412,201600013225,1.0,1,4,2,11.0,0.0,0.0,0.0,1989.0,A01,1.0,7,0,3.0,0.0,1.0,17.0,10,6,2015,3,1,1,1,5,4,7,2,2
30413,201600013225,2.0,2,4,1,11.0,0.0,0.0,0.0,1985.0,A01,1.0,7,0,3.0,0.0,1.0,17.0,10,6,2015,3,1,1,1,5,4,7,2,2
30414,201600013226,1.0,1,4,1,11.0,0.0,0.0,0.0,1994.0,B02,2.0,7,0,0.0,2.0,3.0,1.0,6,10,900,1,1,3,1,3,1,7,2,2
30415,201600013226,1.0,1,4,2,11.0,0.0,0.0,0.0,1940.0,A01,1.0,7,0,0.0,2.0,8.0,15.0,6,10,900,1,1,3,1,3,1,7,2,2
30416,201600013227,1.0,1,4,1,11.0,0.0,0.0,0.0,1948.0,B02,0.0,10,0,0.0,2.0,7.0,15.0,8,5,1145,1,1,9,1,3,1,33,2,1
30417,201600013227,1.0,1,2,1,21.0,0.0,0.0,0.0,1981.0,A01,0.0,33,0,0.0,2.0,1.0,1.0,8,5,1145,1,1,9,1,3,1,10,1,2
30418,201600013228,1.0,1,1,1,11.0,0.0,0.0,0.0,1998.0,A01,2.0,7,0,0.0,2.0,3.0,9.0,9,25,115,3,1,1,1,3,0,7,2,2
30419,201600013228,1.0,1,4,2,11.0,0.0,0.0,0.0,1957.0,B02,1.0,7,0,0.0,2.0,2.0,1.0,9,25,115,3,1,1,1,3,0,7,2,2
30420,201600013229,1.0,1,3,1,21.0,0.0,0.0,0.0,1986.0,B02,1.0,33,0,0.0,0.0,1.0,0.0,10,11,1415,1,1,9,1,2,3,7,1,2
30421,201600013229,1.0,1,1,1,11.0,0.0,0.0,0.0,1993.0,A01,1.0,7,0,0.0,0.0,8.0,15.0,10,11,1415,1,1,9,1,2,3,33,2,1
30422,201600013230,1.0,1,3,2,11.0,0.0,0.0,0.0,1994.0,A01,1.0,7,0,13.0,0.0,3.0,1.0,10,21,1645,1,1,1,1,1,3,7,2,2
30423,201600013230,2.0,2,3,2,11.0,0.0,0.0,0.0,1995.0,A01,1.0,7,0,13.0,0.0,3.0,1.0,10,21,1645,1,1,1,1,1,3,7,2,2
30424,201600013230,4.0,2,4,1,11.0,0.0,0.0,0.0,1992.0,A01,1.0,7,0,13.0,0.0,3.0,1.0,10,21,1645,1,1,1,1,1,3,7,2,2
30425,201600013230,1.0,1,1,1,11.0,0.0,0.0,0.0,1952.0,B02,2.0,7,0,0.0,9.0,0.0,1.0,10,21,1645,1,1,1,1,1,3,7,2,2
30426,201600013231,1.0,1,3,1,21.0,0.0,0.0,0.0,1973.0,A01,0.0,30,0,6.0,0.0,1.0,1.0,11,6,1615,1,2,1,1,6,3,30,1,1
30427,201600013232,1.0,1,4,1,11.0,0.0,0.0,0.0,1958.0,B02,2.0,13,0,0.0,2.0,1.0,1.0,1,25,1630,1,2,1,1,1,3,7,3,2
30428,201600013232,1.0,1,3,1,11.0,0.0,0.0,0.0,1963.0,A01,1.0,7,0,0.0,2.0,1.0,5.0,1,25,1630,1,2,1,1,1,3,13,2,3
30429,201600013233,1.0,1,3,1,21.0,0.0,0.0,0.0,1975.0,B02,1.0,33,0,0.0,2.0,1.0,1.0,3,18,1800,1,1,1,1,3,4,7,1,2
30430,201600013233,1.0,1,4,2,11.0,0.0,0.0,0.0,1956.0,A01,0.0,7,0,0.0,2.0,2.0,19.0,3,18,1800,1,1,1,1,3,4,33,2,1
30431,201600013234,3.0,2,3,2,11.0,0.0,0.0,0.0,2002.0,A01,1.0,7,0,0.0,2.0,2.0,21.0,5,25,2345,3,1,1,1,1,5,7,2,2
30432,201600013234,1.0,1,3,1,11.0,0.0,0.0,0.0,1957.0,A01,1.0,7,0,0.0,2.0,2.0,21.0,5,25,2345,3,1,1,1,1,5,7,2,2
30433,201600013234,2.0,2,3,2,11.0,0.0,0.0,0.0,1994.0,A01,1.0,7,0,0.0,2.0,2.0,21.0,5,25,2345,3,1,1,1,1,5,7,2,2
30434,201600013234,1.0,1,3,1,11.0,0.0,0.0,0.0,1989.0,B02,2.0,7,0,0.0,2.0,3.0,13.0,5,25,2345,3,1,1,1,1,5,7,2,2
30435,201600013235,1.0,1,1,1,13.0,0.0,0.0,0.0,1980.0,A01,2.0,7,0,0.0,2.0,7.0,19.0,6,17,1430,1,1,1,1,3,3,33,2,1
30436,201600013235,1.0,1,3,2,21.0,0.0,0.0,0.0,1964.0,B02,1.0,33,0,0.0,2.0,1.0,1.0,6,17,1430,1,1,1,1,3,3,7,1,2
30437,201600013236,1.0,1,1,2,11.0,0.0,0.0,0.0,1992.0,B02,1.0,7,0,0.0,2.0,1.0,23.0,7,19,1615,1,2,1,1,4,3,7,2,2
30438,201600013236,3.0,2,3,2,11.0,0.0,0.0,0.0,1942.0,B02,1.0,7,0,0.0,2.0,1.0,23.0,7,19,1615,1,2,1,1,4,3,7,2,2
30439,201600013236,1.0,1,1,1,11.0,0.0,0.0,0.0,1993.0,C03,1.0,7,0,0.0,2.0,4.0,23.0,7,19,1615,1,2,1,1,4,3,7,2,2
30440,201600013236,1.0,1,1,1,11.0,0.0,0.0,0.0,1996.0,A01,1.0,7,0,0.0,2.0,1.0,1.0,7,19,1615,1,2,1,1,4,3,7,2,2
30441,201600013237,1.0,1,3,1,21.0,0.0,0.0,0.0,1962.0,B02,1.0,33,0,0.0,2.0,1.0,1.0,9,7,830,1,1,1,1,3,1,7,1,2
30442,201600013237,1.0,1,1,1,11.0,0.0,0.0,0.0,1977.0,A01,0.0,7,0,0.0,0.0,7.0,15.0,9,7,830,1,1,1,1,3,1,33,2,1
30443,201600013238,1.0,1,2,1,21.0,0.0,0.0,0.0,1998.0,A01,0.0,33,0,0.0,2.0,1.0,1.0,10,8,1545,1,2,2,1,3,3,7,1,2
30444,201600013238,1.0,1,1,2,11.0,0.0,0.0,0.0,1977.0,B02,0.0,7,0,0.0,2.0,8.0,1.0,10,8,1545,1,2,2,1,3,3,33,2,1
30445,201600013239,2.0,2,3,2,11.0,0.0,0.0,0.0,1946.0,B02,1.0,7,0,0.0,2.0,3.0,0.0,11,17,1745,3,2,1,1,5,3,7,2,2
30446,201600013239,1.0,1,3,1,11.0,0.0,0.0,0.0,1940.0,B02,1.0,7,0,0.0,2.0,3.0,0.0,11,17,1745,3,2,1,1,5,3,7,2,2
30447,201600013239,1.0,1,1,2,11.0,0.0,0.0,0.0,1993.0,A01,2.0,7,0,0.0,2.0,3.0,21.0,11,17,1745,3,2,1,1,5,3,7,2,2
30448,201600013239,1.0,1,3,1,11.0,0.0,0.0,0.0,1986.0,C03,1.0,7,0,0.0,2.0,3.0,0.0,11,17,1745,3,2,1,1,5,3,7,2,2
30449,201600013240,1.0,1,1,1,13.0,0.0,0.0,0.0,1991.0,B02,0.0,7,0,0.0,2.0,4.0,2.0,11,17,730,2,1,1,1,4,1,10,2,2
30450,201600013240,1.0,1,4,1,13.0,0.0,0.0,0.0,1958.0,C03,0.0,7,0,0.0,2.0,4.0,2.0,11,17,730,2,1,1,1,4,1,10,2,2
30451,201600013240,1.0,1,1,2,13.0,0.0,0.0,0.0,1981.0,A01,0.0,10,0,0.0,2.0,1.0,2.0,11,17,730,2,1,1,1,4,1,7,2,2
30452,201600013241,2.0,2,3,1,11.0,0.0,0.0,0.0,1966.0,A01,2.0,14,0,13.0,0.0,7.0,1.0,2,11,300,3,1,1,3,6,0,14,3,3
30453,201600013241,1.0,1,1,1,11.0,0.0,0.0,0.0,1964.0,A01,2.0,14,0,13.0,0.0,7.0,1.0,2,11,300,3,1,1,3,6,0,14,3,3
30454,201600013242,1.0,1,3,2,11.0,0.0,0.0,0.0,1960.0,A01,1.0,7,0,4.0,0.0,3.0,1.0,7,1,1600,1,1,1,1,6,3,7,2,2
30455,201600013242,2.0,2,3,2,11.0,0.0,0.0,0.0,1929.0,A01,1.0,7,0,4.0,0.0,3.0,1.0,7,1,1600,1,1,1,1,6,3,7,2,2
30456,201600013243,1.0,1,1,1,11.0,0.0,0.0,0.0,1946.0,B02,1.0,7,0,0.0,0.0,4.0,2.0,5,2,1245,1,1,1,1,1,2,7,2,2
30457,201600013243,2.0,2,4,2,11.0,0.0,0.0,0.0,1946.0,B02,1.0,7,0,0.0,0.0,4.0,2.0,5,2,1245,1,1,1,1,1,2,7,2,2