,Num_Acc,place,catu,grav,sexe,secu,locp,actp,etatp,an_nais,num_veh,senc,catv,occutc,obs,obsm,choc,manv,mois,jour,hrmn,lum,agg,int,atm,col,mom,catvopp,catv_gen,catvopp_gen
30458,201600013243,1.0,1,1,2,11.0,0.0,0.0,0.0,1956.0,A01,1.0,7,0,0.0,0.0,1.0,2.0,5,2,1245,1,1,1,1,1,2,7,2,2
30459,201600013243,2.0,2,1,1,11.0,0.0,0.0,0.0,1959.0,A01,1.0,7,0,0.0,0.0,1.0,2.0,5,2,1245,1,1,1,1,1,2,7,2,2
30460,201600013244,1.0,1,3,1,11.0,0.0,0.0,0.0,1967.0,A01,2.0,7,0,14.0,0.0,1.0,1.0,6,20,1030,1,1,1,1,6,1,7,2,2
30461,201600013245,1.0,1,4,1,11.0,0.0,0.0,0.0,1989.0,A01,1.0,10,0,0.0,2.0,2.0,2.0,7,30,545,3,1,1,8,2,0,7,2,2
30462,201600013245,1.0,1,4,1,11.0,0.0,0.0,0.0,1973.0,B02,1.0,7,0,0.0,2.0,4.0,0.0,7,30,545,3,1,1,8,2,0,10,2,2
30463,201600013245,2.0,2,2,2,12.0,0.0,0.0,0.0,1942.0,B02,1.0,7,0,0.0,2.0,4.0,0.0,7,30,545,3,1,1,8,2,0,10,2,2
30464,201600013246,1.0,1,3,2,11.0,0.0,0.0,0.0,1954.0,A01,0.0,7,0,11.0,0.0,3.0,0.0,9,3,1915,2,1,9,7,6,4,7,2,2
30465,201600013247,1.0,1,2,1,12.0,0.0,0.0,0.0,1957.0,B02,1.0,7,0,3.0,2.0,6.0,0.0,9,20,515,3,1,1,1,5,0,10,2,2
30466,201600013247,2.0,2,3,2,12.0,0.0,0.0,0.0,1961.0,B02,1.0,7,0,3.0,2.0,6.0,0.0,9,20,515,3,1,1,1,5,0,10,2,2
30467,201600013247,1.0,1,4,1,11.0,0.0,0.0,0.0,1988.0,A01,1.0,7,0,1.0,0.0,2.0,14.0,9,20,515,3,1,1,1,5,0,10,2,2
30468,201600013247,1.0,1,1,1,11.0,0.0,0.0,0.0,1981.0,E05,1.0,7,0,14.0,0.0,3.0,1.0,9,20,515,3,1,1,1,5,0,10,2,2
30469,201600013247,1.0,1,1,1,11.0,0.0,0.0,0.0,1989.0,D04,1.0,10,0,14.0,0.0,2.0,1.0,9,20,515,3,1,1,1,5,0,7,2,2
30470,201600013247,1.0,1,1,1,11.0,0.0,0.0,0.0,1981.0,C03,1.0,7,0,14.0,0.0,3.0,1.0,9,20,515,3,1,1,1,5,0,10,2,2
30471,201600013248,1.0,1,1,1,11.0,0.0,0.0,0.0,1977.0,C03,1.0,10,0,0.0,2.0,1.0,0.0,9,26,2100,3,1,1,1,4,4,7,2,2
30472,201600013248,2.0,2,1,1,11.0,0.0,0.0,0.0,1998.0,C03,1.0,10,0,0.0,2.0,1.0,0.0,9,26,2100,3,1,1,1,4,4,7,2,2
30473,201600013248,1.0,1,2,1,11.0,0.0,0.0,0.0,1946.0,B02,1.0,7,0,0.0,2.0,4.0,0.0,9,26,2100,3,1,1,1,4,4,10,2,2
30474,201600013248,1.0,1,3,1,11.0,0.0,0.0,0.0,1983.0,A01,1.0,7,0,0.0,2.0,1.0,0.0,9,26,2100,3,1,1,1,4,4,10,2,2
30475,201600013249,1.0,1,1,1,11.0,0.0,0.0,0.0,1988.0,A01,2.0,7,0,0.0,2.0,3.0,2.0,9,30,1700,1,1,1,1,2,3,7,2,2
30476,201600013249,1.0,1,3,2,11.0,0.0,0.0,0.0,1972.0,B02,2.0,7,0,3.0,0.0,5.0,2.0,9,30,1700,1,1,1,1,2,3,7,2,2
30477,201600013250,1.0,1,3,1,21.0,0.0,0.0,0.0,1962.0,A01,1.0,33,0,0.0,2.0,1.0,2.0,10,11,710,3,1,1,1,2,1,10,1,2
30478,201600013250,1.0,1,1,1,11.0,0.0,0.0,0.0,1986.0,B02,1.0,10,0,0.0,0.0,5.0,2.0,10,11,710,3,1,1,1,2,1,33,2,1
30479,201600013251,1.0,1,1,1,13.0,0.0,0.0,0.0,1995.0,D04,1.0,7,0,0.0,2.0,3.0,1.0,11,9,530,3,1,9,3,4,0,17,2,3
30480,201600013251,1.0,1,4,1,13.0,0.0,0.0,0.0,1957.0,B02,1.0,7,0,0.0,2.0,4.0,11.0,11,9,530,3,1,9,3,4,0,17,2,3
30481,201600013251,1.0,1,1,1,13.0,0.0,0.0,0.0,1974.0,E05,1.0,7,0,1.0,0.0,1.0,2.0,11,9,530,3,1,9,3,4,0,17,2,3
30482,201600013251,1.0,1,4,1,13.0,0.0,0.0,0.0,1985.0,C03,1.0,7,0,1.0,0.0,1.0,2.0,11,9,530,3,1,9,3,4,0,17,2,3
30483,201600013251,1.0,1,1,1,13.0,0.0,0.0,0.0,1969.0,G01,1.0,10,0,1.0,0.0,3.0,2.0,11,9,530,3,1,9,3,4,0,17,2,3
30484,201600013251,1.0,1,1,1,13.0,0.0,0.0,0.0,1965.0,F06,1.0,7,0,1.0,0.0,3.0,2.0,11,9,530,3,1,9,3,4,0,17,2,3
30485,201600013251,1.0,1,1,1,11.0,0.0,0.0,0.0,1961.0,A01,1.0,17,0,0.0,2.0,3.0,1.0,11,9,530,3,1,9,3,4,0,10,3,2
30486,201600013252,1.0,1,1,1,11.0,0.0,0.0,0.0,1980.0,A01,1.0,15,0,0.0,0.0,4.0,2.0,12,9,542,3,1,9,2,2,0,7,3,2
30487,201600013252,1.0,1,3,2,11.0,0.0,0.0,0.0,1959.0,B01,1.0,7,0,0.0,2.0,1.0,2.0,12,9,542,3,1,9,2,2,0,15,2,3
30488,201600013253,1.0,1,3,1,11.0,0.0,0.0,0.0,1985.0,A01,1.0,7,0,2.0,0.0,9.0,17.0,6,20,1045,1,1,1,1,6,1,7,2,2
30489,201600013253,2.0,2,3,2,11.0,0.0,0.0,0.0,1988.0,A01,1.0,7,0,2.0,0.0,9.0,17.0,6,20,1045,1,1,1,1,6,1,7,2,2
30490,201600013254,1.0,1,1,1,11.0,0.0,0.0,0.0,1991.0,A01,1.0,7,0,0.0,2.0,8.0,17.0,6,20,1330,1,1,1,1,1,2,7,2,2
30491,201600013254,1.0,1,4,2,11.0,0.0,0.0,0.0,1971.0,B02,1.0,7,0,3.0,2.0,4.0,1.0,6,20,1330,1,1,1,1,1,2,7,2,2
30492,201600013255,1.0,1,1,1,11.0,0.0,0.0,0.0,1971.0,B02,1.0,7,0,0.0,0.0,6.0,1.0,7,11,1415,1,1,1,1,2,3,33,2,1
30493,201600013255,1.0,1,3,1,21.0,0.0,0.0,0.0,1993.0,A01,1.0,33,0,0.0,2.0,1.0,1.0,7,11,1415,1,1,1,1,2,3,7,1,2
30494,201600013256,1.0,1,4,1,21.0,0.0,0.0,0.0,1979.0,A01,1.0,33,0,0.0,0.0,7.0,1.0,7,23,1415,1,1,1,1,7,3,33,1,1
30495,201600013257,3.0,2,1,2,31.0,0.0,0.0,0.0,2013.0,B02,2.0,7,0,0.0,2.0,1.0,2.0,10,15,1225,1,1,1,1,2,2,3,2,0
30496,201600013257,1.0,1,1,1,11.0,0.0,0.0,0.0,1972.0,B02,2.0,7,0,0.0,2.0,1.0,2.0,10,15,1225,1,1,1,1,2,2,3,2,0
30497,201600013257,1.0,1,1,1,11.0,0.0,0.0,0.0,1985.0,A01,2.0,3,0,1.0,0.0,4.0,2.0,10,15,1225,1,1,1,1,2,2,7,0,2
30498,201600013257,2.0,2,3,2,11.0,0.0,0.0,0.0,1969.0,A01,2.0,3,0,1.0,0.0,4.0,2.0,10,15,1225,1,1,1,1,2,2,7,0,2
30499,201600013257,3.0,2,4,2,31.0,0.0,0.0,0.0,2012.0,A01,2.0,3,0,1.0,0.0,4.0,2.0,10,15,1225,1,1,1,1,2,2,7,0,2
30500,201600013258,1.0,1,4,1,21.0,0.0,0.0,0.0,1981.0,A01,1.0,33,0,4.0,0.0,8.0,21.0,12,12,835,3,1,1,2,6,1,33,1,1
30501,201600013259,1.0,1,2,1,13.0,0.0,0.0,0.0,1955.0,A01,2.0,15,0,3.0,0.0,2.0,1.0,5,17,645,1,1,1,1,6,1,15,3,3
30502,201600013259,2.0,2,4,1,11.0,0.0,0.0,0.0,1996.0,A01,2.0,15,0,3.0,0.0,2.0,1.0,5,17,645,1,1,1,1,6,1,15,3,3
30503,201600013260,1.0,1,3,2,11.0,0.0,0.0,0.0,1991.0,B02,1.0,7,0,14.0,0.0,9.0,1.0,5,21,530,2,1,1,1,1,0,15,2,3
30504,201600013260,5.0,2,3,1,12.0,0.0,0.0,0.0,1957.0,A01,1.0,15,0,3.0,0.0,9.0,14.0,5,21,530,2,1,1,1,1,0,7,3,2
30505,201600013260,1.0,1,1,1,11.0,0.0,0.0,0.0,1960.0,A01,1.0,15,0,3.0,0.0,9.0,14.0,5,21,530,2,1,1,1,1,0,7,3,2
30506,201600013261,1.0,1,4,2,11.0,0.0,0.0,0.0,1996.0,A01,1.0,10,0,3.0,0.0,1.0,0.0,8,1,1000,1,1,1,1,6,1,10,2,2
30507,201600013261,2.0,2,4,1,11.0,0.0,0.0,0.0,1994.0,A01,1.0,10,0,3.0,0.0,1.0,0.0,8,1,1000,1,1,1,1,6,1,10,2,2
30508,201600013261,3.0,2,4,2,11.0,0.0,0.0,0.0,1994.0,A01,1.0,10,0,3.0,0.0,1.0,0.0,8,1,1000,1,1,1,1,6,1,10,2,2
30509,201600013262,1.0,1,4,1,11.0,0.0,0.0,0.0,1946.0,B02,1.0,7,0,4.0,2.0,4.0,2.0,8,6,1345,1,1,1,1,5,2,7,2,2
30510,201600013262,2.0,2,4,2,11.0,0.0,0.0,0.0,1949.0,B02,1.0,7,0,4.0,2.0,4.0,2.0,8,6,1345,1,1,1,1,5,2,7,2,2
30511,201600013262,1.0,1,1,1,11.0,0.0,0.0,0.0,1969.0,C03,2.0,7,0,0.0,9.0,1.0,1.0,8,6,1345,1,1,1,1,5,2,7,2,2
30512,201600013262,1.0,1,1,1,11.0,0.0,0.0,0.0,1962.0,A01,1.0,7,0,0.0,2.0,1.0,2.0,8,6,1345,1,1,1,1,5,2,7,2,2
30513,201600013262,2.0,2,4,2,11.0,0.0,0.0,0.0,1965.0,A01,1.0,7,0,0.0,2.0,1.0,2.0,8,6,1345,1,1,1,1,5,2,7,2,2
30514,201600013263,1.0,1,4,1,11.0,0.0,0.0,0.0,1990.0,A01,0.0,7,0,8.0,0.0,3.0,1.0,9,3,2200,5,2,3,1,6,5,7,2,2
30515,201600013263,2.0,2,4,1,13.0,0.0,0.0,0.0,2010.0,A01,0.0,7,0,8.0,0.0,3.0,1.0,9,3,2200,5,2,3,1,6,5,7,2,2
30516,201600013263,3.0,2,3,2,13.0,0.0,0.0,0.0,1990.0,A01,0.0,7,0,8.0,0.0,3.0,1.0,9,3,2200,5,2,3,1,6,5,7,2,2
30517,201600013264,1.0,1,4,2,11.0,0.0,0.0,0.0,1997.0,A01,1.0,7,0,3.0,2.0,3.0,9.0,10,24,1850,2,1,9,8,2,4,7,2,2
30518,201600013264,1.0,1,4,2,11.0,0.0,0.0,0.0,1989.0,B02,1.0,7,0,3.0,2.0,4.0,2.0,10,24,1850,2,1,9,8,2,4,7,2,2
30519,201600013264,2.0,2,4,2,31.0,0.0,0.0,0.0,2016.0,B02,1.0,7,0,3.0,2.0,4.0,2.0,10,24,1850,2,1,9,8,2,4,7,2,2
30520,201600013265,1.0,1,3,2,11.0,0.0,0.0,0.0,1971.0,A01,1.0,7,0,0.0,2.0,2.0,2.0,12,8,725,2,1,1,1,2,1,17,2,3
30521,201600013265,1.0,1,1,1,11.0,0.0,0.0,0.0,1971.0,B01,1.0,17,0,0.0,2.0,4.0,2.0,12,8,725,2,1,1,1,2,1,7,3,2
30522,201600013265,2.0,2,1,2,11.0,0.0,0.0,0.0,1971.0,B01,1.0,17,0,0.0,2.0,4.0,2.0,12,8,725,2,1,1,1,2,1,7,3,2
30523,201600013266,1.0,1,1,1,11.0,0.0,0.0,0.0,1974.0,B02,1.0,15,0,0.0,2.0,3.0,1.0,1,8,930,1,1,1,8,3,1,7,3,2
30524,201600013266,1.0,1,3,2,11.0,0.0,0.0,0.0,1964.0,A01,2.0,7,0,0.0,2.0,3.0,13.0,1,8,930,1,1,1,8,3,1,15,2,3
30525,201600013267,1.0,1,1,1,11.0,0.0,0.0,0.0,1989.0,A01,2.0,14,0,0.0,2.0,1.0,2.0,3,15,1530,1,1,1,7,2,3,7,3,2
30526,201600013267,1.0,1,3,1,11.0,0.0,0.0,0.0,1944.0,B02,2.0,7,0,0.0,2.0,4.0,16.0,3,15,1530,1,1,1,7,2,3,14,2,3
30527,201600013268,1.0,1,1,1,11.0,0.0,0.0,0.0,1976.0,A01,1.0,7,0,0.0,0.0,9.0,1.0,4,8,1630,1,1,1,1,6,3,7,2,2
30528,201600013268,2.0,2,3,2,11.0,0.0,0.0,0.0,1981.0,A01,1.0,7,0,0.0,0.0,9.0,1.0,4,8,1630,1,1,1,1,6,3,7,2,2
30529,201600013268,3.0,2,4,2,11.0,0.0,0.0,0.0,2006.0,A01,1.0,7,0,0.0,0.0,9.0,1.0,4,8,1630,1,1,1,1,6,3,7,2,2
30530,201600013268,4.0,2,1,2,11.0,0.0,0.0,0.0,2009.0,A01,1.0,7,0,0.0,0.0,9.0,1.0,4,8,1630,1,1,1,1,6,3,7,2,2
30531,201600013269,1.0,1,3,1,11.0,0.0,0.0,0.0,1962.0,A01,1.0,17,0,3.0,0.0,3.0,13.0,4,12,2000,1,1,1,1,6,4,17,3,3
30532,201600013270,1.0,1,4,1,11.0,0.0,0.0,0.0,1963.0,A01,2.0,7,0,3.0,0.0,2.0,17.0,8,5,1515,1,1,1,1,6,3,7,2,2
30533,201600013270,2.0,2,4,2,11.0,0.0,0.0,0.0,1950.0,A01,2.0,7,0,3.0,0.0,2.0,17.0,8,5,1515,1,1,1,1,6,3,7,2,2
30534,201600013271,5.0,2,1,1,1.0,0.0,0.0,0.0,2010.0,A01,1.0,7,0,3.0,0.0,2.0,1.0,8,20,1045,1,1,1,1,6,1,7,2,2
30535,201600013271,1.0,1,1,1,11.0,0.0,0.0,0.0,1975.0,A01,1.0,7,0,3.0,0.0,2.0,1.0,8,20,1045,1,1,1,1,6,1,7,2,2
30536,201600013271,2.0,2,1,2,11.0,0.0,0.0,0.0,1979.0,A01,1.0,7,0,3.0,0.0,2.0,1.0,8,20,1045,1,1,1,1,6,1,7,2,2
30537,201600013271,5.0,2,1,1,1.0,0.0,0.0,0.0,2002.0,A01,1.0,7,0,3.0,0.0,2.0,1.0,8,20,1045,1,1,1,1,6,1,7,2,2
30538,201600013271,5.0,2,3,2,1.0,0.0,0.0,0.0,2007.0,A01,1.0,7,0,3.0,0.0,2.0,1.0,8,20,1045,1,1,1,1,6,1,7,2,2
30539,201600013272,2.0,2,3,2,11.0,0.0,0.0,0.0,1988.0,A01,2.0,7,0,0.0,6.0,9.0,21.0,8,26,1,3,1,1,1,7,0,7,2,2
30540,201600013272,1.0,1,1,1,11.0,0.0,0.0,0.0,1988.0,A01,2.0,7,0,0.0,6.0,9.0,21.0,8,26,1,3,1,1,1,7,0,7,2,2
30541,201600013273,1.0,1,1,1,11.0,0.0,0.0,0.0,1972.0,A01,1.0,17,0,0.0,2.0,1.0,1.0,8,29,1200,1,1,2,1,3,2,30,3,1
30542,201600013273,1.0,1,3,2,21.0,0.0,0.0,0.0,1999.0,B02,1.0,30,0,0.0,2.0,8.0,15.0,8,29,1200,1,1,2,1,3,2,17,1,3
30543,201600013274,1.0,1,3,2,21.0,0.0,0.0,0.0,1992.0,A01,0.0,30,0,0.0,2.0,0.0,1.0,10,18,1615,1,1,1,1,3,3,38,1,3
30544,201600013274,1.0,1,1,2,11.0,0.0,0.0,0.0,1984.0,B02,0.0,38,1,0.0,2.0,6.0,1.0,10,18,1615,1,1,1,1,3,3,30,3,1
30545,201600013275,1.0,1,3,1,11.0,0.0,0.0,0.0,1968.0,A01,1.0,10,0,0.0,2.0,7.0,1.0,1,31,1630,1,1,1,2,3,3,10,2,2
30546,201600013275,1.0,1,1,1,11.0,0.0,0.0,0.0,1969.0,B02,2.0,10,0,0.0,2.0,1.0,1.0,1,31,1630,1,1,1,2,3,3,10,2,2
30547,201600013276,1.0,1,1,1,13.0,0.0,0.0,0.0,1957.0,A01,2.0,7,0,0.0,0.0,0.0,2.0,5,14,1730,1,1,1,8,1,3,7,2,2
30548,201600013276,1.0,1,3,1,13.0,0.0,0.0,0.0,1983.0,C03,2.0,7,0,2.0,0.0,1.0,2.0,5,14,1730,1,1,1,8,1,3,7,2,2
30549,201600013277,1.0,1,1,2,11.0,0.0,0.0,0.0,1979.0,A01,2.0,7,0,0.0,2.0,2.0,15.0,10,7,1645,1,2,3,1,1,3,33,2,1
30550,201600013277,1.0,1,3,1,21.0,0.0,0.0,0.0,1973.0,B02,1.0,33,0,0.0,2.0,1.0,1.0,10,7,1645,1,2,3,1,1,3,7,1,2
30551,201600013278,1.0,1,3,1,11.0,0.0,0.0,0.0,1973.0,A01,1.0,7,0,0.0,2.0,3.0,1.0,11,22,1900,3,1,1,1,1,4,7,2,2
30552,201600013278,1.0,1,3,1,11.0,0.0,0.0,0.0,1960.0,B02,2.0,7,0,0.0,2.0,3.0,1.0,11,22,1900,3,1,1,1,1,4,7,2,2
30553,201600013279,1.0,1,1,2,11.0,0.0,0.0,0.0,1938.0,A01,2.0,7,0,0.0,1.0,3.0,1.0,12,7,1615,1,2,1,1,6,3,7,2,2
30554,201600013279,0.0,3,3,2,0.0,2.0,3.0,1.0,1939.0,A01,2.0,7,0,0.0,1.0,3.0,1.0,12,7,1615,1,2,1,1,6,3,7,2,2
30555,201600013280,1.0,1,3,1,11.0,0.0,0.0,0.0,1958.0,A01,1.0,7,0,4.0,0.0,8.0,1.0,4,13,1645,1,1,1,1,6,3,7,2,2
30556,201600013281,1.0,1,3,1,11.0,0.0,0.0,0.0,1935.0,A01,2.0,7,0,11.0,0.0,1.0,1.0,6,20,1230,1,1,1,3,6,2,7,2,2
30557,201600013281,2.0,2,2,2,11.0,0.0,0.0,0.0,1937.0,A01,2.0,7,0,11.0,0.0,1.0,1.0,6,20,1230,1,1,1,3,6,2,7,2,2
30558,201600013282,1.0,1,2,2,11.0,0.0,0.0,0.0,1931.0,A01,2.0,7,0,0.0,2.0,1.0,5.0,6,24,1715,1,1,1,1,1,3,7,2,2
30559,201600013282,1.0,1,3,1,11.0,0.0,0.0,0.0,1971.0,B02,1.0,7,0,0.0,2.0,1.0,1.0,6,24,1715,1,1,1,1,1,3,7,2,2
30560,201600013283,2.0,2,3,2,11.0,0.0,0.0,0.0,1936.0,B02,2.0,7,0,0.0,0.0,4.0,2.0,9,2,1130,1,1,1,1,2,1,7,2,2
30561,201600013283,1.0,1,3,1,11.0,0.0,0.0,0.0,1955.0,B02,2.0,7,0,0.0,0.0,4.0,2.0,9,2,1130,1,1,1,1,2,1,7,2,2
30562,201600013283,3.0,2,4,2,11.0,0.0,0.0,0.0,1989.0,A01,2.0,7,0,0.0,0.0,4.0,2.0,9,2,1130,1,1,1,1,2,1,7,2,2
30563,201600013283,2.0,2,4,2,11.0,0.0,0.0,0.0,1991.0,A01,2.0,7,0,0.0,0.0,4.0,2.0,9,2,1130,1,1,1,1,2,1,7,2,2
30564,201600013283,1.0,1,4,1,11.0,0.0,0.0,0.0,1988.0,A01,2.0,7,0,0.0,0.0,4.0,2.0,9,2,1130,1,1,1,1,2,1,7,2,2
30565,201600013284,1.0,1,4,1,11.0,0.0,0.0,0.0,1961.0,A01,2.0,10,0,3.0,2.0,1.0,1.0,10,11,1600,1,1,1,1,2,3,7,2,2
30566,201600013284,1.0,1,4,2,11.0,0.0,0.0,0.0,1940.0,B02,2.0,7,0,3.0,0.0,5.0,1.0,10,11,1600,1,1,1,1,2,3,10,2,2
30567,201600013284,2.0,2,3,2,11.0,0.0,0.0,0.0,1946.0,B02,2.0,7,0,3.0,0.0,5.0,1.0,10,11,1600,1,1,1,1,2,3,10,2,2
30568,201600013284,7.0,2,4,2,11.0,0.0,0.0,0.0,1947.0,B02,2.0,7,0,3.0,0.0,5.0,1.0,10,11,1600,1,1,1,1,2,3,10,2,2
30569,201600013284,9.0,2,4,2,11.0,0.0,0.0,0.0,1955.0,B02,2.0,7,0,3.0,0.0,5.0,1.0,10,11,1600,1,1,1,1,2,3,10,2,2
30570,201600013285,1.0,1,3,1,11.0,0.0,0.0,0.0,1958.0,A01,1.0,7,0,0.0,2.0,2.0,2.0,11,16,715,2,1,1,2,2,1,17,2,3
30571,201600013285,1.0,1,1,1,13.0,0.0,0.0,0.0,1984.0,B02,1.0,17,0,0.0,2.0,6.0,9.0,11,16,715,2,1,1,2,2,1,7,3,2
30572,201600013286,1.0,1,4,1,11.0,0.0,0.0,0.0,1951.0,A01,1.0,7,0,0.0,2.0,1.0,2.0,11,24,2045,3,1,1,1,2,4,7,2,2
30573,201600013286,7.0,2,1,2,11.0,0.0,0.0,0.0,2004.0,A01,1.0,7,0,0.0,2.0,1.0,2.0,11,24,2045,3,1,1,1,2,4,7,2,2
30574,201600013286,9.0,2,1,1,11.0,0.0,0.0,0.0,2002.0,A01,1.0,7,0,0.0,2.0,1.0,2.0,11,24,2045,3,1,1,1,2,4,7,2,2
30575,201600013286,1.0,1,4,1,11.0,0.0,0.0,0.0,1984.0,B03,1.0,7,0,0.0,0.0,4.0,2.0,11,24,2045,3,1,1,1,2,4,7,2,2
30576,201600013287,1.0,1,4,1,11.0,0.0,0.0,0.0,1971.0,A01,1.0,7,0,3.0,0.0,2.0,1.0,12,9,1950,3,1,1,1,6,4,7,2,2
30577,201600013288,2.0,2,1,2,11.0,0.0,0.0,0.0,1948.0,B01,1.0,7,0,0.0,2.0,6.0,1.0,12,24,1000,1,1,1,8,2,1,7,2,2
30578,201600013288,1.0,1,1,1,11.0,0.0,0.0,0.0,1948.0,B01,1.0,7,0,0.0,2.0,6.0,1.0,12,24,1000,1,1,1,8,2,1,7,2,2
30579,201600013288,1.0,1,3,1,12.0,0.0,0.0,0.0,1992.0,A01,1.0,7,0,0.0,2.0,2.0,17.0,12,24,1000,1,1,1,8,2,1,7,2,2
30580,201600013289,1.0,1,3,1,11.0,0.0,0.0,0.0,1992.0,A01,1.0,7,0,4.0,0.0,1.0,14.0,5,25,1600,1,1,1,1,6,3,7,2,2
30581,201600013290,1.0,1,3,1,11.0,0.0,0.0,0.0,1960.0,A01,1.0,7,0,0.0,2.0,1.0,2.0,8,5,1045,1,1,1,1,2,1,38,2,3
30582,201600013290,2.0,2,4,2,11.0,0.0,0.0,0.0,1963.0,A01,1.0,7,0,0.0,2.0,1.0,2.0,8,5,1045,1,1,1,1,2,1,38,2,3
30583,201600013290,3.0,2,1,1,11.0,0.0,0.0,0.0,1985.0,A01,1.0,7,0,0.0,2.0,1.0,2.0,8,5,1045,1,1,1,1,2,1,38,2,3
30584,201600013290,4.0,2,3,1,11.0,0.0,0.0,0.0,1975.0,A01,1.0,7,0,0.0,2.0,1.0,2.0,8,5,1045,1,1,1,1,2,1,38,2,3
30585,201600013290,5.0,2,3,2,11.0,0.0,0.0,0.0,1983.0,A01,1.0,7,0,0.0,2.0,1.0,2.0,8,5,1045,1,1,1,1,2,1,38,2,3
30586,201600013290,1.0,1,1,1,11.0,0.0,0.0,0.0,1963.0,B02,1.0,38,1,0.0,2.0,6.0,2.0,8,5,1045,1,1,1,1,2,1,7,3,2
30587,201600013291,1.0,1,1,1,11.0,0.0,0.0,0.0,1985.0,A01,1.0,14,0,0.0,1.0,5.0,4.0,8,3,1045,1,2,1,1,6,1,14,3,3
30588,201600013291,0.0,3,3,1,0.0,1.0,3.0,1.0,1950.0,A01,1.0,14,0,0.0,1.0,5.0,4.0,8,3,1045,1,2,1,1,6,1,14,3,3
30589,201600013292,1.0,1,3,1,11.0,0.0,0.0,0.0,1973.0,A01,1.0,7,0,4.0,0.0,2.0,14.0,11,11,900,1,1,1,8,6,1,7,2,2
30590,201600013293,1.0,1,1,2,11.0,0.0,0.0,0.0,1966.0,F06,1.0,10,0,4.0,2.0,1.0,1.0,3,7,1645,1,1,1,4,4,3,15,2,3
30591,201600013293,1.0,1,1,1,11.0,0.0,0.0,0.0,1989.0,E05,1.0,7,0,0.0,2.0,1.0,21.0,3,7,1645,1,1,1,4,4,3,10,2,2
30592,201600013293,4.0,2,1,1,11.0,0.0,0.0,0.0,1981.0,D04,1.0,7,0,0.0,2.0,1.0,1.0,3,7,1645,1,1,1,4,4,3,10,2,2
30593,201600013293,3.0,2,4,2,11.0,0.0,0.0,0.0,1985.0,D04,1.0,7,0,0.0,2.0,1.0,1.0,3,7,1645,1,1,1,4,4,3,10,2,2
30594,201600013293,2.0,2,4,2,11.0,0.0,0.0,0.0,1985.0,D04,1.0,7,0,0.0,2.0,1.0,1.0,3,7,1645,1,1,1,4,4,3,10,2,2
30595,201600013293,1.0,1,4,2,11.0,0.0,0.0,0.0,1986.0,D04,1.0,7,0,0.0,2.0,1.0,1.0,3,7,1645,1,1,1,4,4,3,10,2,2
30596,201600013293,1.0,1,1,1,11.0,0.0,0.0,0.0,1964.0,C03,1.0,7,0,4.0,2.0,4.0,1.0,3,7,1645,1,1,1,4,4,3,10,2,2
30597,201600013293,1.0,1,1,1,11.0,0.0,0.0,0.0,1964.0,B02,1.0,15,0,0.0,2.0,6.0,1.0,3,7,1645,1,1,1,4,4,3,10,3,2
30598,201600013293,2.0,2,3,1,11.0,0.0,0.0,0.0,1943.0,A01,1.0,7,0,3.0,2.0,2.0,1.0,3,7,1645,1,1,1,4,4,3,10,2,2
30599,201600013293,1.0,1,1,1,11.0,0.0,0.0,0.0,1942.0,A01,1.0,7,0,3.0,2.0,2.0,1.0,3,7,1645,1,1,1,4,4,3,10,2,2
30600,201600013294,1.0,1,4,1,11.0,0.0,0.0,0.0,1989.0,B02,2.0,15,0,13.0,0.0,7.0,0.0,4,4,1430,1,1,1,1,7,3,15,3,3
30601,201600013295,1.0,1,2,1,11.0,0.0,0.0,0.0,1985.0,A01,1.0,7,0,3.0,0.0,1.0,14.0,4,24,700,2,1,1,1,7,1,7,2,2
30602,201600013295,2.0,2,3,2,11.0,0.0,0.0,0.0,1990.0,A01,1.0,7,0,3.0,0.0,1.0,14.0,4,24,700,2,1,1,1,7,1,7,2,2
30603,201600013295,3.0,2,3,1,11.0,0.0,0.0,0.0,2013.0,A01,1.0,7,0,3.0,0.0,1.0,14.0,4,24,700,2,1,1,1,7,1,7,2,2
30604,201600013295,4.0,2,2,1,11.0,0.0,0.0,0.0,2006.0,A01,1.0,7,0,3.0,0.0,1.0,14.0,4,24,700,2,1,1,1,7,1,7,2,2
30605,201600013295,5.0,2,2,2,11.0,0.0,0.0,0.0,2012.0,A01,1.0,7,0,3.0,0.0,1.0,14.0,4,24,700,2,1,1,1,7,1,7,2,2
30606,201600013296,4.0,2,1,2,11.0,0.0,0.0,0.0,1962.0,A01,1.0,7,0,0.0,2.0,3.0,17.0,5,11,1015,1,1,1,2,2,1,15,2,3
30607,201600013296,1.0,1,1,1,11.0,0.0,0.0,0.0,1956.0,A01,1.0,7,0,0.0,2.0,3.0,17.0,5,11,1015,1,1,1,2,2,1,15,2,3
30608,201600013296,2.0,2,3,2,11.0,0.0,0.0,0.0,1956.0,A01,1.0,7,0,0.0,2.0,3.0,17.0,5,11,1015,1,1,1,2,2,1,15,2,3
30609,201600013296,3.0,2,1,1,11.0,0.0,0.0,0.0,1956.0,A01,1.0,7,0,0.0,2.0,3.0,17.0,5,11,1015,1,1,1,2,2,1,15,2,3