,Num_Acc,place,catu,grav,sexe,secu,locp,actp,etatp,an_nais,num_veh,senc,catv,occutc,obs,obsm,choc,manv,mois,jour,hrmn,lum,agg,int,atm,col,mom,catvopp,catv_gen,catvopp_gen
30781,201600013342,1.0,1,4,2,11.0,0.0,0.0,0.0,1997.0,A01,1.0,7,0,13.0,0.0,3.0,13.0,8,23,710,1,1,1,1,7,1,7,2,2
30782,201600013343,1.0,1,1,1,11.0,0.0,0.0,0.0,1952.0,A01,1.0,7,0,0.0,2.0,3.0,15.0,8,29,1945,1,2,2,1,3,4,33,2,1
30783,201600013343,1.0,1,4,1,21.0,0.0,0.0,0.0,1983.0,B01,1.0,33,0,0.0,2.0,1.0,1.0,8,29,1945,1,2,2,1,3,4,7,1,2
30784,201600013344,1.0,1,1,1,11.0,0.0,0.0,0.0,1986.0,B01,1.0,7,0,0.0,0.0,0.0,0.0,9,1,1725,1,1,1,1,6,3,7,2,2
30785,201600013344,1.0,1,3,1,11.0,0.0,0.0,0.0,1964.0,A01,1.0,7,0,2.0,0.0,1.0,18.0,9,1,1725,1,1,1,1,6,3,7,2,2
30786,201600013345,1.0,1,4,2,11.0,0.0,0.0,0.0,1982.0,C01,2.0,7,0,0.0,2.0,3.0,1.0,9,14,815,1,1,1,1,5,1,7,2,2
30787,201600013345,1.0,1,1,1,11.0,0.0,0.0,0.0,1983.0,B01,2.0,7,0,0.0,2.0,4.0,1.0,9,14,815,1,1,1,1,5,1,7,2,2
30788,201600013345,1.0,1,3,2,11.0,0.0,0.0,0.0,1996.0,A01,1.0,7,0,0.0,2.0,3.0,13.0,9,14,815,1,1,1,1,5,1,7,2,2
30789,201600013346,1.0,1,4,1,21.0,0.0,0.0,0.0,1972.0,B01,1.0,33,0,0.0,2.0,1.0,13.0,9,24,1052,1,1,1,1,6,1,7,1,2
30790,201600013346,1.0,1,1,1,11.0,0.0,0.0,0.0,1978.0,A01,1.0,7,0,0.0,2.0,2.0,9.0,9,24,1052,1,1,1,1,6,1,33,2,1
30791,201600013347,1.0,1,1,1,11.0,0.0,0.0,0.0,1943.0,A01,1.0,7,0,0.0,1.0,1.0,15.0,9,30,1230,1,2,1,1,7,2,7,2,2
30792,201600013347,0.0,3,3,1,0.0,2.0,2.0,1.0,1941.0,A01,1.0,7,0,0.0,1.0,1.0,15.0,9,30,1230,1,2,1,1,7,2,7,2,2
30793,201600013348,1.0,1,3,1,11.0,0.0,0.0,0.0,1955.0,B01,1.0,7,0,0.0,2.0,3.0,1.0,10,26,1615,1,1,1,1,5,3,7,2,2
30794,201600013348,2.0,2,4,2,11.0,0.0,0.0,0.0,1961.0,B01,1.0,7,0,0.0,2.0,3.0,1.0,10,26,1615,1,1,1,1,5,3,7,2,2
30795,201600013348,1.0,1,4,2,11.0,0.0,0.0,0.0,1971.0,A01,1.0,7,0,0.0,2.0,1.0,13.0,10,26,1615,1,1,1,1,5,3,7,2,2
30796,201600013348,1.0,1,4,1,11.0,0.0,0.0,0.0,1997.0,C01,1.0,7,0,0.0,2.0,1.0,1.0,10,26,1615,1,1,1,1,5,3,7,2,2
30797,201600013349,1.0,1,4,1,11.0,0.0,0.0,0.0,1947.0,C01,1.0,7,0,0.0,2.0,3.0,1.0,11,6,1840,2,1,1,2,5,4,15,2,3
30798,201600013349,1.0,1,3,2,11.0,0.0,0.0,0.0,1967.0,A01,1.0,7,0,0.0,2.0,4.0,13.0,11,6,1840,2,1,1,2,5,4,15,2,3
30799,201600013349,1.0,1,1,1,11.0,0.0,0.0,0.0,1969.0,B01,2.0,15,0,0.0,2.0,3.0,1.0,11,6,1840,2,1,1,2,5,4,7,3,2
30800,201600013350,1.0,1,1,1,21.0,0.0,0.0,0.0,2000.0,A01,1.0,30,0,0.0,1.0,0.0,0.0,11,10,1935,2,2,1,1,6,4,30,1,1
30801,201600013350,0.0,3,3,2,0.0,3.0,1.0,1.0,1935.0,A01,1.0,30,0,0.0,1.0,0.0,0.0,11,10,1935,2,2,1,1,6,4,30,1,1
30802,201600013351,1.0,1,4,1,11.0,0.0,0.0,0.0,1962.0,B01,1.0,7,0,0.0,2.0,5.0,1.0,11,14,1620,1,1,2,1,6,3,7,2,2
30803,201600013351,1.0,1,1,2,11.0,0.0,0.0,0.0,1996.0,A01,1.0,7,0,1.0,2.0,1.0,15.0,11,14,1620,1,1,2,1,6,3,7,2,2
30804,201600013352,1.0,1,4,1,11.0,0.0,0.0,0.0,1952.0,B01,1.0,7,0,0.0,2.0,1.0,2.0,12,2,1430,1,1,1,1,1,3,7,2,2
30805,201600013352,1.0,1,2,1,11.0,0.0,0.0,0.0,1940.0,A01,1.0,7,0,0.0,2.0,1.0,5.0,12,2,1430,1,1,1,1,1,3,7,2,2
30806,201600013353,1.0,1,1,1,11.0,0.0,0.0,0.0,1977.0,A01,1.0,7,0,0.0,1.0,2.0,16.0,12,6,1635,1,2,1,1,6,3,7,2,2
30807,201600013353,0.0,3,2,1,0.0,2.0,3.0,1.0,1946.0,A01,1.0,7,0,0.0,1.0,2.0,16.0,12,6,1635,1,2,1,1,6,3,7,2,2
30808,201600013354,1.0,1,4,1,21.0,0.0,0.0,0.0,1987.0,A01,1.0,33,0,0.0,2.0,1.0,17.0,12,6,1745,3,1,1,1,1,3,7,1,2
30809,201600013354,1.0,1,4,2,11.0,0.0,0.0,0.0,1968.0,B01,1.0,7,0,0.0,2.0,1.0,1.0,12,6,1745,3,1,1,1,1,3,33,2,1
30810,201600013355,2.0,2,1,1,11.0,0.0,0.0,0.0,1995.0,A01,2.0,7,0,3.0,0.0,2.0,1.0,7,22,1630,1,1,1,1,6,3,7,2,2
30811,201600013355,1.0,1,2,1,11.0,0.0,0.0,0.0,1949.0,A01,2.0,7,0,3.0,0.0,2.0,1.0,7,22,1630,1,1,1,1,6,3,7,2,2
30812,201600013356,1.0,1,2,1,11.0,0.0,0.0,0.0,1980.0,B02,1.0,10,0,0.0,2.0,1.0,2.0,12,1,630,3,1,1,1,2,1,17,2,3
30813,201600013356,1.0,1,1,1,11.0,0.0,0.0,0.0,1975.0,A01,1.0,17,0,0.0,0.0,4.0,4.0,12,1,630,3,1,1,1,2,1,10,3,2
30814,201600013357,1.0,1,3,1,11.0,0.0,0.0,0.0,1982.0,A01,1.0,7,0,4.0,0.0,5.0,14.0,2,26,30,3,1,1,1,7,0,7,2,2
30815,201600013358,1.0,1,1,1,13.0,0.0,0.0,0.0,1994.0,B02,0.0,7,0,0.0,0.0,2.0,14.0,3,5,1145,1,1,1,2,3,1,7,2,2
30816,201600013358,1.0,1,3,2,13.0,0.0,0.0,0.0,1956.0,A01,2.0,7,0,3.0,0.0,9.0,1.0,3,5,1145,1,1,1,2,3,1,7,2,2
30817,201600013359,1.0,1,1,1,11.0,0.0,0.0,0.0,1988.0,A01,2.0,15,0,0.0,9.0,0.0,2.0,4,19,1645,1,1,1,1,1,3,33,3,1
30818,201600013359,1.0,1,3,1,21.0,0.0,0.0,0.0,1974.0,B02,2.0,33,0,0.0,9.0,2.0,2.0,4,19,1645,1,1,1,1,1,3,15,1,3
30819,201600013359,2.0,2,4,1,21.0,0.0,0.0,0.0,1972.0,B02,2.0,33,0,0.0,9.0,2.0,2.0,4,19,1645,1,1,1,1,1,3,15,1,3
30820,201600013360,1.0,1,3,2,11.0,0.0,0.0,0.0,1967.0,A01,1.0,7,0,3.0,9.0,8.0,1.0,6,6,1100,1,1,1,1,7,1,7,2,2
30821,201600013361,1.0,1,4,1,13.0,0.0,0.0,0.0,1993.0,A01,1.0,7,0,4.0,0.0,2.0,1.0,10,1,2130,3,1,1,2,7,4,7,2,2
30822,201600013362,1.0,1,3,1,11.0,0.0,0.0,0.0,1980.0,A01,2.0,7,0,0.0,2.0,1.0,13.0,10,21,1830,2,1,1,1,1,4,14,2,3
30823,201600013362,1.0,1,1,1,11.0,0.0,0.0,0.0,1969.0,B02,1.0,14,0,0.0,2.0,3.0,1.0,10,21,1830,2,1,1,1,1,4,7,3,2
30824,201600013363,1.0,1,1,2,11.0,0.0,0.0,0.0,1967.0,A01,1.0,7,0,0.0,1.0,2.0,1.0,12,8,1815,5,2,7,1,6,4,7,2,2
30825,201600013363,0.0,3,4,2,0.0,4.0,3.0,1.0,1948.0,A01,1.0,7,0,0.0,1.0,2.0,1.0,12,8,1815,5,2,7,1,6,4,7,2,2
30826,201600013364,1.0,1,3,1,11.0,0.0,0.0,0.0,1985.0,A01,2.0,7,0,6.0,0.0,1.0,17.0,1,25,645,3,1,1,1,6,1,7,2,2
30827,201600013365,1.0,1,1,2,11.0,0.0,0.0,0.0,1967.0,B02,1.0,38,5,0.0,2.0,2.0,1.0,3,10,700,2,1,1,1,1,1,7,3,2
30828,201600013365,1.0,1,3,1,11.0,0.0,0.0,0.0,1981.0,A01,2.0,7,0,0.0,2.0,1.0,13.0,3,10,700,2,1,1,1,1,1,38,2,3
30829,201600013366,4.0,2,2,2,11.0,0.0,0.0,0.0,1950.0,A01,1.0,7,0,13.0,0.0,1.0,1.0,8,6,1700,1,1,1,1,6,3,7,2,2
30830,201600013366,1.0,1,4,1,11.0,0.0,0.0,0.0,1952.0,A01,1.0,7,0,13.0,0.0,1.0,1.0,8,6,1700,1,1,1,1,6,3,7,2,2
30831,201600013366,2.0,2,2,2,11.0,0.0,0.0,0.0,1955.0,A01,1.0,7,0,13.0,0.0,1.0,1.0,8,6,1700,1,1,1,1,6,3,7,2,2
30832,201600013367,1.0,1,3,1,11.0,0.0,0.0,0.0,1938.0,A01,2.0,7,0,13.0,0.0,2.0,1.0,9,8,1115,1,1,1,1,6,1,7,2,2
30833,201600013367,2.0,2,2,2,11.0,0.0,0.0,0.0,1940.0,A01,2.0,7,0,13.0,0.0,2.0,1.0,9,8,1115,1,1,1,1,6,1,7,2,2
30834,201600013368,1.0,1,4,1,11.0,0.0,0.0,0.0,1934.0,A01,0.0,7,0,8.0,0.0,1.0,13.0,9,22,1400,1,1,1,1,6,3,7,2,2
30835,201600013368,2.0,2,4,2,11.0,0.0,0.0,0.0,1937.0,A01,0.0,7,0,8.0,0.0,1.0,13.0,9,22,1400,1,1,1,1,6,3,7,2,2
30836,201600013369,1.0,1,2,1,11.0,0.0,0.0,0.0,1995.0,A01,1.0,7,0,0.0,2.0,3.0,13.0,2,5,1515,1,1,1,1,1,3,14,2,3
30837,201600013369,1.0,1,1,1,11.0,0.0,0.0,0.0,1990.0,B02,2.0,14,0,0.0,2.0,3.0,1.0,2,5,1515,1,1,1,1,1,3,7,3,2
30838,201600013370,1.0,1,3,1,11.0,0.0,0.0,0.0,1983.0,A01,1.0,14,0,13.0,0.0,3.0,14.0,4,19,1630,1,1,1,1,1,3,14,3,3
30839,201600013370,1.0,1,1,1,11.0,0.0,0.0,0.0,1968.0,B02,2.0,14,0,0.0,0.0,0.0,14.0,4,19,1630,1,1,1,1,1,3,14,3,3
30840,201600013371,1.0,1,2,2,13.0,0.0,0.0,0.0,1991.0,A01,1.0,7,0,0.0,2.0,8.0,10.0,10,24,1000,1,1,1,2,3,1,14,2,3
30841,201600013371,1.0,1,1,1,13.0,0.0,0.0,0.0,1978.0,B02,1.0,14,0,0.0,2.0,2.0,2.0,10,24,1000,1,1,1,2,3,1,7,3,2
30842,201600013372,2.0,2,4,1,11.0,0.0,0.0,0.0,1998.0,B02,2.0,7,0,0.0,0.0,5.0,15.0,12,19,1715,3,1,1,1,2,3,17,2,3
30843,201600013372,1.0,1,4,2,11.0,0.0,0.0,0.0,1964.0,B02,2.0,7,0,0.0,0.0,5.0,15.0,12,19,1715,3,1,1,1,2,3,17,2,3
30844,201600013372,1.0,1,1,1,11.0,0.0,0.0,0.0,1977.0,A01,2.0,17,0,0.0,2.0,3.0,1.0,12,19,1715,3,1,1,1,2,3,7,3,2
30845,201600013373,2.0,2,3,2,11.0,0.0,0.0,0.0,1944.0,A01,1.0,7,0,13.0,0.0,1.0,1.0,1,5,1730,2,1,1,2,7,3,7,2,2
30846,201600013373,1.0,1,1,1,11.0,0.0,0.0,0.0,1955.0,A01,1.0,7,0,13.0,0.0,1.0,1.0,1,5,1730,2,1,1,2,7,3,7,2,2
30847,201600013374,1.0,1,1,1,11.0,0.0,0.0,0.0,1977.0,B02,2.0,7,0,0.0,2.0,6.0,1.0,9,17,120,3,1,1,2,3,0,7,2,2
30848,201600013374,1.0,1,3,1,11.0,0.0,0.0,0.0,1993.0,A01,2.0,7,0,13.0,2.0,1.0,1.0,9,17,120,3,1,1,2,3,0,7,2,2
30849,201600013375,1.0,1,3,1,11.0,0.0,0.0,0.0,1961.0,B02,1.0,7,0,0.0,2.0,1.0,1.0,11,19,1400,1,1,1,8,1,3,7,2,2
30850,201600013375,1.0,1,3,1,11.0,0.0,0.0,0.0,1975.0,A01,2.0,7,0,0.0,2.0,1.0,5.0,11,19,1400,1,1,1,8,1,3,7,2,2
30851,201600013376,1.0,1,4,1,11.0,0.0,0.0,0.0,1986.0,B02,2.0,7,0,0.0,2.0,1.0,1.0,11,30,930,1,1,1,1,1,1,17,2,3
30852,201600013376,1.0,1,1,1,11.0,0.0,0.0,0.0,1977.0,A01,1.0,17,0,0.0,2.0,3.0,21.0,11,30,930,1,1,1,1,1,1,7,3,2
30853,201600013377,1.0,1,4,1,11.0,0.0,0.0,0.0,1970.0,A01,1.0,17,0,1.0,0.0,2.0,1.0,2,26,2200,3,1,1,1,5,5,17,3,3
30854,201600013377,1.0,1,3,1,11.0,0.0,0.0,0.0,1953.0,B02,1.0,17,0,0.0,0.0,0.0,23.0,2,26,2200,3,1,1,1,5,5,17,3,3
30855,201600013377,1.0,1,1,1,11.0,0.0,0.0,0.0,1984.0,C03,1.0,17,0,0.0,2.0,3.0,1.0,2,26,2200,3,1,1,1,5,5,17,3,3
30856,201600013377,1.0,1,1,1,11.0,0.0,0.0,0.0,1964.0,D04,1.0,17,0,0.0,0.0,8.0,23.0,2,26,2200,3,1,1,1,5,5,17,3,3
30857,201600013378,1.0,1,3,1,11.0,0.0,0.0,0.0,1995.0,A01,2.0,7,0,0.0,2.0,7.0,1.0,6,18,1730,1,1,1,3,3,3,7,2,2
30858,201600013378,2.0,2,3,1,11.0,0.0,0.0,0.0,1994.0,A01,2.0,7,0,0.0,2.0,7.0,1.0,6,18,1730,1,1,1,3,3,3,7,2,2
30859,201600013378,1.0,1,3,1,11.0,0.0,0.0,0.0,1951.0,B02,1.0,7,0,0.0,2.0,1.0,1.0,6,18,1730,1,1,1,3,3,3,7,2,2
30860,201600013378,2.0,2,3,2,11.0,0.0,0.0,0.0,1956.0,B02,1.0,7,0,0.0,2.0,1.0,1.0,6,18,1730,1,1,1,3,3,3,7,2,2
30861,201600013379,1.0,1,1,1,11.0,0.0,0.0,0.0,1959.0,B02,1.0,17,0,0.0,2.0,4.0,1.0,8,10,900,1,1,1,1,2,1,7,3,2
30862,201600013379,1.0,1,1,1,11.0,0.0,0.0,0.0,1990.0,A01,1.0,7,0,0.0,2.0,1.0,1.0,8,10,900,1,1,1,1,2,1,17,2,3
30863,201600013379,2.0,2,3,1,11.0,0.0,0.0,0.0,1982.0,A01,1.0,7,0,0.0,2.0,1.0,1.0,8,10,900,1,1,1,1,2,1,17,2,3
30864,201600013380,1.0,1,4,1,11.0,0.0,0.0,0.0,1959.0,A01,2.0,7,0,3.0,2.0,2.0,2.0,8,27,900,1,1,1,1,3,1,7,2,2
30865,201600013380,2.0,2,4,2,11.0,0.0,0.0,0.0,1960.0,A01,2.0,7,0,3.0,2.0,2.0,2.0,8,27,900,1,1,1,1,3,1,7,2,2
30866,201600013380,3.0,2,1,1,11.0,0.0,0.0,0.0,1986.0,A01,2.0,7,0,3.0,2.0,2.0,2.0,8,27,900,1,1,1,1,3,1,7,2,2
30867,201600013380,4.0,2,4,2,11.0,0.0,0.0,0.0,1994.0,A01,2.0,7,0,3.0,2.0,2.0,2.0,8,27,900,1,1,1,1,3,1,7,2,2
30868,201600013380,1.0,1,3,1,11.0,0.0,0.0,0.0,1973.0,B02,2.0,7,0,0.0,2.0,1.0,2.0,8,27,900,1,1,1,1,3,1,7,2,2
30869,201600013380,3.0,2,1,1,11.0,0.0,0.0,0.0,2010.0,B02,2.0,7,0,0.0,2.0,1.0,2.0,8,27,900,1,1,1,1,3,1,7,2,2
30870,201600013380,4.0,2,1,2,11.0,0.0,0.0,0.0,2012.0,B02,2.0,7,0,0.0,2.0,1.0,2.0,8,27,900,1,1,1,1,3,1,7,2,2
30871,201600013381,1.0,1,2,1,11.0,0.0,0.0,0.0,1966.0,A01,2.0,14,0,0.0,2.0,1.0,13.0,9,22,1645,1,2,1,1,5,3,38,3,3
30872,201600013381,1.0,1,4,1,11.0,0.0,0.0,0.0,1947.0,B02,1.0,38,50,0.0,2.0,1.0,1.0,9,22,1645,1,2,1,1,5,3,14,3,3
30873,201600013381,1.0,1,4,1,11.0,0.0,0.0,0.0,1965.0,C03,1.0,7,0,0.0,2.0,1.0,1.0,9,22,1645,1,2,1,1,5,3,38,2,3
30874,201600013382,2.0,2,4,1,11.0,0.0,0.0,0.0,1989.0,A01,2.0,7,0,4.0,0.0,1.0,21.0,11,17,1530,1,1,1,1,6,3,7,2,2
30875,201600013382,1.0,1,4,1,11.0,0.0,0.0,0.0,1946.0,A01,2.0,7,0,4.0,0.0,1.0,21.0,11,17,1530,1,1,1,1,6,3,7,2,2
30876,201600013383,2.0,2,4,1,11.0,0.0,0.0,0.0,2002.0,A01,0.0,7,0,0.0,2.0,1.0,1.0,1,5,2050,3,2,1,1,3,4,7,2,2
30877,201600013383,1.0,1,4,2,11.0,0.0,0.0,0.0,1996.0,A01,0.0,7,0,0.0,2.0,1.0,1.0,1,5,2050,3,2,1,1,3,4,7,2,2
30878,201600013383,1.0,1,4,1,11.0,0.0,0.0,0.0,1985.0,B01,0.0,7,0,0.0,2.0,5.0,9.0,1,5,2050,3,2,1,1,3,4,7,2,2
30879,201600013384,1.0,1,2,1,21.0,0.0,0.0,0.0,1976.0,B01,0.0,33,0,0.0,2.0,1.0,1.0,1,16,1127,1,1,3,1,3,1,7,1,2
30880,201600013384,1.0,1,1,1,11.0,0.0,0.0,0.0,1970.0,A01,0.0,7,0,0.0,2.0,3.0,15.0,1,16,1127,1,1,3,1,3,1,33,2,1
30881,201600013385,1.0,1,2,1,13.0,0.0,0.0,0.0,1942.0,A01,2.0,7,0,0.0,0.0,1.0,5.0,1,21,1445,1,1,1,1,5,3,10,2,2
30882,201600013385,2.0,2,2,2,13.0,0.0,0.0,0.0,1941.0,A01,2.0,7,0,0.0,0.0,1.0,5.0,1,21,1445,1,1,1,1,5,3,10,2,2
30883,201600013385,1.0,1,3,1,13.0,0.0,0.0,0.0,1963.0,B01,1.0,10,0,0.0,2.0,1.0,1.0,1,21,1445,1,1,1,1,5,3,7,2,2
30884,201600013385,2.0,2,3,1,13.0,0.0,0.0,0.0,1996.0,B01,1.0,10,0,0.0,2.0,1.0,1.0,1,21,1445,1,1,1,1,5,3,7,2,2
30885,201600013385,1.0,1,3,2,13.0,0.0,0.0,0.0,1953.0,C01,1.0,7,0,0.0,2.0,1.0,2.0,1,21,1445,1,1,1,1,5,3,10,2,2
30886,201600013386,1.0,1,4,2,11.0,0.0,0.0,0.0,1963.0,A01,0.0,7,0,0.0,2.0,6.0,10.0,1,21,2125,3,1,1,1,2,4,7,2,2
30887,201600013386,2.0,2,1,1,11.0,0.0,0.0,0.0,1953.0,A01,0.0,7,0,0.0,2.0,6.0,10.0,1,21,2125,3,1,1,1,2,4,7,2,2
30888,201600013386,1.0,1,4,1,11.0,0.0,0.0,0.0,1993.0,B01,0.0,7,0,0.0,2.0,1.0,1.0,1,21,2125,3,1,1,1,2,4,7,2,2
30889,201600013387,1.0,1,4,1,11.0,0.0,0.0,0.0,1957.0,B01,0.0,7,0,1.0,2.0,4.0,15.0,2,1,1,5,2,1,1,2,0,7,2,2
30890,201600013388,1.0,1,3,1,92.0,0.0,0.0,0.0,1983.0,A01,1.0,32,0,0.0,0.0,0.0,0.0,2,7,20,5,2,2,1,7,0,32,1,1
30891,201600013389,1.0,1,3,2,11.0,0.0,0.0,0.0,1989.0,A01,1.0,7,0,0.0,2.0,7.0,15.0,2,11,1100,1,1,2,1,5,1,7,2,2
30892,201600013389,1.0,1,1,1,11.0,0.0,0.0,0.0,1953.0,C01,1.0,7,0,0.0,2.0,3.0,1.0,2,11,1100,1,1,2,1,5,1,7,2,2
30893,201600013389,1.0,1,3,1,11.0,0.0,0.0,0.0,1978.0,B01,2.0,7,0,0.0,2.0,1.0,16.0,2,11,1100,1,1,2,1,5,1,7,2,2
30894,201600013389,2.0,2,3,2,11.0,0.0,0.0,0.0,1976.0,B01,2.0,7,0,0.0,2.0,1.0,16.0,2,11,1100,1,1,2,1,5,1,7,2,2
30897,201600013391,1.0,1,1,1,11.0,0.0,0.0,0.0,1994.0,A01,1.0,7,0,0.0,1.0,1.0,9.0,2,25,1420,1,1,2,1,6,3,7,2,2
30898,201600013391,0.0,3,3,2,93.0,1.0,3.0,1.0,1992.0,A01,1.0,7,0,0.0,1.0,1.0,9.0,2,25,1420,1,1,2,1,6,3,7,2,2
30899,201600013392,1.0,1,1,1,11.0,0.0,0.0,0.0,1969.0,A01,1.0,7,0,0.0,2.0,7.0,15.0,2,29,1840,5,2,1,1,3,4,33,2,1
30900,201600013392,1.0,1,3,1,21.0,0.0,0.0,0.0,1960.0,B01,1.0,33,0,0.0,2.0,1.0,1.0,2,29,1840,5,2,1,1,3,4,7,1,2
30901,201600013393,1.0,1,3,1,23.0,0.0,0.0,0.0,1993.0,B01,1.0,33,0,0.0,2.0,1.0,1.0,2,25,1830,5,2,1,1,3,4,7,1,2
30902,201600013393,1.0,1,1,2,11.0,0.0,0.0,0.0,1958.0,A01,2.0,7,0,0.0,2.0,3.0,15.0,2,25,1830,5,2,1,1,3,4,33,2,1
30903,201600013394,1.0,1,3,1,21.0,0.0,0.0,0.0,1993.0,A01,1.0,33,0,0.0,2.0,1.0,17.0,3,3,1500,1,1,1,1,3,3,7,1,2
30904,201600013394,1.0,1,4,2,11.0,0.0,0.0,0.0,1964.0,B01,1.0,7,0,0.0,0.0,8.0,15.0,3,3,1500,1,1,1,1,3,3,33,2,1
30905,201600013395,1.0,1,4,1,11.0,0.0,0.0,0.0,1990.0,A01,1.0,7,0,2.0,0.0,1.0,1.0,3,5,220,5,2,1,2,6,0,7,2,2
30906,201600013395,2.0,2,4,2,11.0,0.0,0.0,0.0,1993.0,A01,1.0,7,0,2.0,0.0,1.0,1.0,3,5,220,5,2,1,2,6,0,7,2,2
30907,201600013395,3.0,2,4,1,12.0,0.0,0.0,0.0,1990.0,A01,1.0,7,0,2.0,0.0,1.0,1.0,3,5,220,5,2,1,2,6,0,7,2,2
30908,201600013395,4.0,2,4,2,12.0,0.0,0.0,0.0,1993.0,A01,1.0,7,0,2.0,0.0,1.0,1.0,3,5,220,5,2,1,2,6,0,7,2,2
30909,201600013395,5.0,2,3,1,12.0,0.0,0.0,0.0,1990.0,A01,1.0,7,0,2.0,0.0,1.0,1.0,3,5,220,5,2,1,2,6,0,7,2,2
30910,201600013396,0.0,4,4,1,93.0,3.0,3.0,2.0,2004.0,A01,1.0,7,0,0.0,1.0,1.0,1.0,3,8,1800,2,2,1,1,6,4,7,2,2
30911,201600013396,1.0,1,1,1,11.0,0.0,0.0,0.0,1994.0,A01,1.0,7,0,0.0,1.0,1.0,1.0,3,8,1800,2,2,1,1,6,4,7,2,2
30912,201600013397,1.0,1,2,1,11.0,0.0,0.0,0.0,1950.0,B01,1.0,7,0,0.0,2.0,3.0,0.0,3,11,2300,3,1,1,1,1,5,7,2,2
30913,201600013397,2.0,2,3,2,11.0,0.0,0.0,0.0,1949.0,B01,1.0,7,0,0.0,2.0,3.0,0.0,3,11,2300,3,1,1,1,1,5,7,2,2
30914,201600013397,1.0,1,2,1,11.0,0.0,0.0,0.0,1964.0,A01,2.0,7,0,0.0,2.0,1.0,0.0,3,11,2300,3,1,1,1,1,5,7,2,2
30915,201600013398,1.0,1,3,1,21.0,0.0,0.0,0.0,1983.0,A01,2.0,2,0,0.0,2.0,2.0,11.0,3,12,1930,5,2,1,1,3,4,2,1,1
30916,201600013399,1.0,1,3,1,11.0,0.0,0.0,0.0,1964.0,B01,2.0,7,0,0.0,2.0,0.0,15.0,3,13,150,5,2,3,1,3,0,7,2,2
30917,201600013399,2.0,2,3,2,11.0,0.0,0.0,0.0,1968.0,B01,2.0,7,0,0.0,2.0,0.0,15.0,3,13,150,5,2,3,1,3,0,7,2,2
30918,201600013399,1.0,1,1,1,11.0,0.0,0.0,0.0,0.0,A01,1.0,7,0,0.0,2.0,1.0,1.0,3,13,150,5,2,3,1,3,0,7,2,2
30919,201600013399,2.0,2,1,2,11.0,0.0,0.0,0.0,1973.0,A01,1.0,7,0,0.0,2.0,1.0,1.0,3,13,150,5,2,3,1,3,0,7,2,2
30920,201600013399,2.0,2,1,1,11.0,0.0,0.0,0.0,1977.0,A01,1.0,7,0,0.0,2.0,1.0,1.0,3,13,150,5,2,3,1,3,0,7,2,2
30921,201600013400,1.0,1,4,1,11.0,0.0,0.0,0.0,1977.0,A01,0.0,14,0,6.0,0.0,3.0,1.0,3,15,1045,1,2,1,1,6,1,14,3,3
30922,201600013401,1.0,1,1,1,11.0,0.0,0.0,0.0,1989.0,A01,1.0,7,0,0.0,1.0,0.0,0.0,1,5,1700,3,2,1,1,6,3,7,2,2
30923,201600013401,0.0,3,4,1,93.0,3.0,3.0,1.0,1997.0,A01,1.0,7,0,0.0,1.0,0.0,0.0,1,5,1700,3,2,1,1,6,3,7,2,2
30924,201600013402,1.0,1,3,1,11.0,0.0,0.0,0.0,1970.0,A01,1.0,7,0,14.0,0.0,1.0,0.0,1,14,1920,5,1,9,2,6,4,7,2,2
30925,201600013403,1.0,1,1,1,13.0,0.0,0.0,0.0,1973.0,A01,1.0,7,0,0.0,1.0,2.0,9.0,3,24,1830,1,2,1,1,6,4,7,2,2
30926,201600013403,0.0,3,4,1,93.0,6.0,9.0,1.0,1966.0,A01,1.0,7,0,0.0,1.0,2.0,9.0,3,24,1830,1,2,1,1,6,4,7,2,2
30927,201600013404,0.0,3,3,2,0.0,0.0,2.0,1.0,1940.0,A01,1.0,7,0,0.0,1.0,8.0,0.0,3,26,1200,1,1,1,1,6,2,7,2,2
30928,201600013404,1.0,1,1,1,11.0,0.0,0.0,0.0,1948.0,A01,1.0,7,0,0.0,1.0,8.0,0.0,3,26,1200,1,1,1,1,6,2,7,2,2
30929,201600013405,1.0,1,4,2,11.0,0.0,0.0,0.0,1963.0,A01,1.0,7,0,0.0,2.0,1.0,1.0,3,28,2200,5,2,6,1,2,5,7,2,2
30930,201600013405,1.0,1,1,1,11.0,0.0,0.0,0.0,1936.0,B01,0.0,7,0,0.0,2.0,4.0,23.0,3,28,2200,5,2,6,1,2,5,7,2,2
30931,201600013405,2.0,2,4,2,11.0,0.0,0.0,0.0,1942.0,B01,0.0,7,0,0.0,2.0,4.0,23.0,3,28,2200,5,2,6,1,2,5,7,2,2
30932,201600013405,3.0,2,4,2,11.0,0.0,0.0,0.0,1955.0,B01,0.0,7,0,0.0,2.0,4.0,23.0,3,28,2200,5,2,6,1,2,5,7,2,2
30933,201600013406,1.0,1,4,2,11.0,0.0,0.0,0.0,1975.0,A01,0.0,7,0,6.0,0.0,0.0,0.0,2,28,2100,3,1,1,1,6,4,7,2,2
30934,201600013407,1.0,1,1,1,11.0,0.0,0.0,0.0,1961.0,B01,0.0,7,0,0.0,2.0,4.0,1.0,4,4,1230,1,1,1,1,2,2,31,2,1