,Num_Acc,place,catu,grav,sexe,secu,locp,actp,etatp,an_nais,num_veh,senc,catv,occutc,obs,obsm,choc,manv,mois,jour,hrmn,lum,agg,int,atm,col,mom,catvopp,catv_gen,catvopp_gen
30935,201600013407,1.0,1,3,1,21.0,0.0,0.0,0.0,1981.0,A01,0.0,31,0,1.0,0.0,1.0,1.0,4,4,1230,1,1,1,1,2,2,7,1,2
30938,201600013409,1.0,1,4,1,21.0,0.0,0.0,0.0,1951.0,B01,1.0,31,0,0.0,2.0,7.0,1.0,4,11,1345,1,2,6,1,3,2,7,1,2
30939,201600013409,1.0,1,1,1,11.0,0.0,0.0,0.0,1955.0,A01,1.0,7,0,0.0,2.0,3.0,9.0,4,11,1345,1,2,6,1,3,2,31,2,1
30940,201600013410,1.0,1,1,1,13.0,0.0,0.0,0.0,1986.0,A01,2.0,7,0,0.0,2.0,1.0,1.0,4,16,1950,1,1,1,1,2,4,7,2,2
30941,201600013410,1.0,1,3,1,11.0,0.0,0.0,0.0,1994.0,B01,2.0,7,0,0.0,2.0,4.0,1.0,4,16,1950,1,1,1,1,2,4,7,2,2
30942,201600013411,2.0,2,3,1,21.0,0.0,0.0,0.0,1993.0,A01,1.0,34,0,0.0,2.0,2.0,15.0,4,17,1530,1,1,3,1,5,3,7,1,2
30943,201600013411,1.0,1,3,1,21.0,0.0,0.0,0.0,1992.0,A01,1.0,34,0,0.0,2.0,2.0,15.0,4,17,1530,1,1,3,1,5,3,7,1,2
30944,201600013411,1.0,1,1,1,11.0,0.0,0.0,0.0,1980.0,C01,1.0,7,0,0.0,2.0,3.0,23.0,4,17,1530,1,1,3,1,5,3,34,2,1
30945,201600013411,1.0,1,1,1,11.0,0.0,0.0,0.0,1992.0,B01,2.0,7,0,0.0,2.0,1.0,1.0,4,17,1530,1,1,3,1,5,3,34,2,1
30946,201600013412,1.0,1,1,1,11.0,0.0,0.0,0.0,1971.0,A01,0.0,7,0,14.0,0.0,1.0,1.0,4,13,1940,1,1,1,1,4,4,7,2,2
30947,201600013412,1.0,1,1,1,11.0,0.0,0.0,0.0,1966.0,B01,0.0,7,0,14.0,0.0,4.0,1.0,4,13,1940,1,1,1,1,4,4,7,2,2
30948,201600013412,1.0,1,3,1,11.0,0.0,0.0,0.0,1977.0,C01,0.0,7,0,0.0,0.0,4.0,1.0,4,13,1940,1,1,1,1,4,4,7,2,2
30949,201600013412,2.0,2,1,1,11.0,0.0,0.0,0.0,1997.0,C01,0.0,7,0,0.0,0.0,4.0,1.0,4,13,1940,1,1,1,1,4,4,7,2,2
30950,201600013412,3.0,2,4,1,11.0,0.0,0.0,0.0,2005.0,C01,0.0,7,0,0.0,0.0,4.0,1.0,4,13,1940,1,1,1,1,4,4,7,2,2
30951,201600013412,4.0,2,1,1,11.0,0.0,0.0,0.0,1996.0,C01,0.0,7,0,0.0,0.0,4.0,1.0,4,13,1940,1,1,1,1,4,4,7,2,2
30958,201600013414,0.0,3,4,1,93.0,1.0,3.0,1.0,1928.0,A01,1.0,7,0,0.0,1.0,2.0,19.0,3,22,1600,1,2,6,1,6,3,7,2,2
30959,201600013414,1.0,1,1,1,11.0,0.0,0.0,0.0,1961.0,A01,1.0,7,0,0.0,1.0,2.0,19.0,3,22,1600,1,2,6,1,6,3,7,2,2
30960,201600013415,1.0,1,2,1,21.0,0.0,0.0,0.0,1978.0,A01,1.0,33,0,14.0,0.0,2.0,0.0,4,28,1650,1,2,9,1,7,3,7,1,2
30961,201600013415,1.0,1,1,2,11.0,0.0,0.0,0.0,1993.0,B01,1.0,7,0,0.0,0.0,0.0,0.0,4,28,1650,1,2,9,1,7,3,33,2,1
30962,201600013415,2.0,2,1,1,11.0,0.0,0.0,0.0,1993.0,B01,1.0,7,0,0.0,0.0,0.0,0.0,4,28,1650,1,2,9,1,7,3,33,2,1
30963,201600013415,3.0,2,1,1,11.0,0.0,0.0,0.0,1995.0,B01,1.0,7,0,0.0,0.0,0.0,0.0,4,28,1650,1,2,9,1,7,3,33,2,1
30964,201600013415,4.0,2,1,1,11.0,0.0,0.0,0.0,1994.0,B01,1.0,7,0,0.0,0.0,0.0,0.0,4,28,1650,1,2,9,1,7,3,33,2,1
30965,201600013415,5.0,2,1,2,11.0,0.0,0.0,0.0,1992.0,B01,1.0,7,0,0.0,0.0,0.0,0.0,4,28,1650,1,2,9,1,7,3,33,2,1
30968,201600013417,1.0,1,1,1,11.0,0.0,0.0,0.0,1993.0,A01,2.0,7,0,14.0,0.0,1.0,1.0,4,30,230,3,1,1,1,6,0,7,2,2
30969,201600013417,2.0,2,4,1,13.0,0.0,0.0,0.0,1993.0,A01,2.0,7,0,14.0,0.0,1.0,1.0,4,30,230,3,1,1,1,6,0,7,2,2
30970,201600013417,3.0,2,3,2,11.0,0.0,0.0,0.0,1991.0,A01,2.0,7,0,14.0,0.0,1.0,1.0,4,30,230,3,1,1,1,6,0,7,2,2
30971,201600013417,4.0,2,4,2,13.0,0.0,0.0,0.0,1993.0,A01,2.0,7,0,14.0,0.0,1.0,1.0,4,30,230,3,1,1,1,6,0,7,2,2
30974,201600013419,2.0,2,4,1,11.0,0.0,0.0,0.0,1940.0,A01,1.0,7,0,0.0,2.0,7.0,2.0,5,1,2100,2,2,6,1,3,4,7,2,2
30975,201600013419,1.0,1,4,1,11.0,0.0,0.0,0.0,1945.0,A01,1.0,7,0,0.0,2.0,7.0,2.0,5,1,2100,2,2,6,1,3,4,7,2,2
30978,201600013421,1.0,1,3,1,21.0,0.0,0.0,0.0,1994.0,B01,1.0,33,0,0.0,2.0,1.0,1.0,5,19,1710,1,2,4,1,3,3,10,1,2
30979,201600013421,1.0,1,1,1,13.0,0.0,0.0,0.0,1986.0,A01,1.0,10,0,0.0,2.0,3.0,19.0,5,19,1710,1,2,4,1,3,3,33,2,1
30983,201600013423,1.0,1,1,1,21.0,0.0,0.0,0.0,1997.0,A01,1.0,31,0,0.0,1.0,1.0,1.0,5,30,1700,1,2,1,1,6,3,31,1,1
30984,201600013423,0.0,3,3,1,0.0,0.0,0.0,0.0,2007.0,A01,1.0,31,0,0.0,1.0,1.0,1.0,5,30,1700,1,2,1,1,6,3,31,1,1
30985,201600013424,1.0,1,3,1,11.0,0.0,0.0,0.0,1996.0,A01,1.0,7,0,13.0,0.0,1.0,14.0,6,10,2325,3,1,1,1,7,5,7,2,2
30986,201600013424,2.0,2,4,1,11.0,0.0,0.0,0.0,1996.0,A01,1.0,7,0,13.0,0.0,1.0,14.0,6,10,2325,3,1,1,1,7,5,7,2,2
30987,201600013424,4.0,2,1,2,11.0,0.0,0.0,0.0,1996.0,A01,1.0,7,0,13.0,0.0,1.0,14.0,6,10,2325,3,1,1,1,7,5,7,2,2
30988,201600013425,1.0,1,1,1,11.0,0.0,0.0,0.0,1982.0,A01,1.0,7,0,0.0,2.0,1.0,21.0,6,22,110,5,2,2,1,2,0,7,2,2
30989,201600013425,1.0,1,4,2,11.0,0.0,0.0,0.0,1974.0,B01,1.0,7,0,0.0,2.0,0.0,0.0,6,22,110,5,2,2,1,2,0,7,2,2
30990,201600013426,1.0,1,3,1,21.0,0.0,0.0,0.0,1972.0,B01,1.0,32,0,0.0,2.0,2.0,1.0,6,23,855,1,2,6,1,3,1,7,1,2
30991,201600013426,1.0,1,1,1,11.0,0.0,0.0,0.0,1988.0,A01,1.0,7,0,0.0,2.0,1.0,15.0,6,23,855,1,2,6,1,3,1,32,2,1
30992,201600013427,1.0,1,1,1,11.0,0.0,0.0,0.0,1993.0,A01,1.0,7,0,0.0,1.0,0.0,0.0,4,12,1500,1,2,1,1,6,3,7,2,2
30993,201600013427,0.0,3,3,2,0.0,0.0,3.0,1.0,1929.0,A01,1.0,7,0,0.0,1.0,0.0,0.0,4,12,1500,1,2,1,1,6,3,7,2,2
30994,201600013428,1.0,1,1,1,11.0,0.0,0.0,0.0,1993.0,A01,1.0,7,0,0.0,2.0,3.0,0.0,6,25,1915,1,2,1,1,1,4,7,2,2
30995,201600013428,1.0,1,4,2,11.0,0.0,0.0,0.0,1992.0,B01,2.0,7,0,0.0,2.0,3.0,0.0,6,25,1915,1,2,1,1,1,4,7,2,2
30996,201600013428,2.0,2,1,1,11.0,0.0,0.0,0.0,1995.0,B01,2.0,7,0,0.0,2.0,3.0,0.0,6,25,1915,1,2,1,1,1,4,7,2,2
30997,201600013429,1.0,1,1,1,11.0,0.0,0.0,0.0,1974.0,B01,2.0,7,0,0.0,2.0,1.0,1.0,6,21,2015,2,1,1,1,3,4,1,2,1
30998,201600013429,1.0,1,4,1,93.0,0.0,0.0,0.0,1989.0,A01,2.0,1,0,0.0,2.0,2.0,5.0,6,21,2015,2,1,1,1,3,4,7,1,2
30999,201600013430,1.0,1,3,1,21.0,0.0,0.0,0.0,1968.0,B01,1.0,33,0,0.0,2.0,7.0,1.0,6,27,815,1,2,6,1,3,1,38,1,3
31000,201600013430,1.0,1,1,1,11.0,0.0,0.0,0.0,1962.0,A01,1.0,38,0,0.0,2.0,2.0,9.0,6,27,815,1,2,6,1,3,1,33,3,1
31003,201600013432,1.0,1,1,1,11.0,0.0,0.0,0.0,1993.0,A01,0.0,7,0,0.0,1.0,0.0,14.0,6,27,1530,1,1,1,1,6,3,7,2,2
31004,201600013432,0.0,3,3,2,93.0,0.0,0.0,3.0,1922.0,A01,0.0,7,0,0.0,1.0,0.0,14.0,6,27,1530,1,1,1,1,6,3,7,2,2
31028,201600013443,1.0,1,3,1,21.0,0.0,0.0,0.0,1968.0,A01,0.0,34,0,0.0,2.0,2.0,13.0,9,1,1720,1,1,1,1,2,3,7,1,2
31029,201600013443,1.0,1,1,1,11.0,0.0,0.0,0.0,1961.0,B01,2.0,7,0,0.0,0.0,6.0,0.0,9,1,1720,1,1,1,1,2,3,34,2,1
31030,201600013443,2.0,2,1,1,93.0,0.0,0.0,0.0,1961.0,B01,2.0,7,0,0.0,0.0,6.0,0.0,9,1,1720,1,1,1,1,2,3,34,2,1
31031,201600013444,1.0,1,1,1,11.0,0.0,0.0,0.0,1989.0,A01,1.0,7,0,0.0,1.0,2.0,1.0,9,9,840,1,2,1,1,6,1,7,2,2
31032,201600013444,0.0,3,3,1,0.0,3.0,3.0,1.0,1953.0,A01,1.0,7,0,0.0,1.0,2.0,1.0,9,9,840,1,2,1,1,6,1,7,2,2
31033,201600013445,1.0,1,4,1,13.0,0.0,0.0,0.0,1978.0,A01,0.0,7,0,0.0,2.0,0.0,14.0,9,9,1645,1,2,1,1,3,3,33,2,1
31034,201600013445,1.0,1,3,1,21.0,0.0,0.0,0.0,1987.0,B01,0.0,33,0,0.0,2.0,0.0,2.0,9,9,1645,1,2,1,1,3,3,7,1,2
31035,201600013446,1.0,1,3,1,21.0,0.0,0.0,0.0,1963.0,B01,1.0,31,0,0.0,2.0,8.0,1.0,9,5,1205,1,2,1,1,3,2,7,1,2
31036,201600013446,1.0,1,1,1,11.0,0.0,0.0,0.0,1993.0,A01,1.0,7,0,0.0,2.0,2.0,16.0,9,5,1205,1,2,1,1,3,2,31,2,1
31037,201600013447,1.0,1,1,1,11.0,0.0,0.0,0.0,1989.0,A01,1.0,7,0,0.0,0.0,0.0,0.0,9,12,750,1,1,1,1,2,1,7,2,2
31038,201600013447,3.0,2,4,1,11.0,0.0,0.0,0.0,1989.0,B01,0.0,7,0,0.0,2.0,1.0,0.0,9,12,750,1,1,1,1,2,1,7,2,2
31039,201600013447,1.0,1,4,1,11.0,0.0,0.0,0.0,1982.0,B01,0.0,7,0,0.0,2.0,1.0,0.0,9,12,750,1,1,1,1,2,1,7,2,2
31040,201600013447,2.0,2,1,1,11.0,0.0,0.0,0.0,1989.0,B01,0.0,7,0,0.0,2.0,1.0,0.0,9,12,750,1,1,1,1,2,1,7,2,2
31041,201600013448,2.0,2,3,2,93.0,0.0,0.0,0.0,1998.0,B01,1.0,39,0,0.0,2.0,1.0,0.0,9,15,1327,1,1,8,1,3,2,15,3,3
31043,201600013448,2.0,2,3,2,93.0,0.0,0.0,0.0,1992.0,B01,1.0,39,0,0.0,2.0,1.0,0.0,9,15,1327,1,1,8,1,3,2,15,3,3
31044,201600013448,2.0,2,3,1,93.0,0.0,0.0,0.0,1980.0,B01,1.0,39,0,0.0,2.0,1.0,0.0,9,15,1327,1,1,8,1,3,2,15,3,3
31045,201600013448,2.0,2,3,1,93.0,0.0,0.0,0.0,1975.0,B01,1.0,39,0,0.0,2.0,1.0,0.0,9,15,1327,1,1,8,1,3,2,15,3,3
31046,201600013448,2.0,2,3,2,93.0,0.0,0.0,0.0,1973.0,B01,1.0,39,0,0.0,2.0,1.0,0.0,9,15,1327,1,1,8,1,3,2,15,3,3
31047,201600013448,2.0,2,3,1,93.0,0.0,0.0,0.0,1973.0,B01,1.0,39,0,0.0,2.0,1.0,0.0,9,15,1327,1,1,8,1,3,2,15,3,3
31048,201600013448,2.0,2,3,1,93.0,0.0,0.0,0.0,1995.0,B01,1.0,39,0,0.0,2.0,1.0,0.0,9,15,1327,1,1,8,1,3,2,15,3,3
31049,201600013448,2.0,2,3,2,93.0,0.0,0.0,0.0,1952.0,B01,1.0,39,0,0.0,2.0,1.0,0.0,9,15,1327,1,1,8,1,3,2,15,3,3
31050,201600013448,2.0,2,3,2,93.0,0.0,0.0,0.0,1946.0,B01,1.0,39,0,0.0,2.0,1.0,0.0,9,15,1327,1,1,8,1,3,2,15,3,3
31051,201600013448,2.0,2,3,2,93.0,0.0,0.0,0.0,1945.0,B01,1.0,39,0,0.0,2.0,1.0,0.0,9,15,1327,1,1,8,1,3,2,15,3,3
31052,201600013448,2.0,2,3,2,93.0,0.0,0.0,0.0,1943.0,B01,1.0,39,0,0.0,2.0,1.0,0.0,9,15,1327,1,1,8,1,3,2,15,3,3
31053,201600013448,1.0,1,1,1,11.0,0.0,0.0,0.0,1981.0,B01,1.0,39,0,0.0,2.0,1.0,0.0,9,15,1327,1,1,8,1,3,2,15,3,3
31054,201600013448,2.0,2,3,2,93.0,0.0,0.0,0.0,1970.0,B01,1.0,39,0,0.0,2.0,1.0,0.0,9,15,1327,1,1,8,1,3,2,15,3,3
31055,201600013448,1.0,1,1,1,11.0,0.0,0.0,0.0,1968.0,A01,1.0,15,0,0.0,4.0,5.0,16.0,9,15,1327,1,1,8,1,3,2,39,3,3
31056,201600013449,1.0,1,1,2,11.0,0.0,0.0,0.0,1985.0,A01,2.0,7,0,0.0,1.0,3.0,1.0,9,19,845,1,2,1,1,6,1,7,2,2
31057,201600013449,0.0,3,3,1,0.0,1.0,6.0,1.0,1934.0,A01,2.0,7,0,0.0,1.0,3.0,1.0,9,19,845,1,2,1,1,6,1,7,2,2
31058,201600013450,0.0,3,4,1,0.0,0.0,0.0,0.0,1957.0,A01,0.0,7,0,0.0,1.0,3.0,7.0,9,2,1430,1,2,1,1,6,3,7,2,2
31059,201600013450,1.0,1,1,1,11.0,0.0,0.0,0.0,1996.0,A01,0.0,7,0,0.0,1.0,3.0,7.0,9,2,1430,1,2,1,1,6,3,7,2,2
31060,201600013450,2.0,2,1,1,11.0,0.0,0.0,0.0,1996.0,A01,0.0,7,0,0.0,1.0,3.0,7.0,9,2,1430,1,2,1,1,6,3,7,2,2
31065,201600013453,1.0,1,1,1,11.0,0.0,0.0,0.0,1968.0,A01,1.0,7,0,0.0,2.0,1.0,9.0,9,21,1340,1,1,1,1,1,2,34,2,1
31066,201600013453,1.0,1,4,1,21.0,0.0,0.0,0.0,1961.0,B01,0.0,34,0,0.0,2.0,3.0,1.0,9,21,1340,1,1,1,1,1,2,7,1,2
31067,201600013454,1.0,1,1,1,11.0,0.0,0.0,0.0,1996.0,A01,2.0,7,0,0.0,1.0,3.0,1.0,9,24,1845,1,2,1,1,6,4,7,2,2
31068,201600013454,0.0,3,4,1,0.0,1.0,3.0,0.0,2000.0,A01,2.0,7,0,0.0,1.0,3.0,1.0,9,24,1845,1,2,1,1,6,4,7,2,2
31069,201600013455,1.0,1,3,1,21.0,0.0,0.0,0.0,1971.0,A01,1.0,32,0,0.0,1.0,2.0,0.0,8,1,1530,1,1,1,1,6,3,32,1,1
31070,201600013455,0.0,3,3,2,0.0,0.0,3.0,1.0,1959.0,A01,1.0,32,0,0.0,1.0,2.0,0.0,8,1,1530,1,1,1,1,6,3,32,1,1
31071,201600013456,1.0,1,1,1,11.0,0.0,0.0,0.0,1979.0,A01,0.0,7,0,0.0,0.0,0.0,13.0,9,30,740,1,2,1,1,6,1,33,2,1
31072,201600013456,1.0,1,3,1,21.0,0.0,0.0,0.0,1975.0,B01,0.0,33,0,8.0,0.0,2.0,13.0,9,30,740,1,2,1,1,6,1,7,1,2
31075,201600013458,1.0,1,3,1,21.0,0.0,0.0,0.0,1994.0,A01,1.0,33,0,0.0,2.0,1.0,17.0,10,12,750,2,1,1,1,5,1,10,1,2
31076,201600013458,1.0,1,1,1,11.0,0.0,0.0,0.0,1958.0,E01,1.0,10,0,0.0,2.0,6.0,1.0,10,12,750,2,1,1,1,5,1,33,2,1
31077,201600013458,1.0,1,1,2,11.0,0.0,0.0,0.0,1997.0,B01,2.0,7,0,0.0,2.0,3.0,1.0,10,12,750,2,1,1,1,5,1,33,2,1
31078,201600013458,1.0,1,1,2,11.0,0.0,0.0,0.0,1967.0,D01,1.0,7,0,0.0,2.0,6.0,0.0,10,12,750,2,1,1,1,5,1,33,2,1
31079,201600013458,1.0,1,1,1,11.0,0.0,0.0,0.0,1964.0,C01,1.0,7,0,0.0,2.0,6.0,1.0,10,12,750,2,1,1,1,5,1,33,2,1
31080,201600013459,1.0,1,3,1,21.0,0.0,0.0,0.0,1988.0,B01,0.0,33,0,0.0,2.0,0.0,2.0,10,27,745,2,1,3,1,3,1,7,1,2
31081,201600013459,1.0,1,1,1,11.0,0.0,0.0,0.0,1978.0,A01,0.0,7,0,0.0,2.0,1.0,15.0,10,27,745,2,1,3,1,3,1,33,2,1
31082,201600013460,1.0,1,4,1,11.0,0.0,0.0,0.0,1988.0,A01,1.0,10,0,12.0,0.0,1.0,1.0,11,13,545,5,1,6,1,7,0,10,2,2
31083,201600013461,1.0,1,1,2,11.0,0.0,0.0,0.0,1995.0,A01,1.0,7,0,0.0,0.0,1.0,0.0,11,13,1800,5,1,1,1,2,4,7,2,2
31084,201600013461,1.0,1,3,1,11.0,0.0,0.0,0.0,1986.0,B01,0.0,7,0,0.0,2.0,4.0,0.0,11,13,1800,5,1,1,1,2,4,7,2,2
31085,201600013462,1.0,1,1,2,11.0,0.0,0.0,0.0,1996.0,B01,0.0,7,0,0.0,2.0,3.0,0.0,11,15,2235,5,2,1,1,3,5,32,2,1
31086,201600013462,1.0,1,4,1,21.0,0.0,0.0,0.0,1993.0,A01,0.0,32,0,0.0,2.0,3.0,15.0,11,15,2235,5,2,1,1,3,5,7,1,2
31087,201600013463,0.0,3,3,1,0.0,0.0,0.0,0.0,1952.0,A01,1.0,7,0,0.0,1.0,3.0,1.0,11,17,1840,3,1,1,1,6,4,7,2,2
31088,201600013463,1.0,1,1,1,11.0,0.0,0.0,0.0,1990.0,A01,1.0,7,0,0.0,1.0,3.0,1.0,11,17,1840,3,1,1,1,6,4,7,2,2
31089,201600013464,1.0,1,1,1,11.0,0.0,0.0,0.0,1996.0,A01,0.0,7,0,0.0,2.0,4.0,1.0,11,20,2220,5,2,1,1,2,5,7,2,2
31090,201600013464,2.0,2,1,1,11.0,0.0,0.0,0.0,1999.0,A01,0.0,7,0,0.0,2.0,4.0,1.0,11,20,2220,5,2,1,1,2,5,7,2,2
31091,201600013464,4.0,2,1,1,11.0,0.0,0.0,0.0,2000.0,A01,0.0,7,0,0.0,2.0,4.0,1.0,11,20,2220,5,2,1,1,2,5,7,2,2
31092,201600013464,1.0,1,4,1,11.0,0.0,0.0,0.0,1989.0,B01,0.0,7,0,1.0,2.0,4.0,20.0,11,20,2220,5,2,1,1,2,5,7,2,2
31096,201600013466,1.0,1,2,1,22.0,0.0,0.0,0.0,1958.0,B01,0.0,1,0,0.0,2.0,9.0,11.0,12,10,1720,2,2,1,1,1,3,7,1,2
31097,201600013466,1.0,1,1,1,11.0,0.0,0.0,0.0,1989.0,A01,0.0,7,0,0.0,2.0,2.0,2.0,12,10,1720,2,2,1,1,1,3,1,2,1
31098,201600013467,1.0,1,3,1,21.0,0.0,0.0,0.0,1990.0,A01,0.0,33,0,0.0,0.0,1.0,13.0,12,17,1145,1,2,1,1,7,1,33,1,1
31099,201600013468,1.0,1,4,2,11.0,0.0,0.0,0.0,1935.0,A01,1.0,7,0,0.0,2.0,1.0,2.0,12,21,1750,3,1,1,1,4,3,7,2,2
31100,201600013468,1.0,1,1,1,11.0,0.0,0.0,0.0,1953.0,B01,1.0,7,0,0.0,2.0,4.0,2.0,12,21,1750,3,1,1,1,4,3,7,2,2
31101,201600013468,1.0,1,1,1,11.0,0.0,0.0,0.0,1947.0,C01,1.0,7,0,0.0,2.0,4.0,2.0,12,21,1750,3,1,1,1,4,3,7,2,2
31102,201600013469,1.0,1,4,1,11.0,0.0,0.0,0.0,1954.0,A01,0.0,7,0,0.0,1.0,1.0,1.0,12,22,915,1,2,1,1,6,1,7,2,2
31103,201600013469,0.0,3,3,2,0.0,4.0,3.0,1.0,1931.0,A01,0.0,7,0,0.0,1.0,1.0,1.0,12,22,915,1,2,1,1,6,1,7,2,2
31104,201600013470,1.0,1,3,1,11.0,0.0,0.0,0.0,1951.0,A01,0.0,7,0,2.0,0.0,2.0,14.0,12,23,1015,1,1,1,1,6,1,7,2,2
31105,201600013471,1.0,1,1,1,13.0,0.0,0.0,0.0,1996.0,A01,1.0,7,0,2.0,0.0,1.0,5.0,1,1,545,5,2,1,2,6,0,7,2,2
31106,201600013471,2.0,2,3,1,13.0,0.0,0.0,0.0,1994.0,A01,1.0,7,0,2.0,0.0,1.0,5.0,1,1,545,5,2,1,2,6,0,7,2,2
31107,201600013471,3.0,2,3,1,13.0,0.0,0.0,0.0,1995.0,A01,1.0,7,0,2.0,0.0,1.0,5.0,1,1,545,5,2,1,2,6,0,7,2,2
31108,201600013471,4.0,2,1,1,13.0,0.0,0.0,0.0,2001.0,A01,1.0,7,0,2.0,0.0,1.0,5.0,1,1,545,5,2,1,2,6,0,7,2,2
31109,201600013471,8.0,2,3,2,13.0,0.0,0.0,0.0,2001.0,A01,1.0,7,0,2.0,0.0,1.0,5.0,1,1,545,5,2,1,2,6,0,7,2,2
31110,201600013472,1.0,1,1,1,11.0,0.0,0.0,0.0,1959.0,A01,1.0,7,0,0.0,2.0,3.0,17.0,2,2,1945,5,2,1,1,1,4,7,2,2
31111,201600013472,2.0,2,4,1,11.0,0.0,0.0,0.0,1979.0,A01,1.0,7,0,0.0,2.0,3.0,17.0,2,2,1945,5,2,1,1,1,4,7,2,2
31112,201600013472,1.0,1,3,1,11.0,0.0,0.0,0.0,1987.0,B01,2.0,7,0,0.0,2.0,1.0,1.0,2,2,1945,5,2,1,1,1,4,7,2,2
31113,201600013472,2.0,2,3,2,11.0,0.0,0.0,0.0,1991.0,B01,2.0,7,0,0.0,2.0,1.0,1.0,2,2,1945,5,2,1,1,1,4,7,2,2
31114,201600013472,4.0,2,2,2,11.0,0.0,0.0,0.0,2012.0,B01,2.0,7,0,0.0,2.0,1.0,1.0,2,2,1945,5,2,1,1,1,4,7,2,2
31115,201600013473,1.0,1,4,2,11.0,0.0,0.0,0.0,1966.0,A01,0.0,7,0,2.0,0.0,1.0,19.0,2,13,40,5,1,6,9,7,0,7,2,2
31116,201600013474,1.0,1,3,1,11.0,0.0,0.0,0.0,1996.0,A01,0.0,7,0,2.0,0.0,1.0,2.0,2,18,510,3,1,1,1,6,0,7,2,2
31117,201600013475,1.0,1,4,1,11.0,0.0,0.0,0.0,1949.0,B01,2.0,7,0,0.0,2.0,1.0,1.0,2,26,1830,1,2,1,1,5,4,7,2,2
31118,201600013475,1.0,1,3,1,11.0,0.0,0.0,0.0,1963.0,A01,1.0,7,0,0.0,2.0,3.0,5.0,2,26,1830,1,2,1,1,5,4,7,2,2
31119,201600013475,1.0,1,1,1,11.0,0.0,0.0,0.0,1969.0,C01,2.0,7,0,0.0,2.0,1.0,1.0,2,26,1830,1,2,1,1,5,4,7,2,2
31120,201600013476,1.0,1,3,1,21.0,0.0,0.0,0.0,1994.0,B01,1.0,34,0,0.0,2.0,1.0,1.0,3,3,1940,2,2,2,1,3,4,7,1,2
31121,201600013476,1.0,1,1,1,11.0,0.0,0.0,0.0,1992.0,A01,2.0,7,0,0.0,2.0,7.0,15.0,3,3,1940,2,2,2,1,3,4,34,2,1
31122,201600013477,1.0,1,1,1,11.0,0.0,0.0,0.0,1982.0,A01,1.0,7,0,0.0,2.0,2.0,5.0,3,28,2345,5,2,9,1,3,5,7,2,2
31123,201600013477,1.0,1,4,1,11.0,0.0,0.0,0.0,1987.0,B01,1.0,7,0,14.0,2.0,3.0,2.0,3,28,2345,5,2,9,1,3,5,7,2,2
31124,201600013478,1.0,1,4,1,21.0,0.0,0.0,0.0,1947.0,B01,0.0,31,0,0.0,2.0,1.0,1.0,4,9,1855,1,2,1,1,3,4,7,1,2
31125,201600013478,1.0,1,1,1,11.0,0.0,0.0,0.0,1987.0,A01,0.0,7,0,0.0,2.0,1.0,15.0,4,9,1855,1,2,1,1,3,4,31,2,1
31126,201600013478,2.0,2,1,2,11.0,0.0,0.0,0.0,1988.0,A01,0.0,7,0,0.0,2.0,1.0,15.0,4,9,1855,1,2,1,1,3,4,31,2,1
31127,201600013479,1.0,1,1,2,93.0,0.0,0.0,0.0,1989.0,A01,2.0,7,0,0.0,1.0,2.0,0.0,4,20,1925,1,2,1,1,6,4,7,2,2
31128,201600013479,0.0,3,4,1,0.0,2.0,3.0,0.0,1998.0,A01,2.0,7,0,0.0,1.0,2.0,0.0,4,20,1925,1,2,1,1,6,4,7,2,2
31129,201600013480,1.0,1,3,1,93.0,0.0,0.0,0.0,2000.0,B01,0.0,1,0,0.0,2.0,9.0,19.0,4,28,1414,1,2,1,1,6,3,7,1,2
31130,201600013480,1.0,1,1,1,11.0,0.0,0.0,0.0,1986.0,A01,2.0,7,0,0.0,2.0,2.0,1.0,4,28,1414,1,2,1,1,6,3,1,2,1
31134,201600013482,3.0,2,4,1,11.0,0.0,0.0,0.0,1988.0,B01,1.0,7,0,0.0,2.0,7.0,16.0,5,6,150,5,2,3,1,3,0,7,2,2
31135,201600013482,4.0,2,1,1,11.0,0.0,0.0,0.0,1981.0,B01,1.0,7,0,0.0,2.0,7.0,16.0,5,6,150,5,2,3,1,3,0,7,2,2
31136,201600013482,2.0,2,4,2,11.0,0.0,0.0,0.0,1995.0,B01,1.0,7,0,0.0,2.0,7.0,16.0,5,6,150,5,2,3,1,3,0,7,2,2
31137,201600013482,1.0,1,4,2,11.0,0.0,0.0,0.0,1994.0,B01,1.0,7,0,0.0,2.0,7.0,16.0,5,6,150,5,2,3,1,3,0,7,2,2
31138,201600013482,3.0,2,4,2,11.0,0.0,0.0,0.0,1994.0,A01,1.0,7,0,0.0,2.0,1.0,0.0,5,6,150,5,2,3,1,3,0,7,2,2
31139,201600013482,2.0,2,1,2,11.0,0.0,0.0,0.0,1994.0,A01,1.0,7,0,0.0,2.0,1.0,0.0,5,6,150,5,2,3,1,3,0,7,2,2
31140,201600013482,1.0,1,1,2,11.0,0.0,0.0,0.0,1993.0,A01,1.0,7,0,0.0,2.0,1.0,0.0,5,6,150,5,2,3,1,3,0,7,2,2
31141,201600013483,1.0,1,1,1,93.0,0.0,0.0,0.0,1986.0,A01,2.0,7,0,0.0,9.0,0.0,15.0,5,25,1620,1,2,4,1,3,3,1,2,1
31142,201600013483,1.0,1,4,1,93.0,0.0,0.0,0.0,1954.0,B01,1.0,1,0,0.0,2.0,3.0,16.0,5,25,1620,1,2,4,1,3,3,7,1,2