,Num_Acc,place,catu,grav,sexe,secu,locp,actp,etatp,an_nais,num_veh,senc,catv,occutc,obs,obsm,choc,manv,mois,jour,hrmn,lum,agg,int,atm,col,mom,catvopp,catv_gen,catvopp_gen
31310,201600013552,1.0,1,1,1,11.0,0.0,0.0,0.0,1950.0,A01,1.0,7,0,0.0,2.0,3.0,15.0,6,4,2150,5,2,1,1,3,4,7,2,2
31311,201600013553,1.0,1,4,1,93.0,0.0,0.0,0.0,1982.0,A01,1.0,7,0,10.0,0.0,2.0,0.0,6,5,1250,1,2,1,1,6,2,7,2,2
31312,201600013554,1.0,1,4,1,11.0,0.0,0.0,0.0,1993.0,B01,2.0,7,0,0.0,2.0,1.0,1.0,6,5,2235,5,2,1,1,1,5,7,2,2
31313,201600013554,1.0,1,1,1,11.0,0.0,0.0,0.0,1986.0,A01,1.0,7,0,0.0,2.0,1.0,13.0,6,5,2235,5,2,1,1,1,5,7,2,2
31314,201600013555,1.0,1,4,1,21.0,0.0,0.0,0.0,1993.0,B01,2.0,33,0,0.0,2.0,7.0,1.0,6,6,1620,1,2,3,1,3,3,7,1,2
31315,201600013555,1.0,1,1,1,11.0,0.0,0.0,0.0,1979.0,A01,1.0,7,0,0.0,2.0,1.0,15.0,6,6,1620,1,2,3,1,3,3,33,2,1
31316,201600013556,0.0,3,3,1,0.0,3.0,3.0,1.0,2000.0,A01,1.0,7,0,0.0,1.0,1.0,1.0,6,13,2000,1,2,1,1,6,4,7,2,2
31317,201600013556,1.0,1,1,2,11.0,0.0,0.0,0.0,1957.0,A01,1.0,7,0,0.0,1.0,1.0,1.0,6,13,2000,1,2,1,1,6,4,7,2,2
31318,201600013557,2.0,2,1,1,11.0,0.0,0.0,0.0,2009.0,A01,1.0,10,0,0.0,2.0,0.0,0.0,6,23,1810,1,2,1,1,3,4,10,2,2
31319,201600013557,2.0,2,1,1,11.0,0.0,0.0,0.0,2012.0,A01,1.0,10,0,0.0,2.0,0.0,0.0,6,23,1810,1,2,1,1,3,4,10,2,2
31320,201600013557,4.0,2,1,1,91.0,0.0,0.0,0.0,2009.0,A01,1.0,10,0,0.0,2.0,0.0,0.0,6,23,1810,1,2,1,1,3,4,10,2,2
31321,201600013557,2.0,2,1,2,11.0,0.0,0.0,0.0,1978.0,A01,1.0,10,0,0.0,2.0,0.0,0.0,6,23,1810,1,2,1,1,3,4,10,2,2
31322,201600013557,1.0,1,1,2,11.0,0.0,0.0,0.0,1977.0,A01,1.0,10,0,0.0,2.0,0.0,0.0,6,23,1810,1,2,1,1,3,4,10,2,2
31323,201600013557,1.0,1,1,1,11.0,0.0,0.0,0.0,1990.0,B01,1.0,10,0,0.0,2.0,1.0,1.0,6,23,1810,1,2,1,1,3,4,10,2,2
31324,201600013557,4.0,2,1,1,11.0,0.0,0.0,0.0,1992.0,B01,1.0,10,0,0.0,2.0,1.0,1.0,6,23,1810,1,2,1,1,3,4,10,2,2
31325,201600013557,2.0,2,4,1,11.0,0.0,0.0,0.0,1963.0,B01,1.0,10,0,0.0,2.0,1.0,1.0,6,23,1810,1,2,1,1,3,4,10,2,2
31326,201600013558,1.0,1,4,1,21.0,0.0,0.0,0.0,1972.0,A01,1.0,1,0,0.0,2.0,8.0,1.0,6,23,2035,1,1,1,1,3,4,1,1,1
31327,201600013559,1.0,1,1,1,11.0,0.0,0.0,0.0,1968.0,B01,2.0,7,0,0.0,2.0,3.0,0.0,6,26,2045,1,1,1,1,3,4,33,2,1
31328,201600013559,1.0,1,4,1,21.0,0.0,0.0,0.0,1990.0,A01,2.0,33,0,0.0,2.0,0.0,0.0,6,26,2045,1,1,1,1,3,4,7,1,2
31329,201600013560,1.0,1,1,1,11.0,0.0,0.0,0.0,1989.0,A01,2.0,10,0,0.0,2.0,3.0,15.0,6,29,1230,1,2,1,1,6,2,34,2,1
31330,201600013560,1.0,1,4,1,21.0,0.0,0.0,0.0,1988.0,B01,2.0,34,0,0.0,2.0,1.0,17.0,6,29,1230,1,2,1,1,6,2,10,1,2
31331,201600013561,1.0,1,4,1,21.0,0.0,0.0,0.0,1990.0,B01,1.0,1,0,0.0,2.0,8.0,1.0,7,2,1030,1,1,1,1,2,1,1,1,1
31332,201600013562,1.0,1,4,2,11.0,0.0,0.0,0.0,1994.0,B01,1.0,7,0,0.0,2.0,1.0,23.0,7,4,830,1,1,1,1,3,1,33,2,1
31333,201600013562,1.0,1,3,1,21.0,0.0,0.0,0.0,1993.0,A01,1.0,33,0,0.0,2.0,1.0,3.0,7,4,830,1,1,1,1,3,1,7,1,2
31334,201600013563,1.0,1,4,1,11.0,0.0,0.0,0.0,1994.0,A01,1.0,10,0,0.0,2.0,2.0,2.0,7,5,815,1,1,1,1,2,1,10,2,2
31335,201600013563,1.0,1,4,1,11.0,0.0,0.0,0.0,1975.0,B01,1.0,10,0,0.0,2.0,3.0,2.0,7,5,815,1,1,1,1,2,1,10,2,2
31336,201600013563,2.0,2,3,1,11.0,0.0,0.0,0.0,1972.0,B01,1.0,10,0,0.0,2.0,3.0,2.0,7,5,815,1,1,1,1,2,1,10,2,2
31337,201600013564,1.0,1,1,1,11.0,0.0,0.0,0.0,1995.0,A01,1.0,7,0,0.0,2.0,4.0,1.0,7,6,1720,1,2,1,1,2,3,7,2,2
31338,201600013564,2.0,2,1,2,11.0,0.0,0.0,0.0,1996.0,A01,1.0,7,0,0.0,2.0,4.0,1.0,7,6,1720,1,2,1,1,2,3,7,2,2
31339,201600013564,1.0,1,4,1,11.0,0.0,0.0,0.0,1970.0,B01,2.0,7,0,0.0,2.0,1.0,2.0,7,6,1720,1,2,1,1,2,3,7,2,2
31340,201600013565,1.0,1,3,1,93.0,0.0,0.0,0.0,1985.0,B01,1.0,1,0,0.0,2.0,1.0,1.0,7,9,1915,1,1,2,1,3,4,7,1,2
31341,201600013565,1.0,1,1,2,11.0,0.0,0.0,0.0,1979.0,A01,1.0,7,0,0.0,9.0,3.0,1.0,7,9,1915,1,1,2,1,3,4,1,2,1
31342,201600013566,0.0,3,4,1,0.0,1.0,3.0,2.0,2001.0,A01,1.0,7,0,0.0,1.0,1.0,1.0,7,10,1745,1,2,1,1,6,3,7,2,2
31343,201600013567,1.0,1,4,1,21.0,0.0,0.0,0.0,1975.0,B01,1.0,30,0,0.0,2.0,1.0,1.0,7,16,2130,1,2,1,1,1,4,7,1,2
31344,201600013567,1.0,1,1,1,11.0,0.0,0.0,0.0,1974.0,A01,2.0,7,0,0.0,2.0,3.0,1.0,7,16,2130,1,2,1,1,1,4,30,2,1
31345,201600013568,1.0,1,4,1,11.0,0.0,0.0,0.0,1938.0,A01,2.0,7,0,1.0,0.0,1.0,2.0,7,18,811,1,1,1,1,4,1,37,2,3
31346,201600013568,1.0,1,1,1,91.0,0.0,0.0,0.0,1988.0,C01,2.0,37,0,0.0,9.0,4.0,24.0,7,18,811,1,1,1,1,4,1,7,3,2
31347,201600013568,1.0,1,4,2,11.0,0.0,0.0,0.0,1978.0,B01,2.0,7,0,1.0,0.0,1.0,2.0,7,18,811,1,1,1,1,4,1,37,2,3
31348,201600013569,1.0,1,1,1,11.0,0.0,0.0,0.0,1948.0,A01,1.0,7,0,0.0,9.0,1.0,15.0,7,28,845,1,2,9,1,3,1,1,2,1
31349,201600013569,1.0,1,4,1,21.0,0.0,0.0,0.0,1954.0,B01,2.0,1,0,0.0,2.0,1.0,1.0,7,28,845,1,2,9,1,3,1,7,1,2
31350,201600013570,1.0,1,4,1,11.0,0.0,0.0,0.0,1985.0,A01,2.0,7,0,0.0,2.0,6.0,0.0,7,31,2100,1,2,1,1,2,4,10,2,2
31351,201600013570,1.0,1,1,1,11.0,0.0,0.0,0.0,1985.0,B01,2.0,10,0,0.0,2.0,2.0,1.0,7,31,2100,1,2,1,1,2,4,7,2,2
31352,201600013571,1.0,1,4,1,21.0,0.0,0.0,0.0,2001.0,A01,1.0,1,0,15.0,0.0,3.0,13.0,8,1,1520,1,2,1,1,7,3,1,1,1
31353,201600013572,1.0,1,4,1,11.0,0.0,0.0,0.0,1989.0,A01,2.0,7,0,0.0,2.0,1.0,15.0,8,4,2130,5,2,3,1,1,4,7,2,2
31354,201600013572,2.0,2,1,1,11.0,0.0,0.0,0.0,1991.0,A01,2.0,7,0,0.0,2.0,1.0,15.0,8,4,2130,5,2,3,1,1,4,7,2,2
31355,201600013572,1.0,1,3,1,11.0,0.0,0.0,0.0,1992.0,B01,1.0,7,0,0.0,2.0,3.0,1.0,8,4,2130,5,2,3,1,1,4,7,2,2
31356,201600013573,1.0,1,1,2,11.0,0.0,0.0,0.0,1987.0,A01,2.0,7,0,0.0,2.0,2.0,15.0,8,5,1745,1,2,9,1,3,3,33,2,1
31357,201600013573,2.0,2,1,2,11.0,0.0,0.0,0.0,1968.0,A01,2.0,7,0,0.0,2.0,2.0,15.0,8,5,1745,1,2,9,1,3,3,33,2,1
31358,201600013573,3.0,2,1,1,11.0,0.0,0.0,0.0,2013.0,A01,2.0,7,0,0.0,2.0,2.0,15.0,8,5,1745,1,2,9,1,3,3,33,2,1
31359,201600013573,4.0,2,1,1,11.0,0.0,0.0,0.0,2014.0,A01,2.0,7,0,0.0,2.0,2.0,15.0,8,5,1745,1,2,9,1,3,3,33,2,1
31360,201600013573,1.0,1,4,1,21.0,0.0,0.0,0.0,1980.0,B01,2.0,33,0,0.0,2.0,1.0,1.0,8,5,1745,1,2,9,1,3,3,7,1,2
31361,201600013574,1.0,1,1,1,11.0,0.0,0.0,0.0,1944.0,A01,2.0,7,0,1.0,0.0,2.0,14.0,8,6,935,1,1,1,1,2,1,21,2,0
31362,201600013574,1.0,1,3,2,93.0,0.0,0.0,0.0,1991.0,B01,1.0,21,0,0.0,2.0,4.0,23.0,8,6,935,1,1,1,1,2,1,7,0,2
31363,201600013575,1.0,1,1,2,11.0,0.0,0.0,0.0,1987.0,A01,1.0,7,0,0.0,9.0,3.0,9.0,8,2,800,1,1,6,1,3,1,1,2,1
31364,201600013575,1.0,1,4,1,21.0,0.0,0.0,0.0,1970.0,B01,1.0,1,0,0.0,2.0,9.0,15.0,8,2,800,1,1,6,1,3,1,7,1,2
31365,201600013576,0.0,3,3,2,0.0,4.0,3.0,1.0,1942.0,A01,1.0,10,0,0.0,1.0,2.0,1.0,8,8,1715,1,2,1,1,6,3,10,2,2
31366,201600013576,1.0,1,1,1,11.0,0.0,0.0,0.0,1993.0,A01,1.0,10,0,0.0,1.0,2.0,1.0,8,8,1715,1,2,1,1,6,3,10,2,2
31367,201600013577,4.0,2,1,1,11.0,0.0,0.0,0.0,2012.0,B01,2.0,7,0,0.0,2.0,1.0,1.0,8,10,1700,1,2,3,1,1,3,37,2,3
31368,201600013577,5.0,2,4,1,12.0,0.0,0.0,0.0,2008.0,B01,2.0,7,0,0.0,2.0,1.0,1.0,8,10,1700,1,2,3,1,1,3,37,2,3
31369,201600013577,3.0,2,4,1,12.0,0.0,0.0,0.0,2004.0,B01,2.0,7,0,0.0,2.0,1.0,1.0,8,10,1700,1,2,3,1,1,3,37,2,3
31370,201600013577,1.0,1,4,2,11.0,0.0,0.0,0.0,1997.0,B01,2.0,7,0,0.0,2.0,1.0,1.0,8,10,1700,1,2,3,1,1,3,37,2,3
31371,201600013577,2.0,2,1,1,11.0,0.0,0.0,0.0,2002.0,B01,2.0,7,0,0.0,2.0,1.0,1.0,8,10,1700,1,2,3,1,1,3,37,2,3
31372,201600013577,1.0,1,1,1,13.0,0.0,0.0,0.0,1988.0,A01,1.0,37,0,0.0,2.0,3.0,13.0,8,10,1700,1,2,3,1,1,3,7,3,2
31373,201600013578,1.0,1,4,1,11.0,0.0,0.0,0.0,1991.0,B01,1.0,7,0,0.0,2.0,1.0,1.0,8,12,945,1,2,2,1,3,1,7,2,2
31374,201600013578,1.0,1,4,2,11.0,0.0,0.0,0.0,1946.0,A01,2.0,7,0,0.0,2.0,2.0,15.0,8,12,945,1,2,2,1,3,1,7,2,2
31375,201600013578,2.0,2,4,2,11.0,0.0,0.0,0.0,1932.0,A01,2.0,7,0,0.0,2.0,2.0,15.0,8,12,945,1,2,2,1,3,1,7,2,2
31376,201600013579,1.0,1,1,1,11.0,0.0,0.0,0.0,1934.0,B01,2.0,7,0,0.0,2.0,0.0,0.0,8,13,1040,1,2,2,1,3,1,7,2,2
31377,201600013579,2.0,2,4,2,11.0,0.0,0.0,0.0,1938.0,B01,2.0,7,0,0.0,2.0,0.0,0.0,8,13,1040,1,2,2,1,3,1,7,2,2
31378,201600013579,1.0,1,1,2,11.0,0.0,0.0,0.0,1962.0,A01,1.0,7,0,0.0,2.0,0.0,0.0,8,13,1040,1,2,2,1,3,1,7,2,2
31379,201600013580,1.0,1,2,1,21.0,0.0,0.0,0.0,1994.0,B01,1.0,33,0,0.0,2.0,1.0,1.0,8,19,1330,1,2,3,1,3,2,10,1,2
31380,201600013580,1.0,1,1,1,13.0,0.0,0.0,0.0,1990.0,A01,2.0,10,0,0.0,2.0,7.0,15.0,8,19,1330,1,2,3,1,3,2,33,2,1
31381,201600013581,1.0,1,4,2,11.0,0.0,0.0,0.0,1993.0,A01,1.0,7,0,6.0,0.0,1.0,15.0,8,23,1230,1,2,4,1,6,2,7,2,2
31384,201600013583,1.0,1,4,1,21.0,0.0,0.0,0.0,1986.0,A01,1.0,30,0,0.0,2.0,1.0,17.0,9,1,1100,1,2,1,1,6,1,7,1,2
31385,201600013583,1.0,1,1,1,11.0,0.0,0.0,0.0,1990.0,B01,1.0,7,0,0.0,2.0,8.0,15.0,9,1,1100,1,2,1,1,6,1,30,2,1
31386,201600013584,1.0,1,1,1,11.0,0.0,0.0,0.0,1983.0,A01,1.0,7,0,0.0,9.0,2.0,23.0,9,4,1815,1,2,1,1,3,4,1,2,1
31387,201600013584,1.0,1,4,1,93.0,0.0,0.0,0.0,2009.0,B01,1.0,1,0,0.0,2.0,0.0,0.0,9,4,1815,1,2,1,1,3,4,7,1,2
31388,201600013585,1.0,1,4,2,13.0,0.0,0.0,0.0,1961.0,B01,1.0,7,0,0.0,2.0,1.0,2.0,8,27,1110,1,2,1,1,6,1,7,2,2
31389,201600013585,1.0,1,1,2,13.0,0.0,0.0,0.0,1997.0,A01,1.0,7,0,0.0,2.0,8.0,9.0,8,27,1110,1,2,1,1,6,1,7,2,2
31390,201600013586,1.0,1,3,1,21.0,0.0,0.0,0.0,1968.0,B01,2.0,33,0,0.0,2.0,1.0,1.0,9,6,810,1,2,1,1,3,1,7,1,2
31391,201600013586,1.0,1,1,2,11.0,0.0,0.0,0.0,1996.0,A01,2.0,7,0,0.0,2.0,3.0,15.0,9,6,810,1,2,1,1,3,1,33,2,1
31392,201600013587,1.0,1,1,1,11.0,0.0,0.0,0.0,1947.0,B01,1.0,7,0,0.0,2.0,2.0,0.0,9,12,1030,1,2,2,1,3,1,7,2,2
31393,201600013587,1.0,1,4,2,11.0,0.0,0.0,0.0,1945.0,A01,1.0,7,0,0.0,2.0,5.0,0.0,9,12,1030,1,2,2,1,3,1,7,2,2
31394,201600013588,1.0,1,1,1,11.0,0.0,0.0,0.0,1987.0,A01,2.0,7,0,0.0,1.0,1.0,1.0,9,12,1330,1,2,8,1,6,2,7,2,2
31395,201600013588,0.0,3,4,1,0.0,3.0,3.0,1.0,1977.0,A01,2.0,7,0,0.0,1.0,1.0,1.0,9,12,1330,1,2,8,1,6,2,7,2,2
31396,201600013589,0.0,3,3,1,0.0,2.0,3.0,1.0,1949.0,A01,1.0,7,0,0.0,1.0,2.0,0.0,9,27,1930,2,2,1,2,6,4,7,2,2
31397,201600013589,1.0,1,1,2,11.0,0.0,0.0,0.0,1965.0,A01,1.0,7,0,0.0,1.0,2.0,0.0,9,27,1930,2,2,1,2,6,4,7,2,2
31398,201600013590,1.0,1,1,1,11.0,0.0,0.0,0.0,1937.0,A01,1.0,7,0,0.0,2.0,3.0,15.0,9,28,1330,1,1,3,1,3,2,32,2,1
31399,201600013590,1.0,1,3,1,21.0,0.0,0.0,0.0,1975.0,B01,1.0,32,0,0.0,2.0,1.0,17.0,9,28,1330,1,1,3,1,3,2,7,1,2
31400,201600013591,1.0,1,4,1,21.0,0.0,0.0,0.0,1995.0,A01,1.0,31,0,0.0,1.0,1.0,1.0,10,10,2215,5,2,1,1,6,5,31,1,1
31401,201600013591,0.0,3,4,1,0.0,2.0,3.0,1.0,1965.0,A01,1.0,31,0,0.0,1.0,1.0,1.0,10,10,2215,5,2,1,1,6,5,31,1,1
31402,201600013592,1.0,1,1,1,11.0,0.0,0.0,0.0,1983.0,A01,2.0,7,0,0.0,2.0,1.0,13.0,10,13,1600,1,2,1,8,1,3,32,2,1
31403,201600013592,1.0,1,4,1,21.0,0.0,0.0,0.0,1977.0,B01,1.0,32,0,0.0,2.0,1.0,1.0,10,13,1600,1,2,1,8,1,3,7,1,2
31404,201600013593,1.0,1,4,2,11.0,0.0,0.0,0.0,1990.0,A01,1.0,7,0,0.0,2.0,1.0,15.0,10,14,1235,1,1,1,2,3,2,7,2,2
31405,201600013593,2.0,2,1,2,11.0,0.0,0.0,0.0,1998.0,A01,1.0,7,0,0.0,2.0,1.0,15.0,10,14,1235,1,1,1,2,3,2,7,2,2
31406,201600013593,1.0,1,1,1,11.0,0.0,0.0,0.0,1963.0,B01,2.0,7,0,0.0,2.0,3.0,0.0,10,14,1235,1,1,1,2,3,2,7,2,2
31407,201600013594,1.0,1,4,2,11.0,0.0,0.0,0.0,1997.0,A01,1.0,7,0,0.0,2.0,5.0,1.0,10,21,1830,5,2,1,1,2,4,7,2,2
31408,201600013595,1.0,1,4,1,21.0,0.0,0.0,0.0,1957.0,B01,2.0,31,0,0.0,2.0,3.0,1.0,10,26,1940,5,2,2,1,3,4,7,1,2
31409,201600013595,1.0,1,1,2,11.0,0.0,0.0,0.0,1987.0,A01,2.0,7,0,0.0,2.0,0.0,1.0,10,26,1940,5,2,2,1,3,4,31,2,1
31410,201600013596,1.0,1,3,1,21.0,0.0,0.0,0.0,1991.0,B01,1.0,33,0,0.0,2.0,1.0,1.0,10,28,1610,1,2,1,1,1,3,7,1,2
31411,201600013596,1.0,1,1,2,11.0,0.0,0.0,0.0,1976.0,A01,1.0,7,0,0.0,2.0,3.0,9.0,10,28,1610,1,2,1,1,1,3,33,2,1
31412,201600013597,1.0,1,1,1,23.0,0.0,0.0,0.0,1964.0,A01,1.0,32,0,0.0,1.0,1.0,1.0,10,29,1520,1,2,1,1,6,3,32,1,1
31413,201600013597,0.0,3,3,2,0.0,2.0,3.0,1.0,1931.0,A01,1.0,32,0,0.0,1.0,1.0,1.0,10,29,1520,1,2,1,1,6,3,32,1,1
31414,201600013598,1.0,1,1,1,11.0,0.0,0.0,0.0,1990.0,B01,1.0,7,0,0.0,0.0,6.0,10.0,11,3,855,1,1,1,1,2,1,33,2,1
31415,201600013598,1.0,1,4,1,21.0,0.0,0.0,0.0,1980.0,A01,1.0,33,0,0.0,2.0,1.0,1.0,11,3,855,1,1,1,1,2,1,7,1,2
31416,201600013599,1.0,1,1,2,11.0,0.0,0.0,0.0,1950.0,A01,1.0,7,0,0.0,2.0,1.0,15.0,11,3,1540,1,2,1,1,1,3,31,2,1
31417,201600013599,1.0,1,4,1,21.0,0.0,0.0,0.0,1963.0,B01,1.0,31,0,0.0,2.0,1.0,1.0,11,3,1540,1,2,1,1,1,3,7,1,2
31418,201600013600,1.0,1,1,2,11.0,0.0,0.0,0.0,1936.0,A01,2.0,7,0,0.0,2.0,7.0,9.0,11,4,1900,5,2,1,1,3,4,7,2,2
31419,201600013600,2.0,2,4,1,11.0,0.0,0.0,0.0,1968.0,A01,2.0,7,0,0.0,2.0,7.0,9.0,11,4,1900,5,2,1,1,3,4,7,2,2
31420,201600013600,1.0,1,4,2,11.0,0.0,0.0,0.0,1978.0,B01,1.0,7,0,0.0,2.0,2.0,0.0,11,4,1900,5,2,1,1,3,4,7,2,2
31421,201600013600,2.0,2,4,1,11.0,0.0,0.0,0.0,2000.0,B01,1.0,7,0,0.0,2.0,2.0,0.0,11,4,1900,5,2,1,1,3,4,7,2,2
31422,201600013600,4.0,2,4,1,11.0,0.0,0.0,0.0,1999.0,B01,1.0,7,0,0.0,2.0,2.0,0.0,11,4,1900,5,2,1,1,3,4,7,2,2
31423,201600013601,1.0,1,1,1,11.0,0.0,0.0,0.0,1979.0,B01,2.0,7,0,0.0,2.0,8.0,15.0,11,8,1125,1,2,1,1,3,1,33,2,1
31424,201600013601,1.0,1,4,1,21.0,0.0,0.0,0.0,1985.0,A01,2.0,33,0,0.0,2.0,1.0,17.0,11,8,1125,1,2,1,1,3,1,7,1,2
31425,201600013602,1.0,1,1,1,11.0,0.0,0.0,0.0,1959.0,B01,0.0,7,0,0.0,2.0,1.0,0.0,11,9,1830,5,1,1,1,1,4,7,2,2
31426,201600013602,1.0,1,3,1,11.0,0.0,0.0,0.0,1971.0,A01,1.0,7,0,0.0,2.0,1.0,0.0,11,9,1830,5,1,1,1,1,4,7,2,2
31427,201600013603,1.0,1,1,1,11.0,0.0,0.0,0.0,1984.0,A01,1.0,7,0,0.0,2.0,7.0,17.0,11,11,1720,2,1,1,6,6,3,2,2,1
31428,201600013603,1.0,1,4,1,21.0,0.0,0.0,0.0,2000.0,B01,1.0,2,0,0.0,2.0,8.0,1.0,11,11,1720,2,1,1,6,6,3,7,1,2
31429,201600013604,1.0,1,4,2,13.0,0.0,0.0,0.0,1951.0,B01,1.0,7,0,0.0,2.0,4.0,1.0,11,12,1850,5,2,1,1,6,4,10,2,2
31430,201600013604,1.0,1,1,2,11.0,0.0,0.0,0.0,1980.0,C01,1.0,10,0,0.0,2.0,1.0,2.0,11,12,1850,5,2,1,1,6,4,7,2,2
31431,201600013605,1.0,1,4,1,23.0,0.0,0.0,0.0,2001.0,A01,1.0,30,0,0.0,2.0,8.0,1.0,11,14,935,1,2,3,2,3,1,30,1,1
31432,201600013606,1.0,1,1,1,11.0,0.0,0.0,0.0,1995.0,B01,1.0,7,0,0.0,2.0,8.0,15.0,11,17,2010,5,2,2,1,3,4,2,2,1
31433,201600013606,1.0,1,4,1,21.0,0.0,0.0,0.0,1999.0,A01,1.0,2,0,0.0,2.0,1.0,17.0,11,17,2010,5,2,2,1,3,4,7,1,2
31434,201600013606,2.0,2,4,1,21.0,0.0,0.0,0.0,1998.0,A01,1.0,2,0,0.0,2.0,1.0,17.0,11,17,2010,5,2,2,1,3,4,7,1,2
31435,201600013607,1.0,1,1,2,11.0,0.0,0.0,0.0,1972.0,A01,1.0,7,0,0.0,2.0,3.0,15.0,11,19,1505,1,2,1,1,3,3,2,2,1
31436,201600013607,1.0,1,3,1,21.0,0.0,0.0,0.0,1981.0,B01,2.0,2,0,0.0,2.0,1.0,1.0,11,19,1505,1,2,1,1,3,3,7,1,2
31437,201600013607,2.0,2,3,1,21.0,0.0,0.0,0.0,1997.0,B01,2.0,2,0,0.0,2.0,1.0,1.0,11,19,1505,1,2,1,1,3,3,7,1,2
31438,201600013608,1.0,1,1,1,11.0,0.0,0.0,0.0,1970.0,A01,1.0,37,0,0.0,1.0,3.0,1.0,11,23,830,1,2,1,1,6,1,37,3,3
31439,201600013608,0.0,3,3,1,0.0,2.0,4.0,1.0,1990.0,A01,1.0,37,0,0.0,1.0,3.0,1.0,11,23,830,1,2,1,1,6,1,37,3,3
31440,201600013609,1.0,1,4,1,21.0,0.0,0.0,0.0,1964.0,B01,1.0,33,0,0.0,2.0,4.0,2.0,12,2,1145,1,2,1,1,2,1,10,1,2
31441,201600013609,1.0,1,1,1,11.0,0.0,0.0,0.0,1966.0,A01,1.0,10,0,0.0,2.0,2.0,2.0,12,2,1145,1,2,1,1,2,1,33,2,1
31442,201600013610,1.0,1,3,2,11.0,0.0,0.0,0.0,1994.0,A01,1.0,7,0,0.0,2.0,3.0,9.0,12,3,1254,1,2,1,1,3,2,7,2,2
31443,201600013610,2.0,2,3,2,11.0,0.0,0.0,0.0,1956.0,A01,1.0,7,0,0.0,2.0,3.0,9.0,12,3,1254,1,2,1,1,3,2,7,2,2
31444,201600013610,1.0,1,1,1,11.0,0.0,0.0,0.0,1953.0,B01,1.0,7,0,0.0,2.0,2.0,1.0,12,3,1254,1,2,1,1,3,2,7,2,2
31445,201600013611,1.0,1,3,1,21.0,0.0,0.0,0.0,1980.0,B01,2.0,31,0,0.0,2.0,8.0,1.0,12,1,1205,1,2,3,1,3,2,7,1,2
31446,201600013611,1.0,1,1,1,11.0,0.0,0.0,0.0,1966.0,A01,1.0,7,0,0.0,2.0,6.0,19.0,12,1,1205,1,2,3,1,3,2,31,2,1
31447,201600013612,0.0,3,3,1,0.0,3.0,3.0,2.0,1937.0,A01,1.0,7,0,0.0,1.0,2.0,1.0,12,6,1530,1,2,1,1,6,3,7,2,2
31448,201600013612,1.0,1,1,1,13.0,0.0,0.0,0.0,1937.0,A01,1.0,7,0,0.0,1.0,2.0,1.0,12,6,1530,1,2,1,1,6,3,7,2,2
31449,201600013612,0.0,3,3,1,0.0,3.0,3.0,2.0,1929.0,A01,1.0,7,0,0.0,1.0,2.0,1.0,12,6,1530,1,2,1,1,6,3,7,2,2
31450,201600013613,1.0,1,1,2,11.0,0.0,0.0,0.0,1956.0,B01,2.0,7,0,0.0,2.0,8.0,15.0,12,7,1610,1,2,1,1,3,3,2,2,1
31451,201600013613,1.0,1,4,1,21.0,0.0,0.0,0.0,1990.0,A01,2.0,2,0,0.0,2.0,2.0,2.0,12,7,1610,1,2,1,1,3,3,7,1,2
31452,201600013614,1.0,1,4,1,21.0,0.0,0.0,0.0,1998.0,B01,1.0,30,0,0.0,0.0,0.0,0.0,12,9,1930,5,2,2,1,1,4,7,1,2
31453,201600013614,1.0,1,1,2,11.0,0.0,0.0,0.0,1967.0,A01,2.0,7,0,0.0,2.0,1.0,15.0,12,9,1930,5,2,2,1,1,4,30,2,1
31454,201600013615,1.0,1,1,1,11.0,0.0,0.0,0.0,1950.0,A01,1.0,7,0,0.0,2.0,3.0,16.0,12,15,1915,5,2,3,2,3,4,7,2,2
31455,201600013615,1.0,1,1,1,11.0,0.0,0.0,0.0,1948.0,B01,1.0,7,0,0.0,2.0,1.0,1.0,12,15,1915,5,2,3,2,3,4,7,2,2
31456,201600013615,2.0,2,4,2,11.0,0.0,0.0,0.0,1960.0,B01,1.0,7,0,0.0,2.0,1.0,1.0,12,15,1915,5,2,3,2,3,4,7,2,2
31457,201600013616,1.0,1,1,1,11.0,0.0,0.0,0.0,1978.0,B01,2.0,7,0,0.0,2.0,3.0,1.0,12,18,1500,1,2,1,1,3,3,30,2,1
31458,201600013616,1.0,1,4,1,21.0,0.0,0.0,0.0,2000.0,A01,2.0,30,0,0.0,2.0,1.0,0.0,12,18,1500,1,2,1,1,3,3,7,1,2
31459,201600013616,2.0,2,4,1,21.0,0.0,0.0,0.0,2004.0,A01,2.0,30,0,0.0,2.0,1.0,0.0,12,18,1500,1,2,1,1,3,3,7,1,2
31460,201600013617,1.0,1,3,1,11.0,0.0,0.0,0.0,1964.0,B01,1.0,7,0,0.0,2.0,4.0,0.0,12,21,1725,5,2,1,1,2,3,7,2,2
31461,201600013617,1.0,1,1,2,13.0,0.0,0.0,0.0,1985.0,A01,1.0,7,0,0.0,2.0,1.0,0.0,12,21,1725,5,2,1,1,2,3,7,2,2
31462,201600013618,1.0,1,1,2,11.0,0.0,0.0,0.0,1997.0,A01,2.0,7,0,0.0,2.0,1.0,1.0,12,22,1535,1,2,1,1,2,3,7,2,2
31463,201600013618,2.0,2,4,2,11.0,0.0,0.0,0.0,1947.0,B01,2.0,7,0,0.0,2.0,4.0,1.0,12,22,1535,1,2,1,1,2,3,7,2,2