,Num_Acc,place,catu,grav,sexe,secu,locp,actp,etatp,an_nais,num_veh,senc,catv,occutc,obs,obsm,choc,manv,mois,jour,hrmn,lum,agg,int,atm,col,mom,catvopp,catv_gen,catvopp_gen
31784,201600013745,1.0,1,1,1,11.0,0.0,0.0,0.0,1998.0,B01,2.0,7,0,0.0,2.0,4.0,24.0,11,19,2105,5,2,1,1,1,4,7,2,2
31785,201600013745,4.0,2,4,1,11.0,0.0,0.0,0.0,1999.0,B01,2.0,7,0,0.0,2.0,4.0,24.0,11,19,2105,5,2,1,1,1,4,7,2,2
31786,201600013745,1.0,1,1,1,11.0,0.0,0.0,0.0,1988.0,A01,2.0,7,0,0.0,2.0,1.0,1.0,11,19,2105,5,2,1,1,1,4,7,2,2
31787,201600013746,1.0,1,1,1,11.0,0.0,0.0,0.0,1988.0,C01,2.0,7,0,0.0,2.0,1.0,13.0,11,21,1325,1,2,1,2,4,2,10,2,2
31788,201600013746,1.0,1,4,1,11.0,0.0,0.0,0.0,1977.0,A01,2.0,10,0,0.0,2.0,1.0,13.0,11,21,1325,1,2,1,2,4,2,38,2,3
31789,201600013746,1.0,1,1,1,11.0,0.0,0.0,0.0,1987.0,B01,1.0,38,0,0.0,2.0,1.0,1.0,11,21,1325,1,2,1,2,4,2,10,3,2
31790,201600013747,1.0,1,1,1,11.0,0.0,0.0,0.0,1967.0,C01,2.0,7,0,0.0,2.0,4.0,1.0,11,22,800,1,1,1,3,5,1,7,2,2
31791,201600013747,1.0,1,4,2,11.0,0.0,0.0,0.0,1979.0,B01,2.0,7,0,0.0,2.0,4.0,1.0,11,22,800,1,1,1,3,5,1,7,2,2
31792,201600013747,1.0,1,1,1,11.0,0.0,0.0,0.0,1998.0,A01,2.0,7,0,0.0,2.0,1.0,1.0,11,22,800,1,1,1,3,5,1,7,2,2
31793,201600013748,1.0,1,1,2,11.0,0.0,0.0,0.0,1977.0,B01,1.0,7,0,0.0,2.0,3.0,1.0,11,24,1920,5,2,1,3,1,4,7,2,2
31794,201600013748,1.0,1,4,2,11.0,0.0,0.0,0.0,1949.0,A01,2.0,7,0,0.0,2.0,1.0,3.0,11,24,1920,5,2,1,3,1,4,7,2,2
31795,201600013749,1.0,1,1,1,11.0,0.0,0.0,0.0,1958.0,A01,1.0,7,0,0.0,1.0,2.0,21.0,11,27,950,1,2,1,1,6,1,7,2,2
31796,201600013749,0.0,3,4,1,0.0,8.0,3.0,0.0,1949.0,A01,1.0,7,0,0.0,1.0,2.0,21.0,11,27,950,1,2,1,1,6,1,7,2,2
31797,201600013750,1.0,1,4,2,21.0,0.0,0.0,0.0,1961.0,B01,1.0,32,0,0.0,2.0,1.0,1.0,11,27,1910,5,2,6,1,3,4,7,1,2
31798,201600013750,1.0,1,1,1,11.0,0.0,0.0,0.0,1961.0,A01,2.0,7,0,0.0,2.0,3.0,0.0,11,27,1910,5,2,6,1,3,4,32,2,1
31799,201600013751,1.0,1,1,2,11.0,0.0,0.0,0.0,1931.0,A01,1.0,7,0,0.0,2.0,4.0,20.0,11,29,1520,1,2,1,1,6,3,7,2,2
31800,201600013751,1.0,1,1,1,11.0,0.0,0.0,0.0,1944.0,B01,1.0,7,0,0.0,2.0,4.0,24.0,11,29,1520,1,2,1,1,6,3,7,2,2
31801,201600013751,2.0,2,4,2,11.0,0.0,0.0,0.0,1945.0,B01,1.0,7,0,0.0,2.0,4.0,24.0,11,29,1520,1,2,1,1,6,3,7,2,2
31802,201600013752,1.0,1,1,1,11.0,0.0,0.0,0.0,1954.0,A01,2.0,7,0,0.0,2.0,3.0,9.0,11,29,1730,1,2,6,1,3,3,30,2,1
31803,201600013752,1.0,1,4,2,21.0,0.0,0.0,0.0,2000.0,B01,1.0,30,0,0.0,2.0,1.0,1.0,11,29,1730,1,2,6,1,3,3,7,1,2
31804,201600013753,1.0,1,1,2,11.0,0.0,0.0,0.0,1981.0,B01,1.0,7,0,0.0,2.0,1.0,1.0,12,7,1515,1,1,1,1,1,3,30,2,1
31805,201600013753,1.0,1,3,1,21.0,0.0,0.0,0.0,2001.0,A01,2.0,30,0,0.0,2.0,1.0,13.0,12,7,1515,1,1,1,1,1,3,7,1,2
31806,201600013754,1.0,1,1,1,11.0,0.0,0.0,0.0,1987.0,A01,2.0,7,0,0.0,2.0,1.0,2.0,12,9,1000,1,2,1,1,2,1,7,2,2
31807,201600013754,1.0,1,4,2,11.0,0.0,0.0,0.0,1969.0,B01,2.0,7,0,0.0,2.0,4.0,2.0,12,9,1000,1,2,1,1,2,1,7,2,2
31808,201600013755,1.0,1,4,1,11.0,0.0,0.0,0.0,1995.0,B01,2.0,7,0,0.0,2.0,4.0,2.0,12,13,1850,3,2,1,1,1,4,7,2,2
31809,201600013755,2.0,2,4,2,11.0,0.0,0.0,0.0,1995.0,B01,2.0,7,0,0.0,2.0,4.0,2.0,12,13,1850,3,2,1,1,1,4,7,2,2
31810,201600013755,1.0,1,1,1,11.0,0.0,0.0,0.0,1991.0,A01,2.0,7,0,0.0,2.0,1.0,2.0,12,13,1850,3,2,1,1,1,4,7,2,2
31811,201600013756,1.0,1,4,1,21.0,0.0,0.0,0.0,1971.0,B01,1.0,31,0,0.0,2.0,1.0,1.0,12,21,1820,3,1,1,1,1,4,10,1,2
31812,201600013756,1.0,1,1,1,11.0,0.0,0.0,0.0,1954.0,A01,2.0,10,0,0.0,2.0,7.0,15.0,12,21,1820,3,1,1,1,1,4,31,2,1
31813,201600013757,1.0,1,4,1,21.0,0.0,0.0,0.0,1983.0,A01,2.0,2,0,0.0,2.0,7.0,17.0,12,23,1615,1,2,6,1,3,3,7,1,2
31814,201600013757,1.0,1,1,1,11.0,0.0,0.0,0.0,1992.0,B01,2.0,7,0,0.0,2.0,8.0,1.0,12,23,1615,1,2,6,1,3,3,2,2,1
31815,201600013758,1.0,1,1,1,21.0,0.0,0.0,0.0,2000.0,A01,2.0,30,0,0.0,1.0,1.0,1.0,12,26,1800,1,2,1,1,6,4,30,1,1
31816,201600013758,0.0,3,3,1,0.0,0.0,3.0,1.0,1943.0,A01,2.0,30,0,0.0,1.0,1.0,1.0,12,26,1800,1,2,1,1,6,4,30,1,1
31817,201600013759,1.0,1,4,2,11.0,0.0,0.0,0.0,1936.0,B02,0.0,7,0,0.0,2.0,8.0,9.0,7,9,1900,1,2,1,1,3,4,33,2,1
31818,201600013759,1.0,1,3,1,21.0,0.0,0.0,0.0,1974.0,A01,2.0,33,0,0.0,2.0,1.0,1.0,7,9,1900,1,2,1,1,3,4,7,1,2
31819,201600013760,0.0,3,3,1,0.0,2.0,3.0,1.0,1942.0,A01,1.0,7,0,0.0,1.0,1.0,1.0,1,29,1800,3,2,9,2,6,4,7,2,2
31820,201600013760,1.0,1,1,1,13.0,0.0,0.0,0.0,1982.0,A01,1.0,7,0,0.0,1.0,1.0,1.0,1,29,1800,3,2,9,2,6,4,7,2,2
31821,201600013761,1.0,1,2,1,21.0,0.0,0.0,0.0,1988.0,A01,1.0,33,0,0.0,2.0,2.0,5.0,1,16,1730,2,1,1,6,1,3,7,1,2
31822,201600013761,1.0,1,1,1,11.0,0.0,0.0,0.0,1969.0,B01,1.0,7,0,0.0,2.0,2.0,0.0,1,16,1730,2,1,1,6,1,3,33,2,1
31823,201600013762,1.0,1,2,1,92.0,0.0,0.0,0.0,1999.0,A01,0.0,33,0,0.0,0.0,4.0,1.0,3,12,1825,2,2,1,1,7,4,33,1,1
31824,201600013763,1.0,1,1,1,11.0,0.0,0.0,0.0,1981.0,B01,0.0,17,0,0.0,2.0,2.0,2.0,5,25,1215,1,2,6,1,3,2,1,3,1
31825,201600013763,1.0,1,2,1,93.0,0.0,0.0,0.0,1959.0,A01,0.0,1,0,0.0,2.0,6.0,15.0,5,25,1215,1,2,6,1,3,2,17,1,3
31826,201600013764,1.0,1,2,1,21.0,0.0,0.0,0.0,1991.0,A01,1.0,33,0,2.0,0.0,1.0,19.0,6,12,1845,1,1,1,1,6,4,33,1,1
31827,201600013765,1.0,1,2,1,21.0,0.0,0.0,0.0,1989.0,A01,1.0,33,0,12.0,0.0,1.0,1.0,7,24,644,1,2,1,1,6,1,33,1,1
31828,201600013766,1.0,1,3,1,21.0,0.0,0.0,0.0,1989.0,B01,0.0,32,0,0.0,2.0,6.0,1.0,8,18,1540,1,1,2,1,3,3,10,1,2
31829,201600013766,1.0,1,1,1,11.0,0.0,0.0,0.0,1974.0,A01,0.0,10,0,0.0,2.0,6.0,1.0,8,18,1540,1,1,2,1,3,3,32,2,1
31830,201600013767,1.0,1,2,1,11.0,0.0,0.0,0.0,1938.0,A01,0.0,7,0,0.0,2.0,1.0,13.0,10,29,1415,1,1,1,1,1,3,7,2,2
31831,201600013767,2.0,2,3,2,11.0,0.0,0.0,0.0,1946.0,A01,0.0,7,0,0.0,2.0,1.0,13.0,10,29,1415,1,1,1,1,1,3,7,2,2
31832,201600013767,1.0,1,3,1,11.0,0.0,0.0,0.0,1959.0,B01,0.0,7,0,3.0,2.0,3.0,21.0,10,29,1415,1,1,1,1,1,3,7,2,2
31833,201600013767,2.0,2,3,2,11.0,0.0,0.0,0.0,1965.0,B01,0.0,7,0,3.0,2.0,3.0,21.0,10,29,1415,1,1,1,1,1,3,7,2,2
31834,201600013768,1.0,1,4,2,11.0,0.0,0.0,0.0,1986.0,B01,2.0,7,0,0.0,2.0,4.0,2.0,1,5,1350,1,2,1,1,2,2,7,2,2
31835,201600013769,1.0,1,4,2,11.0,0.0,0.0,0.0,1996.0,B01,1.0,7,0,0.0,2.0,3.0,1.0,1,6,1920,5,2,3,1,1,4,7,2,2
31837,201600013771,1.0,1,1,1,11.0,0.0,0.0,0.0,1980.0,A01,1.0,14,0,0.0,2.0,3.0,1.0,1,19,535,5,2,2,2,3,0,7,3,2
31838,201600013771,1.0,1,4,1,11.0,0.0,0.0,0.0,1967.0,B01,1.0,7,0,0.0,2.0,0.0,1.0,1,19,535,5,2,2,2,3,0,14,2,3
31841,201600013773,1.0,1,4,1,12.0,0.0,0.0,0.0,1988.0,A01,1.0,37,0,0.0,2.0,3.0,15.0,2,3,1430,1,2,3,1,1,3,30,3,1
31842,201600013773,1.0,1,4,1,21.0,0.0,0.0,0.0,1996.0,B01,1.0,30,0,0.0,2.0,1.0,1.0,2,3,1430,1,2,3,1,1,3,37,1,3
31843,201600013774,1.0,1,3,1,21.0,0.0,0.0,0.0,1981.0,B01,2.0,33,0,0.0,2.0,1.0,1.0,2,8,2100,4,2,1,1,3,4,7,1,2
31844,201600013774,1.0,1,4,1,11.0,0.0,0.0,0.0,1997.0,A01,1.0,7,0,0.0,2.0,1.0,15.0,2,8,2100,4,2,1,1,3,4,33,2,1
31848,201600013776,1.0,1,1,1,11.0,0.0,0.0,0.0,1957.0,A01,1.0,7,0,0.0,2.0,2.0,0.0,2,25,745,1,2,1,1,1,1,33,2,1
31849,201600013776,1.0,1,4,1,21.0,0.0,0.0,0.0,1994.0,B01,1.0,33,0,0.0,2.0,1.0,1.0,2,25,745,1,2,1,1,1,1,7,1,2
31853,201600013778,1.0,1,4,1,22.0,0.0,0.0,0.0,1999.0,B01,1.0,30,0,0.0,2.0,5.0,2.0,3,3,1700,1,2,1,1,6,3,30,1,1
31854,201600013779,1.0,1,3,1,21.0,0.0,0.0,0.0,1978.0,B01,1.0,33,0,0.0,2.0,7.0,1.0,2,26,1815,2,2,1,1,3,4,7,1,2
31855,201600013779,1.0,1,1,1,11.0,0.0,0.0,0.0,1992.0,A01,1.0,7,0,0.0,2.0,8.0,15.0,2,26,1815,2,2,1,1,3,4,33,2,1
31856,201600013779,2.0,2,1,1,11.0,0.0,0.0,0.0,1993.0,A01,1.0,7,0,0.0,2.0,8.0,15.0,2,26,1815,2,2,1,1,3,4,33,2,1
31861,201600013781,1.0,1,1,1,13.0,0.0,0.0,0.0,1991.0,A01,1.0,7,0,0.0,2.0,1.0,2.0,3,20,500,3,1,1,1,2,0,7,2,2
31862,201600013781,1.0,1,4,1,11.0,0.0,0.0,0.0,1987.0,B01,1.0,7,0,0.0,2.0,4.0,2.0,3,20,500,3,1,1,1,2,0,7,2,2
31863,201600013781,2.0,2,4,1,13.0,0.0,0.0,0.0,1987.0,B01,1.0,7,0,0.0,2.0,4.0,2.0,3,20,500,3,1,1,1,2,0,7,2,2
31864,201600013781,4.0,2,4,1,13.0,0.0,0.0,0.0,1987.0,B01,1.0,7,0,0.0,2.0,4.0,2.0,3,20,500,3,1,1,1,2,0,7,2,2
31865,201600013782,1.0,1,1,1,13.0,0.0,0.0,0.0,1968.0,A01,1.0,7,0,0.0,2.0,3.0,19.0,3,26,1710,1,1,1,1,3,3,7,2,2
31866,201600013782,2.0,2,1,1,11.0,0.0,0.0,0.0,1955.0,A01,1.0,7,0,0.0,2.0,3.0,19.0,3,26,1710,1,1,1,1,3,3,7,2,2
31867,201600013782,1.0,1,4,1,11.0,0.0,0.0,0.0,1942.0,B01,0.0,7,0,0.0,0.0,0.0,0.0,3,26,1710,1,1,1,1,3,3,7,2,2
31868,201600013783,0.0,3,3,1,0.0,2.0,3.0,2.0,2013.0,A01,1.0,7,0,0.0,1.0,3.0,0.0,5,3,1616,1,2,1,1,6,3,7,2,2
31869,201600013783,1.0,1,1,2,11.0,0.0,0.0,0.0,1988.0,A01,1.0,7,0,0.0,1.0,3.0,0.0,5,3,1616,1,2,1,1,6,3,7,2,2
31870,201600013784,1.0,1,3,1,11.0,0.0,0.0,0.0,1961.0,A01,0.0,7,0,0.0,2.0,1.0,5.0,5,5,1840,1,1,1,1,5,4,7,2,2
31871,201600013784,1.0,1,3,2,11.0,0.0,0.0,0.0,1976.0,C01,0.0,7,0,0.0,2.0,3.0,17.0,5,5,1840,1,1,1,1,5,4,7,2,2
31872,201600013784,2.0,2,3,1,11.0,0.0,0.0,0.0,1976.0,C01,0.0,7,0,0.0,2.0,3.0,17.0,5,5,1840,1,1,1,1,5,4,7,2,2
31873,201600013784,3.0,2,3,1,11.0,0.0,0.0,0.0,2010.0,C01,0.0,7,0,0.0,2.0,3.0,17.0,5,5,1840,1,1,1,1,5,4,7,2,2
31874,201600013784,4.0,2,3,1,11.0,0.0,0.0,0.0,2000.0,C01,0.0,7,0,0.0,2.0,3.0,17.0,5,5,1840,1,1,1,1,5,4,7,2,2
31875,201600013784,1.0,1,2,1,11.0,0.0,0.0,0.0,1966.0,B01,0.0,7,0,0.0,2.0,3.0,1.0,5,5,1840,1,1,1,1,5,4,7,2,2
31876,201600013784,2.0,2,3,2,11.0,0.0,0.0,0.0,1965.0,B01,0.0,7,0,0.0,2.0,3.0,1.0,5,5,1840,1,1,1,1,5,4,7,2,2
31877,201600013785,1.0,1,1,1,11.0,0.0,0.0,0.0,1955.0,A01,0.0,7,0,0.0,2.0,2.0,15.0,5,22,1355,1,2,1,1,3,2,33,2,1
31878,201600013785,1.0,1,3,1,21.0,0.0,0.0,0.0,1962.0,B01,0.0,33,0,0.0,2.0,1.0,1.0,5,22,1355,1,2,1,1,3,2,7,1,2
31881,201600013787,1.0,1,1,1,11.0,0.0,0.0,0.0,1981.0,B01,1.0,13,0,0.0,2.0,4.0,2.0,6,7,1310,1,2,1,1,2,2,31,3,1
31882,201600013787,1.0,1,4,1,21.0,0.0,0.0,0.0,1957.0,A01,1.0,31,0,0.0,2.0,8.0,2.0,6,7,1310,1,2,1,1,2,2,13,1,3
31883,201600013788,1.0,1,3,1,21.0,0.0,0.0,0.0,1942.0,B01,2.0,33,0,0.0,2.0,7.0,0.0,6,9,1105,1,2,1,1,3,1,7,1,2
31884,201600013788,1.0,1,1,1,11.0,0.0,0.0,0.0,1947.0,A01,2.0,7,0,0.0,2.0,6.0,11.0,6,9,1105,1,2,1,1,3,1,33,2,1
31885,201600013789,1.0,1,1,1,11.0,0.0,0.0,0.0,1956.0,A01,1.0,7,0,0.0,2.0,3.0,1.0,6,27,1728,1,2,3,1,3,3,33,2,1
31886,201600013789,1.0,1,4,1,21.0,0.0,0.0,0.0,1973.0,B01,1.0,33,0,0.0,2.0,1.0,1.0,6,27,1728,1,2,3,1,3,3,7,1,2
31887,201600013790,1.0,1,4,1,11.0,0.0,0.0,0.0,1973.0,A01,1.0,7,0,0.0,2.0,1.0,0.0,6,29,1650,1,1,1,1,4,3,7,2,2
31888,201600013790,1.0,1,1,1,11.0,0.0,0.0,0.0,1987.0,B01,1.0,7,0,0.0,2.0,2.0,0.0,6,29,1650,1,1,1,1,4,3,7,2,2
31889,201600013791,1.0,1,2,1,21.0,0.0,0.0,0.0,1969.0,B01,0.0,34,0,0.0,2.0,1.0,1.0,7,9,1305,1,1,1,1,1,2,7,1,2
31890,201600013791,5.0,2,2,2,21.0,0.0,0.0,0.0,1968.0,B01,0.0,34,0,0.0,2.0,1.0,1.0,7,9,1305,1,1,1,1,1,2,7,1,2
31891,201600013791,1.0,1,3,1,11.0,0.0,0.0,0.0,1969.0,A01,0.0,7,0,0.0,2.0,1.0,5.0,7,9,1305,1,1,1,1,1,2,34,2,1
31892,201600013792,1.0,1,3,1,22.0,0.0,0.0,0.0,1999.0,A01,1.0,30,0,0.0,2.0,1.0,17.0,7,14,1655,1,2,9,1,1,3,30,1,1
31893,201600013793,1.0,1,4,1,11.0,0.0,0.0,0.0,1969.0,A01,0.0,7,0,0.0,2.0,2.0,2.0,7,26,1340,1,2,3,1,3,2,7,2,2
31894,201600013794,1.0,1,1,2,11.0,0.0,0.0,0.0,1968.0,A01,0.0,7,0,15.0,9.0,2.0,2.0,7,27,1105,1,2,2,1,3,1,1,2,1
31895,201600013794,2.0,2,1,1,11.0,0.0,0.0,0.0,1961.0,A01,0.0,7,0,15.0,9.0,2.0,2.0,7,27,1105,1,2,2,1,3,1,1,2,1
31896,201600013794,1.0,1,4,1,92.0,0.0,0.0,0.0,1971.0,B01,0.0,1,0,0.0,0.0,0.0,0.0,7,27,1105,1,2,2,1,3,1,7,1,2
31911,201600013798,1.0,1,1,1,11.0,0.0,0.0,0.0,1976.0,C01,0.0,7,0,0.0,2.0,2.0,1.0,8,16,1755,1,2,1,1,5,3,33,2,1
31912,201600013798,1.0,1,1,1,11.0,0.0,0.0,0.0,1989.0,B01,0.0,7,0,0.0,2.0,5.0,1.0,8,16,1755,1,2,1,1,5,3,33,2,1
31913,201600013798,1.0,1,3,1,21.0,0.0,0.0,0.0,1986.0,A01,0.0,33,0,7.0,2.0,1.0,18.0,8,16,1755,1,2,1,1,5,3,7,1,2
31914,201600013799,1.0,1,1,1,11.0,0.0,0.0,0.0,1992.0,A01,1.0,7,0,0.0,1.0,4.0,4.0,7,15,1330,1,2,1,1,7,2,7,2,2
31915,201600013799,0.0,3,4,2,0.0,0.0,9.0,0.0,1962.0,A01,1.0,7,0,0.0,1.0,4.0,4.0,7,15,1330,1,2,1,1,7,2,7,2,2
31916,201600013800,1.0,1,1,1,11.0,0.0,0.0,0.0,1994.0,A01,1.0,7,0,0.0,2.0,3.0,19.0,9,2,1838,1,1,1,1,1,4,32,2,1
31917,201600013800,1.0,1,4,1,21.0,0.0,0.0,0.0,1989.0,B01,1.0,32,0,0.0,2.0,2.0,1.0,9,2,1838,1,1,1,1,1,4,7,1,2
31921,201600013802,1.0,1,1,1,11.0,0.0,0.0,0.0,1995.0,A01,0.0,7,0,0.0,1.0,1.0,1.0,9,20,1855,1,2,6,7,6,4,7,2,2
31922,201600013802,0.0,3,4,2,0.0,3.0,3.0,2.0,1956.0,A01,0.0,7,0,0.0,1.0,1.0,1.0,9,20,1855,1,2,6,7,6,4,7,2,2
31923,201600013803,1.0,1,1,1,11.0,0.0,0.0,0.0,1963.0,A01,1.0,7,0,0.0,2.0,1.0,1.0,9,21,1200,1,2,1,1,2,2,7,2,2
31924,201600013803,1.0,1,4,1,11.0,0.0,0.0,0.0,1996.0,B01,1.0,7,0,0.0,2.0,4.0,23.0,9,21,1200,1,2,1,1,2,2,7,2,2
31925,201600013803,2.0,2,4,1,11.0,0.0,0.0,0.0,1996.0,B01,1.0,7,0,0.0,2.0,4.0,23.0,9,21,1200,1,2,1,1,2,2,7,2,2
31926,201600013803,5.0,2,4,1,11.0,0.0,0.0,0.0,1996.0,B01,1.0,7,0,0.0,2.0,4.0,23.0,9,21,1200,1,2,1,1,2,2,7,2,2
31927,201600013804,1.0,1,4,1,11.0,0.0,0.0,0.0,1984.0,B01,0.0,7,0,0.0,2.0,1.0,15.0,9,25,1715,1,2,3,1,1,3,7,2,2
31928,201600013804,2.0,2,4,2,11.0,0.0,0.0,0.0,1984.0,B01,0.0,7,0,0.0,2.0,1.0,15.0,9,25,1715,1,2,3,1,1,3,7,2,2
31929,201600013804,4.0,2,1,1,11.0,0.0,0.0,0.0,2010.0,B01,0.0,7,0,0.0,2.0,1.0,15.0,9,25,1715,1,2,3,1,1,3,7,2,2
31930,201600013804,4.0,2,1,1,31.0,0.0,0.0,0.0,2012.0,B01,0.0,7,0,0.0,2.0,1.0,15.0,9,25,1715,1,2,3,1,1,3,7,2,2
31931,201600013805,1.0,1,4,1,21.0,0.0,0.0,0.0,1980.0,A01,1.0,33,0,0.0,2.0,1.0,0.0,9,26,1400,1,2,6,1,3,3,7,1,2
31932,201600013805,1.0,1,4,2,11.0,0.0,0.0,0.0,1967.0,B01,0.0,7,0,0.0,2.0,3.0,1.0,9,26,1400,1,2,6,1,3,3,33,2,1
31933,201600013806,1.0,1,4,1,11.0,0.0,0.0,0.0,1993.0,B01,0.0,7,0,0.0,2.0,1.0,2.0,9,27,2235,5,2,1,2,2,5,7,2,2
31934,201600013807,1.0,1,1,1,11.0,0.0,0.0,0.0,1963.0,A01,0.0,7,0,0.0,2.0,8.0,10.0,9,28,1230,1,1,1,1,3,2,31,2,1
31935,201600013807,1.0,1,3,1,21.0,0.0,0.0,0.0,1988.0,B01,0.0,31,0,0.0,2.0,1.0,2.0,9,28,1230,1,1,1,1,3,2,7,1,2
31936,201600013808,1.0,1,4,1,21.0,0.0,0.0,0.0,1999.0,B01,0.0,30,0,0.0,2.0,4.0,2.0,10,5,2050,3,2,1,1,2,4,7,1,2
31937,201600013808,1.0,1,1,1,11.0,0.0,0.0,0.0,1971.0,A01,0.0,7,0,0.0,2.0,2.0,2.0,10,5,2050,3,2,1,1,2,4,30,2,1
31938,201600013809,1.0,1,3,2,11.0,0.0,0.0,0.0,1990.0,A01,1.0,7,0,0.0,0.0,0.0,0.0,10,14,2100,3,1,1,9,6,4,7,2,2
31939,201600013810,1.0,1,3,1,11.0,0.0,0.0,0.0,1998.0,A01,1.0,14,0,4.0,0.0,3.0,1.0,10,25,1205,1,1,1,8,6,2,14,3,3
31940,201600013811,1.0,1,1,1,11.0,0.0,0.0,0.0,1950.0,D01,0.0,7,0,0.0,2.0,9.0,2.0,10,27,1220,1,1,8,1,5,2,99,2,0
31941,201600013811,1.0,1,1,1,11.0,0.0,0.0,0.0,1974.0,A01,0.0,99,0,0.0,2.0,1.0,2.0,10,27,1220,1,1,8,1,5,2,7,0,2
31942,201600013811,1.0,1,4,2,11.0,0.0,0.0,0.0,1966.0,C01,0.0,7,0,0.0,2.0,9.0,2.0,10,27,1220,1,1,8,1,5,2,99,2,0
31943,201600013811,1.0,1,4,2,11.0,0.0,0.0,0.0,1970.0,B01,0.0,7,0,0.0,2.0,9.0,2.0,10,27,1220,1,1,8,1,5,2,99,2,0
31944,201600013811,2.0,2,4,2,11.0,0.0,0.0,0.0,2004.0,B01,0.0,7,0,0.0,2.0,9.0,2.0,10,27,1220,1,1,8,1,5,2,99,2,0
31945,201600013812,1.0,1,1,2,11.0,0.0,0.0,0.0,1962.0,A01,1.0,7,0,0.0,1.0,3.0,1.0,11,4,1155,1,2,1,1,6,1,7,2,2
31946,201600013812,0.0,3,4,1,0.0,3.0,3.0,1.0,1962.0,A01,1.0,7,0,0.0,1.0,3.0,1.0,11,4,1155,1,2,1,1,6,1,7,2,2
31947,201600013813,1.0,1,1,1,11.0,0.0,0.0,0.0,1986.0,A01,2.0,7,0,0.0,2.0,5.0,15.0,11,17,905,1,2,9,1,3,1,31,2,1
31948,201600013813,1.0,1,4,1,21.0,0.0,0.0,0.0,1971.0,B01,1.0,31,0,0.0,2.0,1.0,1.0,11,17,905,1,2,9,1,3,1,7,1,2
31949,201600013814,1.0,1,3,1,11.0,0.0,0.0,0.0,1958.0,B01,1.0,7,0,0.0,2.0,2.0,1.0,11,19,1235,1,2,3,1,1,2,7,2,2
31950,201600013814,1.0,1,1,1,11.0,0.0,0.0,0.0,1965.0,A01,1.0,7,0,0.0,2.0,3.0,0.0,11,19,1235,1,2,3,1,1,2,7,2,2
31951,201600013815,1.0,1,4,1,21.0,0.0,0.0,0.0,1955.0,B01,0.0,1,0,0.0,2.0,4.0,2.0,12,14,930,1,2,6,1,2,1,1,1,1
31952,201600013816,1.0,1,3,1,13.0,0.0,0.0,0.0,1971.0,A01,1.0,7,0,0.0,2.0,8.0,10.0,12,18,1430,1,2,1,1,3,3,7,2,2
31953,201600013816,1.0,1,3,1,13.0,0.0,0.0,0.0,1980.0,B01,1.0,7,0,0.0,2.0,3.0,1.0,12,18,1430,1,2,1,1,3,3,7,2,2
31954,201600013817,1.0,1,1,2,11.0,0.0,0.0,0.0,1948.0,A01,2.0,7,0,0.0,1.0,2.0,1.0,12,22,1650,1,2,1,1,6,3,7,2,2
31955,201600013817,0.0,3,4,2,0.0,3.0,3.0,1.0,1931.0,A01,2.0,7,0,0.0,1.0,2.0,1.0,12,22,1650,1,2,1,1,6,3,7,2,2
31956,201600013818,1.0,1,4,2,11.0,0.0,0.0,0.0,1997.0,B01,0.0,7,0,0.0,2.0,4.0,2.0,12,24,1430,1,2,3,1,2,3,7,2,2
31957,201600013818,1.0,1,1,1,11.0,0.0,0.0,0.0,1952.0,A01,1.0,7,0,0.0,2.0,1.0,2.0,12,24,1430,1,2,3,1,2,3,7,2,2
31958,201600013819,1.0,1,1,1,13.0,0.0,0.0,0.0,1987.0,A01,1.0,7,0,4.0,2.0,1.0,0.0,1,1,200,5,2,1,1,6,0,7,2,2
31959,201600013819,1.0,1,4,1,13.0,0.0,0.0,0.0,1994.0,B01,1.0,7,0,0.0,2.0,1.0,0.0,1,1,200,5,2,1,1,6,0,7,2,2
31960,201600013820,1.0,1,1,1,93.0,0.0,0.0,0.0,1969.0,A01,2.0,7,0,0.0,1.0,1.0,1.0,1,1,300,5,2,1,1,6,0,7,2,2
31961,201600013820,0.0,3,4,1,0.0,1.0,3.0,3.0,1991.0,A01,2.0,7,0,0.0,1.0,1.0,1.0,1,1,300,5,2,1,1,6,0,7,2,2
31962,201600013821,1.0,1,4,1,13.0,0.0,0.0,0.0,1986.0,A01,0.0,7,0,1.0,0.0,2.0,1.0,1,1,400,5,2,1,1,6,0,7,2,2
31963,201600013822,1.0,1,3,1,11.0,0.0,0.0,0.0,1992.0,A01,1.0,7,0,1.0,0.0,1.0,0.0,1,1,630,2,2,1,1,6,1,7,2,2
31964,201600013822,2.0,2,4,1,11.0,0.0,0.0,0.0,1990.0,A01,1.0,7,0,1.0,0.0,1.0,0.0,1,1,630,2,2,1,1,6,1,7,2,2
31965,201600013822,2.0,2,3,1,11.0,0.0,0.0,0.0,1991.0,A01,1.0,7,0,1.0,0.0,1.0,0.0,1,1,630,2,2,1,1,6,1,7,2,2
31966,201600013822,4.0,2,4,1,11.0,0.0,0.0,0.0,1989.0,A01,1.0,7,0,1.0,0.0,1.0,0.0,1,1,630,2,2,1,1,6,1,7,2,2
31967,201600013823,1.0,1,3,1,23.0,0.0,0.0,0.0,1989.0,A01,1.0,33,0,14.0,0.0,1.0,6.0,1,1,500,5,2,1,1,6,0,33,1,1