,Num_Acc,place,catu,grav,sexe,secu,locp,actp,etatp,an_nais,num_veh,senc,catv,occutc,obs,obsm,choc,manv,mois,jour,hrmn,lum,agg,int,atm,col,mom,catvopp,catv_gen,catvopp_gen
32123,201600013898,1.0,1,4,1,21.0,0.0,0.0,0.0,1998.0,B01,1.0,2,0,0.0,2.0,0.0,0.0,1,13,1800,5,2,1,1,3,4,7,1,2
32124,201600013898,1.0,1,1,2,11.0,0.0,0.0,0.0,1957.0,A01,1.0,7,0,0.0,2.0,2.0,1.0,1,13,1800,5,2,1,1,3,4,2,2,1
32125,201600013899,1.0,1,3,1,21.0,0.0,0.0,0.0,1980.0,B01,2.0,30,0,0.0,2.0,1.0,0.0,1,13,2005,3,2,1,1,1,4,30,1,1
32126,201600013900,1.0,1,1,1,13.0,0.0,0.0,0.0,1962.0,B01,1.0,7,0,0.0,0.0,0.0,0.0,1,13,1925,5,2,1,1,6,4,7,2,2
32127,201600013900,1.0,1,1,1,13.0,0.0,0.0,0.0,1978.0,A01,1.0,7,0,0.0,1.0,1.0,14.0,1,13,1925,5,2,1,1,6,4,7,2,2
32128,201600013900,0.0,3,4,2,0.0,0.0,9.0,2.0,1981.0,A01,1.0,7,0,0.0,1.0,1.0,14.0,1,13,1925,5,2,1,1,6,4,7,2,2
32129,201600013901,2.0,2,4,2,11.0,0.0,0.0,0.0,2002.0,A01,2.0,7,0,9.0,0.0,1.0,15.0,1,11,1300,1,2,2,8,6,2,7,2,2
32130,201600013901,1.0,1,4,2,11.0,0.0,0.0,0.0,1994.0,A01,2.0,7,0,9.0,0.0,1.0,15.0,1,11,1300,1,2,2,8,6,2,7,2,2
32131,201600013902,1.0,1,1,1,13.0,0.0,0.0,0.0,1931.0,A01,1.0,7,0,0.0,1.0,1.0,0.0,1,14,745,1,2,1,2,6,1,7,2,2
32132,201600013902,0.0,3,4,1,0.0,3.0,3.0,1.0,2001.0,A01,1.0,7,0,0.0,1.0,1.0,0.0,1,14,745,1,2,1,2,6,1,7,2,2
32133,201600013903,1.0,1,4,1,11.0,0.0,0.0,0.0,1979.0,B01,1.0,7,0,0.0,2.0,4.0,2.0,1,14,845,1,2,1,2,2,1,7,2,2
32134,201600013904,1.0,1,1,1,11.0,0.0,0.0,0.0,1972.0,B01,2.0,7,0,0.0,2.0,4.0,0.0,1,13,1830,5,2,1,1,2,4,7,2,2
32135,201600013904,2.0,2,4,2,11.0,0.0,0.0,0.0,1978.0,B01,2.0,7,0,0.0,2.0,4.0,0.0,1,13,1830,5,2,1,1,2,4,7,2,2
32136,201600013904,1.0,1,1,1,13.0,0.0,0.0,0.0,1993.0,A01,2.0,7,0,0.0,2.0,1.0,0.0,1,13,1830,5,2,1,1,2,4,7,2,2
32137,201600013905,1.0,1,3,1,11.0,0.0,0.0,0.0,1992.0,A01,1.0,7,0,0.0,2.0,3.0,1.0,1,13,1850,5,2,1,1,3,4,7,2,2
32138,201600013905,1.0,1,3,1,11.0,0.0,0.0,0.0,1987.0,B01,1.0,7,0,0.0,2.0,2.0,1.0,1,13,1850,5,2,1,1,3,4,7,2,2
32139,201600013906,1.0,1,1,2,11.0,0.0,0.0,0.0,1939.0,A01,1.0,7,0,0.0,2.0,0.0,0.0,1,13,1638,1,2,1,1,2,3,7,2,2
32140,201600013906,1.0,1,3,2,11.0,0.0,0.0,0.0,1965.0,B01,1.0,7,0,0.0,2.0,4.0,0.0,1,13,1638,1,2,1,1,2,3,7,2,2
32141,201600013907,1.0,1,1,2,11.0,0.0,0.0,0.0,1955.0,A01,0.0,7,0,0.0,1.0,8.0,1.0,1,14,1435,1,2,1,1,6,3,7,2,2
32142,201600013907,0.0,3,4,1,0.0,2.0,3.0,3.0,2003.0,A01,0.0,7,0,0.0,1.0,8.0,1.0,1,14,1435,1,2,1,1,6,3,7,2,2
32143,201600013908,1.0,1,4,1,21.0,0.0,0.0,0.0,1994.0,B01,1.0,2,0,0.0,2.0,3.0,17.0,1,14,1810,2,2,1,2,3,4,2,1,1
32144,201600013909,1.0,1,3,1,21.0,0.0,0.0,0.0,1977.0,B01,2.0,34,0,0.0,2.0,1.0,1.0,1,8,1605,1,2,1,1,3,3,7,1,2
32145,201600013909,1.0,1,3,1,13.0,0.0,0.0,0.0,1961.0,A01,1.0,7,0,0.0,2.0,1.0,15.0,1,8,1605,1,2,1,1,3,3,34,2,1
32148,201600013911,1.0,1,4,1,21.0,0.0,0.0,0.0,1986.0,B01,1.0,33,0,0.0,2.0,8.0,0.0,1,14,1745,3,2,1,2,3,3,7,1,2
32149,201600013911,1.0,1,1,1,11.0,0.0,0.0,0.0,1939.0,A01,1.0,7,0,0.0,2.0,2.0,0.0,1,14,1745,3,2,1,2,3,3,33,2,1
32150,201600013912,1.0,1,1,1,13.0,0.0,0.0,0.0,1962.0,A01,0.0,7,0,0.0,2.0,1.0,0.0,1,9,1030,1,2,1,1,2,1,32,2,1
32151,201600013912,1.0,1,3,1,21.0,0.0,0.0,0.0,1980.0,B01,1.0,32,0,0.0,2.0,4.0,0.0,1,9,1030,1,2,1,1,2,1,7,1,2
32152,201600013913,1.0,1,4,2,11.0,0.0,0.0,0.0,1976.0,B01,1.0,7,0,0.0,2.0,0.0,0.0,1,15,845,1,2,1,1,5,1,33,2,1
32153,201600013913,1.0,1,4,1,21.0,0.0,0.0,0.0,1958.0,A01,1.0,33,0,0.0,2.0,1.0,1.0,1,15,845,1,2,1,1,5,1,34,1,1
32154,201600013913,1.0,1,1,1,21.0,0.0,0.0,0.0,1988.0,C01,2.0,34,0,0.0,2.0,0.0,0.0,1,15,845,1,2,1,1,5,1,33,1,1
32155,201600013914,1.0,1,4,1,21.0,0.0,0.0,0.0,1977.0,A01,1.0,32,0,0.0,2.0,7.0,1.0,1,15,830,2,2,2,1,6,1,7,1,2
32156,201600013914,1.0,1,1,2,11.0,0.0,0.0,0.0,1976.0,B01,1.0,7,0,0.0,2.0,0.0,13.0,1,15,830,2,2,2,1,6,1,32,2,1
32157,201600013915,1.0,1,3,1,11.0,0.0,0.0,0.0,1978.0,A01,1.0,7,0,0.0,9.0,1.0,1.0,1,11,840,1,2,1,6,6,1,7,2,2
32158,201600013916,0.0,3,4,1,0.0,2.0,3.0,1.0,1973.0,A01,1.0,10,0,0.0,1.0,0.0,0.0,1,15,1200,1,2,1,1,6,2,10,2,2
32159,201600013917,1.0,1,1,1,11.0,0.0,0.0,0.0,1955.0,A01,0.0,10,0,0.0,1.0,2.0,1.0,1,15,1715,2,1,1,1,7,3,10,2,2
32160,201600013917,0.0,3,3,1,0.0,1.0,3.0,1.0,1998.0,A01,0.0,10,0,0.0,1.0,2.0,1.0,1,15,1715,2,1,1,1,7,3,10,2,2
32161,201600013918,1.0,1,3,1,21.0,0.0,0.0,0.0,1957.0,A01,2.0,34,0,0.0,2.0,8.0,1.0,1,15,2250,5,2,1,1,3,5,34,1,1
32162,201600013919,1.0,1,4,2,11.0,0.0,0.0,0.0,1995.0,A01,2.0,10,0,8.0,0.0,1.0,1.0,1,16,300,5,2,1,6,6,0,10,2,2
32163,201600013920,1.0,1,1,1,11.0,0.0,0.0,0.0,1942.0,A01,1.0,7,0,0.0,2.0,1.0,2.0,1,15,1945,5,2,1,1,2,4,7,2,2
32164,201600013920,1.0,1,1,2,11.0,0.0,0.0,0.0,1979.0,B01,1.0,7,0,0.0,2.0,4.0,2.0,1,15,1945,5,2,1,1,2,4,7,2,2
32165,201600013920,3.0,2,4,1,31.0,0.0,0.0,0.0,2015.0,B01,1.0,7,0,0.0,2.0,4.0,2.0,1,15,1945,5,2,1,1,2,4,7,2,2
32166,201600013921,1.0,1,1,1,21.0,0.0,0.0,0.0,1989.0,A01,2.0,2,0,0.0,2.0,1.0,1.0,1,16,400,3,2,1,1,1,0,34,1,1
32167,201600013921,1.0,1,4,1,21.0,0.0,0.0,0.0,1978.0,B01,1.0,34,0,0.0,2.0,1.0,1.0,1,16,400,3,2,1,1,1,0,2,1,1
32168,201600013922,1.0,1,3,1,11.0,0.0,0.0,0.0,1977.0,B01,1.0,7,0,0.0,2.0,4.0,2.0,1,16,1900,5,2,1,1,2,4,7,2,2
32169,201600013922,2.0,2,3,1,11.0,0.0,0.0,0.0,1978.0,B01,1.0,7,0,0.0,2.0,4.0,2.0,1,16,1900,5,2,1,1,2,4,7,2,2
32170,201600013922,4.0,2,3,1,11.0,0.0,0.0,0.0,1974.0,B01,1.0,7,0,0.0,2.0,4.0,2.0,1,16,1900,5,2,1,1,2,4,7,2,2
32171,201600013922,1.0,1,3,1,11.0,0.0,0.0,0.0,1961.0,A01,1.0,7,0,0.0,2.0,1.0,2.0,1,16,1900,5,2,1,1,2,4,7,2,2
32172,201600013923,0.0,3,4,1,0.0,2.0,9.0,1.0,1988.0,Z01,1.0,7,0,0.0,1.0,0.0,0.0,1,16,2045,5,2,1,1,6,4,7,2,2
32173,201600013924,4.0,2,4,1,11.0,0.0,0.0,0.0,1996.0,B01,1.0,7,0,0.0,2.0,3.0,9.0,1,16,2030,5,2,1,1,1,4,7,2,2
32174,201600013924,1.0,1,4,1,11.0,0.0,0.0,0.0,1996.0,B01,1.0,7,0,0.0,2.0,3.0,9.0,1,16,2030,5,2,1,1,1,4,7,2,2
32175,201600013924,2.0,2,4,2,11.0,0.0,0.0,0.0,1995.0,B01,1.0,7,0,0.0,2.0,3.0,9.0,1,16,2030,5,2,1,1,1,4,7,2,2
32176,201600013924,1.0,1,4,1,11.0,0.0,0.0,0.0,1988.0,A01,1.0,7,0,0.0,2.0,1.0,1.0,1,16,2030,5,2,1,1,1,4,7,2,2
32177,201600013925,1.0,1,4,1,13.0,0.0,0.0,0.0,1986.0,A01,1.0,7,0,0.0,2.0,1.0,1.0,1,17,145,5,2,1,6,4,0,7,2,2
32178,201600013925,2.0,2,4,1,13.0,0.0,0.0,0.0,1984.0,A01,1.0,7,0,0.0,2.0,1.0,1.0,1,17,145,5,2,1,6,4,0,7,2,2
32179,201600013925,2.0,2,4,1,13.0,0.0,0.0,0.0,1991.0,C01,1.0,7,0,0.0,2.0,4.0,1.0,1,17,145,5,2,1,6,4,0,7,2,2
32180,201600013925,1.0,1,1,2,13.0,0.0,0.0,0.0,1993.0,C01,1.0,7,0,0.0,2.0,4.0,1.0,1,17,145,5,2,1,6,4,0,7,2,2
32181,201600013925,2.0,2,3,2,13.0,0.0,0.0,0.0,1972.0,B01,1.0,7,0,0.0,2.0,1.0,1.0,1,17,145,5,2,1,6,4,0,7,2,2
32182,201600013925,1.0,1,3,1,13.0,0.0,0.0,0.0,1971.0,B01,1.0,7,0,0.0,2.0,1.0,1.0,1,17,145,5,2,1,6,4,0,7,2,2
32183,201600013926,1.0,1,1,1,11.0,0.0,0.0,0.0,1983.0,A01,1.0,7,0,0.0,2.0,0.0,0.0,10,28,730,1,2,1,1,3,1,33,2,1
32184,201600013926,1.0,1,4,1,21.0,0.0,0.0,0.0,1995.0,B01,1.0,33,0,0.0,2.0,0.0,0.0,10,28,730,1,2,1,1,3,1,7,1,2
32185,201600013927,1.0,1,4,1,21.0,0.0,0.0,0.0,1995.0,A01,2.0,2,0,0.0,0.0,1.0,2.0,1,4,1315,1,2,1,1,7,2,2,1,1
32186,201600013928,1.0,1,4,1,13.0,0.0,0.0,0.0,1974.0,B01,1.0,7,0,0.0,2.0,3.0,2.0,1,15,1430,1,2,2,6,3,3,7,2,2
32187,201600013928,1.0,1,1,1,13.0,0.0,0.0,0.0,1979.0,A01,1.0,7,0,0.0,2.0,1.0,2.0,1,15,1430,1,2,2,6,3,3,7,2,2
32188,201600013929,2.0,2,4,1,13.0,0.0,0.0,0.0,1978.0,B01,1.0,7,0,0.0,2.0,4.0,23.0,1,17,1430,1,2,3,1,2,3,7,2,2
32189,201600013929,1.0,1,4,1,13.0,0.0,0.0,0.0,1981.0,B01,1.0,7,0,0.0,2.0,4.0,23.0,1,17,1430,1,2,3,1,2,3,7,2,2
32190,201600013929,1.0,1,1,1,13.0,0.0,0.0,0.0,1977.0,A01,1.0,7,0,0.0,2.0,1.0,1.0,1,17,1430,1,2,3,1,2,3,7,2,2
32191,201600013930,1.0,1,1,1,11.0,0.0,0.0,0.0,1972.0,A01,1.0,7,0,0.0,2.0,2.0,16.0,1,17,1810,5,2,1,1,3,4,30,2,1
32192,201600013930,2.0,2,1,1,11.0,0.0,0.0,0.0,2006.0,A01,1.0,7,0,0.0,2.0,2.0,16.0,1,17,1810,5,2,1,1,3,4,30,2,1
32193,201600013930,1.0,1,4,1,21.0,0.0,0.0,0.0,1996.0,B01,2.0,30,0,0.0,2.0,1.0,1.0,1,17,1810,5,2,1,1,3,4,7,1,2
32194,201600013931,1.0,1,4,1,21.0,0.0,0.0,0.0,1981.0,A01,1.0,33,0,16.0,0.0,7.0,1.0,1,18,715,2,2,1,1,7,1,33,1,1
32195,201600013932,1.0,1,4,1,23.0,0.0,0.0,0.0,1968.0,B01,2.0,32,0,0.0,2.0,1.0,1.0,1,18,730,1,2,1,1,1,1,7,1,2
32196,201600013932,1.0,1,1,1,11.0,0.0,0.0,0.0,1958.0,A01,0.0,7,0,0.0,2.0,1.0,15.0,1,18,730,1,2,1,1,1,1,32,2,1
32197,201600013933,2.0,2,4,1,21.0,0.0,0.0,0.0,1991.0,A01,1.0,30,0,0.0,2.0,7.0,1.0,11,30,1530,1,2,2,1,6,3,7,1,2
32198,201600013933,1.0,1,4,1,21.0,0.0,0.0,0.0,1990.0,A01,1.0,30,0,0.0,2.0,7.0,1.0,11,30,1530,1,2,2,1,6,3,7,1,2
32199,201600013933,1.0,1,1,1,13.0,0.0,0.0,0.0,1984.0,B01,2.0,7,0,0.0,2.0,3.0,10.0,11,30,1530,1,2,2,1,6,3,30,2,1
32200,201600013934,1.0,1,4,1,21.0,0.0,0.0,0.0,1976.0,A01,1.0,33,0,8.0,2.0,2.0,1.0,1,18,1115,1,2,3,1,3,1,7,1,2
32201,201600013934,1.0,1,1,1,11.0,0.0,0.0,0.0,1934.0,B01,1.0,7,0,0.0,2.0,0.0,0.0,1,18,1115,1,2,3,1,3,1,33,2,1
32202,201600013935,1.0,1,1,2,13.0,0.0,0.0,0.0,1951.0,B01,1.0,7,0,0.0,2.0,4.0,23.0,1,18,1400,1,2,1,2,2,3,10,2,2
32203,201600013935,1.0,1,4,1,13.0,0.0,0.0,0.0,1977.0,A01,1.0,10,0,0.0,2.0,1.0,1.0,1,18,1400,1,2,1,2,2,3,7,2,2
32204,201600013936,1.0,1,4,1,11.0,0.0,0.0,0.0,1971.0,A01,1.0,7,0,15.0,1.0,1.0,0.0,1,18,1230,1,2,1,2,6,2,7,2,2
32205,201600013936,0.0,3,4,1,0.0,5.0,9.0,1.0,1987.0,A01,1.0,7,0,15.0,1.0,1.0,0.0,1,18,1230,1,2,1,2,6,2,7,2,2
32206,201600013936,1.0,1,1,1,11.0,0.0,0.0,0.0,1974.0,B01,1.0,7,0,0.0,2.0,1.0,0.0,1,18,1230,1,2,1,2,6,2,7,2,2
32207,201600013937,1.0,1,1,1,11.0,0.0,0.0,0.0,1957.0,A01,1.0,15,0,0.0,2.0,8.0,2.0,1,18,1620,1,2,1,2,3,3,7,3,2
32208,201600013937,1.0,1,3,2,11.0,0.0,0.0,0.0,1987.0,B01,1.0,7,0,0.0,2.0,0.0,0.0,1,18,1620,1,2,1,2,3,3,15,2,3
32209,201600013937,2.0,2,1,2,11.0,0.0,0.0,0.0,1989.0,B01,1.0,7,0,0.0,2.0,0.0,0.0,1,18,1620,1,2,1,2,3,3,15,2,3
32210,201600013938,1.0,1,1,1,11.0,0.0,0.0,0.0,1949.0,B01,0.0,7,0,0.0,2.0,3.0,1.0,1,18,2015,5,2,3,2,1,4,30,2,1
32211,201600013938,1.0,1,4,1,21.0,0.0,0.0,0.0,1971.0,A01,2.0,30,0,0.0,2.0,1.0,3.0,1,18,2015,5,2,3,2,1,4,7,1,2
32212,201600013939,3.0,2,4,2,11.0,0.0,0.0,0.0,1976.0,A01,1.0,7,0,0.0,2.0,4.0,15.0,1,18,1630,1,2,1,2,1,3,7,2,2
32213,201600013939,2.0,2,4,1,11.0,0.0,0.0,0.0,1967.0,A01,1.0,7,0,0.0,2.0,4.0,15.0,1,18,1630,1,2,1,2,1,3,7,2,2
32214,201600013939,1.0,1,4,1,11.0,0.0,0.0,0.0,1979.0,A01,1.0,7,0,0.0,2.0,4.0,15.0,1,18,1630,1,2,1,2,1,3,7,2,2
32215,201600013939,1.0,1,4,1,11.0,0.0,0.0,0.0,1996.0,B01,2.0,7,0,0.0,2.0,3.0,1.0,1,18,1630,1,2,1,2,1,3,7,2,2
32216,201600013940,1.0,1,3,1,13.0,0.0,0.0,0.0,1976.0,B01,1.0,7,0,0.0,2.0,4.0,23.0,1,19,840,1,2,1,1,5,1,7,2,2
32217,201600013940,1.0,1,3,2,13.0,0.0,0.0,0.0,1958.0,A01,1.0,7,0,14.0,0.0,1.0,2.0,1,19,840,1,2,1,1,5,1,7,2,2
32218,201600013940,1.0,1,1,1,13.0,0.0,0.0,0.0,1993.0,C01,1.0,7,0,0.0,2.0,4.0,23.0,1,19,840,1,2,1,1,5,1,7,2,2
32219,201600013940,1.0,1,1,1,13.0,0.0,0.0,0.0,1954.0,D01,1.0,7,0,0.0,2.0,4.0,23.0,1,19,840,1,2,1,1,5,1,7,2,2
32220,201600013940,1.0,1,1,1,13.0,0.0,0.0,0.0,1957.0,E01,1.0,7,0,0.0,2.0,4.0,23.0,1,19,840,1,2,1,1,5,1,7,2,2
32221,201600013941,1.0,1,4,2,11.0,0.0,0.0,0.0,1978.0,A01,1.0,7,0,0.0,2.0,4.0,0.0,1,19,1250,1,2,1,1,2,2,7,2,2
32222,201600013942,1.0,1,4,1,23.0,0.0,0.0,0.0,1999.0,B01,1.0,30,0,0.0,2.0,1.0,1.0,1,15,1125,1,2,3,1,3,1,30,1,1
32223,201600013942,2.0,2,4,1,23.0,0.0,0.0,0.0,1998.0,B01,1.0,30,0,0.0,2.0,1.0,1.0,1,15,1125,1,2,3,1,3,1,30,1,1
32224,201600013943,1.0,1,4,1,21.0,0.0,0.0,0.0,1963.0,A01,1.0,33,0,0.0,2.0,2.0,1.0,1,19,1825,2,1,1,1,3,4,33,1,1
32225,201600013944,1.0,1,1,2,11.0,0.0,0.0,0.0,1980.0,B01,0.0,7,0,0.0,2.0,2.0,1.0,1,14,1330,1,2,3,2,3,2,7,2,2
32226,201600013944,3.0,2,4,2,11.0,0.0,0.0,0.0,1970.0,B01,0.0,7,0,0.0,2.0,2.0,1.0,1,14,1330,1,2,3,2,3,2,7,2,2
32227,201600013944,1.0,1,1,2,11.0,0.0,0.0,0.0,1977.0,A01,1.0,7,0,0.0,2.0,3.0,0.0,1,14,1330,1,2,3,2,3,2,7,2,2
32228,201600013944,2.0,2,1,2,11.0,0.0,0.0,0.0,1985.0,A01,1.0,7,0,0.0,2.0,3.0,0.0,1,14,1330,1,2,3,2,3,2,7,2,2
32229,201600013945,0.0,3,3,1,0.0,2.0,3.0,1.0,1955.0,A01,1.0,33,0,0.0,1.0,7.0,1.0,1,19,1520,1,2,1,1,6,3,33,1,1
32230,201600013945,1.0,1,1,1,21.0,0.0,0.0,0.0,1979.0,A01,1.0,33,0,0.0,1.0,7.0,1.0,1,19,1520,1,2,1,1,6,3,33,1,1
32231,201600013946,1.0,1,4,1,21.0,0.0,0.0,0.0,1937.0,A01,1.0,32,0,0.0,2.0,0.0,1.0,1,15,1145,1,2,3,1,3,1,7,1,2
32232,201600013946,1.0,1,1,1,11.0,0.0,0.0,0.0,1952.0,B01,1.0,7,0,0.0,2.0,0.0,9.0,1,15,1145,1,2,3,1,3,1,32,2,1
32233,201600013947,0.0,3,4,1,0.0,3.0,3.0,1.0,1996.0,Z01,1.0,7,0,0.0,1.0,0.0,0.0,1,20,1730,2,2,3,1,7,3,7,2,2
32234,201600013948,1.0,1,4,2,11.0,0.0,0.0,0.0,1992.0,A01,2.0,7,0,0.0,2.0,1.0,17.0,1,19,1230,1,2,3,1,2,2,7,2,2
32235,201600013948,1.0,1,1,1,11.0,0.0,0.0,0.0,1986.0,B01,2.0,7,0,0.0,2.0,6.0,0.0,1,19,1230,1,2,3,1,2,2,7,2,2
32236,201600013949,1.0,1,4,1,21.0,0.0,0.0,0.0,1978.0,B01,1.0,32,0,0.0,2.0,1.0,2.0,1,20,1345,1,2,1,1,3,2,7,1,2
32237,201600013949,1.0,1,1,1,11.0,0.0,0.0,0.0,1986.0,A01,1.0,7,0,0.0,2.0,8.0,19.0,1,20,1345,1,2,1,1,3,2,32,2,1
32238,201600013950,1.0,1,4,2,11.0,0.0,0.0,0.0,1956.0,D01,1.0,7,0,0.0,2.0,4.0,0.0,1,21,910,1,1,1,1,4,1,7,2,2
32239,201600013950,1.0,1,1,2,11.0,0.0,0.0,0.0,1964.0,E01,1.0,7,0,0.0,2.0,6.0,0.0,1,21,910,1,1,1,1,4,1,7,2,2
32240,201600013950,1.0,1,4,2,11.0,0.0,0.0,0.0,1987.0,B01,1.0,7,0,0.0,2.0,9.0,1.0,1,21,910,1,1,1,1,4,1,7,2,2
32241,201600013950,3.0,2,4,1,11.0,0.0,0.0,0.0,2013.0,C01,1.0,7,0,0.0,2.0,4.0,2.0,1,21,910,1,1,1,1,4,1,7,2,2
32242,201600013950,1.0,1,4,1,11.0,0.0,0.0,0.0,1978.0,C01,1.0,7,0,0.0,2.0,4.0,2.0,1,21,910,1,1,1,1,4,1,7,2,2
32243,201600013950,1.0,1,1,1,11.0,0.0,0.0,0.0,1988.0,A01,0.0,7,0,0.0,2.0,1.0,2.0,1,21,910,1,1,1,1,4,1,7,2,2
32244,201600013951,0.0,3,4,1,0.0,3.0,2.0,2.0,1999.0,A01,1.0,7,0,0.0,1.0,3.0,15.0,1,21,1200,1,2,1,1,6,2,7,2,2
32245,201600013951,1.0,1,1,1,11.0,0.0,0.0,0.0,1950.0,A01,1.0,7,0,0.0,1.0,3.0,15.0,1,21,1200,1,2,1,1,6,2,7,2,2
32246,201600013952,1.0,1,3,1,13.0,0.0,0.0,0.0,1978.0,B01,1.0,7,0,0.0,2.0,4.0,23.0,1,21,1445,1,2,1,1,2,3,7,2,2
32247,201600013952,2.0,2,3,1,13.0,0.0,0.0,0.0,1952.0,B01,1.0,7,0,0.0,2.0,4.0,23.0,1,21,1445,1,2,1,1,2,3,7,2,2
32248,201600013953,1.0,1,1,1,1.0,0.0,0.0,0.0,1989.0,A01,2.0,7,0,0.0,2.0,3.0,15.0,1,21,2345,5,2,6,1,1,5,7,2,2
32249,201600013953,1.0,1,1,1,11.0,0.0,0.0,0.0,1977.0,B01,0.0,7,0,0.0,2.0,1.0,1.0,1,21,2345,5,2,6,1,1,5,7,2,2
32250,201600013953,2.0,2,1,1,11.0,0.0,0.0,0.0,1985.0,B01,0.0,7,0,0.0,2.0,1.0,1.0,1,21,2345,5,2,6,1,1,5,7,2,2
32251,201600013953,4.0,2,4,1,13.0,0.0,0.0,0.0,1959.0,B01,0.0,7,0,0.0,2.0,1.0,1.0,1,21,2345,5,2,6,1,1,5,7,2,2
32252,201600013954,1.0,1,4,1,11.0,0.0,0.0,0.0,1996.0,B01,2.0,7,0,15.0,2.0,0.0,1.0,1,22,15,5,2,1,1,6,0,7,2,2
32253,201600013955,1.0,1,1,1,11.0,0.0,0.0,0.0,1966.0,A01,1.0,7,0,0.0,1.0,3.0,1.0,1,19,1800,5,2,1,1,6,4,7,2,2
32254,201600013955,0.0,3,3,1,0.0,2.0,3.0,1.0,2006.0,A01,1.0,7,0,0.0,1.0,3.0,1.0,1,19,1800,5,2,1,1,6,4,7,2,2
32255,201600013956,1.0,1,1,2,11.0,0.0,0.0,0.0,1948.0,A01,2.0,7,0,0.0,1.0,1.0,1.0,1,22,730,1,2,1,1,6,1,7,2,2
32256,201600013956,0.0,3,3,1,0.0,3.0,3.0,1.0,1974.0,A01,2.0,7,0,0.0,1.0,1.0,1.0,1,22,730,1,2,1,1,6,1,7,2,2
32257,201600013957,1.0,1,4,1,93.0,0.0,0.0,0.0,1956.0,B01,1.0,1,0,0.0,2.0,7.0,1.0,1,21,750,2,2,1,1,3,1,33,1,1
32258,201600013957,1.0,1,1,1,21.0,0.0,0.0,0.0,1962.0,A01,1.0,33,0,0.0,2.0,1.0,1.0,1,21,750,2,2,1,1,3,1,1,1,1
32259,201600013958,2.0,2,4,2,11.0,0.0,0.0,0.0,1987.0,A01,1.0,7,0,0.0,2.0,8.0,23.0,1,18,930,1,2,1,1,3,1,7,2,2
32260,201600013958,1.0,1,4,2,11.0,0.0,0.0,0.0,1966.0,A01,1.0,7,0,0.0,2.0,8.0,23.0,1,18,930,1,2,1,1,3,1,7,2,2
32261,201600013959,1.0,1,1,2,11.0,0.0,0.0,0.0,1964.0,A01,1.0,7,0,0.0,2.0,4.0,2.0,1,21,1400,1,2,3,1,2,3,34,2,1
32262,201600013959,1.0,1,4,1,21.0,0.0,0.0,0.0,1966.0,B01,1.0,34,0,0.0,2.0,4.0,2.0,1,21,1400,1,2,3,1,2,3,7,1,2
32263,201600013960,1.0,1,1,1,11.0,0.0,0.0,0.0,1969.0,A01,1.0,7,0,0.0,2.0,1.0,1.0,1,22,1415,1,2,1,1,2,3,7,2,2
32264,201600013960,1.0,1,3,1,11.0,0.0,0.0,0.0,1966.0,B01,1.0,7,0,0.0,2.0,4.0,1.0,1,22,1415,1,2,1,1,2,3,7,2,2
32265,201600013961,1.0,1,2,1,11.0,0.0,0.0,0.0,1986.0,B01,2.0,7,0,0.0,2.0,7.0,15.0,1,23,100,5,2,3,1,3,0,7,2,2
32266,201600013961,2.0,2,3,1,11.0,0.0,0.0,0.0,1985.0,B01,2.0,7,0,0.0,2.0,7.0,15.0,1,23,100,5,2,3,1,3,0,7,2,2
32267,201600013961,3.0,2,3,1,91.0,0.0,0.0,0.0,1987.0,B01,2.0,7,0,0.0,2.0,7.0,15.0,1,23,100,5,2,3,1,3,0,7,2,2
32268,201600013961,4.0,2,3,1,11.0,0.0,0.0,0.0,1988.0,B01,2.0,7,0,0.0,2.0,7.0,15.0,1,23,100,5,2,3,1,3,0,7,2,2
32269,201600013961,6.0,2,3,1,11.0,0.0,0.0,0.0,1991.0,B01,2.0,7,0,0.0,2.0,7.0,15.0,1,23,100,5,2,3,1,3,0,7,2,2
32270,201600013961,1.0,1,1,1,11.0,0.0,0.0,0.0,1983.0,A01,1.0,7,0,0.0,2.0,1.0,2.0,1,23,100,5,2,3,1,3,0,7,2,2
32271,201600013962,1.0,1,1,1,11.0,0.0,0.0,0.0,1989.0,A01,2.0,7,0,0.0,1.0,1.0,0.0,1,23,1825,5,2,1,1,6,4,7,2,2
32272,201600013962,0.0,3,3,1,0.0,4.0,3.0,1.0,1963.0,A01,2.0,7,0,0.0,1.0,1.0,0.0,1,23,1825,5,2,1,1,6,4,7,2,2
32273,201600013963,1.0,1,4,1,21.0,0.0,0.0,0.0,1972.0,B01,1.0,33,0,0.0,2.0,1.0,2.0,1,23,1730,1,2,3,1,3,3,7,1,2
32274,201600013963,1.0,1,1,2,11.0,0.0,0.0,0.0,1930.0,A01,1.0,7,0,0.0,2.0,6.0,9.0,1,23,1730,1,2,3,1,3,3,33,2,1
32275,201600013964,1.0,1,3,1,21.0,0.0,0.0,0.0,2000.0,Z01,1.0,30,0,0.0,2.0,1.0,1.0,1,23,2145,5,2,1,1,3,4,7,1,2
32276,201600013964,1.0,1,1,2,11.0,0.0,0.0,0.0,1967.0,B01,1.0,7,0,0.0,2.0,3.0,1.0,1,23,2145,5,2,1,1,3,4,30,2,1
32277,201600013965,1.0,1,1,1,11.0,0.0,0.0,0.0,1963.0,A01,1.0,7,0,0.0,2.0,8.0,1.0,1,18,2200,5,2,2,1,3,5,7,2,2