,Num_Acc,place,catu,grav,sexe,secu,locp,actp,etatp,an_nais,num_veh,senc,catv,occutc,obs,obsm,choc,manv,mois,jour,hrmn,lum,agg,int,atm,col,mom,catvopp,catv_gen,catvopp_gen
32278,201600013965,1.0,1,3,1,11.0,0.0,0.0,0.0,1975.0,B01,1.0,7,0,0.0,2.0,8.0,1.0,1,18,2200,5,2,2,1,3,5,7,2,2
32279,201600013966,1.0,1,3,1,21.0,0.0,0.0,0.0,1996.0,B01,2.0,30,0,0.0,2.0,1.0,1.0,1,23,1950,5,2,1,1,3,4,7,1,2
32280,201600013966,1.0,1,1,1,11.0,0.0,0.0,0.0,1993.0,A01,1.0,7,0,0.0,2.0,0.0,0.0,1,23,1950,5,2,1,1,3,4,30,2,1
32281,201600013967,1.0,1,1,1,11.0,0.0,0.0,0.0,1979.0,A01,1.0,17,0,0.0,2.0,4.0,4.0,1,22,1305,1,2,1,1,2,2,7,3,2
32282,201600013967,1.0,1,4,2,11.0,0.0,0.0,0.0,1983.0,B01,1.0,7,0,0.0,2.0,1.0,2.0,1,22,1305,1,2,1,1,2,2,17,2,3
32283,201600013967,4.0,2,4,1,13.0,0.0,0.0,0.0,2001.0,B01,1.0,7,0,0.0,2.0,1.0,2.0,1,22,1305,1,2,1,1,2,2,17,2,3
32284,201600013968,1.0,1,4,1,11.0,0.0,0.0,0.0,1949.0,A01,2.0,7,0,14.0,2.0,1.0,2.0,1,21,1700,5,2,1,8,1,3,7,2,2
32285,201600013968,4.0,2,4,2,13.0,0.0,0.0,0.0,2003.0,A01,2.0,7,0,14.0,2.0,1.0,2.0,1,21,1700,5,2,1,8,1,3,7,2,2
32286,201600013968,1.0,1,4,2,11.0,0.0,0.0,0.0,1960.0,B01,2.0,7,0,0.0,2.0,4.0,2.0,1,21,1700,5,2,1,8,1,3,7,2,2
32287,201600013969,1.0,1,1,1,11.0,0.0,0.0,0.0,1990.0,A01,2.0,7,0,0.0,1.0,1.0,15.0,1,24,1145,1,2,3,1,6,1,7,2,2
32288,201600013969,0.0,3,3,1,0.0,3.0,3.0,1.0,1933.0,A01,2.0,7,0,0.0,1.0,1.0,15.0,1,24,1145,1,2,3,1,6,1,7,2,2
32289,201600013970,1.0,1,1,1,13.0,0.0,0.0,0.0,1990.0,A01,1.0,7,0,0.0,2.0,3.0,13.0,1,24,1745,2,2,1,1,3,3,7,2,2
32290,201600013970,1.0,1,4,2,13.0,0.0,0.0,0.0,1985.0,B01,1.0,7,0,0.0,2.0,6.0,1.0,1,24,1745,2,2,1,1,3,3,7,2,2
32291,201600013971,1.0,1,4,1,21.0,0.0,0.0,0.0,1977.0,A01,1.0,30,0,0.0,2.0,1.0,16.0,1,24,1845,2,2,2,1,3,4,7,1,2
32292,201600013971,1.0,1,1,1,11.0,0.0,0.0,0.0,1993.0,B01,1.0,7,0,0.0,2.0,0.0,17.0,1,24,1845,2,2,2,1,3,4,30,2,1
32293,201600013972,1.0,1,1,1,11.0,0.0,0.0,0.0,1964.0,A01,1.0,7,0,0.0,1.0,3.0,1.0,1,24,2000,5,1,1,1,6,4,7,2,2
32294,201600013972,0.0,3,3,1,0.0,1.0,3.0,1.0,1989.0,A01,1.0,7,0,0.0,1.0,3.0,1.0,1,24,2000,5,1,1,1,6,4,7,2,2
32295,201600013973,1.0,1,3,1,13.0,0.0,0.0,0.0,1974.0,A01,1.0,7,0,0.0,2.0,1.0,0.0,1,24,2130,5,2,2,1,3,4,7,2,2
32296,201600013973,1.0,1,1,1,11.0,0.0,0.0,0.0,1980.0,B01,2.0,7,0,0.0,2.0,3.0,1.0,1,24,2130,5,2,2,1,3,4,7,2,2
32297,201600013974,1.0,1,4,1,21.0,0.0,0.0,0.0,1948.0,A01,1.0,33,0,0.0,0.0,8.0,1.0,1,20,1200,1,2,1,1,7,2,33,1,1
32298,201600013975,1.0,1,4,1,23.0,0.0,0.0,0.0,1998.0,A01,1.0,2,0,0.0,0.0,7.0,1.0,1,23,1510,1,1,1,1,6,3,2,1,1
32299,201600013976,1.0,1,1,1,11.0,0.0,0.0,0.0,1963.0,B01,2.0,15,0,0.0,2.0,1.0,1.0,1,25,900,1,2,1,1,1,1,31,3,1
32300,201600013976,1.0,1,2,1,21.0,0.0,0.0,0.0,1968.0,A01,2.0,31,0,0.0,2.0,1.0,5.0,1,25,900,1,2,1,1,1,1,15,1,3
32301,201600013977,1.0,1,4,1,21.0,0.0,0.0,0.0,1982.0,A01,1.0,33,0,0.0,2.0,1.0,1.0,1,25,1345,1,2,1,1,3,2,7,1,2
32302,201600013977,1.0,1,1,1,11.0,0.0,0.0,0.0,1971.0,B01,1.0,7,0,0.0,2.0,8.0,9.0,1,25,1345,1,2,1,1,3,2,33,2,1
32303,201600013978,1.0,1,1,2,11.0,0.0,0.0,0.0,1987.0,A01,1.0,7,0,0.0,1.0,0.0,1.0,1,25,1800,1,2,1,1,6,4,7,2,2
32304,201600013978,0.0,3,3,1,0.0,0.0,3.0,1.0,2002.0,A01,1.0,7,0,0.0,1.0,0.0,1.0,1,25,1800,1,2,1,1,6,4,7,2,2
32305,201600013979,1.0,1,4,2,13.0,0.0,0.0,0.0,1967.0,B01,1.0,7,0,0.0,2.0,1.0,1.0,1,25,1645,2,2,1,1,1,3,7,2,2
32306,201600013979,2.0,2,4,2,13.0,0.0,0.0,0.0,2000.0,B01,1.0,7,0,0.0,2.0,1.0,1.0,1,25,1645,2,2,1,1,1,3,7,2,2
32307,201600013979,1.0,1,1,1,13.0,0.0,0.0,0.0,1972.0,A01,2.0,7,0,0.0,2.0,1.0,13.0,1,25,1645,2,2,1,1,1,3,7,2,2
32308,201600013980,1.0,1,4,1,11.0,0.0,0.0,0.0,1994.0,A01,1.0,7,0,1.0,0.0,1.0,14.0,1,25,2130,5,2,1,1,6,4,7,2,2
32309,201600013981,0.0,3,3,1,0.0,1.0,3.0,2.0,2003.0,A01,1.0,7,0,0.0,1.0,8.0,0.0,1,25,1200,1,2,1,1,6,2,7,2,2
32310,201600013981,1.0,1,1,1,13.0,0.0,0.0,0.0,1962.0,A01,1.0,7,0,0.0,1.0,8.0,0.0,1,25,1200,1,2,1,1,6,2,7,2,2
32311,201600013982,1.0,1,4,1,23.0,0.0,0.0,0.0,1980.0,B01,1.0,1,0,0.0,2.0,1.0,17.0,1,26,830,1,2,3,1,3,1,7,1,2
32312,201600013982,1.0,1,1,1,13.0,0.0,0.0,0.0,1967.0,A01,1.0,7,0,0.0,2.0,3.0,9.0,1,26,830,1,2,3,1,3,1,1,2,1
32313,201600013983,1.0,1,4,1,23.0,0.0,0.0,0.0,2000.0,A01,1.0,30,0,0.0,2.0,8.0,1.0,1,26,1125,1,2,1,1,3,1,30,1,1
32314,201600013984,1.0,1,1,2,11.0,0.0,0.0,0.0,1981.0,A01,2.0,7,0,0.0,1.0,2.0,1.0,1,26,1135,1,2,1,8,6,1,7,2,2
32315,201600013984,4.0,2,1,1,31.0,0.0,0.0,0.0,2010.0,A01,2.0,7,0,0.0,1.0,2.0,1.0,1,26,1135,1,2,1,8,6,1,7,2,2
32316,201600013984,0.0,3,3,1,0.0,0.0,3.0,3.0,1953.0,A01,2.0,7,0,0.0,1.0,2.0,1.0,1,26,1135,1,2,1,8,6,1,7,2,2
32317,201600013984,0.0,3,4,1,0.0,4.0,3.0,1.0,1953.0,A01,2.0,7,0,0.0,1.0,2.0,1.0,1,26,1135,1,2,1,8,6,1,7,2,2
32318,201600013985,1.0,1,3,1,21.0,0.0,0.0,0.0,1950.0,B01,2.0,1,0,0.0,2.0,1.0,1.0,1,26,1500,1,2,1,1,1,3,1,1,1
32319,201600013986,1.0,1,1,1,11.0,0.0,0.0,0.0,1983.0,B01,1.0,7,0,0.0,2.0,1.0,0.0,1,26,2030,5,2,1,1,1,4,7,2,2
32320,201600013986,1.0,1,4,1,11.0,0.0,0.0,0.0,1966.0,A01,1.0,7,0,0.0,2.0,1.0,15.0,1,26,2030,5,2,1,1,1,4,7,2,2
32321,201600013987,1.0,1,4,1,21.0,0.0,0.0,0.0,1977.0,B01,1.0,33,0,1.0,0.0,9.0,1.0,1,27,1115,1,2,1,1,3,1,7,1,2
32322,201600013987,1.0,1,1,2,11.0,0.0,0.0,0.0,1989.0,A01,1.0,7,0,0.0,2.0,0.0,16.0,1,27,1115,1,2,1,1,3,1,33,2,1
32323,201600013988,1.0,1,1,1,21.0,0.0,0.0,0.0,1970.0,A01,1.0,34,0,0.0,1.0,1.0,1.0,1,22,1430,1,1,1,1,6,3,34,1,1
32324,201600013988,0.0,3,3,1,0.0,3.0,3.0,1.0,1938.0,A01,1.0,34,0,0.0,1.0,1.0,1.0,1,22,1430,1,1,1,1,6,3,34,1,1
32325,201600013989,1.0,1,4,1,11.0,0.0,0.0,0.0,1994.0,A01,1.0,7,0,0.0,2.0,3.0,15.0,1,24,1215,1,2,3,1,3,2,7,2,2
32326,201600013990,1.0,1,1,1,11.0,0.0,0.0,0.0,1995.0,A01,1.0,7,0,0.0,2.0,1.0,1.0,1,27,1400,1,1,1,1,3,3,7,2,2
32327,201600013990,1.0,1,4,1,13.0,0.0,0.0,0.0,1954.0,B01,1.0,7,0,0.0,2.0,6.0,15.0,1,27,1400,1,1,1,1,3,3,7,2,2
32328,201600013991,1.0,1,3,1,22.0,0.0,0.0,0.0,1991.0,A01,1.0,33,0,15.0,0.0,0.0,1.0,1,27,2030,5,2,1,1,6,4,33,1,1
32329,201600013992,1.0,1,4,1,21.0,0.0,0.0,0.0,1954.0,A01,2.0,32,0,0.0,2.0,0.0,0.0,1,27,2145,5,2,1,1,3,4,32,1,1
32330,201600013993,1.0,1,4,1,21.0,0.0,0.0,0.0,1961.0,A01,1.0,30,0,0.0,1.0,1.0,2.0,1,27,2140,5,2,1,1,6,4,30,1,1
32331,201600013993,0.0,3,4,1,0.0,2.0,3.0,1.0,1963.0,A01,1.0,30,0,0.0,1.0,1.0,2.0,1,27,2140,5,2,1,1,6,4,30,1,1
32332,201600013994,1.0,1,4,1,21.0,0.0,0.0,0.0,1978.0,A01,2.0,34,0,0.0,2.0,0.0,1.0,1,20,1215,1,2,1,1,3,2,7,1,2
32333,201600013994,1.0,1,1,1,11.0,0.0,0.0,0.0,1937.0,B01,2.0,7,0,0.0,2.0,0.0,11.0,1,20,1215,1,2,1,1,3,2,34,2,1
32334,201600013995,1.0,1,3,2,11.0,0.0,0.0,0.0,1967.0,C01,1.0,7,0,0.0,2.0,4.0,2.0,1,28,655,5,2,1,1,4,1,7,2,2
32335,201600013995,1.0,1,1,1,11.0,0.0,0.0,0.0,1955.0,A01,1.0,7,0,0.0,2.0,1.0,2.0,1,28,655,5,2,1,1,4,1,7,2,2
32336,201600013995,1.0,1,3,1,11.0,0.0,0.0,0.0,1990.0,B01,2.0,7,0,0.0,2.0,4.0,2.0,1,28,655,5,2,1,1,4,1,7,2,2
32337,201600013996,1.0,1,3,1,21.0,0.0,0.0,0.0,1968.0,A01,1.0,33,0,0.0,2.0,2.0,1.0,1,26,1640,1,2,1,1,3,3,7,1,2
32338,201600013996,1.0,1,1,2,11.0,0.0,0.0,0.0,1978.0,B01,1.0,7,0,0.0,2.0,3.0,15.0,1,26,1640,1,2,1,1,3,3,33,2,1
32339,201600013997,1.0,1,3,1,21.0,0.0,0.0,0.0,1950.0,B01,1.0,34,0,0.0,2.0,4.0,1.0,1,27,1420,1,2,3,1,2,3,7,1,2
32340,201600013997,1.0,1,1,1,11.0,0.0,0.0,0.0,1967.0,A01,2.0,7,0,0.0,2.0,1.0,1.0,1,27,1420,1,2,3,1,2,3,34,2,1
32341,201600013998,1.0,1,1,1,13.0,0.0,0.0,0.0,1968.0,B01,2.0,10,0,0.0,2.0,0.0,0.0,1,28,1400,1,2,2,1,5,3,7,2,2
32342,201600013998,1.0,1,1,1,11.0,0.0,0.0,0.0,1985.0,A01,0.0,7,0,8.0,2.0,0.0,0.0,1,28,1400,1,2,2,1,5,3,10,2,2
32343,201600013998,1.0,1,4,1,11.0,0.0,0.0,0.0,1962.0,C01,2.0,10,0,0.0,2.0,3.0,0.0,1,28,1400,1,2,2,1,5,3,7,2,2
32344,201600013998,2.0,2,4,1,11.0,0.0,0.0,0.0,1998.0,C01,2.0,10,0,0.0,2.0,3.0,0.0,1,28,1400,1,2,2,1,5,3,7,2,2
32345,201600013999,1.0,1,1,1,11.0,0.0,0.0,0.0,1979.0,A01,1.0,7,0,0.0,2.0,0.0,0.0,1,28,2100,5,2,2,1,6,4,32,2,1
32346,201600013999,1.0,1,3,1,21.0,0.0,0.0,0.0,1991.0,B01,2.0,32,0,0.0,2.0,1.0,0.0,1,28,2100,5,2,2,1,6,4,7,1,2
32347,201600014000,1.0,1,4,2,11.0,0.0,0.0,0.0,1972.0,A01,1.0,7,0,8.0,0.0,1.0,1.0,1,29,50,5,2,1,1,6,0,7,2,2
32348,201600014001,1.0,1,3,1,23.0,0.0,0.0,0.0,1947.0,A01,2.0,33,0,0.0,1.0,0.0,0.0,1,23,1837,5,2,1,1,6,4,33,1,1
32349,201600014001,0.0,3,3,1,0.0,0.0,0.0,1.0,1934.0,A01,2.0,33,0,0.0,1.0,0.0,0.0,1,23,1837,5,2,1,1,6,4,33,1,1
32350,201600014002,1.0,1,1,1,11.0,0.0,0.0,0.0,1982.0,A01,2.0,7,0,0.0,2.0,5.0,2.0,1,29,2000,4,2,1,1,3,4,33,2,1
32351,201600014002,1.0,1,4,1,21.0,0.0,0.0,0.0,1984.0,B01,1.0,33,0,0.0,2.0,1.0,1.0,1,29,2000,4,2,1,1,3,4,7,1,2
32352,201600014003,1.0,1,1,1,11.0,0.0,0.0,0.0,1991.0,B01,1.0,7,0,0.0,2.0,2.0,1.0,1,29,2255,5,2,2,1,1,5,2,2,1
32353,201600014003,1.0,1,4,1,21.0,0.0,0.0,0.0,1997.0,A01,1.0,2,0,0.0,2.0,1.0,1.0,1,29,2255,5,2,2,1,1,5,7,1,2
32354,201600014004,1.0,1,4,1,22.0,0.0,0.0,0.0,1981.0,A01,1.0,30,0,0.0,2.0,4.0,2.0,1,29,1120,1,2,1,1,2,1,7,1,2
32355,201600014004,1.0,1,1,1,11.0,0.0,0.0,0.0,1959.0,B01,1.0,7,0,0.0,2.0,2.0,2.0,1,29,1120,1,2,1,1,2,1,30,2,1
32356,201600014005,1.0,1,1,1,11.0,0.0,0.0,0.0,1988.0,B01,1.0,7,0,0.0,2.0,3.0,1.0,1,27,1500,1,2,3,1,3,3,30,2,1
32357,201600014005,1.0,1,3,1,21.0,0.0,0.0,0.0,1996.0,A01,1.0,30,0,0.0,2.0,5.0,15.0,1,27,1500,1,2,3,1,3,3,7,1,2
32358,201600014006,1.0,1,1,1,11.0,0.0,0.0,0.0,1987.0,A01,1.0,7,0,0.0,1.0,1.0,1.0,9,7,1910,1,2,3,1,6,4,7,2,2
32359,201600014006,0.0,3,4,1,0.0,3.0,3.0,1.0,1999.0,A01,1.0,7,0,0.0,1.0,1.0,1.0,9,7,1910,1,2,3,1,6,4,7,2,2
32360,201600014007,1.0,1,1,1,13.0,0.0,0.0,0.0,1954.0,A01,1.0,10,0,0.0,2.0,1.0,2.0,1,27,1415,1,2,1,1,4,3,14,2,3
32361,201600014007,1.0,1,1,1,13.0,0.0,0.0,0.0,1957.0,C01,1.0,14,0,0.0,2.0,4.0,2.0,1,27,1415,1,2,1,1,4,3,10,3,2
32362,201600014007,1.0,1,4,1,13.0,0.0,0.0,0.0,1955.0,B01,1.0,7,0,0.0,2.0,4.0,2.0,1,27,1415,1,2,1,1,4,3,10,2,2
32363,201600014008,1.0,1,4,1,21.0,0.0,0.0,0.0,1985.0,B01,1.0,34,0,0.0,0.0,7.0,21.0,9,8,1540,1,2,3,1,7,3,7,1,2
32364,201600014008,1.0,1,1,2,11.0,0.0,0.0,0.0,1987.0,A01,2.0,7,0,0.0,9.0,0.0,15.0,9,8,1540,1,2,3,1,7,3,34,2,1
32365,201600014009,1.0,1,1,1,11.0,0.0,0.0,0.0,1969.0,B01,0.0,37,0,0.0,2.0,1.0,1.0,1,30,1125,1,2,1,1,1,1,2,3,1
32366,201600014009,4.0,2,1,1,13.0,0.0,0.0,0.0,1996.0,B01,0.0,37,0,0.0,2.0,1.0,1.0,1,30,1125,1,2,1,1,1,1,2,3,1
32367,201600014009,4.0,2,1,1,13.0,0.0,0.0,0.0,1997.0,B01,0.0,37,0,0.0,2.0,1.0,1.0,1,30,1125,1,2,1,1,1,1,2,3,1
32368,201600014009,1.0,1,4,1,21.0,0.0,0.0,0.0,1998.0,A01,0.0,2,0,0.0,2.0,1.0,0.0,1,30,1125,1,2,1,1,1,1,37,1,3
32369,201600014009,2.0,2,4,1,21.0,0.0,0.0,0.0,1999.0,A01,0.0,2,0,0.0,2.0,1.0,0.0,1,30,1125,1,2,1,1,1,1,37,1,3
32370,201600014010,2.0,2,4,1,11.0,0.0,0.0,0.0,1997.0,A01,2.0,7,0,1.0,2.0,9.0,1.0,1,30,1300,1,2,2,1,3,2,7,2,2
32371,201600014010,1.0,1,3,1,13.0,0.0,0.0,0.0,1984.0,A01,2.0,7,0,1.0,2.0,9.0,1.0,1,30,1300,1,2,2,1,3,2,7,2,2
32372,201600014010,4.0,2,4,1,11.0,0.0,0.0,0.0,2004.0,A01,2.0,7,0,1.0,2.0,9.0,1.0,1,30,1300,1,2,2,1,3,2,7,2,2
32373,201600014010,2.0,2,4,2,11.0,0.0,0.0,0.0,1980.0,B01,2.0,7,0,0.0,2.0,3.0,1.0,1,30,1300,1,2,2,1,3,2,7,2,2
32374,201600014010,4.0,2,4,1,11.0,0.0,0.0,0.0,2000.0,B01,2.0,7,0,0.0,2.0,3.0,1.0,1,30,1300,1,2,2,1,3,2,7,2,2
32375,201600014010,1.0,1,1,1,13.0,0.0,0.0,0.0,1975.0,B01,2.0,7,0,0.0,2.0,3.0,1.0,1,30,1300,1,2,2,1,3,2,7,2,2
32376,201600014011,1.0,1,3,1,12.0,0.0,0.0,0.0,1929.0,A01,1.0,7,0,0.0,2.0,3.0,13.0,1,30,1024,1,1,1,1,1,1,7,2,2
32377,201600014011,1.0,1,3,2,11.0,0.0,0.0,0.0,1970.0,B01,2.0,7,0,0.0,2.0,3.0,1.0,1,30,1024,1,1,1,1,1,1,7,2,2
32378,201600014012,1.0,1,4,1,21.0,0.0,0.0,0.0,1969.0,B01,1.0,33,0,0.0,2.0,7.0,1.0,1,30,1430,1,2,3,1,5,3,7,1,2
32379,201600014012,1.0,1,1,1,13.0,0.0,0.0,0.0,1985.0,C01,0.0,7,0,0.0,2.0,3.0,13.0,1,30,1430,1,2,3,1,5,3,33,2,1
32380,201600014012,1.0,1,1,1,13.0,0.0,0.0,0.0,1989.0,A01,1.0,7,0,0.0,2.0,0.0,0.0,1,30,1430,1,2,3,1,5,3,33,2,1
32381,201600014013,1.0,1,3,1,21.0,0.0,0.0,0.0,1973.0,A01,1.0,30,0,0.0,2.0,1.0,1.0,1,30,1525,1,2,2,1,1,3,7,1,2
32382,201600014013,1.0,1,1,1,13.0,0.0,0.0,0.0,1993.0,B01,1.0,7,0,0.0,2.0,3.0,15.0,1,30,1525,1,2,2,1,1,3,30,2,1
32383,201600014014,1.0,1,4,2,11.0,0.0,0.0,0.0,1994.0,B01,1.0,7,0,0.0,2.0,4.0,1.0,1,31,200,5,2,1,1,2,0,7,2,2
32384,201600014015,1.0,1,4,1,11.0,0.0,0.0,0.0,1974.0,B01,2.0,7,0,0.0,2.0,8.0,1.0,1,31,40,5,2,2,1,3,0,7,2,2
32385,201600014015,1.0,1,1,1,11.0,0.0,0.0,0.0,1997.0,A01,1.0,7,0,0.0,2.0,1.0,19.0,1,31,40,5,2,2,1,3,0,7,2,2
32386,201600014016,1.0,1,3,2,21.0,0.0,0.0,0.0,1985.0,B01,2.0,32,0,0.0,2.0,8.0,2.0,1,31,545,5,2,3,1,3,0,32,1,1
32387,201600014017,1.0,1,2,1,12.0,0.0,0.0,0.0,1994.0,A01,1.0,7,0,8.0,0.0,1.0,1.0,1,31,550,5,2,1,8,6,0,7,2,2
32388,201600014018,1.0,1,1,2,11.0,0.0,0.0,0.0,1980.0,A01,1.0,7,0,0.0,2.0,1.0,2.0,1,28,820,1,2,1,1,1,1,7,2,2
32389,201600014018,1.0,1,4,1,11.0,0.0,0.0,0.0,1978.0,B01,1.0,7,0,0.0,2.0,4.0,2.0,1,28,820,1,2,1,1,1,1,7,2,2
32390,201600014019,1.0,1,3,1,21.0,0.0,0.0,0.0,1952.0,A01,1.0,32,0,0.0,2.0,7.0,1.0,1,31,1150,1,1,1,1,3,1,7,1,2
32391,201600014019,1.0,1,1,1,11.0,0.0,0.0,0.0,1976.0,B01,1.0,7,0,0.0,2.0,8.0,15.0,1,31,1150,1,1,1,1,3,1,32,2,1
32392,201600014020,1.0,1,1,1,11.0,0.0,0.0,0.0,1952.0,A01,1.0,7,0,0.0,1.0,7.0,1.0,1,31,1258,1,2,2,1,6,2,7,2,2
32393,201600014020,0.0,3,4,1,0.0,4.0,5.0,2.0,2013.0,A01,1.0,7,0,0.0,1.0,7.0,1.0,1,31,1258,1,2,2,1,6,2,7,2,2
32394,201600014021,1.0,1,1,1,11.0,0.0,0.0,0.0,1995.0,A01,1.0,7,0,0.0,2.0,7.0,16.0,1,19,1650,1,2,1,1,3,3,7,2,2
32395,201600014021,1.0,1,4,1,11.0,0.0,0.0,0.0,1988.0,B01,1.0,7,0,0.0,2.0,3.0,0.0,1,19,1650,1,2,1,1,3,3,7,2,2
32396,201600014021,2.0,2,4,1,11.0,0.0,0.0,0.0,1977.0,B01,1.0,7,0,0.0,2.0,3.0,0.0,1,19,1650,1,2,1,1,3,3,7,2,2
32397,201600014021,5.0,2,4,1,11.0,0.0,0.0,0.0,1958.0,B01,1.0,7,0,0.0,2.0,3.0,0.0,1,19,1650,1,2,1,1,3,3,7,2,2
32398,201600014022,1.0,1,1,1,13.0,0.0,0.0,0.0,1963.0,A01,1.0,14,0,0.0,1.0,8.0,1.0,2,1,1550,1,2,1,1,6,3,14,3,3
32399,201600014022,0.0,3,2,2,0.0,2.0,3.0,1.0,1970.0,A01,1.0,14,0,0.0,1.0,8.0,1.0,2,1,1550,1,2,1,1,6,3,14,3,3
32400,201600014023,1.0,1,3,1,21.0,0.0,0.0,0.0,1995.0,A01,2.0,33,0,0.0,2.0,1.0,1.0,2,1,1850,5,2,1,1,3,4,7,1,2
32401,201600014023,1.0,1,1,1,11.0,0.0,0.0,0.0,1946.0,B01,1.0,7,0,0.0,2.0,8.0,15.0,2,1,1850,5,2,1,1,3,4,33,2,1
32402,201600014024,1.0,1,4,1,21.0,0.0,0.0,0.0,1968.0,A01,1.0,34,0,0.0,2.0,2.0,1.0,1,31,1935,5,2,3,1,1,4,34,1,1
32403,201600014025,0.0,3,4,1,0.0,3.0,3.0,2.0,2009.0,Z01,1.0,32,0,0.0,1.0,1.0,1.0,2,2,815,1,2,1,1,6,1,32,1,1
32404,201600014026,1.0,1,4,2,13.0,0.0,0.0,0.0,1952.0,A01,2.0,7,0,0.0,2.0,3.0,15.0,2,2,1340,1,2,1,1,1,2,33,2,1
32405,201600014026,1.0,1,3,1,21.0,0.0,0.0,0.0,1996.0,B01,1.0,33,0,0.0,2.0,1.0,1.0,2,2,1340,1,2,1,1,1,2,7,1,2
32406,201600014027,1.0,1,3,1,21.0,0.0,0.0,0.0,1987.0,B01,2.0,33,0,0.0,2.0,1.0,1.0,2,2,1415,1,2,1,1,1,3,7,1,2
32407,201600014027,1.0,1,1,1,11.0,0.0,0.0,0.0,1940.0,A01,1.0,7,0,0.0,2.0,2.0,15.0,2,2,1415,1,2,1,1,1,3,33,2,1
32408,201600014028,1.0,1,1,2,11.0,0.0,0.0,0.0,1994.0,B01,0.0,7,0,0.0,2.0,1.0,0.0,2,2,1530,1,1,1,1,3,3,32,2,1
32409,201600014028,1.0,1,3,1,21.0,0.0,0.0,0.0,1991.0,A01,1.0,32,0,0.0,2.0,3.0,15.0,2,2,1530,1,1,1,1,3,3,7,1,2
32410,201600014029,1.0,1,4,1,21.0,0.0,0.0,0.0,1986.0,B01,1.0,33,0,0.0,2.0,1.0,17.0,2,2,800,1,2,1,1,3,1,7,1,2
32411,201600014029,1.0,1,1,2,11.0,0.0,0.0,0.0,1992.0,A01,1.0,7,0,0.0,2.0,2.0,15.0,2,2,800,1,2,1,1,3,1,33,2,1
32412,201600014030,1.0,1,3,1,21.0,0.0,0.0,0.0,1957.0,B01,1.0,31,0,0.0,2.0,1.0,0.0,2,3,840,1,2,3,1,1,1,7,1,2
32413,201600014030,1.0,1,1,1,11.0,0.0,0.0,0.0,1969.0,A01,2.0,7,0,0.0,2.0,5.0,16.0,2,3,840,1,2,3,1,1,1,31,2,1
32414,201600014031,1.0,1,3,1,21.0,0.0,0.0,0.0,1966.0,A01,1.0,30,0,0.0,0.0,8.0,1.0,2,3,1730,1,2,1,1,6,3,30,1,1
32415,201600014032,1.0,1,1,1,11.0,0.0,0.0,0.0,1979.0,A01,2.0,7,0,0.0,2.0,7.0,1.0,2,4,57,5,2,2,1,3,0,7,2,2
32416,201600014032,1.0,1,4,1,11.0,0.0,0.0,0.0,1939.0,B01,1.0,7,0,0.0,2.0,1.0,1.0,2,4,57,5,2,2,1,3,0,7,2,2
32417,201600014033,1.0,1,1,1,11.0,0.0,0.0,0.0,1968.0,A01,1.0,7,0,0.0,2.0,6.0,15.0,2,3,1330,1,2,1,1,3,2,2,2,1
32418,201600014033,1.0,1,3,1,21.0,0.0,0.0,0.0,1996.0,B01,1.0,2,0,0.0,2.0,3.0,15.0,2,3,1330,1,2,1,1,3,2,7,1,2
32419,201600014034,1.0,1,1,1,13.0,0.0,0.0,0.0,1964.0,A01,0.0,7,0,0.0,1.0,1.0,16.0,2,4,850,1,2,1,1,7,1,7,2,2
32420,201600014034,0.0,3,3,1,0.0,2.0,2.0,1.0,1999.0,A01,0.0,7,0,0.0,1.0,1.0,16.0,2,4,850,1,2,1,1,7,1,7,2,2
32421,201600014035,1.0,1,4,1,21.0,0.0,0.0,0.0,1996.0,A01,1.0,2,0,0.0,2.0,1.0,1.0,2,4,1410,1,2,1,1,2,3,7,1,2
32422,201600014035,1.0,1,1,1,11.0,0.0,0.0,0.0,1987.0,B01,1.0,7,0,0.0,2.0,4.0,1.0,2,4,1410,1,2,1,1,2,3,2,2,1
32423,201600014036,1.0,1,4,1,13.0,0.0,0.0,0.0,1982.0,A01,1.0,7,0,0.0,2.0,9.0,1.0,2,4,1400,1,2,1,1,5,3,14,2,3
32424,201600014036,1.0,1,1,1,13.0,0.0,0.0,0.0,1963.0,C01,1.0,7,0,0.0,2.0,1.0,2.0,2,4,1400,1,2,1,1,5,3,14,2,3
32425,201600014036,1.0,1,1,1,13.0,0.0,0.0,0.0,1988.0,B01,1.0,14,0,0.0,2.0,1.0,1.0,2,4,1400,1,2,1,1,5,3,7,3,2
32426,201600014037,1.0,1,4,1,13.0,0.0,0.0,0.0,1972.0,B01,1.0,7,0,0.0,2.0,3.0,1.0,2,4,1730,2,2,1,1,3,3,7,2,2
32427,201600014037,1.0,1,1,1,13.0,0.0,0.0,0.0,1950.0,A01,1.0,7,0,0.0,2.0,2.0,10.0,2,4,1730,2,2,1,1,3,3,7,2,2
32428,201600014038,0.0,3,4,1,0.0,2.0,3.0,1.0,1993.0,Z01,1.0,30,0,0.0,1.0,1.0,2.0,2,4,1800,2,2,1,1,6,4,30,1,1
32429,201600014039,1.0,1,1,1,11.0,0.0,0.0,0.0,1990.0,A01,2.0,10,0,0.0,1.0,4.0,20.0,2,3,1530,1,2,1,1,6,3,10,2,2
32430,201600014039,0.0,3,3,2,0.0,5.0,2.0,2.0,1948.0,A01,2.0,10,0,0.0,1.0,4.0,20.0,2,3,1530,1,2,1,1,6,3,10,2,2