,Num_Acc,place,catu,grav,sexe,secu,locp,actp,etatp,an_nais,num_veh,senc,catv,occutc,obs,obsm,choc,manv,mois,jour,hrmn,lum,agg,int,atm,col,mom,catvopp,catv_gen,catvopp_gen
32587,201600014119,1.0,1,4,1,11.0,0.0,0.0,0.0,1936.0,A01,1.0,7,0,8.0,0.0,1.0,1.0,2,21,940,1,2,1,7,6,1,7,2,2
32588,201600014120,1.0,1,1,1,11.0,0.0,0.0,0.0,1945.0,A01,1.0,7,0,0.0,9.0,0.0,15.0,10,20,750,1,2,1,1,7,1,30,2,1
32589,201600014120,1.0,1,4,1,21.0,0.0,0.0,0.0,1996.0,B01,1.0,30,0,0.0,0.0,0.0,21.0,10,20,750,1,2,1,1,7,1,7,1,2
32590,201600014121,1.0,1,3,1,11.0,0.0,0.0,0.0,1959.0,B01,1.0,7,0,0.0,2.0,4.0,23.0,2,21,1230,1,2,1,1,5,2,7,2,2
32591,201600014121,1.0,1,1,1,11.0,0.0,0.0,0.0,1993.0,A01,1.0,7,0,0.0,2.0,1.0,2.0,2,21,1230,1,2,1,1,5,2,7,2,2
32592,201600014121,1.0,1,1,2,11.0,0.0,0.0,0.0,1959.0,C01,1.0,7,0,0.0,2.0,4.0,1.0,2,21,1230,1,2,1,1,5,2,7,2,2
32593,201600014122,1.0,1,1,1,13.0,0.0,0.0,0.0,1959.0,A01,1.0,7,0,0.0,1.0,2.0,1.0,2,21,1530,1,2,3,1,6,3,7,2,2
32594,201600014122,0.0,3,3,1,0.0,3.0,3.0,1.0,1933.0,A01,1.0,7,0,0.0,1.0,2.0,1.0,2,21,1530,1,2,3,1,6,3,7,2,2
32595,201600014123,1.0,1,3,1,11.0,0.0,0.0,0.0,1969.0,A01,1.0,7,0,0.0,2.0,2.0,0.0,2,21,1415,1,2,1,1,1,3,7,2,2
32596,201600014123,1.0,1,1,1,11.0,0.0,0.0,0.0,1972.0,B01,2.0,7,0,0.0,2.0,1.0,3.0,2,21,1415,1,2,1,1,1,3,7,2,2
32597,201600014124,1.0,1,4,1,11.0,0.0,0.0,0.0,1983.0,B01,1.0,7,0,0.0,2.0,1.0,2.0,2,21,1945,5,2,1,1,5,4,7,2,2
32598,201600014124,2.0,2,4,1,11.0,0.0,0.0,0.0,1983.0,B01,1.0,7,0,0.0,2.0,1.0,2.0,2,21,1945,5,2,1,1,5,4,7,2,2
32599,201600014124,1.0,1,1,1,11.0,0.0,0.0,0.0,1983.0,C01,1.0,7,0,0.0,2.0,1.0,1.0,2,21,1945,5,2,1,1,5,4,7,2,2
32600,201600014124,1.0,1,1,1,11.0,0.0,0.0,0.0,1955.0,A01,1.0,7,0,0.0,2.0,1.0,1.0,2,21,1945,5,2,1,1,5,4,7,2,2
32601,201600014125,1.0,1,1,1,11.0,0.0,0.0,0.0,1980.0,A01,1.0,7,0,0.0,2.0,6.0,15.0,2,21,1345,1,2,2,1,2,2,34,2,1
32602,201600014125,1.0,1,4,1,21.0,0.0,0.0,0.0,1993.0,B01,1.0,34,0,0.0,2.0,1.0,1.0,2,21,1345,1,2,2,1,2,2,7,1,2
32603,201600014126,1.0,1,1,1,11.0,0.0,0.0,0.0,1987.0,B01,2.0,7,0,0.0,2.0,4.0,11.0,2,21,1900,1,2,1,1,3,4,2,2,1
32604,201600014126,1.0,1,3,1,21.0,0.0,0.0,0.0,1998.0,A01,2.0,2,0,0.0,2.0,0.0,1.0,2,21,1900,1,2,1,1,3,4,7,1,2
32605,201600014127,1.0,1,1,2,11.0,0.0,0.0,0.0,1950.0,A01,1.0,7,0,0.0,2.0,1.0,15.0,2,22,950,1,2,3,2,3,1,7,2,2
32606,201600014127,1.0,1,4,2,11.0,0.0,0.0,0.0,1989.0,B01,1.0,7,0,0.0,2.0,5.0,1.0,2,22,950,1,2,3,2,3,1,7,2,2
32607,201600014128,1.0,1,4,1,23.0,0.0,0.0,0.0,1999.0,A01,1.0,2,0,0.0,2.0,1.0,2.0,2,22,750,1,2,1,2,1,1,7,1,2
32608,201600014128,1.0,1,1,2,13.0,0.0,0.0,0.0,1972.0,B01,1.0,7,0,0.0,2.0,4.0,2.0,2,22,750,1,2,1,2,1,1,2,2,1
32609,201600014129,2.0,2,1,1,11.0,0.0,0.0,0.0,1960.0,A01,1.0,7,0,16.0,0.0,6.0,21.0,2,10,1250,1,2,3,1,3,2,10,2,2
32610,201600014129,4.0,2,4,2,11.0,0.0,0.0,0.0,1986.0,A01,1.0,7,0,16.0,0.0,6.0,21.0,2,10,1250,1,2,3,1,3,2,10,2,2
32611,201600014129,1.0,1,1,1,11.0,0.0,0.0,0.0,1986.0,A01,1.0,7,0,16.0,0.0,6.0,21.0,2,10,1250,1,2,3,1,3,2,10,2,2
32612,201600014129,1.0,1,1,1,11.0,0.0,0.0,0.0,1971.0,B01,2.0,10,0,0.0,2.0,1.0,9.0,2,10,1250,1,2,3,1,3,2,7,2,2
32613,201600014130,1.0,1,3,1,13.0,0.0,0.0,0.0,1968.0,B01,1.0,7,0,0.0,2.0,1.0,1.0,2,22,1330,1,2,3,1,1,2,7,2,2
32614,201600014130,1.0,1,1,1,13.0,0.0,0.0,0.0,1974.0,A01,1.0,7,0,0.0,2.0,3.0,15.0,2,22,1330,1,2,3,1,1,2,7,2,2
32615,201600014131,1.0,1,4,1,11.0,0.0,0.0,0.0,1988.0,B01,1.0,7,0,0.0,2.0,3.0,15.0,2,22,1245,1,2,1,8,3,2,30,2,1
32616,201600014131,1.0,1,4,1,21.0,0.0,0.0,0.0,1974.0,A01,2.0,30,0,0.0,2.0,1.0,17.0,2,22,1245,1,2,1,8,3,2,7,1,2
32617,201600014132,1.0,1,3,1,21.0,0.0,0.0,0.0,1974.0,B01,1.0,34,0,0.0,2.0,1.0,2.0,2,22,1550,1,2,1,1,3,3,7,1,2
32618,201600014132,1.0,1,1,1,13.0,0.0,0.0,0.0,1965.0,A01,1.0,7,0,0.0,2.0,8.0,13.0,2,22,1550,1,2,1,1,3,3,34,2,1
32619,201600014133,1.0,1,4,1,21.0,0.0,0.0,0.0,1967.0,A01,2.0,31,0,0.0,2.0,2.0,1.0,2,22,2015,5,2,1,1,3,4,31,1,1
32620,201600014134,1.0,1,3,1,21.0,0.0,0.0,0.0,1975.0,B01,1.0,32,0,0.0,2.0,1.0,16.0,2,17,1230,1,2,3,1,1,2,7,1,2
32621,201600014134,1.0,1,1,2,11.0,0.0,0.0,0.0,1995.0,A01,1.0,7,0,0.0,2.0,1.0,16.0,2,17,1230,1,2,3,1,1,2,32,2,1
32622,201600014135,1.0,1,1,1,11.0,0.0,0.0,0.0,1980.0,A01,2.0,7,0,0.0,2.0,4.0,2.0,2,21,1730,1,2,1,1,4,3,7,2,2
32623,201600014135,1.0,1,4,1,11.0,0.0,0.0,0.0,1980.0,B01,2.0,7,0,0.0,2.0,4.0,23.0,2,21,1730,1,2,1,1,4,3,7,2,2
32624,201600014135,1.0,1,4,1,11.0,0.0,0.0,0.0,1988.0,C01,1.0,7,0,0.0,2.0,4.0,23.0,2,21,1730,1,2,1,1,4,3,7,2,2
32625,201600014135,2.0,2,4,2,11.0,0.0,0.0,0.0,1989.0,C01,1.0,7,0,0.0,2.0,4.0,23.0,2,21,1730,1,2,1,1,4,3,7,2,2
32626,201600014136,1.0,1,1,1,11.0,0.0,0.0,0.0,1975.0,A01,2.0,7,0,0.0,1.0,2.0,1.0,2,23,700,1,2,3,1,6,1,7,2,2
32627,201600014136,0.0,3,3,2,0.0,2.0,3.0,1.0,1996.0,A01,2.0,7,0,0.0,1.0,2.0,1.0,2,23,700,1,2,3,1,6,1,7,2,2
32628,201600014137,1.0,1,3,1,21.0,0.0,0.0,0.0,1970.0,B01,1.0,33,0,0.0,2.0,1.0,1.0,2,23,745,1,2,3,1,3,1,14,1,3
32629,201600014137,1.0,1,3,1,11.0,0.0,0.0,0.0,1991.0,A01,1.0,14,0,0.0,2.0,5.0,15.0,2,23,745,1,2,3,1,3,1,33,3,1
32630,201600014138,1.0,1,4,2,11.0,0.0,0.0,0.0,1981.0,B01,0.0,7,0,0.0,2.0,4.0,1.0,2,23,1145,1,2,1,1,2,1,7,2,2
32631,201600014138,1.0,1,1,2,11.0,0.0,0.0,0.0,1968.0,A01,0.0,7,0,0.0,2.0,1.0,2.0,2,23,1145,1,2,1,1,2,1,7,2,2
32632,201600014139,1.0,1,1,1,11.0,0.0,0.0,0.0,1945.0,A01,2.0,7,0,0.0,2.0,7.0,1.0,1,29,1505,1,2,2,1,3,3,32,2,1
32633,201600014139,1.0,1,4,1,21.0,0.0,0.0,0.0,1983.0,B01,1.0,32,0,0.0,2.0,0.0,1.0,1,29,1505,1,2,2,1,3,3,7,1,2
32634,201600014140,1.0,1,1,1,13.0,0.0,0.0,0.0,1951.0,B01,1.0,7,0,0.0,0.0,0.0,15.0,2,23,1340,1,2,1,1,7,2,31,2,1
32635,201600014140,1.0,1,4,1,23.0,0.0,0.0,0.0,1956.0,A01,1.0,31,0,0.0,0.0,3.0,13.0,2,23,1340,1,2,1,1,7,2,7,1,2
32636,201600014141,2.0,2,4,2,13.0,0.0,0.0,0.0,1998.0,B01,0.0,7,0,0.0,2.0,2.0,0.0,2,22,1930,2,2,3,1,3,4,7,2,2
32637,201600014141,1.0,1,4,2,13.0,0.0,0.0,0.0,1971.0,B01,0.0,7,0,0.0,2.0,2.0,0.0,2,22,1930,2,2,3,1,3,4,7,2,2
32638,201600014141,1.0,1,1,1,11.0,0.0,0.0,0.0,1988.0,A01,2.0,7,0,0.0,2.0,1.0,0.0,2,22,1930,2,2,3,1,3,4,7,2,2
32639,201600014142,1.0,1,4,1,21.0,0.0,0.0,0.0,1994.0,A01,1.0,34,0,0.0,0.0,0.0,1.0,2,23,2250,5,2,1,1,7,5,34,1,1
32640,201600014142,2.0,2,4,1,21.0,0.0,0.0,0.0,1999.0,A01,1.0,34,0,0.0,0.0,0.0,1.0,2,23,2250,5,2,1,1,7,5,34,1,1
32641,201600014143,1.0,1,3,1,11.0,0.0,0.0,0.0,1995.0,A01,2.0,7,0,0.0,2.0,3.0,19.0,2,24,745,1,2,1,1,3,1,33,2,1
32642,201600014143,1.0,1,4,1,21.0,0.0,0.0,0.0,1987.0,B01,1.0,33,0,0.0,2.0,1.0,2.0,2,24,745,1,2,1,1,3,1,7,1,2
32643,201600014144,1.0,1,1,1,21.0,0.0,0.0,0.0,1993.0,B01,2.0,30,0,0.0,2.0,1.0,2.0,2,15,1110,1,2,1,1,2,1,7,1,2
32644,201600014144,2.0,2,4,1,21.0,0.0,0.0,0.0,1995.0,B01,2.0,30,0,0.0,2.0,1.0,2.0,2,15,1110,1,2,1,1,2,1,7,1,2
32645,201600014144,1.0,1,1,1,13.0,0.0,0.0,0.0,1960.0,A01,2.0,7,0,0.0,2.0,6.0,23.0,2,15,1110,1,2,1,1,2,1,30,2,1
32646,201600014145,1.0,1,4,1,11.0,0.0,0.0,0.0,1992.0,B01,2.0,7,0,0.0,2.0,2.0,1.0,2,24,1915,5,2,1,1,3,4,7,2,2
32647,201600014145,1.0,1,4,1,11.0,0.0,0.0,0.0,1997.0,A01,2.0,7,0,0.0,2.0,8.0,13.0,2,24,1915,5,2,1,1,3,4,7,2,2
32648,201600014146,1.0,1,4,1,21.0,0.0,0.0,0.0,1988.0,B01,2.0,34,0,0.0,2.0,1.0,2.0,2,24,1920,5,2,1,1,1,4,7,1,2
32649,201600014146,1.0,1,1,2,11.0,0.0,0.0,0.0,1969.0,A01,2.0,7,0,0.0,2.0,3.0,6.0,2,24,1920,5,2,1,1,1,4,34,2,1
32650,201600014147,2.0,2,4,1,21.0,0.0,0.0,0.0,1988.0,B01,1.0,33,0,0.0,2.0,1.0,1.0,2,23,1845,5,2,1,1,3,4,7,1,2
32651,201600014147,1.0,1,3,1,21.0,0.0,0.0,0.0,1988.0,B01,1.0,33,0,0.0,2.0,1.0,1.0,2,23,1845,5,2,1,1,3,4,7,1,2
32652,201600014147,1.0,1,1,1,11.0,0.0,0.0,0.0,1981.0,A01,2.0,7,0,0.0,2.0,0.0,0.0,2,23,1845,5,2,1,1,3,4,33,2,1
32653,201600014148,1.0,1,1,1,11.0,0.0,0.0,0.0,1955.0,B01,1.0,13,0,0.0,2.0,2.0,16.0,2,25,650,2,1,1,1,3,1,10,3,2
32654,201600014148,1.0,1,4,1,13.0,0.0,0.0,0.0,1986.0,A01,0.0,10,0,0.0,2.0,3.0,21.0,2,25,650,2,1,1,1,3,1,13,2,3
32655,201600014149,1.0,1,4,2,11.0,0.0,0.0,0.0,1962.0,A01,1.0,7,0,0.0,2.0,1.0,2.0,2,7,1255,1,2,1,1,3,2,7,2,2
32656,201600014149,1.0,1,1,1,11.0,0.0,0.0,0.0,1996.0,B01,0.0,7,0,0.0,0.0,3.0,20.0,2,7,1255,1,2,1,1,3,2,7,2,2
32657,201600014150,1.0,1,1,2,11.0,0.0,0.0,0.0,1983.0,A01,2.0,7,0,0.0,2.0,1.0,0.0,2,13,1240,1,2,1,1,4,2,7,2,2
32658,201600014150,1.0,1,1,1,11.0,0.0,0.0,0.0,1945.0,C01,2.0,7,0,0.0,2.0,3.0,12.0,2,13,1240,1,2,1,1,4,2,7,2,2
32659,201600014150,1.0,1,4,1,11.0,0.0,0.0,0.0,1991.0,B01,2.0,7,0,14.0,0.0,4.0,1.0,2,13,1240,1,2,1,1,4,2,7,2,2
32660,201600014151,1.0,1,1,1,11.0,0.0,0.0,0.0,1957.0,B01,2.0,7,0,0.0,2.0,5.0,15.0,2,19,1700,1,2,1,1,1,3,34,2,1
32661,201600014151,1.0,1,4,1,21.0,0.0,0.0,0.0,1967.0,A01,1.0,34,0,0.0,2.0,1.0,1.0,2,19,1700,1,2,1,1,1,3,7,1,2
32662,201600014152,1.0,1,1,1,11.0,0.0,0.0,0.0,1997.0,C01,2.0,7,0,0.0,2.0,2.0,0.0,2,25,1400,1,2,3,1,5,3,32,2,1
32663,201600014152,1.0,1,2,1,21.0,0.0,0.0,0.0,1995.0,B01,1.0,32,0,14.0,0.0,1.0,1.0,2,25,1400,1,2,3,1,5,3,7,1,2
32664,201600014152,1.0,1,1,2,11.0,0.0,0.0,0.0,1939.0,A01,2.0,7,0,0.0,2.0,2.0,15.0,2,25,1400,1,2,3,1,5,3,32,2,1
32665,201600014153,1.0,1,1,2,11.0,0.0,0.0,0.0,1965.0,B01,1.0,7,0,0.0,2.0,3.0,10.0,2,25,1445,1,2,1,1,1,3,30,2,1
32666,201600014153,1.0,1,4,1,21.0,0.0,0.0,0.0,1993.0,A01,1.0,30,0,0.0,2.0,1.0,17.0,2,25,1445,1,2,1,1,1,3,7,1,2
32667,201600014154,1.0,1,4,1,21.0,0.0,0.0,0.0,2001.0,A01,2.0,2,0,0.0,2.0,1.0,1.0,2,24,1300,1,2,3,1,3,2,7,1,2
32668,201600014154,1.0,1,1,1,11.0,0.0,0.0,0.0,1990.0,B01,2.0,7,0,0.0,2.0,0.0,0.0,2,24,1300,1,2,3,1,3,2,2,2,1
32669,201600014155,1.0,1,1,1,12.0,0.0,0.0,0.0,1992.0,A01,1.0,7,0,0.0,2.0,9.0,17.0,2,25,1845,2,2,2,1,5,4,7,2,2
32670,201600014155,1.0,1,4,2,11.0,0.0,0.0,0.0,1989.0,D01,1.0,7,0,0.0,2.0,8.0,1.0,2,25,1845,2,2,2,1,5,4,7,2,2
32671,201600014155,1.0,1,1,1,11.0,0.0,0.0,0.0,1987.0,C01,0.0,7,0,0.0,2.0,3.0,1.0,2,25,1845,2,2,2,1,5,4,7,2,2
32672,201600014155,1.0,1,1,1,11.0,0.0,0.0,0.0,1975.0,B01,1.0,7,0,0.0,2.0,2.0,1.0,2,25,1845,2,2,2,1,5,4,7,2,2
32673,201600014156,1.0,1,3,1,21.0,0.0,0.0,0.0,1964.0,A01,1.0,33,0,0.0,2.0,1.0,5.0,2,18,1430,1,2,1,1,1,3,30,1,1
32674,201600014156,1.0,1,1,1,21.0,0.0,0.0,0.0,1961.0,B01,2.0,30,0,0.0,2.0,1.0,1.0,2,18,1430,1,2,1,1,1,3,33,1,1
32675,201600014157,1.0,1,1,1,11.0,0.0,0.0,0.0,1981.0,A01,2.0,40,0,0.0,1.0,2.0,1.0,2,26,915,1,2,1,1,6,1,40,3,3
32676,201600014157,0.0,3,4,1,0.0,3.0,3.0,1.0,1942.0,A01,2.0,40,0,0.0,1.0,2.0,1.0,2,26,915,1,2,1,1,6,1,40,3,3
32677,201600014158,1.0,1,3,1,21.0,0.0,0.0,0.0,1984.0,B01,2.0,33,0,0.0,2.0,0.0,0.0,2,18,1730,1,2,1,1,6,3,7,1,2
32678,201600014158,1.0,1,1,1,11.0,0.0,0.0,0.0,1993.0,A01,2.0,7,0,0.0,2.0,2.0,0.0,2,18,1730,1,2,1,1,6,3,33,2,1
32679,201600014159,1.0,1,1,2,11.0,0.0,0.0,0.0,1989.0,A01,1.0,7,0,0.0,2.0,2.0,20.0,2,2,1525,1,2,1,1,3,3,30,2,1
32680,201600014159,1.0,1,3,1,21.0,0.0,0.0,0.0,1986.0,B01,1.0,30,0,0.0,2.0,1.0,2.0,2,2,1525,1,2,1,1,3,3,7,1,2
32681,201600014160,1.0,1,1,1,11.0,0.0,0.0,0.0,1964.0,B01,1.0,14,0,0.0,2.0,4.0,23.0,2,23,740,1,2,1,1,2,1,7,3,2
32682,201600014160,1.0,1,3,1,11.0,0.0,0.0,0.0,1974.0,A01,1.0,7,0,14.0,0.0,1.0,1.0,2,23,740,1,2,1,1,2,1,14,2,3
32683,201600014161,1.0,1,4,2,11.0,0.0,0.0,0.0,1963.0,B01,2.0,7,0,0.0,2.0,4.0,1.0,2,26,1400,1,2,1,1,2,3,7,2,2
32684,201600014162,0.0,3,3,2,0.0,4.0,3.0,2.0,1995.0,A01,1.0,7,0,0.0,1.0,1.0,16.0,2,26,1700,1,2,2,1,6,3,7,2,2
32685,201600014162,1.0,1,1,1,12.0,0.0,0.0,0.0,1967.0,A01,1.0,7,0,0.0,1.0,1.0,16.0,2,26,1700,1,2,2,1,6,3,7,2,2
32686,201600014163,1.0,1,1,1,11.0,0.0,0.0,0.0,1991.0,B01,1.0,37,0,0.0,2.0,7.0,1.0,2,26,1530,1,2,1,1,3,3,10,3,2
32687,201600014163,8.0,2,4,1,11.0,0.0,0.0,0.0,1992.0,B01,1.0,37,0,0.0,2.0,7.0,1.0,2,26,1530,1,2,1,1,3,3,10,3,2
32688,201600014163,9.0,2,4,2,93.0,0.0,0.0,0.0,1986.0,B01,1.0,37,0,0.0,2.0,7.0,1.0,2,26,1530,1,2,1,1,3,3,10,3,2
32689,201600014163,1.0,1,1,1,13.0,0.0,0.0,0.0,1995.0,A01,2.0,10,0,0.0,2.0,6.0,4.0,2,26,1530,1,2,1,1,3,3,37,2,3
32690,201600014164,1.0,1,4,1,11.0,0.0,0.0,0.0,1994.0,A01,2.0,7,0,6.0,0.0,0.0,0.0,2,26,2120,5,2,1,2,6,4,7,2,2
32691,201600014165,1.0,1,4,2,11.0,0.0,0.0,0.0,1995.0,A01,1.0,7,0,15.0,2.0,0.0,0.0,2,26,2240,5,2,4,2,6,5,7,2,2
32692,201600014166,1.0,1,3,1,11.0,0.0,0.0,0.0,1986.0,A01,2.0,7,0,9.0,0.0,1.0,1.0,2,26,2250,5,2,1,2,6,5,7,2,2
32693,201600014167,1.0,1,4,2,11.0,0.0,0.0,0.0,1985.0,B01,1.0,7,0,0.0,2.0,2.0,1.0,2,26,845,1,2,3,1,3,1,7,2,2
32694,201600014167,1.0,1,1,1,11.0,0.0,0.0,0.0,1987.0,A01,1.0,7,0,0.0,2.0,2.0,15.0,2,26,845,1,2,3,1,3,1,7,2,2
32695,201600014168,0.0,3,4,1,0.0,4.0,3.0,1.0,2006.0,Z01,1.0,7,0,0.0,1.0,1.0,1.0,2,18,1922,5,2,1,1,6,4,7,2,2
32696,201600014169,1.0,1,3,2,11.0,0.0,0.0,0.0,1967.0,B01,1.0,7,0,0.0,2.0,2.0,1.0,2,27,1130,1,2,2,2,3,1,7,2,2
32697,201600014170,1.0,1,1,2,11.0,0.0,0.0,0.0,1946.0,A01,1.0,7,0,0.0,1.0,1.0,1.0,2,26,1730,1,2,1,1,6,3,7,2,2
32698,201600014170,0.0,3,3,1,0.0,4.0,3.0,1.0,2005.0,A01,1.0,7,0,0.0,1.0,1.0,1.0,2,26,1730,1,2,1,1,6,3,7,2,2
32699,201600014171,0.0,3,3,1,0.0,0.0,3.0,0.0,1976.0,Z01,2.0,7,0,0.0,1.0,0.0,0.0,2,27,2040,5,2,1,3,6,4,7,2,2
32700,201600014172,1.0,1,1,1,11.0,0.0,0.0,0.0,1989.0,A01,1.0,7,0,0.0,2.0,3.0,20.0,2,26,1515,1,2,1,1,3,3,30,2,1
32701,201600014172,1.0,1,3,2,21.0,0.0,0.0,0.0,1995.0,B01,1.0,30,0,0.0,2.0,1.0,21.0,2,26,1515,1,2,1,1,3,3,7,1,2
32702,201600014173,1.0,1,1,1,13.0,0.0,0.0,0.0,1970.0,B01,2.0,7,0,0.0,2.0,0.0,0.0,2,27,1745,1,2,3,2,3,3,7,2,2
32703,201600014173,2.0,2,3,2,13.0,0.0,0.0,0.0,1969.0,B01,2.0,7,0,0.0,2.0,0.0,0.0,2,27,1745,1,2,3,2,3,3,7,2,2
32704,201600014173,1.0,1,3,1,13.0,0.0,0.0,0.0,1991.0,A01,2.0,7,0,0.0,2.0,7.0,1.0,2,27,1745,1,2,3,2,3,3,7,2,2
32705,201600014174,1.0,1,4,1,21.0,0.0,0.0,0.0,1995.0,A01,1.0,30,0,0.0,0.0,0.0,1.0,2,27,1930,1,2,1,3,7,4,30,1,1
32706,201600014174,2.0,2,4,1,21.0,0.0,0.0,0.0,1995.0,A01,1.0,30,0,0.0,0.0,0.0,1.0,2,27,1930,1,2,1,3,7,4,30,1,1
32707,201600014175,1.0,1,3,2,11.0,0.0,0.0,0.0,1995.0,B01,2.0,7,0,0.0,2.0,6.0,15.0,2,27,2100,5,2,1,3,2,4,7,2,2
32708,201600014175,1.0,1,4,2,11.0,0.0,0.0,0.0,1995.0,A01,2.0,7,0,0.0,2.0,1.0,2.0,2,27,2100,5,2,1,3,2,4,7,2,2
32709,201600014176,1.0,1,4,1,21.0,0.0,0.0,0.0,1984.0,A01,2.0,32,0,0.0,0.0,1.0,1.0,2,28,715,5,2,1,3,6,1,32,1,1
32710,201600014177,1.0,1,3,1,13.0,0.0,0.0,0.0,1989.0,A01,0.0,7,0,9.0,0.0,2.0,1.0,2,28,1520,1,2,1,1,6,3,7,2,2
32711,201600014177,2.0,2,3,1,13.0,0.0,0.0,0.0,1988.0,A01,0.0,7,0,9.0,0.0,2.0,1.0,2,28,1520,1,2,1,1,6,3,7,2,2
32712,201600014178,1.0,1,1,1,11.0,0.0,0.0,0.0,1990.0,A01,2.0,7,0,0.0,1.0,0.0,0.0,2,28,1820,2,2,1,1,6,4,7,2,2
32713,201600014178,0.0,3,4,2,0.0,2.0,3.0,2.0,1994.0,A01,2.0,7,0,0.0,1.0,0.0,0.0,2,28,1820,2,2,1,1,6,4,7,2,2
32714,201600014179,1.0,1,4,1,11.0,0.0,0.0,0.0,1967.0,B01,0.0,7,0,0.0,2.0,1.0,1.0,2,28,2100,5,2,3,2,3,4,7,2,2
32715,201600014179,1.0,1,1,1,13.0,0.0,0.0,0.0,1988.0,A01,1.0,7,0,0.0,2.0,3.0,9.0,2,28,2100,5,2,3,2,3,4,7,2,2
32716,201600014180,1.0,1,3,1,21.0,0.0,0.0,0.0,1991.0,B01,1.0,30,0,0.0,2.0,1.0,1.0,2,28,2115,5,2,2,2,3,4,7,1,2
32717,201600014180,1.0,1,1,2,11.0,0.0,0.0,0.0,1992.0,A01,1.0,7,0,0.0,2.0,3.0,19.0,2,28,2115,5,2,2,2,3,4,30,2,1
32718,201600014181,1.0,1,4,1,21.0,0.0,0.0,0.0,1996.0,B01,2.0,30,0,0.0,2.0,1.0,1.0,2,28,2230,5,2,1,2,3,5,7,1,2
32719,201600014181,1.0,1,1,1,11.0,0.0,0.0,0.0,1962.0,A01,1.0,7,0,0.0,2.0,6.0,15.0,2,28,2230,5,2,1,2,3,5,30,2,1
32720,201600014182,1.0,1,4,1,23.0,0.0,0.0,0.0,1977.0,B01,2.0,32,0,0.0,2.0,1.0,1.0,2,29,1130,1,2,1,1,1,1,10,1,2
32721,201600014182,1.0,1,1,1,13.0,0.0,0.0,0.0,1994.0,A01,1.0,10,0,0.0,2.0,2.0,10.0,2,29,1130,1,2,1,1,1,1,32,2,1
32722,201600014183,1.0,1,1,1,13.0,0.0,0.0,0.0,1948.0,A01,1.0,7,0,0.0,2.0,3.0,15.0,2,29,1130,1,2,1,1,3,1,30,2,1
32723,201600014183,1.0,1,1,1,23.0,0.0,0.0,0.0,1980.0,B01,1.0,30,0,0.0,2.0,0.0,0.0,2,29,1130,1,2,1,1,3,1,7,1,2
32724,201600014183,2.0,2,4,1,21.0,0.0,0.0,0.0,1985.0,B01,1.0,30,0,0.0,2.0,0.0,0.0,2,29,1130,1,2,1,1,3,1,7,1,2
32725,201600014184,1.0,1,4,1,93.0,0.0,0.0,0.0,1998.0,A01,1.0,30,0,15.0,0.0,0.0,2.0,2,29,1630,1,2,1,1,7,3,30,1,1
32726,201600014185,1.0,1,3,1,23.0,0.0,0.0,0.0,1985.0,B01,1.0,2,0,0.0,2.0,6.0,16.0,2,29,1445,1,2,3,1,3,3,10,1,2
32727,201600014185,1.0,1,1,1,11.0,0.0,0.0,0.0,1982.0,A01,1.0,10,0,0.0,2.0,1.0,1.0,2,29,1445,1,2,3,1,3,3,2,2,1
32728,201600014186,1.0,1,3,1,13.0,0.0,0.0,0.0,1981.0,B01,1.0,7,0,0.0,2.0,4.0,2.0,2,29,1700,1,2,1,1,4,3,7,2,2
32729,201600014186,1.0,1,1,1,13.0,0.0,0.0,0.0,1987.0,A01,1.0,7,0,0.0,2.0,4.0,15.0,2,29,1700,1,2,1,1,4,3,7,2,2
32730,201600014187,1.0,1,4,1,23.0,0.0,0.0,0.0,1967.0,B01,1.0,31,0,0.0,2.0,4.0,2.0,2,29,1900,5,2,1,1,2,4,31,1,1
32731,201600014188,1.0,1,4,1,13.0,0.0,0.0,0.0,1975.0,B01,1.0,7,0,0.0,2.0,1.0,1.0,2,29,1930,5,2,6,1,3,4,7,2,2
32732,201600014188,1.0,1,4,1,13.0,0.0,0.0,0.0,1994.0,A01,1.0,7,0,0.0,2.0,1.0,9.0,2,29,1930,5,2,6,1,3,4,7,2,2
32733,201600014189,1.0,1,4,1,21.0,0.0,0.0,0.0,1997.0,A01,2.0,31,0,0.0,0.0,0.0,1.0,3,1,730,1,2,1,1,7,1,31,1,1
32734,201600014190,1.0,1,3,1,13.0,0.0,0.0,0.0,1968.0,B01,1.0,7,0,0.0,2.0,4.0,2.0,3,1,1050,1,2,1,1,4,1,7,2,2
32735,201600014190,1.0,1,1,1,13.0,0.0,0.0,0.0,1970.0,A01,1.0,7,0,0.0,2.0,1.0,2.0,3,1,1050,1,2,1,1,4,1,7,2,2
32736,201600014191,0.0,3,4,1,0.0,2.0,3.0,1.0,1931.0,Z01,1.0,7,0,0.0,1.0,1.0,1.0,3,1,1031,1,1,1,1,6,1,7,2,2
32737,201600014192,1.0,1,1,2,13.0,0.0,0.0,0.0,1951.0,A01,1.0,7,0,0.0,2.0,3.0,13.0,3,1,1040,1,2,1,1,3,1,7,2,2
32738,201600014192,1.0,1,4,1,13.0,0.0,0.0,0.0,1959.0,B01,1.0,7,0,0.0,2.0,3.0,1.0,3,1,1040,1,2,1,1,3,1,7,2,2