,Num_Acc,place,catu,grav,sexe,secu,locp,actp,etatp,an_nais,num_veh,senc,catv,occutc,obs,obsm,choc,manv,mois,jour,hrmn,lum,agg,int,atm,col,mom,catvopp,catv_gen,catvopp_gen
32739,201600014193,1.0,1,1,1,13.0,0.0,0.0,0.0,1992.0,A01,1.0,7,0,0.0,9.0,8.0,11.0,2,19,1920,5,2,1,1,6,4,30,2,1
32740,201600014193,1.0,1,4,1,21.0,0.0,0.0,0.0,1963.0,B01,1.0,30,0,0.0,1.0,7.0,17.0,2,19,1920,5,2,1,1,6,4,7,1,2
32741,201600014193,0.0,3,4,1,0.0,5.0,9.0,1.0,1992.0,B01,1.0,30,0,0.0,1.0,7.0,17.0,2,19,1920,5,2,1,1,6,4,7,1,2
32742,201600014194,1.0,1,1,1,11.0,0.0,0.0,0.0,1984.0,B01,1.0,7,0,0.0,2.0,3.0,15.0,3,1,1615,1,1,1,1,3,3,32,2,1
32743,201600014194,1.0,1,3,1,21.0,0.0,0.0,0.0,1959.0,A01,1.0,32,0,0.0,2.0,7.0,17.0,3,1,1615,1,1,1,1,3,3,7,1,2
32744,201600014195,1.0,1,1,1,11.0,0.0,0.0,0.0,1994.0,B01,1.0,7,0,0.0,2.0,2.0,2.0,2,26,1100,1,2,1,1,3,1,2,2,1
32745,201600014195,1.0,1,1,1,22.0,0.0,0.0,0.0,2000.0,A01,1.0,2,0,0.0,2.0,3.0,9.0,2,26,1100,1,2,1,1,3,1,7,1,2
32746,201600014195,2.0,2,4,1,22.0,0.0,0.0,0.0,1997.0,A01,1.0,2,0,0.0,2.0,3.0,9.0,2,26,1100,1,2,1,1,3,1,7,1,2
32747,201600014196,0.0,3,4,1,0.0,0.0,3.0,1.0,1926.0,Z01,1.0,7,0,0.0,1.0,0.0,0.0,3,1,1535,1,2,1,1,6,3,7,2,2
32748,201600014197,1.0,1,4,2,11.0,0.0,0.0,0.0,1976.0,A01,2.0,7,0,0.0,2.0,2.0,1.0,3,1,1256,1,1,1,1,6,2,7,2,2
32749,201600014198,1.0,1,3,1,21.0,0.0,0.0,0.0,1977.0,B01,2.0,30,0,0.0,2.0,1.0,1.0,3,1,2130,5,2,1,1,6,4,7,1,2
32750,201600014198,1.0,1,1,1,11.0,0.0,0.0,0.0,1993.0,A01,2.0,7,0,0.0,2.0,2.0,12.0,3,1,2130,5,2,1,1,6,4,30,2,1
32751,201600014199,1.0,1,1,1,13.0,0.0,0.0,0.0,1946.0,A01,1.0,7,0,0.0,2.0,2.0,19.0,3,1,845,1,2,1,1,3,1,33,2,1
32752,201600014199,1.0,1,3,1,23.0,0.0,0.0,0.0,1965.0,B01,2.0,33,0,0.0,2.0,8.0,1.0,3,1,845,1,2,1,1,3,1,7,1,2
32753,201600014200,1.0,1,1,1,13.0,0.0,0.0,0.0,1993.0,A01,1.0,7,0,0.0,2.0,0.0,0.0,3,1,845,1,2,1,1,3,1,31,2,1
32754,201600014200,1.0,1,4,1,23.0,0.0,0.0,0.0,1963.0,B01,1.0,31,0,0.0,2.0,0.0,1.0,3,1,845,1,2,1,1,3,1,7,1,2
32755,201600014201,1.0,1,4,1,21.0,0.0,0.0,0.0,1992.0,A01,1.0,31,0,0.0,2.0,3.0,14.0,3,2,1020,1,2,1,1,6,1,31,1,1
32756,201600014202,1.0,1,1,1,21.0,0.0,0.0,0.0,1981.0,A01,1.0,30,0,0.0,2.0,0.0,16.0,3,1,2000,5,2,3,1,1,4,30,1,1
32757,201600014202,1.0,1,4,1,21.0,0.0,0.0,0.0,1991.0,B01,2.0,30,0,0.0,2.0,0.0,0.0,3,1,2000,5,2,3,1,1,4,30,1,1
32758,201600014203,1.0,1,4,1,21.0,0.0,0.0,0.0,2000.0,B01,2.0,2,0,0.0,2.0,1.0,0.0,3,2,1135,1,2,1,1,3,1,7,1,2
32759,201600014203,1.0,1,1,2,11.0,0.0,0.0,0.0,1996.0,A01,2.0,7,0,0.0,2.0,8.0,10.0,3,2,1135,1,2,1,1,3,1,2,2,1
32760,201600014204,1.0,1,3,1,21.0,0.0,0.0,0.0,1940.0,B01,1.0,32,0,0.0,2.0,2.0,1.0,3,1,1930,5,2,1,1,3,4,7,1,2
32761,201600014204,1.0,1,1,1,11.0,0.0,0.0,0.0,1993.0,A01,0.0,7,0,0.0,2.0,2.0,0.0,3,1,1930,5,2,1,1,3,4,32,2,1
32762,201600014205,1.0,1,3,1,21.0,0.0,0.0,0.0,1990.0,B01,1.0,30,0,0.0,2.0,1.0,1.0,2,23,905,1,2,4,1,3,1,7,1,2
32763,201600014205,1.0,1,1,1,11.0,0.0,0.0,0.0,1953.0,A01,1.0,7,0,0.0,2.0,2.0,10.0,2,23,905,1,2,4,1,3,1,30,2,1
32764,201600014206,1.0,1,1,1,13.0,0.0,0.0,0.0,1973.0,C01,1.0,7,0,0.0,2.0,8.0,1.0,3,3,800,2,2,1,1,5,1,10,2,2
32765,201600014206,1.0,1,3,1,12.0,0.0,0.0,0.0,1976.0,A01,2.0,7,0,0.0,2.0,3.0,13.0,3,3,800,2,2,1,1,5,1,10,2,2
32766,201600014206,1.0,1,4,1,13.0,0.0,0.0,0.0,1962.0,B01,1.0,10,0,0.0,2.0,3.0,1.0,3,3,800,2,2,1,1,5,1,7,2,2
32767,201600014207,1.0,1,1,2,13.0,0.0,0.0,0.0,1987.0,A01,2.0,7,0,0.0,2.0,3.0,17.0,3,1,1315,1,2,1,1,6,2,33,2,1
32768,201600014207,1.0,1,4,1,23.0,0.0,0.0,0.0,1994.0,B01,1.0,33,0,0.0,2.0,1.0,21.0,3,1,1315,1,2,1,1,6,2,7,1,2
32769,201600014207,1.0,1,1,1,13.0,0.0,0.0,0.0,1978.0,C01,2.0,7,0,0.0,2.0,3.0,1.0,3,1,1315,1,2,1,1,6,2,33,2,1
32770,201600014207,2.0,2,1,1,13.0,0.0,0.0,0.0,1948.0,C01,2.0,7,0,0.0,2.0,3.0,1.0,3,1,1315,1,2,1,1,6,2,33,2,1
32771,201600014207,2.0,2,1,2,13.0,0.0,0.0,0.0,1951.0,C01,2.0,7,0,0.0,2.0,3.0,1.0,3,1,1315,1,2,1,1,6,2,33,2,1
32772,201600014208,1.0,1,1,1,11.0,0.0,0.0,0.0,1994.0,A01,2.0,7,0,0.0,1.0,8.0,1.0,2,20,1200,1,2,1,1,6,2,7,2,2
32773,201600014208,0.0,3,4,1,0.0,2.0,5.0,1.0,1950.0,A01,2.0,7,0,0.0,1.0,8.0,1.0,2,20,1200,1,2,1,1,6,2,7,2,2
32774,201600014209,1.0,1,1,1,13.0,0.0,0.0,0.0,1981.0,A01,2.0,10,0,10.0,1.0,1.0,24.0,2,26,1040,1,2,3,1,6,1,10,2,2
32775,201600014209,0.0,3,4,1,0.0,5.0,9.0,1.0,1932.0,A01,2.0,10,0,10.0,1.0,1.0,24.0,2,26,1040,1,2,3,1,6,1,10,2,2
32776,201600014210,1.0,1,3,1,21.0,0.0,0.0,0.0,1984.0,B01,1.0,34,0,0.0,2.0,1.0,1.0,3,3,2000,5,2,3,1,3,4,7,1,2
32777,201600014210,1.0,1,1,2,11.0,0.0,0.0,0.0,1975.0,A01,2.0,7,0,0.0,2.0,3.0,15.0,3,3,2000,5,2,3,1,3,4,34,2,1
32778,201600014211,0.0,3,4,2,0.0,2.0,3.0,1.0,1982.0,Z01,2.0,7,0,0.0,1.0,2.0,1.0,3,4,1545,1,2,1,1,6,3,7,2,2
32779,201600014212,1.0,1,3,1,11.0,0.0,0.0,0.0,1990.0,A01,2.0,7,0,0.0,2.0,2.0,1.0,3,4,1750,1,2,1,8,3,3,7,2,2
32780,201600014213,1.0,1,4,1,21.0,0.0,0.0,0.0,1977.0,B01,1.0,31,0,0.0,2.0,2.0,0.0,3,4,1820,1,2,2,1,3,4,7,1,2
32781,201600014213,1.0,1,1,1,11.0,0.0,0.0,0.0,1977.0,A01,1.0,7,0,0.0,2.0,3.0,1.0,3,4,1820,1,2,2,1,3,4,31,2,1
32782,201600014214,1.0,1,1,1,11.0,0.0,0.0,0.0,1984.0,B01,1.0,7,0,0.0,2.0,1.0,9.0,3,4,2115,5,2,3,1,3,4,7,2,2
32783,201600014214,1.0,1,4,2,11.0,0.0,0.0,0.0,1971.0,A01,1.0,7,0,4.0,2.0,7.0,1.0,3,4,2115,5,2,3,1,3,4,7,2,2
32784,201600014214,2.0,2,4,1,11.0,0.0,0.0,0.0,1972.0,A01,1.0,7,0,4.0,2.0,7.0,1.0,3,4,2115,5,2,3,1,3,4,7,2,2
32785,201600014215,1.0,1,1,1,11.0,0.0,0.0,0.0,1976.0,A01,1.0,7,0,0.0,2.0,6.0,9.0,3,4,2020,5,2,1,1,3,4,33,2,1
32786,201600014215,1.0,1,4,1,21.0,0.0,0.0,0.0,1988.0,B01,1.0,33,0,0.0,2.0,1.0,1.0,3,4,2020,5,2,1,1,3,4,7,1,2
32787,201600014215,2.0,2,4,1,21.0,0.0,0.0,0.0,2003.0,B01,1.0,33,0,0.0,2.0,1.0,1.0,3,4,2020,5,2,1,1,3,4,7,1,2
32788,201600014216,2.0,2,2,1,11.0,0.0,0.0,0.0,1976.0,A01,1.0,7,0,2.0,0.0,1.0,14.0,3,5,400,5,2,1,2,6,0,7,2,2
32789,201600014216,1.0,1,4,2,11.0,0.0,0.0,0.0,1977.0,A01,1.0,7,0,2.0,0.0,1.0,14.0,3,5,400,5,2,1,2,6,0,7,2,2
32790,201600014217,1.0,1,1,1,11.0,0.0,0.0,0.0,1970.0,A01,1.0,7,0,0.0,2.0,1.0,1.0,3,4,1530,1,2,1,1,2,3,33,2,1
32791,201600014217,1.0,1,3,1,21.0,0.0,0.0,0.0,1977.0,B01,1.0,33,0,0.0,2.0,4.0,1.0,3,4,1530,1,2,1,1,2,3,7,1,2
32792,201600014218,1.0,1,4,2,11.0,0.0,0.0,0.0,1995.0,B01,1.0,7,0,1.0,0.0,1.0,0.0,3,4,1620,1,2,1,1,6,3,7,2,2
32793,201600014218,1.0,1,1,1,11.0,0.0,0.0,0.0,1932.0,A01,1.0,7,0,0.0,2.0,9.0,0.0,3,4,1620,1,2,1,1,6,3,7,2,2
32794,201600014219,1.0,1,1,2,11.0,0.0,0.0,0.0,1982.0,A01,1.0,7,0,0.0,2.0,0.0,0.0,3,5,530,3,2,2,3,3,0,7,2,2
32795,201600014219,1.0,1,4,1,11.0,0.0,0.0,0.0,1994.0,B01,1.0,7,0,0.0,2.0,0.0,0.0,3,5,530,3,2,2,3,3,0,7,2,2
32796,201600014220,1.0,1,4,1,11.0,0.0,0.0,0.0,1987.0,B01,1.0,7,0,0.0,2.0,6.0,1.0,3,5,1225,1,2,1,1,5,2,37,2,3
32797,201600014220,1.0,1,1,1,11.0,0.0,0.0,0.0,1971.0,C01,1.0,37,0,0.0,2.0,2.0,1.0,3,5,1225,1,2,1,1,5,2,7,3,2
32798,201600014220,1.0,1,1,1,11.0,0.0,0.0,0.0,1979.0,A01,1.0,7,0,0.0,2.0,2.0,1.0,3,5,1225,1,2,1,1,5,2,37,2,3
32799,201600014220,1.0,1,1,1,11.0,0.0,0.0,0.0,1990.0,D01,1.0,7,0,0.0,2.0,6.0,23.0,3,5,1225,1,2,1,1,5,2,37,2,3
32800,201600014221,1.0,1,4,1,21.0,0.0,0.0,0.0,1985.0,B01,2.0,32,0,0.0,2.0,1.0,1.0,3,5,2110,5,2,2,1,3,4,7,1,2
32801,201600014221,1.0,1,1,1,13.0,0.0,0.0,0.0,1992.0,A01,2.0,7,0,0.0,2.0,7.0,1.0,3,5,2110,5,2,2,1,3,4,32,2,1
32802,201600014222,1.0,1,3,1,21.0,0.0,0.0,0.0,1996.0,A01,1.0,30,0,0.0,2.0,7.0,0.0,3,5,2145,5,2,1,1,3,4,7,1,2
32803,201600014222,1.0,1,1,1,11.0,0.0,0.0,0.0,1979.0,B01,1.0,7,0,0.0,2.0,1.0,0.0,3,5,2145,5,2,1,1,3,4,30,2,1
32804,201600014223,1.0,1,4,1,11.0,0.0,0.0,0.0,1983.0,A01,1.0,7,0,0.0,2.0,3.0,10.0,2,15,1550,1,2,1,1,3,3,7,2,2
32805,201600014223,1.0,1,1,1,11.0,0.0,0.0,0.0,1963.0,B01,1.0,7,0,0.0,2.0,1.0,2.0,2,15,1550,1,2,1,1,3,3,7,2,2
32806,201600014224,1.0,1,1,1,13.0,0.0,0.0,0.0,1966.0,C01,1.0,37,0,0.0,2.0,1.0,0.0,2,26,1325,1,2,1,1,4,2,33,3,1
32807,201600014224,1.0,1,3,1,21.0,0.0,0.0,0.0,1982.0,B01,1.0,33,0,0.0,2.0,1.0,0.0,2,26,1325,1,2,1,1,4,2,37,1,3
32808,201600014224,1.0,1,1,1,11.0,0.0,0.0,0.0,1988.0,A01,1.0,7,0,0.0,2.0,4.0,0.0,2,26,1325,1,2,1,1,4,2,33,2,1
32809,201600014225,1.0,1,2,1,21.0,0.0,0.0,0.0,1962.0,A01,1.0,32,0,0.0,2.0,1.0,13.0,3,6,645,1,2,1,1,1,1,37,1,3
32810,201600014225,1.0,1,1,1,93.0,0.0,0.0,0.0,1955.0,B01,1.0,37,0,0.0,2.0,1.0,1.0,3,6,645,1,2,1,1,1,1,32,3,1
32811,201600014226,1.0,1,1,2,11.0,0.0,0.0,0.0,1981.0,B01,1.0,7,0,0.0,2.0,1.0,1.0,3,4,1330,1,2,1,1,1,2,2,2,1
32812,201600014226,1.0,1,3,1,23.0,0.0,0.0,0.0,1999.0,A01,1.0,2,0,0.0,2.0,1.0,5.0,3,4,1330,1,2,1,1,1,2,7,1,2
32813,201600014227,1.0,1,4,1,11.0,0.0,0.0,0.0,1970.0,B01,1.0,10,0,0.0,2.0,1.0,15.0,3,6,920,1,2,1,1,5,1,7,2,2
32814,201600014227,1.0,1,1,1,11.0,0.0,0.0,0.0,1995.0,C01,1.0,7,0,0.0,2.0,1.0,1.0,3,6,920,1,2,1,1,5,1,10,2,2
32815,201600014227,1.0,1,4,1,11.0,0.0,0.0,0.0,1993.0,A01,2.0,7,0,0.0,2.0,1.0,1.0,3,6,920,1,2,1,1,5,1,10,2,2
32816,201600014228,1.0,1,4,1,23.0,0.0,0.0,0.0,1975.0,C01,1.0,2,0,0.0,2.0,8.0,1.0,3,6,1330,1,2,1,1,5,2,2,1,1
32817,201600014228,1.0,1,4,1,23.0,0.0,0.0,0.0,1999.0,A01,1.0,2,0,0.0,2.0,0.0,0.0,3,6,1330,1,2,1,1,5,2,2,1,1
32818,201600014229,1.0,1,1,1,13.0,0.0,0.0,0.0,1989.0,C01,1.0,7,0,0.0,2.0,0.0,0.0,3,6,2030,5,2,1,1,3,4,33,2,1
32819,201600014229,1.0,1,4,1,22.0,0.0,0.0,0.0,1999.0,A01,1.0,33,0,1.0,2.0,3.0,1.0,3,6,2030,5,2,1,1,3,4,7,1,2
32820,201600014230,1.0,1,3,1,13.0,0.0,0.0,0.0,1997.0,A01,1.0,7,0,8.0,0.0,1.0,16.0,3,7,35,4,2,1,1,6,0,7,2,2
32821,201600014230,2.0,2,3,1,13.0,0.0,0.0,0.0,1995.0,A01,1.0,7,0,8.0,0.0,1.0,16.0,3,7,35,4,2,1,1,6,0,7,2,2
32822,201600014231,1.0,1,4,1,21.0,0.0,0.0,0.0,1985.0,B01,1.0,32,0,0.0,2.0,1.0,0.0,3,7,710,1,2,1,1,3,1,7,1,2
32823,201600014231,1.0,1,1,1,11.0,0.0,0.0,0.0,1975.0,A01,1.0,7,0,0.0,2.0,8.0,15.0,3,7,710,1,2,1,1,3,1,32,2,1
32824,201600014232,1.0,1,3,1,21.0,0.0,0.0,0.0,1972.0,B01,0.0,33,0,0.0,2.0,7.0,0.0,3,7,730,1,2,1,1,3,1,7,1,2
32825,201600014232,1.0,1,1,1,11.0,0.0,0.0,0.0,1973.0,A01,1.0,7,0,0.0,2.0,1.0,19.0,3,7,730,1,2,1,1,3,1,33,2,1
32826,201600014233,1.0,1,1,1,11.0,0.0,0.0,0.0,1987.0,C01,1.0,7,0,0.0,2.0,0.0,0.0,3,3,1200,1,2,1,1,5,2,7,2,2
32827,201600014233,1.0,1,4,1,11.0,0.0,0.0,0.0,1992.0,B01,1.0,7,0,0.0,2.0,0.0,0.0,3,3,1200,1,2,1,1,5,2,7,2,2
32828,201600014234,1.0,1,4,1,23.0,0.0,0.0,0.0,1956.0,A01,0.0,34,0,0.0,0.0,0.0,0.0,3,7,1130,1,2,1,1,7,1,34,1,1
32829,201600014235,1.0,1,1,1,11.0,0.0,0.0,0.0,1968.0,A01,1.0,7,0,0.0,2.0,7.0,10.0,2,25,1940,5,2,1,1,3,4,33,2,1
32830,201600014235,1.0,1,3,1,21.0,0.0,0.0,0.0,1981.0,B01,1.0,33,0,0.0,2.0,1.0,1.0,2,25,1940,5,2,1,1,3,4,7,1,2
32831,201600014236,1.0,1,3,1,21.0,0.0,0.0,0.0,1974.0,A01,1.0,34,0,0.0,0.0,8.0,1.0,3,7,1340,1,2,1,1,7,2,34,1,1
32832,201600014237,1.0,1,4,2,11.0,0.0,0.0,0.0,1979.0,A01,2.0,7,0,8.0,0.0,3.0,0.0,3,7,1330,1,2,1,1,3,2,7,2,2
32833,201600014238,1.0,1,4,1,21.0,0.0,0.0,0.0,1988.0,A01,1.0,34,0,0.0,2.0,3.0,1.0,3,7,1320,1,2,1,1,3,2,34,1,1
32834,201600014239,1.0,1,1,1,21.0,0.0,0.0,0.0,1997.0,A01,1.0,30,0,0.0,2.0,3.0,0.0,3,4,1015,1,2,1,1,3,1,7,1,2
32835,201600014239,2.0,2,4,1,21.0,0.0,0.0,0.0,1997.0,A01,1.0,30,0,0.0,2.0,3.0,0.0,3,4,1015,1,2,1,1,3,1,7,1,2
32836,201600014239,1.0,1,1,1,11.0,0.0,0.0,0.0,1963.0,B01,1.0,7,0,0.0,2.0,2.0,1.0,3,4,1015,1,2,1,1,3,1,30,2,1
32837,201600014240,1.0,1,4,1,23.0,0.0,0.0,0.0,1973.0,B01,1.0,32,0,0.0,2.0,1.0,1.0,3,8,725,1,2,4,1,3,1,7,1,2
32838,201600014240,1.0,1,1,1,13.0,0.0,0.0,0.0,1970.0,A01,1.0,7,0,0.0,2.0,1.0,15.0,3,8,725,1,2,4,1,3,1,32,2,1
32839,201600014241,1.0,1,4,1,21.0,0.0,0.0,0.0,1967.0,A01,1.0,2,0,0.0,0.0,0.0,0.0,3,8,730,1,2,3,1,7,1,2,1,1
32840,201600014242,1.0,1,1,2,21.0,0.0,0.0,0.0,1990.0,A01,1.0,2,0,0.0,1.0,1.0,17.0,2,13,2045,5,2,1,1,6,4,2,1,1
32841,201600014242,0.0,3,4,2,0.0,0.0,3.0,1.0,1953.0,A01,1.0,2,0,0.0,1.0,1.0,17.0,2,13,2045,5,2,1,1,6,4,2,1,1
32842,201600014243,1.0,1,4,1,21.0,0.0,0.0,0.0,1965.0,A01,1.0,33,0,0.0,2.0,7.0,2.0,3,8,1400,1,2,1,1,3,3,7,1,2
32843,201600014243,1.0,1,1,1,11.0,0.0,0.0,0.0,1949.0,B01,1.0,7,0,0.0,2.0,3.0,15.0,3,8,1400,1,2,1,1,3,3,33,2,1
32844,201600014244,1.0,1,1,1,11.0,0.0,0.0,0.0,1993.0,B01,1.0,7,0,0.0,2.0,8.0,9.0,3,8,1230,1,2,1,1,3,2,33,2,1
32845,201600014244,1.0,1,4,1,21.0,0.0,0.0,0.0,1943.0,A01,1.0,33,0,0.0,2.0,4.0,1.0,3,8,1230,1,2,1,1,3,2,7,1,2
32846,201600014245,1.0,1,1,1,11.0,0.0,0.0,0.0,1976.0,A01,1.0,7,0,0.0,1.0,1.0,15.0,3,8,1500,1,2,8,1,6,3,7,2,2
32847,201600014245,0.0,3,4,2,0.0,4.0,1.0,1.0,1999.0,A01,1.0,7,0,0.0,1.0,1.0,15.0,3,8,1500,1,2,8,1,6,3,7,2,2
32848,201600014246,1.0,1,4,1,22.0,0.0,0.0,0.0,1986.0,A01,1.0,32,0,0.0,2.0,2.0,17.0,3,7,1925,5,2,1,1,3,4,7,1,2
32849,201600014246,1.0,1,1,1,11.0,0.0,0.0,0.0,1989.0,B01,1.0,7,0,0.0,2.0,3.0,15.0,3,7,1925,5,2,1,1,3,4,32,2,1
32850,201600014247,1.0,1,4,2,11.0,0.0,0.0,0.0,1961.0,A01,1.0,7,0,0.0,2.0,4.0,0.0,3,8,1440,1,2,1,1,4,3,7,2,2
32851,201600014247,1.0,1,1,1,11.0,0.0,0.0,0.0,1983.0,B01,1.0,7,0,0.0,2.0,0.0,0.0,3,8,1440,1,2,1,1,4,3,7,2,2
32852,201600014248,1.0,1,1,1,11.0,0.0,0.0,0.0,1954.0,B01,2.0,7,0,0.0,2.0,1.0,1.0,3,8,1815,2,2,1,1,2,4,7,2,2
32853,201600014248,1.0,1,4,1,11.0,0.0,0.0,0.0,1965.0,A01,2.0,7,0,0.0,2.0,4.0,1.0,3,8,1815,2,2,1,1,2,4,7,2,2
32854,201600014249,1.0,1,1,1,11.0,0.0,0.0,0.0,1951.0,A01,1.0,7,0,0.0,2.0,1.0,2.0,3,8,1805,1,2,1,1,2,4,32,2,1
32855,201600014249,2.0,2,1,2,11.0,0.0,0.0,0.0,1949.0,A01,1.0,7,0,0.0,2.0,1.0,2.0,3,8,1805,1,2,1,1,2,4,32,2,1
32856,201600014249,1.0,1,3,2,21.0,0.0,0.0,0.0,1982.0,B01,1.0,32,0,0.0,2.0,0.0,0.0,3,8,1805,1,2,1,1,2,4,7,1,2
32857,201600014250,2.0,2,4,1,21.0,0.0,0.0,0.0,1998.0,B01,2.0,30,0,0.0,2.0,1.0,2.0,3,7,1630,1,2,3,1,3,3,7,1,2
32858,201600014250,1.0,1,4,1,21.0,0.0,0.0,0.0,1998.0,B01,2.0,30,0,0.0,2.0,1.0,2.0,3,7,1630,1,2,3,1,3,3,7,1,2
32859,201600014250,1.0,1,1,1,11.0,0.0,0.0,0.0,1969.0,A01,2.0,7,0,0.0,2.0,3.0,15.0,3,7,1630,1,2,3,1,3,3,30,2,1
32860,201600014251,1.0,1,4,1,11.0,0.0,0.0,0.0,1953.0,A01,1.0,7,0,0.0,0.0,7.0,1.0,2,26,1045,1,2,1,1,7,1,7,2,2
32861,201600014252,1.0,1,4,1,13.0,0.0,0.0,0.0,1996.0,B01,1.0,7,0,0.0,2.0,2.0,1.0,3,8,930,1,2,2,1,3,1,10,2,2
32862,201600014252,1.0,1,1,1,13.0,0.0,0.0,0.0,1995.0,A01,2.0,10,0,0.0,2.0,3.0,1.0,3,8,930,1,2,2,1,3,1,7,2,2
32863,201600014253,1.0,1,1,1,11.0,0.0,0.0,0.0,1931.0,A01,0.0,7,0,0.0,2.0,2.0,15.0,2,24,1515,1,2,3,1,3,3,33,2,1
32864,201600014253,1.0,1,4,1,21.0,0.0,0.0,0.0,1985.0,B01,1.0,33,0,0.0,2.0,1.0,1.0,2,24,1515,1,2,3,1,3,3,7,1,2
32865,201600014254,0.0,3,4,1,0.0,3.0,3.0,2.0,2014.0,Z01,1.0,7,0,0.0,1.0,3.0,0.0,3,9,1015,1,2,1,1,6,1,7,2,2
32866,201600014255,1.0,1,1,1,11.0,0.0,0.0,0.0,1948.0,A01,1.0,7,0,0.0,2.0,7.0,10.0,12,13,1530,2,2,1,1,3,3,33,2,1
32867,201600014255,1.0,1,3,1,21.0,0.0,0.0,0.0,1983.0,B01,2.0,33,0,0.0,2.0,0.0,1.0,12,13,1530,2,2,1,1,3,3,7,1,2
32868,201600014256,1.0,1,4,1,21.0,0.0,0.0,0.0,1962.0,B01,1.0,31,0,0.0,2.0,3.0,0.0,3,7,1430,1,2,2,1,3,3,31,1,1
32869,201600014257,1.0,1,4,1,21.0,0.0,0.0,0.0,1977.0,B01,1.0,33,0,0.0,2.0,1.0,2.0,3,9,1700,1,2,1,1,3,3,33,1,1
32870,201600014258,1.0,1,4,1,21.0,0.0,0.0,0.0,1993.0,A01,2.0,34,0,0.0,2.0,4.0,17.0,3,9,2230,5,2,1,1,6,5,7,1,2
32871,201600014258,1.0,1,1,1,11.0,0.0,0.0,0.0,1982.0,B01,2.0,7,0,0.0,2.0,8.0,15.0,3,9,2230,5,2,1,1,6,5,34,2,1
32872,201600014259,0.0,3,4,1,0.0,2.0,3.0,1.0,1966.0,Z01,1.0,1,0,0.0,1.0,0.0,0.0,3,3,650,1,2,3,1,6,1,1,1,1
32873,201600014260,1.0,1,1,2,13.0,0.0,0.0,0.0,1971.0,A01,1.0,7,0,0.0,2.0,1.0,1.0,3,9,900,1,2,1,1,4,1,7,2,2
32874,201600014260,1.0,1,4,2,13.0,0.0,0.0,0.0,1963.0,B01,1.0,7,0,0.0,2.0,4.0,23.0,3,9,900,1,2,1,1,4,1,7,2,2
32875,201600014260,1.0,1,1,2,13.0,0.0,0.0,0.0,1984.0,C01,1.0,7,0,0.0,2.0,4.0,23.0,3,9,900,1,2,1,1,4,1,7,2,2
32876,201600014261,0.0,3,4,1,0.0,4.0,3.0,1.0,1942.0,A01,1.0,7,0,0.0,1.0,2.0,15.0,3,9,800,1,2,2,1,6,1,7,2,2
32877,201600014261,1.0,1,1,1,13.0,0.0,0.0,0.0,1975.0,A01,1.0,7,0,0.0,1.0,2.0,15.0,3,9,800,1,2,2,1,6,1,7,2,2
32878,201600014262,1.0,1,4,1,23.0,0.0,0.0,0.0,1995.0,A01,1.0,32,0,0.0,2.0,6.0,13.0,1,9,1400,1,2,2,1,2,3,33,1,1
32879,201600014262,1.0,1,4,1,21.0,0.0,0.0,0.0,1972.0,B01,1.0,33,0,0.0,2.0,2.0,1.0,1,9,1400,1,2,2,1,2,3,32,1,1
32880,201600014263,1.0,1,4,2,11.0,0.0,0.0,0.0,1951.0,A01,1.0,7,0,0.0,2.0,8.0,11.0,3,9,1820,2,2,1,1,3,4,7,2,2
32881,201600014263,1.0,1,4,1,11.0,0.0,0.0,0.0,1994.0,B01,1.0,7,0,0.0,2.0,1.0,1.0,3,9,1820,2,2,1,1,3,4,7,2,2
32882,201600014264,1.0,1,4,1,21.0,0.0,0.0,0.0,1959.0,B01,1.0,33,0,0.0,2.0,1.0,1.0,3,10,1300,1,2,1,1,3,2,7,1,2
32883,201600014264,1.0,1,1,2,11.0,0.0,0.0,0.0,1986.0,A01,1.0,7,0,0.0,2.0,7.0,15.0,3,10,1300,1,2,1,1,3,2,33,2,1
32884,201600014265,1.0,1,1,1,93.0,0.0,0.0,0.0,1979.0,B01,1.0,37,0,0.0,2.0,3.0,1.0,3,10,1639,1,1,1,1,3,3,7,3,2
32885,201600014265,2.0,2,4,2,11.0,0.0,0.0,0.0,1938.0,B01,1.0,37,0,0.0,2.0,3.0,1.0,3,10,1639,1,1,1,1,3,3,7,3,2
32886,201600014265,2.0,2,4,1,93.0,0.0,0.0,0.0,1959.0,B01,1.0,37,0,0.0,2.0,3.0,1.0,3,10,1639,1,1,1,1,3,3,7,3,2
32887,201600014265,8.0,2,4,2,93.0,0.0,0.0,0.0,1946.0,B01,1.0,37,0,0.0,2.0,3.0,1.0,3,10,1639,1,1,1,1,3,3,7,3,2
32888,201600014265,8.0,2,4,1,11.0,0.0,0.0,0.0,1952.0,B01,1.0,37,0,0.0,2.0,3.0,1.0,3,10,1639,1,1,1,1,3,3,7,3,2
32889,201600014265,8.0,2,4,2,93.0,0.0,0.0,0.0,1997.0,B01,1.0,37,0,0.0,2.0,3.0,1.0,3,10,1639,1,1,1,1,3,3,7,3,2
32890,201600014265,8.0,2,4,2,93.0,0.0,0.0,0.0,2016.0,B01,1.0,37,0,0.0,2.0,3.0,1.0,3,10,1639,1,1,1,1,3,3,7,3,2
32891,201600014265,1.0,1,1,1,13.0,0.0,0.0,0.0,1957.0,A01,1.0,7,0,0.0,2.0,0.0,0.0,3,10,1639,1,1,1,1,3,3,37,2,3