,Num_Acc,place,catu,grav,sexe,secu,locp,actp,etatp,an_nais,num_veh,senc,catv,occutc,obs,obsm,choc,manv,mois,jour,hrmn,lum,agg,int,atm,col,mom,catvopp,catv_gen,catvopp_gen
32892,201600014266,1.0,1,3,1,21.0,0.0,0.0,0.0,1984.0,A01,1.0,34,0,0.0,2.0,2.0,13.0,3,11,1320,1,2,1,1,2,2,7,1,2
32893,201600014266,1.0,1,1,1,13.0,0.0,0.0,0.0,1959.0,B01,1.0,7,0,0.0,2.0,6.0,15.0,3,11,1320,1,2,1,1,2,2,34,2,1
32894,201600014267,1.0,1,4,1,13.0,0.0,0.0,0.0,1978.0,A01,1.0,7,0,5.0,0.0,0.0,1.0,3,11,1502,1,2,1,1,6,3,7,2,2
32895,201600014268,1.0,1,1,1,11.0,0.0,0.0,0.0,1994.0,A01,1.0,7,0,0.0,1.0,7.0,1.0,3,11,1540,1,2,1,1,7,3,7,2,2
32896,201600014268,0.0,3,4,2,0.0,0.0,3.0,1.0,2003.0,A01,1.0,7,0,0.0,1.0,7.0,1.0,3,11,1540,1,2,1,1,7,3,7,2,2
32897,201600014269,1.0,1,1,1,11.0,0.0,0.0,0.0,1993.0,A01,1.0,7,0,0.0,2.0,1.0,2.0,3,11,1540,1,2,1,8,2,3,7,2,2
32898,201600014269,1.0,1,4,1,11.0,0.0,0.0,0.0,1992.0,B01,1.0,7,0,0.0,2.0,4.0,2.0,3,11,1540,1,2,1,8,2,3,7,2,2
32899,201600014269,2.0,2,4,2,11.0,0.0,0.0,0.0,1993.0,B01,1.0,7,0,0.0,2.0,4.0,2.0,3,11,1540,1,2,1,8,2,3,7,2,2
32900,201600014269,2.0,2,4,1,11.0,0.0,0.0,0.0,2015.0,B01,1.0,7,0,0.0,2.0,4.0,2.0,3,11,1540,1,2,1,8,2,3,7,2,2
32901,201600014269,4.0,2,1,1,11.0,0.0,0.0,0.0,2014.0,B01,1.0,7,0,0.0,2.0,4.0,2.0,3,11,1540,1,2,1,8,2,3,7,2,2
32902,201600014270,1.0,1,4,2,11.0,0.0,0.0,0.0,1948.0,B01,2.0,7,0,0.0,2.0,9.0,1.0,3,11,2020,5,2,1,1,5,4,2,2,1
32903,201600014270,1.0,1,1,2,21.0,0.0,0.0,0.0,1999.0,C01,2.0,2,0,0.0,2.0,4.0,23.0,3,11,2020,5,2,1,1,5,4,7,1,2
32904,201600014270,2.0,2,4,2,91.0,0.0,0.0,0.0,1999.0,C01,2.0,2,0,0.0,2.0,4.0,23.0,3,11,2020,5,2,1,1,5,4,7,1,2
32905,201600014270,1.0,1,1,1,11.0,0.0,0.0,0.0,1984.0,A01,2.0,7,0,0.0,2.0,1.0,2.0,3,11,2020,5,2,1,1,5,4,2,2,1
32906,201600014271,1.0,1,4,2,11.0,0.0,0.0,0.0,1988.0,A01,1.0,7,0,6.0,0.0,1.0,1.0,3,9,250,5,2,1,1,7,0,7,2,2
32907,201600014272,1.0,1,1,1,13.0,0.0,0.0,0.0,1967.0,A01,2.0,7,0,0.0,2.0,1.0,16.0,3,12,120,5,2,3,1,1,0,7,2,2
32908,201600014272,1.0,1,4,1,12.0,0.0,0.0,0.0,1996.0,B01,1.0,7,0,0.0,2.0,1.0,0.0,3,12,120,5,2,3,1,1,0,7,2,2
32909,201600014273,1.0,1,4,1,22.0,0.0,0.0,0.0,1956.0,B01,1.0,33,0,0.0,2.0,3.0,1.0,3,11,1240,1,2,1,1,6,2,7,1,2
32910,201600014273,1.0,1,1,2,13.0,0.0,0.0,0.0,1948.0,A01,1.0,7,0,0.0,2.0,1.0,15.0,3,11,1240,1,2,1,1,6,2,33,2,1
32911,201600014274,1.0,1,1,1,11.0,0.0,0.0,0.0,1966.0,A01,1.0,7,0,0.0,2.0,1.0,2.0,3,12,1315,1,1,6,1,3,2,7,2,2
32912,201600014274,1.0,1,1,1,11.0,0.0,0.0,0.0,1969.0,B01,1.0,7,0,0.0,2.0,5.0,2.0,3,12,1315,1,1,6,1,3,2,7,2,2
32913,201600014274,2.0,2,4,2,11.0,0.0,0.0,0.0,1984.0,B01,1.0,7,0,0.0,2.0,5.0,2.0,3,12,1315,1,1,6,1,3,2,7,2,2
32914,201600014274,3.0,2,4,2,11.0,0.0,0.0,0.0,2009.0,B01,1.0,7,0,0.0,2.0,5.0,2.0,3,12,1315,1,1,6,1,3,2,7,2,2
32915,201600014275,1.0,1,4,1,21.0,0.0,0.0,0.0,1956.0,B01,1.0,32,0,0.0,2.0,1.0,1.0,3,11,1915,2,2,6,1,3,4,7,1,2
32916,201600014275,1.0,1,1,1,11.0,0.0,0.0,0.0,1994.0,A01,1.0,7,0,0.0,2.0,7.0,16.0,3,11,1915,2,2,6,1,3,4,32,2,1
32917,201600014276,1.0,1,1,2,11.0,0.0,0.0,0.0,1985.0,B01,2.0,7,0,0.0,2.0,0.0,15.0,3,12,1435,1,2,1,1,7,3,33,2,1
32918,201600014276,1.0,1,4,1,21.0,0.0,0.0,0.0,1995.0,A01,1.0,33,0,13.0,0.0,8.0,1.0,3,12,1435,1,2,1,1,7,3,7,1,2
32919,201600014277,1.0,1,1,1,11.0,0.0,0.0,0.0,1996.0,A01,1.0,7,0,0.0,2.0,3.0,1.0,3,12,2130,5,2,6,1,3,4,33,2,1
32920,201600014277,1.0,1,3,1,23.0,0.0,0.0,0.0,1992.0,B01,2.0,33,0,0.0,2.0,1.0,1.0,3,12,2130,5,2,6,1,3,4,7,1,2
32921,201600014278,1.0,1,4,1,11.0,0.0,0.0,0.0,1959.0,A01,1.0,7,0,0.0,2.0,0.0,0.0,2,10,1335,1,2,3,1,1,2,7,2,2
32922,201600014279,2.0,2,4,2,11.0,0.0,0.0,0.0,1945.0,B01,1.0,10,0,0.0,2.0,8.0,11.0,3,13,900,1,2,3,1,3,1,10,2,2
32923,201600014279,1.0,1,1,1,11.0,0.0,0.0,0.0,1940.0,B01,1.0,10,0,0.0,2.0,8.0,11.0,3,13,900,1,2,3,1,3,1,10,2,2
32924,201600014279,1.0,1,1,1,11.0,0.0,0.0,0.0,1988.0,A01,1.0,10,0,0.0,2.0,7.0,0.0,3,13,900,1,2,3,1,3,1,10,2,2
32925,201600014280,1.0,1,1,1,11.0,0.0,0.0,0.0,1991.0,A01,1.0,7,0,0.0,2.0,1.0,1.0,3,13,125,5,2,1,1,3,0,7,2,2
32926,201600014280,2.0,2,3,1,11.0,0.0,0.0,0.0,1979.0,B01,1.0,7,0,0.0,2.0,7.0,1.0,3,13,125,5,2,1,1,3,0,7,2,2
32927,201600014280,1.0,1,3,1,11.0,0.0,0.0,0.0,1980.0,B01,1.0,7,0,0.0,2.0,7.0,1.0,3,13,125,5,2,1,1,3,0,7,2,2
32928,201600014281,1.0,1,4,2,13.0,0.0,0.0,0.0,1963.0,A01,1.0,7,0,0.0,2.0,3.0,15.0,3,14,656,2,2,1,1,3,1,34,2,1
32929,201600014281,1.0,1,4,1,23.0,0.0,0.0,0.0,1992.0,B01,2.0,34,0,0.0,2.0,1.0,1.0,3,14,656,2,2,1,1,3,1,7,1,2
32930,201600014282,0.0,3,4,1,0.0,8.0,0.0,1.0,1939.0,Z01,1.0,7,0,0.0,1.0,4.0,0.0,3,14,1245,1,2,1,1,6,2,7,2,2
32931,201600014283,1.0,1,1,1,21.0,0.0,0.0,0.0,1987.0,A01,1.0,34,0,0.0,1.0,1.0,1.0,3,14,1500,1,2,1,1,6,3,34,1,1
32932,201600014283,0.0,3,3,1,0.0,2.0,3.0,1.0,1933.0,A01,1.0,34,0,0.0,1.0,1.0,1.0,3,14,1500,1,2,1,1,6,3,34,1,1
32933,201600014284,1.0,1,1,2,11.0,0.0,0.0,0.0,1989.0,B01,2.0,7,0,0.0,2.0,3.0,19.0,3,14,1730,1,2,2,2,3,3,2,2,1
32934,201600014284,1.0,1,4,1,23.0,0.0,0.0,0.0,1963.0,A01,1.0,2,0,0.0,2.0,1.0,17.0,3,14,1730,1,2,2,2,3,3,7,1,2
32935,201600014285,1.0,1,1,2,11.0,0.0,0.0,0.0,1986.0,B01,2.0,7,0,0.0,2.0,0.0,0.0,3,14,2255,5,2,3,1,3,5,34,2,1
32936,201600014285,1.0,1,4,1,21.0,0.0,0.0,0.0,1978.0,A01,2.0,34,0,0.0,2.0,8.0,15.0,3,14,2255,5,2,3,1,3,5,7,1,2
32937,201600014286,1.0,1,4,1,11.0,0.0,0.0,0.0,1978.0,A01,1.0,7,0,8.0,2.0,3.0,1.0,3,14,2345,5,2,1,1,3,5,7,2,2
32938,201600014287,1.0,1,4,1,11.0,0.0,0.0,0.0,1962.0,A01,1.0,7,0,0.0,2.0,1.0,0.0,3,15,100,4,2,6,1,3,0,7,2,2
32939,201600014287,1.0,1,4,1,11.0,0.0,0.0,0.0,1990.0,B01,1.0,7,0,0.0,2.0,5.0,0.0,3,15,100,4,2,6,1,3,0,7,2,2
32940,201600014287,3.0,2,4,1,11.0,0.0,0.0,0.0,1991.0,B01,1.0,7,0,0.0,2.0,5.0,0.0,3,15,100,4,2,6,1,3,0,7,2,2
32941,201600014288,1.0,1,4,1,21.0,0.0,0.0,0.0,1969.0,A01,1.0,33,0,0.0,2.0,2.0,14.0,2,25,1145,1,2,1,1,6,1,7,1,2
32942,201600014288,1.0,1,1,2,11.0,0.0,0.0,0.0,1962.0,B01,1.0,7,0,0.0,2.0,3.0,1.0,2,25,1145,1,2,1,1,6,1,33,2,1
32943,201600014289,1.0,1,1,1,21.0,0.0,0.0,0.0,1992.0,A01,1.0,33,0,0.0,2.0,0.0,2.0,3,15,1730,1,2,1,1,3,3,33,1,1
32944,201600014289,2.0,2,4,2,21.0,0.0,0.0,0.0,1995.0,A01,1.0,33,0,0.0,2.0,0.0,2.0,3,15,1730,1,2,1,1,3,3,33,1,1
32945,201600014290,1.0,1,3,1,22.0,0.0,0.0,0.0,1985.0,A01,1.0,2,0,0.0,0.0,1.0,0.0,3,16,30,5,2,1,1,7,0,2,1,1
32946,201600014291,1.0,1,3,1,11.0,0.0,0.0,0.0,1985.0,B01,1.0,7,0,0.0,2.0,8.0,22.0,3,16,150,5,2,1,1,2,0,32,2,1
32947,201600014291,1.0,1,3,1,21.0,0.0,0.0,0.0,1987.0,A01,1.0,32,0,1.0,0.0,2.0,2.0,3,16,150,5,2,1,1,2,0,7,1,2
32948,201600014291,2.0,2,3,1,21.0,0.0,0.0,0.0,1973.0,A01,1.0,32,0,1.0,0.0,2.0,2.0,3,16,150,5,2,1,1,2,0,7,1,2
32949,201600014292,1.0,1,1,1,11.0,0.0,0.0,0.0,1936.0,A01,1.0,7,0,0.0,2.0,1.0,1.0,3,15,1045,1,2,1,1,3,1,2,2,1
32950,201600014292,1.0,1,1,1,21.0,0.0,0.0,0.0,1997.0,B01,1.0,2,0,0.0,2.0,1.0,1.0,3,15,1045,1,2,1,1,3,1,7,1,2
32951,201600014292,2.0,2,4,1,21.0,0.0,0.0,0.0,1997.0,B01,1.0,2,0,0.0,2.0,1.0,1.0,3,15,1045,1,2,1,1,3,1,7,1,2
32952,201600014293,1.0,1,1,1,11.0,0.0,0.0,0.0,1933.0,A01,1.0,7,0,0.0,1.0,3.0,15.0,3,15,1045,1,2,1,1,6,1,7,2,2
32953,201600014293,0.0,3,4,2,0.0,3.0,3.0,2.0,1935.0,A01,1.0,7,0,0.0,1.0,3.0,15.0,3,15,1045,1,2,1,1,6,1,7,2,2
32954,201600014294,1.0,1,4,1,23.0,0.0,0.0,0.0,1973.0,B01,2.0,32,0,0.0,2.0,1.0,1.0,3,15,1235,1,2,2,1,3,2,7,1,2
32955,201600014294,1.0,1,1,2,13.0,0.0,0.0,0.0,1991.0,A01,1.0,7,0,0.0,2.0,3.0,1.0,3,15,1235,1,2,2,1,3,2,32,2,1
32956,201600014295,1.0,1,3,2,11.0,0.0,0.0,0.0,1957.0,B01,1.0,7,0,0.0,2.0,4.0,0.0,3,16,720,2,2,1,2,2,1,7,2,2
32957,201600014295,1.0,1,1,1,11.0,0.0,0.0,0.0,1961.0,A01,1.0,7,0,0.0,2.0,1.0,1.0,3,16,720,2,2,1,2,2,1,7,2,2
32958,201600014296,1.0,1,1,1,13.0,0.0,0.0,0.0,1988.0,B01,1.0,7,0,0.0,2.0,3.0,20.0,3,14,1820,2,2,1,2,1,4,31,2,1
32959,201600014296,1.0,1,4,1,23.0,0.0,0.0,0.0,1962.0,A01,2.0,31,0,0.0,2.0,1.0,0.0,3,14,1820,2,2,1,2,1,4,7,1,2
32960,201600014297,1.0,1,1,1,11.0,0.0,0.0,0.0,1977.0,A01,2.0,7,0,0.0,1.0,4.0,4.0,3,16,915,1,2,1,2,6,1,7,2,2
32961,201600014297,0.0,3,4,2,0.0,4.0,3.0,1.0,1934.0,A01,2.0,7,0,0.0,1.0,4.0,4.0,3,16,915,1,2,1,2,6,1,7,2,2
32962,201600014298,1.0,1,1,2,11.0,0.0,0.0,0.0,1981.0,A01,2.0,7,0,0.0,2.0,8.0,15.0,3,15,1635,1,2,1,1,1,3,30,2,1
32963,201600014298,3.0,2,1,2,11.0,0.0,0.0,0.0,2009.0,A01,2.0,7,0,0.0,2.0,8.0,15.0,3,15,1635,1,2,1,1,1,3,30,2,1
32964,201600014298,1.0,1,4,1,21.0,0.0,0.0,0.0,2000.0,B01,2.0,30,0,0.0,2.0,1.0,1.0,3,15,1635,1,2,1,1,1,3,7,1,2
32965,201600014299,1.0,1,4,1,21.0,0.0,0.0,0.0,1992.0,A01,1.0,33,0,0.0,1.0,3.0,1.0,3,15,1850,2,2,1,1,6,4,33,1,1
32966,201600014299,0.0,3,4,2,0.0,2.0,3.0,1.0,1960.0,A01,1.0,33,0,0.0,1.0,3.0,1.0,3,15,1850,2,2,1,1,6,4,33,1,1
32967,201600014300,1.0,1,1,1,11.0,0.0,0.0,0.0,1971.0,A01,1.0,7,0,0.0,2.0,1.0,1.0,3,16,1340,1,2,3,2,3,2,7,2,2
32968,201600014300,2.0,2,3,2,13.0,0.0,0.0,0.0,1984.0,A01,1.0,7,0,0.0,2.0,1.0,1.0,3,16,1340,1,2,3,2,3,2,7,2,2
32969,201600014300,3.0,2,3,1,13.0,0.0,0.0,0.0,2007.0,A01,1.0,7,0,0.0,2.0,1.0,1.0,3,16,1340,1,2,3,2,3,2,7,2,2
32970,201600014300,4.0,2,1,2,13.0,0.0,0.0,0.0,2009.0,A01,1.0,7,0,0.0,2.0,1.0,1.0,3,16,1340,1,2,3,2,3,2,7,2,2
32971,201600014301,1.0,1,1,1,11.0,0.0,0.0,0.0,1986.0,B01,2.0,10,0,0.0,2.0,8.0,1.0,3,12,830,1,2,1,1,1,1,7,2,2
32972,201600014301,1.0,1,3,1,11.0,0.0,0.0,0.0,1991.0,A01,1.0,7,0,12.0,2.0,3.0,1.0,3,12,830,1,2,1,1,1,1,10,2,2
32973,201600014302,1.0,1,4,1,23.0,0.0,0.0,0.0,1988.0,B01,2.0,30,0,0.0,2.0,7.0,1.0,3,6,1010,1,2,3,1,3,1,7,1,2
32974,201600014302,1.0,1,1,1,13.0,0.0,0.0,0.0,1976.0,A01,1.0,7,0,0.0,2.0,3.0,1.0,3,6,1010,1,2,3,1,3,1,30,2,1
32975,201600014303,1.0,1,1,2,11.0,0.0,0.0,0.0,1991.0,A01,2.0,7,0,0.0,1.0,1.0,15.0,3,16,2010,5,2,3,3,6,4,7,2,2
32976,201600014303,0.0,3,4,2,0.0,4.0,3.0,1.0,1956.0,A01,2.0,7,0,0.0,1.0,1.0,15.0,3,16,2010,5,2,3,3,6,4,7,2,2
32977,201600014304,1.0,1,4,1,21.0,0.0,0.0,0.0,1987.0,A01,1.0,33,0,0.0,2.0,1.0,1.0,3,16,1900,5,2,1,2,3,4,7,1,2
32978,201600014304,1.0,1,1,2,11.0,0.0,0.0,0.0,1996.0,B01,1.0,7,0,0.0,2.0,6.0,1.0,3,16,1900,5,2,1,2,3,4,33,2,1
32979,201600014305,1.0,1,1,1,13.0,0.0,0.0,0.0,1971.0,A01,1.0,10,0,0.0,1.0,3.0,15.0,3,15,1530,1,2,1,1,6,3,10,2,2
32980,201600014305,0.0,3,4,1,0.0,1.0,3.0,1.0,1957.0,A01,1.0,10,0,0.0,1.0,3.0,15.0,3,15,1530,1,2,1,1,6,3,10,2,2
32981,201600014306,1.0,1,1,1,91.0,0.0,0.0,0.0,1945.0,A01,1.0,7,0,14.0,1.0,2.0,1.0,3,16,1400,1,2,1,2,6,3,7,2,2
32982,201600014306,0.0,3,4,1,0.0,1.0,9.0,1.0,1955.0,A01,1.0,7,0,14.0,1.0,2.0,1.0,3,16,1400,1,2,1,2,6,3,7,2,2
32983,201600014307,1.0,1,3,1,21.0,0.0,0.0,0.0,1990.0,A01,1.0,34,0,0.0,2.0,2.0,2.0,3,17,1450,1,2,1,1,3,3,10,1,2
32984,201600014307,1.0,1,1,1,13.0,0.0,0.0,0.0,1963.0,B01,1.0,10,0,0.0,2.0,5.0,15.0,3,17,1450,1,2,1,1,3,3,34,2,1
32985,201600014308,1.0,1,1,2,11.0,0.0,0.0,0.0,1982.0,A01,1.0,7,0,0.0,2.0,6.0,15.0,3,17,1500,1,2,3,1,2,3,34,2,1
32986,201600014308,1.0,1,4,1,21.0,0.0,0.0,0.0,1993.0,B01,1.0,34,0,0.0,2.0,1.0,1.0,3,17,1500,1,2,3,1,2,3,7,1,2
32987,201600014309,1.0,1,3,2,11.0,0.0,0.0,0.0,1962.0,A01,1.0,7,0,0.0,2.0,2.0,15.0,3,17,1630,1,2,1,1,3,3,7,2,2
32988,201600014309,1.0,1,1,1,11.0,0.0,0.0,0.0,1970.0,B01,1.0,7,0,0.0,2.0,1.0,0.0,3,17,1630,1,2,1,1,3,3,7,2,2
32989,201600014310,4.0,2,1,1,11.0,0.0,0.0,0.0,2012.0,B01,1.0,7,0,0.0,2.0,7.0,1.0,3,17,1815,1,2,2,1,3,4,7,2,2
32990,201600014310,1.0,1,1,1,11.0,0.0,0.0,0.0,1980.0,B01,1.0,7,0,0.0,2.0,7.0,1.0,3,17,1815,1,2,2,1,3,4,7,2,2
32991,201600014310,1.0,1,3,1,11.0,0.0,0.0,0.0,1961.0,A01,1.0,7,0,0.0,2.0,1.0,1.0,3,17,1815,1,2,2,1,3,4,7,2,2
32992,201600014311,1.0,1,4,1,21.0,0.0,0.0,0.0,1992.0,B01,1.0,33,0,0.0,2.0,1.0,1.0,3,16,1850,2,2,1,3,3,4,7,1,2
32993,201600014311,1.0,1,1,2,11.0,0.0,0.0,0.0,1991.0,A01,2.0,7,0,0.0,2.0,2.0,10.0,3,16,1850,2,2,1,3,3,4,33,2,1
32994,201600014312,1.0,1,1,2,11.0,0.0,0.0,0.0,1962.0,A01,1.0,7,0,0.0,2.0,1.0,10.0,3,17,1815,1,2,1,1,6,4,33,2,1
32995,201600014312,1.0,1,4,1,21.0,0.0,0.0,0.0,1985.0,B01,1.0,33,0,0.0,2.0,3.0,2.0,3,17,1815,1,2,1,1,6,4,7,1,2
32996,201600014313,1.0,1,4,1,11.0,0.0,0.0,0.0,1973.0,A01,2.0,7,0,1.0,0.0,2.0,0.0,3,18,710,1,2,1,1,6,1,7,2,2
32997,201600014314,1.0,1,4,1,11.0,0.0,0.0,0.0,1983.0,A01,2.0,7,0,0.0,2.0,1.0,20.0,3,18,837,1,2,1,1,3,1,7,2,2
32998,201600014314,1.0,1,1,2,11.0,0.0,0.0,0.0,1994.0,B01,2.0,7,0,0.0,2.0,1.0,1.0,3,18,837,1,2,1,1,3,1,7,2,2
32999,201600014315,1.0,1,4,2,11.0,0.0,0.0,0.0,1992.0,A01,1.0,7,0,0.0,2.0,4.0,4.0,3,17,1815,5,2,1,1,2,4,7,2,2
33000,201600014315,2.0,2,1,1,93.0,0.0,0.0,0.0,1993.0,A01,1.0,7,0,0.0,2.0,4.0,4.0,3,17,1815,5,2,1,1,2,4,7,2,2
33001,201600014315,4.0,2,1,2,11.0,0.0,0.0,0.0,2013.0,A01,1.0,7,0,0.0,2.0,4.0,4.0,3,17,1815,5,2,1,1,2,4,7,2,2
33002,201600014315,1.0,1,4,2,11.0,0.0,0.0,0.0,1990.0,B01,1.0,7,0,0.0,2.0,1.0,1.0,3,17,1815,5,2,1,1,2,4,7,2,2
33003,201600014315,3.0,2,1,1,11.0,0.0,0.0,0.0,2015.0,B01,1.0,7,0,0.0,2.0,1.0,1.0,3,17,1815,5,2,1,1,2,4,7,2,2
33004,201600014316,1.0,1,1,1,13.0,0.0,0.0,0.0,1940.0,A01,1.0,7,0,0.0,2.0,3.0,15.0,3,18,1500,1,2,1,1,3,3,30,2,1
33005,201600014316,1.0,1,3,1,23.0,0.0,0.0,0.0,1990.0,B01,1.0,30,0,0.0,2.0,1.0,1.0,3,18,1500,1,2,1,1,3,3,7,1,2
33006,201600014317,1.0,1,4,1,11.0,0.0,0.0,0.0,1993.0,A01,1.0,10,0,0.0,2.0,1.0,15.0,3,18,1500,1,2,1,1,1,3,7,2,2
33007,201600014317,1.0,1,4,1,11.0,0.0,0.0,0.0,1993.0,B01,2.0,7,0,0.0,2.0,1.0,1.0,3,18,1500,1,2,1,1,1,3,10,2,2
33008,201600014318,1.0,1,3,1,21.0,0.0,0.0,0.0,1998.0,B01,1.0,2,0,0.0,2.0,1.0,0.0,3,18,1630,1,2,1,1,1,3,7,1,2
33009,201600014318,1.0,1,1,2,11.0,0.0,0.0,0.0,1981.0,A01,2.0,7,0,0.0,2.0,8.0,15.0,3,18,1630,1,2,1,1,1,3,2,2,1
33010,201600014319,1.0,1,1,1,13.0,0.0,0.0,0.0,1989.0,B01,1.0,7,0,0.0,2.0,4.0,15.0,3,18,2045,5,2,1,1,2,4,10,2,2
33011,201600014319,2.0,2,4,2,13.0,0.0,0.0,0.0,1961.0,B01,1.0,7,0,0.0,2.0,4.0,15.0,3,18,2045,5,2,1,1,2,4,10,2,2
33012,201600014319,1.0,1,1,1,13.0,0.0,0.0,0.0,1989.0,A01,1.0,10,0,0.0,2.0,3.0,1.0,3,18,2045,5,2,1,1,2,4,7,2,2
33013,201600014320,1.0,1,3,1,21.0,0.0,0.0,0.0,1971.0,B01,2.0,33,0,0.0,2.0,1.0,1.0,3,18,2310,5,2,1,1,3,5,7,1,2
33014,201600014320,1.0,1,1,1,11.0,0.0,0.0,0.0,1986.0,A01,2.0,7,0,0.0,2.0,2.0,15.0,3,18,2310,5,2,1,1,3,5,33,2,1
33015,201600014321,1.0,1,1,1,11.0,0.0,0.0,0.0,1980.0,A01,1.0,7,0,0.0,2.0,1.0,19.0,3,18,1900,2,2,2,1,3,4,7,2,2
33016,201600014321,1.0,1,4,2,11.0,0.0,0.0,0.0,1992.0,B01,2.0,7,0,0.0,2.0,3.0,1.0,3,18,1900,2,2,2,1,3,4,7,2,2
33017,201600014322,1.0,1,1,1,13.0,0.0,0.0,0.0,1963.0,B01,1.0,7,0,0.0,2.0,6.0,15.0,3,19,1135,1,2,1,1,2,1,7,2,2
33018,201600014322,2.0,2,4,2,13.0,0.0,0.0,0.0,1962.0,B01,1.0,7,0,0.0,2.0,6.0,15.0,3,19,1135,1,2,1,1,2,1,7,2,2
33019,201600014322,1.0,1,1,1,13.0,0.0,0.0,0.0,1996.0,A01,1.0,7,0,0.0,2.0,1.0,1.0,3,19,1135,1,2,1,1,2,1,7,2,2
33020,201600014323,1.0,1,1,2,11.0,0.0,0.0,0.0,1995.0,A01,1.0,7,0,0.0,1.0,2.0,1.0,3,15,1150,1,2,1,1,6,1,7,2,2
33021,201600014323,0.0,3,4,1,0.0,1.0,3.0,2.0,1945.0,A01,1.0,7,0,0.0,1.0,2.0,1.0,3,15,1150,1,2,1,1,6,1,7,2,2
33022,201600014324,1.0,1,1,1,11.0,0.0,0.0,0.0,1993.0,A01,1.0,7,0,0.0,2.0,3.0,0.0,3,16,730,1,2,2,2,3,1,7,2,2
33023,201600014324,1.0,1,3,1,11.0,0.0,0.0,0.0,1993.0,B01,1.0,7,0,0.0,2.0,2.0,0.0,3,16,730,1,2,2,2,3,1,7,2,2
33024,201600014325,1.0,1,3,1,21.0,0.0,0.0,0.0,1968.0,A01,1.0,33,0,11.0,0.0,1.0,14.0,3,19,1900,2,2,1,1,6,4,33,1,1
33025,201600014326,1.0,1,4,1,21.0,0.0,0.0,0.0,1995.0,A01,1.0,34,0,0.0,0.0,0.0,0.0,3,20,100,3,2,1,1,6,0,34,1,1
33026,201600014326,2.0,2,4,1,21.0,0.0,0.0,0.0,1996.0,A01,1.0,34,0,0.0,0.0,0.0,0.0,3,20,100,3,2,1,1,6,0,34,1,1
33027,201600014327,1.0,1,4,1,21.0,0.0,0.0,0.0,1968.0,B01,1.0,34,0,0.0,2.0,3.0,2.0,3,20,1050,1,2,1,1,1,1,7,1,2
33028,201600014327,1.0,1,1,1,11.0,0.0,0.0,0.0,1986.0,A01,1.0,7,0,0.0,2.0,3.0,15.0,3,20,1050,1,2,1,1,1,1,34,2,1
33029,201600014328,1.0,1,1,1,11.0,0.0,0.0,0.0,1992.0,A01,0.0,7,0,0.0,2.0,1.0,1.0,3,19,1330,1,2,2,1,3,2,2,2,1
33030,201600014328,1.0,1,1,1,21.0,0.0,0.0,0.0,1970.0,B01,1.0,2,0,0.0,2.0,8.0,1.0,3,19,1330,1,2,2,1,3,2,7,1,2
33031,201600014328,2.0,2,4,2,21.0,0.0,0.0,0.0,1972.0,B01,1.0,2,0,0.0,2.0,8.0,1.0,3,19,1330,1,2,2,1,3,2,7,1,2
33032,201600014329,1.0,1,3,1,21.0,0.0,0.0,0.0,1998.0,B01,2.0,30,0,0.0,2.0,1.0,1.0,3,20,1700,1,2,1,1,1,3,7,1,2
33033,201600014329,1.0,1,1,1,11.0,0.0,0.0,0.0,1990.0,A01,1.0,7,0,0.0,2.0,2.0,9.0,3,20,1700,1,2,1,1,1,3,30,2,1
33034,201600014329,2.0,2,3,1,31.0,0.0,0.0,0.0,2015.0,A01,1.0,7,0,0.0,2.0,2.0,9.0,3,20,1700,1,2,1,1,1,3,30,2,1
33035,201600014330,1.0,1,3,2,11.0,0.0,0.0,0.0,1972.0,B01,2.0,7,0,0.0,2.0,4.0,0.0,3,21,745,1,2,1,1,4,1,7,2,2
33036,201600014330,1.0,1,1,2,11.0,0.0,0.0,0.0,1978.0,A01,1.0,7,0,0.0,2.0,1.0,2.0,3,21,745,1,2,1,1,4,1,7,2,2
33037,201600014330,1.0,1,1,2,11.0,0.0,0.0,0.0,1962.0,C01,2.0,7,0,0.0,2.0,4.0,0.0,3,21,745,1,2,1,1,4,1,7,2,2
33038,201600014331,1.0,1,4,1,13.0,0.0,0.0,0.0,1978.0,A01,1.0,10,0,15.0,0.0,1.0,14.0,3,21,840,1,2,1,1,7,1,10,2,2
33039,201600014332,0.0,3,3,2,0.0,3.0,3.0,1.0,1924.0,A01,2.0,7,0,0.0,1.0,2.0,16.0,3,21,1200,1,2,3,1,6,2,7,2,2
33040,201600014332,1.0,1,1,1,11.0,0.0,0.0,0.0,1988.0,A01,2.0,7,0,0.0,1.0,2.0,16.0,3,21,1200,1,2,3,1,6,2,7,2,2
33041,201600014333,1.0,1,2,1,21.0,0.0,0.0,0.0,1982.0,A01,1.0,34,0,0.0,0.0,0.0,0.0,3,18,300,5,2,6,1,7,0,34,1,1
33042,201600014334,1.0,1,3,1,11.0,0.0,0.0,0.0,1996.0,A01,2.0,7,0,0.0,2.0,8.0,9.0,3,21,415,5,2,1,1,3,0,7,2,2
33043,201600014334,1.0,1,1,1,11.0,0.0,0.0,0.0,1961.0,B01,2.0,7,0,0.0,2.0,1.0,1.0,3,21,415,5,2,1,1,3,0,7,2,2
33044,201600014335,1.0,1,4,1,11.0,0.0,0.0,0.0,1993.0,A01,1.0,7,0,1.0,2.0,0.0,1.0,3,11,420,5,2,1,1,6,0,7,2,2