,Num_Acc,place,catu,grav,sexe,secu,locp,actp,etatp,an_nais,num_veh,senc,catv,occutc,obs,obsm,choc,manv,mois,jour,hrmn,lum,agg,int,atm,col,mom,catvopp,catv_gen,catvopp_gen
33045,201600014336,1.0,1,1,1,13.0,0.0,0.0,0.0,1988.0,B01,1.0,7,0,0.0,0.0,0.0,20.0,2,25,1315,1,2,1,1,7,2,32,2,1
33046,201600014336,1.0,1,4,1,23.0,0.0,0.0,0.0,1970.0,A01,1.0,32,0,14.0,9.0,7.0,1.0,2,25,1315,1,2,1,1,7,2,7,1,2
33047,201600014337,1.0,1,1,1,23.0,0.0,0.0,0.0,1973.0,B01,2.0,32,0,0.0,2.0,1.0,15.0,3,15,830,1,2,1,1,3,1,32,1,1
33048,201600014337,1.0,1,4,1,23.0,0.0,0.0,0.0,1977.0,A01,2.0,32,0,0.0,2.0,1.0,1.0,3,15,830,1,2,1,1,3,1,32,1,1
33049,201600014338,1.0,1,1,2,11.0,0.0,0.0,0.0,1946.0,B01,1.0,7,0,0.0,2.0,1.0,2.0,3,16,1300,1,2,1,2,2,2,7,2,2
33050,201600014338,1.0,1,4,2,11.0,0.0,0.0,0.0,1971.0,A01,1.0,7,0,0.0,2.0,1.0,2.0,3,16,1300,1,2,1,2,2,2,7,2,2
33051,201600014339,1.0,1,4,2,11.0,0.0,0.0,0.0,1964.0,B01,1.0,7,0,0.0,2.0,1.0,1.0,2,15,1950,1,2,1,1,1,4,7,2,2
33052,201600014339,1.0,1,1,1,11.0,0.0,0.0,0.0,1988.0,A01,1.0,7,0,0.0,2.0,1.0,6.0,2,15,1950,1,2,1,1,1,4,7,2,2
33053,201600014340,1.0,1,3,2,22.0,0.0,0.0,0.0,2000.0,A01,1.0,30,0,6.0,0.0,1.0,15.0,3,22,2200,5,2,3,1,6,5,30,1,1
33054,201600014341,1.0,1,1,1,11.0,0.0,0.0,0.0,1970.0,B01,0.0,7,0,0.0,2.0,5.0,1.0,3,22,1820,2,2,2,1,3,4,34,2,1
33055,201600014341,1.0,1,3,1,21.0,0.0,0.0,0.0,1971.0,A01,0.0,34,0,0.0,2.0,1.0,1.0,3,22,1820,2,2,2,1,3,4,7,1,2
33056,201600014342,1.0,1,1,1,13.0,0.0,0.0,0.0,1990.0,A01,1.0,7,0,0.0,1.0,1.0,1.0,3,18,830,1,2,1,1,6,1,7,2,2
33057,201600014342,0.0,3,3,2,0.0,2.0,3.0,1.0,1970.0,A01,1.0,7,0,0.0,1.0,1.0,1.0,3,18,830,1,2,1,1,6,1,7,2,2
33058,201600014343,1.0,1,1,1,13.0,0.0,0.0,0.0,1969.0,A01,1.0,7,0,0.0,1.0,1.0,16.0,3,22,1945,5,2,6,1,6,4,7,2,2
33059,201600014343,0.0,3,4,2,0.0,4.0,3.0,1.0,1996.0,A01,1.0,7,0,0.0,1.0,1.0,16.0,3,22,1945,5,2,6,1,6,4,7,2,2
33060,201600014344,1.0,1,1,1,11.0,0.0,0.0,0.0,1993.0,A01,1.0,7,0,0.0,1.0,3.0,0.0,3,23,1300,1,2,1,1,6,2,7,2,2
33061,201600014344,0.0,3,4,1,0.0,2.0,3.0,0.0,2003.0,A01,1.0,7,0,0.0,1.0,3.0,0.0,3,23,1300,1,2,1,1,6,2,7,2,2
33062,201600014345,1.0,1,4,2,11.0,0.0,0.0,0.0,1976.0,B01,2.0,7,0,0.0,2.0,0.0,0.0,3,23,1230,1,2,1,1,4,2,7,2,2
33063,201600014345,1.0,1,1,1,11.0,0.0,0.0,0.0,1979.0,C01,1.0,7,0,0.0,0.0,0.0,0.0,3,23,1230,1,2,1,1,4,2,7,2,2
33064,201600014345,1.0,1,1,1,11.0,0.0,0.0,0.0,1990.0,A01,2.0,7,0,0.0,2.0,4.0,23.0,3,23,1230,1,2,1,1,4,2,7,2,2
33065,201600014346,1.0,1,4,1,11.0,0.0,0.0,0.0,1992.0,B01,1.0,7,0,0.0,2.0,3.0,1.0,3,23,1710,1,2,1,1,3,3,7,2,2
33066,201600014346,1.0,1,4,1,11.0,0.0,0.0,0.0,1985.0,A01,1.0,7,0,0.0,2.0,2.0,1.0,3,23,1710,1,2,1,1,3,3,7,2,2
33067,201600014346,2.0,2,4,2,11.0,0.0,0.0,0.0,1978.0,A01,1.0,7,0,0.0,2.0,2.0,1.0,3,23,1710,1,2,1,1,3,3,7,2,2
33068,201600014347,1.0,1,3,1,11.0,0.0,0.0,0.0,1953.0,B01,1.0,7,0,0.0,2.0,4.0,0.0,3,23,1515,1,2,1,1,2,3,7,2,2
33069,201600014347,2.0,2,3,2,11.0,0.0,0.0,0.0,1991.0,B01,1.0,7,0,0.0,2.0,4.0,0.0,3,23,1515,1,2,1,1,2,3,7,2,2
33070,201600014347,1.0,1,1,1,11.0,0.0,0.0,0.0,1946.0,A01,1.0,7,0,0.0,2.0,1.0,2.0,3,23,1515,1,2,1,1,2,3,7,2,2
33071,201600014348,1.0,1,1,2,13.0,0.0,0.0,0.0,1993.0,A01,0.0,7,0,0.0,1.0,4.0,4.0,3,24,1535,1,2,1,1,6,3,7,2,2
33072,201600014348,0.0,3,4,2,0.0,1.0,2.0,1.0,1940.0,A01,0.0,7,0,0.0,1.0,4.0,4.0,3,24,1535,1,2,1,1,6,3,7,2,2
33073,201600014349,1.0,1,4,2,11.0,0.0,0.0,0.0,1993.0,A01,0.0,7,0,0.0,2.0,3.0,9.0,3,24,1820,1,2,1,1,3,4,3,2,0
33074,201600014349,1.0,1,4,2,11.0,0.0,0.0,0.0,1992.0,B01,0.0,3,0,0.0,2.0,2.0,1.0,3,24,1820,1,2,1,1,3,4,7,0,2
33075,201600014350,1.0,1,3,1,23.0,0.0,0.0,0.0,1985.0,A01,2.0,32,0,1.0,2.0,1.0,15.0,3,24,130,5,2,2,1,3,0,7,1,2
33076,201600014350,1.0,1,1,1,11.0,0.0,0.0,0.0,1981.0,B01,1.0,7,0,0.0,2.0,2.0,2.0,3,24,130,5,2,2,1,3,0,32,2,1
33077,201600014351,1.0,1,4,1,21.0,0.0,0.0,0.0,1996.0,A01,1.0,2,0,0.0,2.0,1.0,1.0,3,24,2120,5,2,1,1,3,4,2,1,1
33078,201600014352,1.0,1,4,1,21.0,0.0,0.0,0.0,1992.0,A01,2.0,32,0,14.0,0.0,1.0,17.0,3,24,1910,5,2,1,1,3,4,7,1,2
33079,201600014352,1.0,1,1,1,11.0,0.0,0.0,0.0,1983.0,B01,0.0,7,0,0.0,2.0,3.0,23.0,3,24,1910,5,2,1,1,3,4,32,2,1
33080,201600014353,1.0,1,1,1,11.0,0.0,0.0,0.0,1989.0,A01,1.0,7,0,0.0,1.0,2.0,2.0,3,25,812,1,1,1,1,6,1,7,2,2
33081,201600014353,0.0,3,4,2,0.0,2.0,3.0,1.0,2006.0,A01,1.0,7,0,0.0,1.0,2.0,2.0,3,25,812,1,1,1,1,6,1,7,2,2
33082,201600014354,1.0,1,1,1,11.0,0.0,0.0,0.0,1976.0,A01,1.0,7,0,0.0,1.0,2.0,16.0,3,22,820,1,2,2,1,6,1,7,2,2
33083,201600014354,0.0,3,4,1,0.0,3.0,3.0,1.0,1963.0,A01,1.0,7,0,0.0,1.0,2.0,16.0,3,22,820,1,2,2,1,6,1,7,2,2
33084,201600014355,1.0,1,1,2,11.0,0.0,0.0,0.0,1941.0,A01,1.0,7,0,0.0,1.0,3.0,1.0,3,22,1000,1,2,1,1,6,1,7,2,2
33085,201600014355,0.0,3,3,2,0.0,2.0,3.0,1.0,1950.0,A01,1.0,7,0,0.0,1.0,3.0,1.0,3,22,1000,1,2,1,1,6,1,7,2,2
33086,201600014356,1.0,1,1,1,11.0,0.0,0.0,0.0,1981.0,B01,1.0,10,0,0.0,2.0,7.0,1.0,3,25,1535,1,2,1,1,1,3,30,2,1
33087,201600014356,1.0,1,3,1,21.0,0.0,0.0,0.0,1998.0,A01,1.0,30,0,0.0,2.0,8.0,10.0,3,25,1535,1,2,1,1,1,3,10,1,2
33088,201600014357,1.0,1,4,1,11.0,0.0,0.0,0.0,1987.0,A01,1.0,7,0,0.0,2.0,8.0,5.0,3,25,2145,1,1,3,1,5,4,7,2,2
33089,201600014357,1.0,1,1,1,11.0,0.0,0.0,0.0,1982.0,C01,1.0,7,0,0.0,2.0,8.0,1.0,3,25,2145,1,1,3,1,5,4,7,2,2
33090,201600014357,1.0,1,1,1,11.0,0.0,0.0,0.0,1984.0,B01,1.0,7,0,0.0,2.0,1.0,0.0,3,25,2145,1,1,3,1,5,4,7,2,2
33091,201600014358,1.0,1,4,2,11.0,0.0,0.0,0.0,1990.0,B01,1.0,7,0,0.0,2.0,8.0,1.0,3,24,9,5,2,1,1,3,0,7,2,2
33092,201600014358,1.0,1,4,1,11.0,0.0,0.0,0.0,1996.0,A01,1.0,7,0,0.0,2.0,2.0,1.0,3,24,9,5,2,1,1,3,0,7,2,2
33093,201600014359,1.0,1,1,1,11.0,0.0,0.0,0.0,1983.0,A01,1.0,7,0,0.0,1.0,2.0,1.0,3,26,30,4,2,1,1,7,0,7,2,2
33094,201600014359,2.0,2,1,1,11.0,0.0,0.0,0.0,1986.0,A01,1.0,7,0,0.0,1.0,2.0,1.0,3,26,30,4,2,1,1,7,0,7,2,2
33095,201600014359,0.0,3,3,1,0.0,1.0,1.0,1.0,1988.0,A01,1.0,7,0,0.0,1.0,2.0,1.0,3,26,30,4,2,1,1,7,0,7,2,2
33096,201600014360,1.0,1,4,1,21.0,0.0,0.0,0.0,1991.0,B01,2.0,32,0,0.0,2.0,0.0,0.0,3,26,1020,1,2,1,1,3,1,7,1,2
33097,201600014360,1.0,1,1,2,11.0,0.0,0.0,0.0,1995.0,A01,1.0,7,0,0.0,2.0,0.0,0.0,3,26,1020,1,2,1,1,3,1,32,2,1
33098,201600014361,1.0,1,1,2,11.0,0.0,0.0,0.0,1957.0,A01,1.0,7,0,0.0,1.0,2.0,1.0,3,25,1430,1,1,1,1,6,3,7,2,2
33099,201600014361,0.0,3,4,1,0.0,2.0,3.0,1.0,2003.0,A01,1.0,7,0,0.0,1.0,2.0,1.0,3,25,1430,1,1,1,1,6,3,7,2,2
33100,201600014362,1.0,1,1,1,11.0,0.0,0.0,0.0,1971.0,B01,1.0,7,0,0.0,2.0,0.0,0.0,2,26,815,1,2,1,1,5,1,32,2,1
33101,201600014362,1.0,1,1,1,11.0,0.0,0.0,0.0,1974.0,C01,1.0,7,0,0.0,2.0,0.0,0.0,2,26,815,1,2,1,1,5,1,32,2,1
33102,201600014362,1.0,1,3,1,21.0,0.0,0.0,0.0,1978.0,A01,1.0,32,0,0.0,2.0,0.0,0.0,2,26,815,1,2,1,1,5,1,7,1,2
33103,201600014363,1.0,1,1,1,11.0,0.0,0.0,0.0,1995.0,A01,2.0,7,0,0.0,4.0,1.0,1.0,3,8,1330,1,2,3,1,3,2,40,2,3
33104,201600014363,2.0,2,4,2,12.0,0.0,0.0,0.0,1961.0,B01,1.0,40,0,0.0,2.0,2.0,1.0,3,8,1330,1,2,3,1,3,2,7,3,2
33105,201600014363,1.0,1,1,1,11.0,0.0,0.0,0.0,1971.0,B01,1.0,40,0,0.0,2.0,2.0,1.0,3,8,1330,1,2,3,1,3,2,7,3,2
33106,201600014364,1.0,1,4,2,21.0,0.0,0.0,0.0,1999.0,A01,1.0,30,0,0.0,2.0,7.0,17.0,3,20,1750,2,1,2,1,3,3,7,1,2
33107,201600014364,1.0,1,1,1,11.0,0.0,0.0,0.0,1960.0,B01,1.0,7,0,0.0,2.0,3.0,15.0,3,20,1750,2,1,2,1,3,3,30,2,1
33108,201600014365,1.0,1,4,1,21.0,0.0,0.0,0.0,1991.0,B01,1.0,2,0,0.0,2.0,7.0,1.0,3,26,1450,1,2,1,1,3,3,7,1,2
33109,201600014365,1.0,1,1,1,11.0,0.0,0.0,0.0,1972.0,A01,1.0,7,0,0.0,2.0,8.0,1.0,3,26,1450,1,2,1,1,3,3,2,2,1
33110,201600014366,1.0,1,1,1,11.0,0.0,0.0,0.0,1984.0,C01,1.0,7,0,0.0,2.0,8.0,0.0,3,26,1520,1,2,1,1,5,3,33,2,1
33111,201600014366,1.0,1,1,1,11.0,0.0,0.0,0.0,1992.0,B01,2.0,7,0,0.0,2.0,2.0,1.0,3,26,1520,1,2,1,1,5,3,33,2,1
33112,201600014366,2.0,2,1,1,11.0,0.0,0.0,0.0,1963.0,B01,2.0,7,0,0.0,2.0,2.0,1.0,3,26,1520,1,2,1,1,5,3,33,2,1
33113,201600014366,1.0,1,4,1,21.0,0.0,0.0,0.0,1990.0,A01,2.0,33,0,0.0,2.0,1.0,1.0,3,26,1520,1,2,1,1,5,3,7,1,2
33114,201600014367,1.0,1,3,2,21.0,0.0,0.0,0.0,1999.0,B01,1.0,30,0,0.0,2.0,1.0,2.0,3,26,2000,5,2,1,1,2,4,30,1,1
33115,201600014367,2.0,2,3,2,21.0,0.0,0.0,0.0,2000.0,B01,1.0,30,0,0.0,2.0,1.0,2.0,3,26,2000,5,2,1,1,2,4,30,1,1
33116,201600014368,1.0,1,1,1,11.0,0.0,0.0,0.0,1963.0,A01,0.0,7,0,0.0,2.0,3.0,0.0,3,27,2130,5,2,1,1,1,4,7,2,2
33117,201600014368,1.0,1,4,2,11.0,0.0,0.0,0.0,1990.0,B01,1.0,7,0,0.0,2.0,0.0,0.0,3,27,2130,5,2,1,1,1,4,7,2,2
33118,201600014369,0.0,3,3,2,0.0,2.0,3.0,1.0,1952.0,Z01,1.0,7,0,0.0,1.0,0.0,0.0,3,27,2020,3,2,1,1,7,4,7,2,2
33119,201600014370,2.0,2,4,1,22.0,0.0,0.0,0.0,1999.0,A01,1.0,2,0,1.0,0.0,7.0,5.0,3,23,1110,1,2,1,1,6,1,2,1,1
33120,201600014370,1.0,1,1,2,22.0,0.0,0.0,0.0,1999.0,A01,1.0,2,0,1.0,0.0,7.0,5.0,3,23,1110,1,2,1,1,6,1,2,1,1
33121,201600014371,1.0,1,4,1,11.0,0.0,0.0,0.0,1979.0,B01,2.0,7,0,0.0,2.0,1.0,1.0,3,27,1910,5,2,1,8,1,4,7,2,2
33122,201600014371,2.0,2,4,2,11.0,0.0,0.0,0.0,1982.0,B01,2.0,7,0,0.0,2.0,1.0,1.0,3,27,1910,5,2,1,8,1,4,7,2,2
33123,201600014371,3.0,2,4,1,31.0,0.0,0.0,0.0,2013.0,B01,2.0,7,0,0.0,2.0,1.0,1.0,3,27,1910,5,2,1,8,1,4,7,2,2
33124,201600014371,4.0,2,4,1,31.0,0.0,0.0,0.0,2015.0,B01,2.0,7,0,0.0,2.0,1.0,1.0,3,27,1910,5,2,1,8,1,4,7,2,2
33125,201600014371,1.0,1,1,1,11.0,0.0,0.0,0.0,1996.0,A01,1.0,7,0,0.0,2.0,1.0,19.0,3,27,1910,5,2,1,8,1,4,7,2,2
33126,201600014371,2.0,2,4,2,11.0,0.0,0.0,0.0,1998.0,A01,1.0,7,0,0.0,2.0,1.0,19.0,3,27,1910,5,2,1,8,1,4,7,2,2
33127,201600014371,3.0,2,4,2,11.0,0.0,0.0,0.0,1995.0,A01,1.0,7,0,0.0,2.0,1.0,19.0,3,27,1910,5,2,1,8,1,4,7,2,2
33128,201600014372,1.0,1,1,1,11.0,0.0,0.0,0.0,1964.0,A01,2.0,7,0,0.0,2.0,1.0,1.0,3,23,845,1,2,2,1,2,1,7,2,2
33129,201600014372,1.0,1,4,2,11.0,0.0,0.0,0.0,1972.0,B01,2.0,7,0,0.0,2.0,4.0,1.0,3,23,845,1,2,2,1,2,1,7,2,2
33130,201600014373,1.0,1,1,1,11.0,0.0,0.0,0.0,1949.0,A01,1.0,7,0,7.0,2.0,3.0,1.0,3,24,1000,1,2,1,1,6,1,7,2,2
33131,201600014373,1.0,1,4,1,11.0,0.0,0.0,0.0,1961.0,B01,1.0,7,0,0.0,2.0,1.0,10.0,3,24,1000,1,2,1,1,6,1,7,2,2
33132,201600014374,1.0,1,3,1,21.0,0.0,0.0,0.0,1991.0,A01,1.0,32,0,0.0,2.0,1.0,1.0,3,28,2020,2,2,1,1,3,4,32,1,1
33133,201600014375,1.0,1,1,2,11.0,0.0,0.0,0.0,1991.0,A01,1.0,7,0,0.0,2.0,2.0,11.0,3,28,2115,5,2,1,1,2,4,7,2,2
33134,201600014375,1.0,1,4,2,12.0,0.0,0.0,0.0,1995.0,B01,1.0,7,0,0.0,2.0,6.0,11.0,3,28,2115,5,2,1,1,2,4,7,2,2
33135,201600014376,1.0,1,3,1,21.0,0.0,0.0,0.0,2001.0,A01,1.0,32,0,0.0,2.0,1.0,0.0,3,28,1640,1,2,1,1,3,3,7,1,2
33136,201600014376,1.0,1,1,1,11.0,0.0,0.0,0.0,1977.0,B01,1.0,7,0,0.0,2.0,7.0,0.0,3,28,1640,1,2,1,1,3,3,32,2,1
33137,201600014377,1.0,1,1,2,11.0,0.0,0.0,0.0,1943.0,A01,1.0,7,0,0.0,1.0,3.0,2.0,3,29,1145,1,2,1,1,6,1,7,2,2
33138,201600014377,0.0,3,4,2,0.0,2.0,3.0,1.0,1963.0,A01,1.0,7,0,0.0,1.0,3.0,2.0,3,29,1145,1,2,1,1,6,1,7,2,2
33139,201600014378,1.0,1,3,1,21.0,0.0,0.0,0.0,1976.0,B01,1.0,32,0,0.0,2.0,1.0,17.0,3,29,1340,1,2,1,1,3,2,10,1,2
33140,201600014378,1.0,1,1,1,11.0,0.0,0.0,0.0,1960.0,A01,1.0,10,0,0.0,2.0,6.0,15.0,3,29,1340,1,2,1,1,3,2,32,2,1
33141,201600014379,1.0,1,3,1,21.0,0.0,0.0,0.0,1986.0,B01,2.0,32,0,0.0,2.0,1.0,1.0,3,29,1400,1,2,1,1,1,3,38,1,3
33142,201600014379,1.0,1,1,1,11.0,0.0,0.0,0.0,1973.0,A01,1.0,38,0,0.0,2.0,1.0,15.0,3,29,1400,1,2,1,1,1,3,32,3,1
33143,201600014380,1.0,1,4,2,11.0,0.0,0.0,0.0,1956.0,A01,1.0,7,0,1.0,0.0,2.0,1.0,3,29,1500,1,2,1,1,6,3,7,2,2
33144,201600014381,1.0,1,4,1,21.0,0.0,0.0,0.0,1994.0,A01,1.0,34,0,0.0,2.0,7.0,2.0,3,29,1600,1,2,1,1,3,3,34,1,1
33145,201600014382,1.0,1,3,1,91.0,0.0,0.0,0.0,1975.0,A01,2.0,1,0,0.0,1.0,0.0,0.0,3,29,2215,5,1,1,1,6,5,1,1,1
33146,201600014382,0.0,3,1,1,0.0,3.0,3.0,1.0,1964.0,A01,2.0,1,0,0.0,1.0,0.0,0.0,3,29,2215,5,1,1,1,6,5,1,1,1
33147,201600014383,1.0,1,1,1,11.0,0.0,0.0,0.0,1996.0,B01,1.0,7,0,0.0,2.0,7.0,0.0,3,29,2200,5,2,2,1,4,5,7,2,2
33148,201600014383,1.0,1,4,1,11.0,0.0,0.0,0.0,1982.0,A01,2.0,7,0,0.0,2.0,0.0,0.0,3,29,2200,5,2,2,1,4,5,7,2,2
33149,201600014384,0.0,3,4,1,0.0,3.0,3.0,1.0,1996.0,A01,2.0,3,0,0.0,1.0,1.0,1.0,3,30,1730,1,2,1,1,6,3,3,0,0
33150,201600014384,1.0,1,1,1,11.0,0.0,0.0,0.0,1968.0,A01,2.0,3,0,0.0,1.0,1.0,1.0,3,30,1730,1,2,1,1,6,3,3,0,0
33151,201600014385,1.0,1,3,1,21.0,0.0,0.0,0.0,1982.0,B01,1.0,33,0,0.0,2.0,1.0,1.0,3,30,1900,1,2,1,1,6,4,33,1,1
33152,201600014386,1.0,1,4,1,11.0,0.0,0.0,0.0,1995.0,B01,1.0,7,0,0.0,2.0,1.0,1.0,3,30,2120,5,2,1,1,1,4,7,2,2
33153,201600014386,1.0,1,3,1,11.0,0.0,0.0,0.0,1992.0,A01,2.0,7,0,0.0,2.0,1.0,6.0,3,30,2120,5,2,1,1,1,4,7,2,2
33154,201600014387,1.0,1,4,1,21.0,0.0,0.0,0.0,1992.0,A01,1.0,31,0,8.0,0.0,7.0,2.0,3,31,220,5,2,1,1,6,0,31,1,1
33155,201600014388,1.0,1,3,1,11.0,0.0,0.0,0.0,1971.0,A01,1.0,7,0,1.0,0.0,9.0,14.0,3,31,845,1,2,1,1,6,1,7,2,2
33156,201600014389,1.0,1,4,1,21.0,0.0,0.0,0.0,1958.0,B01,1.0,34,0,0.0,2.0,4.0,1.0,3,31,1030,1,2,1,1,2,1,7,1,2
33157,201600014389,2.0,2,4,1,21.0,0.0,0.0,0.0,1960.0,B01,1.0,34,0,0.0,2.0,4.0,1.0,3,31,1030,1,2,1,1,2,1,7,1,2
33158,201600014389,1.0,1,1,1,11.0,0.0,0.0,0.0,1996.0,A01,1.0,7,0,0.0,2.0,1.0,1.0,3,31,1030,1,2,1,1,2,1,34,2,1
33159,201600014390,1.0,1,1,1,11.0,0.0,0.0,0.0,1992.0,A01,1.0,7,0,0.0,1.0,2.0,1.0,3,31,1045,1,2,1,1,6,1,7,2,2
33160,201600014390,0.0,3,3,2,0.0,3.0,3.0,2.0,2003.0,A01,1.0,7,0,0.0,1.0,2.0,1.0,3,31,1045,1,2,1,1,6,1,7,2,2
33161,201600014391,1.0,1,4,1,11.0,0.0,0.0,0.0,1966.0,B01,1.0,7,0,0.0,2.0,9.0,23.0,3,26,1515,1,2,1,1,4,3,33,2,1
33162,201600014391,1.0,1,1,1,11.0,0.0,0.0,0.0,1986.0,A01,1.0,7,0,0.0,2.0,1.0,1.0,3,26,1515,1,2,1,1,4,3,33,2,1
33163,201600014391,1.0,1,1,1,21.0,0.0,0.0,0.0,1950.0,C01,1.0,33,0,0.0,2.0,4.0,23.0,3,26,1515,1,2,1,1,4,3,7,1,2
33164,201600014392,1.0,1,4,1,21.0,0.0,0.0,0.0,1983.0,B01,1.0,32,0,0.0,2.0,0.0,0.0,2,26,1030,1,2,2,1,3,1,7,1,2
33165,201600014392,1.0,1,1,1,11.0,0.0,0.0,0.0,1980.0,A01,1.0,7,0,0.0,2.0,0.0,0.0,2,26,1030,1,2,2,1,3,1,32,2,1
33166,201600014393,1.0,1,1,1,11.0,0.0,0.0,0.0,1977.0,A01,1.0,7,0,0.0,1.0,0.0,0.0,3,31,1225,1,2,1,1,6,2,7,2,2
33167,201600014393,0.0,3,4,1,0.0,0.0,3.0,3.0,1958.0,A01,1.0,7,0,0.0,1.0,0.0,0.0,3,31,1225,1,2,1,1,6,2,7,2,2
33168,201600014394,1.0,1,1,2,11.0,0.0,0.0,0.0,1965.0,A01,1.0,7,0,1.0,0.0,6.0,1.0,3,31,1640,1,2,1,1,3,3,7,2,2
33169,201600014394,1.0,1,3,1,91.0,0.0,0.0,0.0,1974.0,B01,1.0,7,0,0.0,2.0,6.0,1.0,3,31,1640,1,2,1,1,3,3,7,2,2
33170,201600014395,1.0,1,3,1,11.0,0.0,0.0,0.0,1975.0,B01,1.0,7,0,0.0,2.0,4.0,2.0,3,23,2135,5,2,1,1,4,4,7,2,2
33171,201600014395,2.0,2,3,1,11.0,0.0,0.0,0.0,1974.0,B01,1.0,7,0,0.0,2.0,4.0,2.0,3,23,2135,5,2,1,1,4,4,7,2,2
33172,201600014395,1.0,1,4,1,11.0,0.0,0.0,0.0,1961.0,C01,0.0,7,0,0.0,2.0,4.0,2.0,3,23,2135,5,2,1,1,4,4,7,2,2
33173,201600014395,1.0,1,1,1,11.0,0.0,0.0,0.0,1965.0,A01,1.0,7,0,0.0,2.0,1.0,2.0,3,23,2135,5,2,1,1,4,4,7,2,2
33174,201600014396,1.0,1,1,1,11.0,0.0,0.0,0.0,1968.0,A01,1.0,10,0,0.0,1.0,5.0,1.0,4,1,830,1,1,1,1,6,1,10,2,2
33175,201600014396,0.0,3,3,1,0.0,0.0,9.0,1.0,1986.0,A01,1.0,10,0,0.0,1.0,5.0,1.0,4,1,830,1,1,1,1,6,1,10,2,2
33176,201600014397,1.0,1,3,1,21.0,0.0,0.0,0.0,1939.0,B01,1.0,31,0,0.0,2.0,1.0,1.0,4,1,1215,1,2,1,1,5,2,7,1,2
33177,201600014397,1.0,1,1,1,11.0,0.0,0.0,0.0,1987.0,A01,1.0,7,0,0.0,2.0,8.0,20.0,4,1,1215,1,2,1,1,5,2,31,2,1
33178,201600014397,2.0,2,1,1,11.0,0.0,0.0,0.0,1995.0,A01,1.0,7,0,0.0,2.0,8.0,20.0,4,1,1215,1,2,1,1,5,2,31,2,1
33179,201600014397,1.0,1,1,2,11.0,0.0,0.0,0.0,1929.0,C01,2.0,7,0,0.0,2.0,1.0,1.0,4,1,1215,1,2,1,1,5,2,31,2,1
33180,201600014398,1.0,1,1,1,11.0,0.0,0.0,0.0,1990.0,A01,0.0,7,0,0.0,2.0,2.0,2.0,3,31,1300,1,2,1,1,2,2,33,2,1
33181,201600014398,1.0,1,3,1,21.0,0.0,0.0,0.0,1971.0,B01,1.0,33,0,0.0,2.0,4.0,2.0,3,31,1300,1,2,1,1,2,2,7,1,2
33182,201600014399,1.0,1,1,1,11.0,0.0,0.0,0.0,1951.0,A01,1.0,7,0,0.0,1.0,2.0,1.0,3,31,1700,1,2,1,1,6,3,7,2,2
33183,201600014399,0.0,3,4,1,0.0,2.0,1.0,2.0,2009.0,A01,1.0,7,0,0.0,1.0,2.0,1.0,3,31,1700,1,2,1,1,6,3,7,2,2
33184,201600014400,2.0,2,1,1,13.0,0.0,0.0,0.0,1986.0,A01,1.0,10,0,0.0,2.0,2.0,17.0,4,1,1400,1,2,3,2,3,3,7,2,2
33185,201600014400,1.0,1,1,1,13.0,0.0,0.0,0.0,1991.0,A01,1.0,10,0,0.0,2.0,2.0,17.0,4,1,1400,1,2,3,2,3,3,7,2,2
33186,201600014400,6.0,2,1,1,13.0,0.0,0.0,0.0,1994.0,A01,1.0,10,0,0.0,2.0,2.0,17.0,4,1,1400,1,2,3,2,3,3,7,2,2
33187,201600014400,2.0,2,4,2,13.0,0.0,0.0,0.0,1952.0,B01,1.0,7,0,0.0,2.0,8.0,15.0,4,1,1400,1,2,3,2,3,3,10,2,2
33188,201600014400,1.0,1,4,1,13.0,0.0,0.0,0.0,1947.0,B01,1.0,7,0,0.0,2.0,8.0,15.0,4,1,1400,1,2,3,2,3,3,10,2,2
33189,201600014401,1.0,1,1,1,11.0,0.0,0.0,0.0,1985.0,A01,2.0,10,0,0.0,1.0,4.0,4.0,4,1,1510,1,2,1,1,6,3,10,2,2
33190,201600014401,0.0,3,3,1,0.0,1.0,1.0,1.0,1938.0,A01,2.0,10,0,0.0,1.0,4.0,4.0,4,1,1510,1,2,1,1,6,3,10,2,2
33191,201600014402,1.0,1,3,1,21.0,0.0,0.0,0.0,1977.0,A01,0.0,34,0,0.0,2.0,7.0,2.0,4,1,1500,1,2,1,8,2,3,34,1,1
33192,201600014403,1.0,1,4,1,21.0,0.0,0.0,0.0,1983.0,A01,2.0,32,0,0.0,1.0,1.0,1.0,4,1,1430,1,2,1,1,6,3,32,1,1
33193,201600014403,0.0,3,3,2,0.0,2.0,3.0,1.0,1947.0,A01,2.0,32,0,0.0,1.0,1.0,1.0,4,1,1430,1,2,1,1,6,3,32,1,1
33194,201600014404,1.0,1,1,1,11.0,0.0,0.0,0.0,1966.0,A01,1.0,7,0,0.0,1.0,1.0,1.0,4,1,1500,1,2,1,2,6,3,7,2,2
33195,201600014404,0.0,3,4,1,0.0,1.0,3.0,1.0,1971.0,A01,1.0,7,0,0.0,1.0,1.0,1.0,4,1,1500,1,2,1,2,6,3,7,2,2
33196,201600014405,1.0,1,4,1,11.0,0.0,0.0,0.0,1989.0,B01,0.0,7,0,0.0,2.0,1.0,1.0,4,1,2100,5,2,3,1,3,4,7,2,2
33197,201600014405,1.0,1,3,1,11.0,0.0,0.0,0.0,1995.0,A01,0.0,7,0,0.0,2.0,3.0,16.0,4,1,2100,5,2,3,1,3,4,7,2,2