,Num_Acc,place,catu,grav,sexe,secu,locp,actp,etatp,an_nais,num_veh,senc,catv,occutc,obs,obsm,choc,manv,mois,jour,hrmn,lum,agg,int,atm,col,mom,catvopp,catv_gen,catvopp_gen
33198,201600014405,2.0,2,4,1,11.0,0.0,0.0,0.0,1996.0,A01,0.0,7,0,0.0,2.0,3.0,16.0,4,1,2100,5,2,3,1,3,4,7,2,2
33199,201600014406,0.0,3,3,2,0.0,2.0,9.0,1.0,1992.0,A01,1.0,7,0,0.0,1.0,2.0,1.0,4,1,2130,5,2,1,1,7,4,7,2,2
33200,201600014406,1.0,1,1,1,11.0,0.0,0.0,0.0,1997.0,A01,1.0,7,0,0.0,1.0,2.0,1.0,4,1,2130,5,2,1,1,7,4,7,2,2
33201,201600014407,1.0,1,1,1,13.0,0.0,0.0,0.0,1989.0,A01,2.0,7,0,0.0,2.0,2.0,1.0,4,2,345,5,2,2,2,1,0,7,2,2
33202,201600014407,1.0,1,4,1,13.0,0.0,0.0,0.0,1995.0,B01,1.0,7,0,0.0,2.0,3.0,12.0,4,2,345,5,2,2,2,1,0,7,2,2
33203,201600014408,1.0,1,4,2,11.0,0.0,0.0,0.0,1966.0,B01,1.0,7,0,0.0,2.0,4.0,1.0,4,2,855,1,2,1,1,2,1,7,2,2
33204,201600014408,2.0,2,1,1,11.0,0.0,0.0,0.0,1968.0,B01,1.0,7,0,0.0,2.0,4.0,1.0,4,2,855,1,2,1,1,2,1,7,2,2
33205,201600014408,1.0,1,1,1,11.0,0.0,0.0,0.0,1981.0,A01,1.0,7,0,0.0,2.0,4.0,1.0,4,2,855,1,2,1,1,2,1,7,2,2
33206,201600014409,1.0,1,4,1,11.0,0.0,0.0,0.0,1972.0,B01,2.0,7,0,0.0,2.0,3.0,1.0,4,2,1500,1,2,1,2,1,3,7,2,2
33207,201600014410,1.0,1,3,1,11.0,0.0,0.0,0.0,1994.0,A01,1.0,7,0,1.0,0.0,1.0,6.0,4,2,1730,1,2,1,2,6,3,7,2,2
33208,201600014411,1.0,1,4,1,21.0,0.0,0.0,0.0,1985.0,A01,2.0,30,0,14.0,0.0,1.0,1.0,4,2,2345,5,2,1,1,6,5,30,1,1
33209,201600014411,2.0,2,4,2,21.0,0.0,0.0,0.0,1984.0,A01,2.0,30,0,14.0,0.0,1.0,1.0,4,2,2345,5,2,1,1,6,5,30,1,1
33210,201600014412,1.0,1,1,1,11.0,0.0,0.0,0.0,1967.0,B01,1.0,7,0,0.0,2.0,2.0,1.0,4,3,1800,2,2,3,1,2,4,7,2,2
33211,201600014412,1.0,1,3,1,11.0,0.0,0.0,0.0,1968.0,A01,1.0,7,0,1.0,0.0,4.0,5.0,4,3,1800,2,2,3,1,2,4,7,2,2
33212,201600014413,1.0,1,3,1,11.0,0.0,0.0,0.0,1966.0,A01,1.0,7,0,8.0,0.0,8.0,1.0,4,3,2240,5,2,1,2,6,5,7,2,2
33213,201600014413,2.0,2,1,1,11.0,0.0,0.0,0.0,1974.0,A01,1.0,7,0,8.0,0.0,8.0,1.0,4,3,2240,5,2,1,2,6,5,7,2,2
33214,201600014414,1.0,1,3,1,11.0,0.0,0.0,0.0,1993.0,A01,1.0,7,0,6.0,0.0,0.0,0.0,4,3,2120,5,2,1,2,6,4,7,2,2
33215,201600014415,1.0,1,3,1,21.0,0.0,0.0,0.0,1959.0,A01,1.0,32,0,12.0,0.0,3.0,0.0,4,3,2210,5,2,1,3,7,5,32,1,1
33216,201600014416,4.0,2,1,1,11.0,0.0,0.0,0.0,1973.0,A01,1.0,7,0,0.0,2.0,8.0,1.0,4,3,2100,5,1,1,1,2,4,2,2,1
33217,201600014416,1.0,1,1,1,11.0,0.0,0.0,0.0,1974.0,A01,1.0,7,0,0.0,2.0,8.0,1.0,4,3,2100,5,1,1,1,2,4,2,2,1
33218,201600014416,2.0,2,1,1,11.0,0.0,0.0,0.0,1968.0,A01,1.0,7,0,0.0,2.0,8.0,1.0,4,3,2100,5,1,1,1,2,4,2,2,1
33219,201600014416,2.0,2,3,1,21.0,0.0,0.0,0.0,1990.0,B01,1.0,2,0,0.0,2.0,5.0,1.0,4,3,2100,5,1,1,1,2,4,7,1,2
33220,201600014416,1.0,1,4,1,21.0,0.0,0.0,0.0,1989.0,B01,1.0,2,0,0.0,2.0,5.0,1.0,4,3,2100,5,1,1,1,2,4,7,1,2
33221,201600014417,0.0,3,3,1,0.0,0.0,3.0,1.0,1975.0,Z01,1.0,32,0,0.0,1.0,0.0,0.0,4,1,1200,1,2,1,8,6,2,32,1,1
33222,201600014418,1.0,1,1,1,11.0,0.0,0.0,0.0,1935.0,A01,1.0,7,0,0.0,2.0,8.0,15.0,4,4,1230,1,2,3,1,3,2,7,2,2
33223,201600014418,1.0,1,4,2,11.0,0.0,0.0,0.0,1995.0,B01,1.0,7,0,0.0,2.0,1.0,1.0,4,4,1230,1,2,3,1,3,2,7,2,2
33224,201600014419,1.0,1,4,2,11.0,0.0,0.0,0.0,1985.0,A01,1.0,7,0,2.0,2.0,7.0,17.0,4,4,1105,1,2,1,1,3,1,7,2,2
33225,201600014419,1.0,1,4,2,11.0,0.0,0.0,0.0,1955.0,B01,1.0,7,0,0.0,2.0,8.0,15.0,4,4,1105,1,2,1,1,3,1,7,2,2
33226,201600014420,1.0,1,1,1,11.0,0.0,0.0,0.0,1964.0,A01,1.0,7,0,0.0,1.0,3.0,4.0,4,5,1500,1,2,1,1,6,3,7,2,2
33227,201600014420,0.0,3,4,2,0.0,0.0,3.0,1.0,2003.0,A01,1.0,7,0,0.0,1.0,3.0,4.0,4,5,1500,1,2,1,1,6,3,7,2,2
33228,201600014421,1.0,1,3,1,13.0,0.0,0.0,0.0,1961.0,B01,1.0,7,0,0.0,2.0,8.0,15.0,4,5,1710,1,2,3,1,3,3,7,2,2
33229,201600014421,1.0,1,1,1,13.0,0.0,0.0,0.0,1977.0,A01,2.0,7,0,0.0,2.0,2.0,1.0,4,5,1710,1,2,3,1,3,3,7,2,2
33230,201600014422,1.0,1,4,1,21.0,0.0,0.0,0.0,1982.0,B01,1.0,34,0,0.0,2.0,1.0,1.0,4,5,1720,1,2,1,1,3,3,7,1,2
33231,201600014422,1.0,1,1,2,11.0,0.0,0.0,0.0,1981.0,A01,2.0,7,0,0.0,2.0,7.0,15.0,4,5,1720,1,2,1,1,3,3,34,2,1
33232,201600014423,1.0,1,4,2,13.0,0.0,0.0,0.0,1965.0,B01,1.0,7,0,0.0,2.0,3.0,0.0,4,5,2000,1,2,1,1,3,4,7,2,2
33233,201600014423,1.0,1,1,1,13.0,0.0,0.0,0.0,1955.0,A01,1.0,7,0,0.0,2.0,3.0,13.0,4,5,2000,1,2,1,1,3,4,7,2,2
33234,201600014424,1.0,1,1,1,13.0,0.0,0.0,0.0,1991.0,A01,1.0,7,0,0.0,1.0,3.0,15.0,4,6,1030,1,2,1,1,6,1,7,2,2
33235,201600014424,0.0,3,4,2,0.0,3.0,3.0,1.0,1960.0,A01,1.0,7,0,0.0,1.0,3.0,15.0,4,6,1030,1,2,1,1,6,1,7,2,2
33236,201600014425,1.0,1,1,1,11.0,0.0,0.0,0.0,1980.0,B01,1.0,7,0,0.0,2.0,1.0,2.0,4,6,1530,1,2,1,1,2,3,7,2,2
33237,201600014425,1.0,1,1,1,11.0,0.0,0.0,0.0,1945.0,A01,1.0,7,0,0.0,2.0,4.0,0.0,4,6,1530,1,2,1,1,2,3,7,2,2
33238,201600014425,2.0,2,4,2,11.0,0.0,0.0,0.0,1947.0,A01,1.0,7,0,0.0,2.0,4.0,0.0,4,6,1530,1,2,1,1,2,3,7,2,2
33239,201600014426,1.0,1,1,2,11.0,0.0,0.0,0.0,1976.0,D01,1.0,7,0,0.0,2.0,1.0,0.0,4,6,1700,1,1,1,1,5,3,31,2,1
33240,201600014426,1.0,1,1,2,11.0,0.0,0.0,0.0,1995.0,C01,1.0,7,0,0.0,2.0,0.0,0.0,4,6,1700,1,1,1,1,5,3,31,2,1
33241,201600014426,1.0,1,1,1,11.0,0.0,0.0,0.0,1986.0,B01,1.0,14,0,0.0,2.0,1.0,13.0,4,6,1700,1,1,1,1,5,3,31,3,1
33242,201600014426,1.0,1,4,1,21.0,0.0,0.0,0.0,1946.0,A01,2.0,31,0,0.0,2.0,1.0,13.0,4,6,1700,1,1,1,1,5,3,14,1,3
33243,201600014427,1.0,1,1,1,21.0,0.0,0.0,0.0,1993.0,B01,2.0,32,0,0.0,2.0,1.0,1.0,4,6,2137,5,2,1,1,1,4,31,1,1
33244,201600014427,1.0,1,3,1,21.0,0.0,0.0,0.0,1987.0,A01,1.0,31,0,0.0,2.0,1.0,5.0,4,6,2137,5,2,1,1,1,4,32,1,1
33245,201600014428,1.0,1,1,2,11.0,0.0,0.0,0.0,1989.0,A01,1.0,7,0,0.0,1.0,2.0,1.0,4,6,2040,5,1,1,1,6,4,7,2,2
33246,201600014428,0.0,3,3,1,0.0,2.0,3.0,1.0,1996.0,A01,1.0,7,0,0.0,1.0,2.0,1.0,4,6,2040,5,1,1,1,6,4,7,2,2
33247,201600014429,1.0,1,4,1,21.0,0.0,0.0,0.0,1960.0,B01,1.0,31,0,0.0,2.0,8.0,2.0,4,7,700,1,2,1,1,3,1,7,1,2
33248,201600014429,1.0,1,1,1,11.0,0.0,0.0,0.0,1966.0,A01,1.0,7,0,0.0,2.0,0.0,17.0,4,7,700,1,2,1,1,3,1,31,2,1
33249,201600014430,1.0,1,4,1,21.0,0.0,0.0,0.0,1997.0,A01,1.0,30,0,0.0,2.0,1.0,2.0,4,7,800,1,2,1,1,1,1,7,1,2
33250,201600014430,1.0,1,1,1,11.0,0.0,0.0,0.0,1981.0,B01,1.0,7,0,0.0,2.0,1.0,1.0,4,7,800,1,2,1,1,1,1,30,2,1
33251,201600014431,1.0,1,4,1,21.0,0.0,0.0,0.0,1958.0,A01,2.0,30,0,0.0,0.0,8.0,0.0,4,2,530,5,2,3,2,7,0,30,1,1
33252,201600014432,1.0,1,3,1,21.0,0.0,0.0,0.0,1997.0,A01,1.0,30,0,0.0,1.0,1.0,21.0,4,7,1350,1,2,1,1,6,2,30,1,1
33253,201600014432,0.0,3,3,1,0.0,3.0,3.0,1.0,1992.0,A01,1.0,30,0,0.0,1.0,1.0,21.0,4,7,1350,1,2,1,1,6,2,30,1,1
33254,201600014433,1.0,1,1,1,11.0,0.0,0.0,0.0,1954.0,A01,1.0,7,0,0.0,2.0,2.0,15.0,4,6,1745,1,2,1,1,3,3,30,2,1
33255,201600014433,1.0,1,3,1,23.0,0.0,0.0,0.0,2000.0,B01,1.0,30,0,0.0,2.0,1.0,0.0,4,6,1745,1,2,1,1,3,3,7,1,2
33256,201600014433,2.0,2,3,1,23.0,0.0,0.0,0.0,2001.0,B01,1.0,30,0,0.0,2.0,1.0,0.0,4,6,1745,1,2,1,1,3,3,7,1,2
33257,201600014434,1.0,1,2,1,22.0,0.0,0.0,0.0,1973.0,A01,2.0,2,0,8.0,0.0,1.0,14.0,4,7,2220,5,2,1,1,6,5,2,1,1
33258,201600014435,1.0,1,4,1,23.0,0.0,0.0,0.0,1996.0,B01,1.0,30,0,0.0,2.0,1.0,1.0,4,7,2130,5,2,1,1,3,4,7,1,2
33259,201600014435,1.0,1,1,1,13.0,0.0,0.0,0.0,1972.0,A01,1.0,7,0,0.0,2.0,2.0,10.0,4,7,2130,5,2,1,1,3,4,30,2,1
33260,201600014436,1.0,1,1,2,11.0,0.0,0.0,0.0,1995.0,B01,1.0,7,0,0.0,2.0,4.0,1.0,4,8,345,5,2,1,1,2,0,7,2,2
33261,201600014436,2.0,2,4,2,13.0,0.0,0.0,0.0,1992.0,B01,1.0,7,0,0.0,2.0,4.0,1.0,4,8,345,5,2,1,1,2,0,7,2,2
33262,201600014437,1.0,1,1,1,11.0,0.0,0.0,0.0,1979.0,A01,1.0,7,0,0.0,2.0,3.0,15.0,4,8,1545,1,2,1,1,3,3,33,2,1
33263,201600014437,1.0,1,4,1,21.0,0.0,0.0,0.0,1995.0,B01,1.0,33,0,0.0,2.0,1.0,1.0,4,8,1545,1,2,1,1,3,3,7,1,2
33264,201600014438,0.0,3,4,1,0.0,3.0,3.0,1.0,1998.0,A01,1.0,7,0,0.0,1.0,1.0,19.0,4,8,1415,1,2,1,1,6,3,7,2,2
33265,201600014438,1.0,1,1,2,11.0,0.0,0.0,0.0,1950.0,A01,1.0,7,0,0.0,1.0,1.0,19.0,4,8,1415,1,2,1,1,6,3,7,2,2
33266,201600014439,0.0,3,4,1,0.0,2.0,9.0,1.0,1957.0,Z01,1.0,7,0,0.0,1.0,0.0,0.0,4,8,1645,1,2,1,1,7,3,7,2,2
33267,201600014440,1.0,1,1,2,11.0,0.0,0.0,0.0,1989.0,A01,2.0,7,0,0.0,1.0,3.0,15.0,4,8,1645,1,2,3,1,6,3,7,2,2
33268,201600014440,0.0,3,4,2,0.0,3.0,3.0,2.0,1920.0,A01,2.0,7,0,0.0,1.0,3.0,15.0,4,8,1645,1,2,3,1,6,3,7,2,2
33269,201600014440,0.0,3,4,2,0.0,3.0,3.0,2.0,1950.0,A01,2.0,7,0,0.0,1.0,3.0,15.0,4,8,1645,1,2,3,1,6,3,7,2,2
33270,201600014441,1.0,1,4,2,21.0,0.0,0.0,0.0,1990.0,A01,1.0,32,0,0.0,2.0,1.0,21.0,4,8,2240,5,2,1,1,3,5,32,1,1
33271,201600014442,1.0,1,3,1,11.0,0.0,0.0,0.0,1988.0,B01,1.0,7,0,0.0,2.0,7.0,1.0,4,8,2215,5,2,1,1,3,5,7,2,2
33272,201600014442,2.0,2,1,1,11.0,0.0,0.0,0.0,1987.0,B01,1.0,7,0,0.0,2.0,7.0,1.0,4,8,2215,5,2,1,1,3,5,7,2,2
33273,201600014442,1.0,1,1,1,13.0,0.0,0.0,0.0,1994.0,A01,1.0,7,0,0.0,2.0,0.0,0.0,4,8,2215,5,2,1,1,3,5,7,2,2
33274,201600014443,1.0,1,4,1,23.0,0.0,0.0,0.0,1990.0,A01,1.0,2,0,5.0,0.0,0.0,0.0,4,9,350,5,1,1,1,6,0,2,1,1
33275,201600014444,1.0,1,1,1,11.0,0.0,0.0,0.0,1974.0,B01,1.0,7,0,0.0,2.0,8.0,0.0,4,9,830,1,2,7,1,4,1,7,2,2
33276,201600014444,1.0,1,4,2,11.0,0.0,0.0,0.0,1982.0,A01,1.0,7,0,0.0,2.0,5.0,15.0,4,9,830,1,2,7,1,4,1,7,2,2
33277,201600014445,1.0,1,1,1,11.0,0.0,0.0,0.0,1982.0,B01,1.0,7,0,0.0,2.0,1.0,9.0,4,8,1755,1,2,2,1,1,3,32,2,1
33278,201600014445,1.0,1,3,1,21.0,0.0,0.0,0.0,1965.0,A01,1.0,32,0,0.0,2.0,1.0,1.0,4,8,1755,1,2,2,1,1,3,7,1,2
33279,201600014446,1.0,1,1,1,13.0,0.0,0.0,0.0,1962.0,A01,2.0,13,0,0.0,1.0,5.0,4.0,3,29,1115,1,1,1,1,6,1,13,3,3
33280,201600014446,0.0,3,3,1,0.0,5.0,2.0,1.0,1962.0,A01,2.0,13,0,0.0,1.0,5.0,4.0,3,29,1115,1,1,1,1,6,1,13,3,3
33281,201600014447,1.0,1,1,1,11.0,0.0,0.0,0.0,1994.0,B01,1.0,7,0,0.0,2.0,2.0,1.0,4,9,2245,5,2,2,1,3,5,2,2,1
33282,201600014447,1.0,1,3,1,21.0,0.0,0.0,0.0,1997.0,A01,1.0,2,0,0.0,2.0,1.0,1.0,4,9,2245,5,2,2,1,3,5,7,1,2
33283,201600014448,1.0,1,3,1,13.0,0.0,0.0,0.0,1993.0,A01,1.0,3,0,2.0,0.0,3.0,13.0,4,10,715,2,2,1,1,6,1,3,0,0
33284,201600014449,1.0,1,1,1,11.0,0.0,0.0,0.0,1957.0,B01,1.0,7,0,0.0,2.0,5.0,23.0,4,10,815,1,2,1,1,2,1,7,2,2
33285,201600014449,1.0,1,4,1,11.0,0.0,0.0,0.0,1970.0,A01,1.0,7,0,14.0,0.0,1.0,2.0,4,10,815,1,2,1,1,2,1,7,2,2
33286,201600014450,1.0,1,1,1,13.0,0.0,0.0,0.0,1964.0,A01,1.0,7,0,0.0,2.0,1.0,9.0,3,29,1430,1,2,1,1,3,3,7,2,2
33287,201600014450,1.0,1,4,1,13.0,0.0,0.0,0.0,1993.0,B01,1.0,7,0,0.0,2.0,2.0,1.0,3,29,1430,1,2,1,1,3,3,7,2,2
33288,201600014451,0.0,3,3,2,0.0,2.0,3.0,2.0,1999.0,Z01,1.0,7,0,0.0,1.0,3.0,1.0,4,10,1410,1,2,1,1,6,3,7,2,2
33289,201600014452,1.0,1,1,1,21.0,0.0,0.0,0.0,1968.0,A01,2.0,33,0,0.0,1.0,0.0,0.0,4,10,200,5,2,1,1,6,0,33,1,1
33290,201600014452,0.0,3,3,2,0.0,2.0,3.0,3.0,1994.0,A01,2.0,33,0,0.0,1.0,0.0,0.0,4,10,200,5,2,1,1,6,0,33,1,1
33291,201600014453,1.0,1,3,1,21.0,0.0,0.0,0.0,1971.0,A01,1.0,33,0,1.0,0.0,0.0,0.0,4,8,1930,1,2,1,1,6,4,7,1,2
33292,201600014453,1.0,1,1,1,11.0,0.0,0.0,0.0,1990.0,B01,1.0,7,0,0.0,2.0,1.0,0.0,4,8,1930,1,2,1,1,6,4,33,2,1
33293,201600014454,1.0,1,4,1,21.0,0.0,0.0,0.0,1985.0,B01,2.0,33,0,0.0,2.0,1.0,1.0,4,11,1420,1,2,1,1,1,3,7,1,2
33294,201600014454,2.0,2,4,2,21.0,0.0,0.0,0.0,1988.0,B01,2.0,33,0,0.0,2.0,1.0,1.0,4,11,1420,1,2,1,1,1,3,7,1,2
33295,201600014454,1.0,1,1,2,11.0,0.0,0.0,0.0,1970.0,A01,2.0,7,0,0.0,2.0,7.0,15.0,4,11,1420,1,2,1,1,1,3,33,2,1
33296,201600014455,1.0,1,1,1,11.0,0.0,0.0,0.0,1986.0,A01,1.0,7,0,0.0,1.0,2.0,1.0,4,11,1310,1,2,1,1,6,2,7,2,2
33297,201600014455,0.0,3,4,1,0.0,2.0,3.0,1.0,1985.0,A01,1.0,7,0,0.0,1.0,2.0,1.0,4,11,1310,1,2,1,1,6,2,7,2,2
33298,201600014456,1.0,1,1,1,11.0,0.0,0.0,0.0,1962.0,B01,1.0,7,0,0.0,2.0,4.0,15.0,4,11,2330,5,2,1,1,2,5,7,2,2
33299,201600014456,1.0,1,4,1,11.0,0.0,0.0,0.0,1988.0,A01,1.0,7,0,0.0,2.0,1.0,2.0,4,11,2330,5,2,1,1,2,5,7,2,2
33300,201600014457,1.0,1,1,2,11.0,0.0,0.0,0.0,1983.0,A01,1.0,7,0,0.0,2.0,3.0,15.0,4,12,800,1,2,4,1,3,1,7,2,2
33301,201600014457,1.0,1,4,1,11.0,0.0,0.0,0.0,1950.0,B01,1.0,7,0,0.0,2.0,2.0,1.0,4,12,800,1,2,4,1,3,1,7,2,2
33302,201600014458,1.0,1,1,1,11.0,0.0,0.0,0.0,1980.0,B01,1.0,13,0,0.0,2.0,2.0,1.0,4,12,912,1,2,1,1,3,1,34,3,1
33303,201600014458,1.0,1,4,1,21.0,0.0,0.0,0.0,1977.0,A01,1.0,34,0,0.0,2.0,8.0,13.0,4,12,912,1,2,1,1,3,1,13,1,3
33304,201600014459,1.0,1,3,1,11.0,0.0,0.0,0.0,1981.0,B01,1.0,7,0,0.0,2.0,3.0,9.0,4,12,1500,1,2,6,1,3,3,7,2,2
33305,201600014459,1.0,1,1,1,11.0,0.0,0.0,0.0,1947.0,A01,1.0,7,0,0.0,2.0,2.0,9.0,4,12,1500,1,2,6,1,3,3,7,2,2
33306,201600014460,1.0,1,1,1,11.0,0.0,0.0,0.0,1993.0,A01,2.0,14,0,0.0,2.0,1.0,1.0,4,15,1200,1,2,1,1,5,2,7,3,2
33307,201600014460,1.0,1,4,1,11.0,0.0,0.0,0.0,1968.0,C01,2.0,7,0,0.0,2.0,4.0,1.0,4,15,1200,1,2,1,1,5,2,14,2,3
33308,201600014460,1.0,1,4,1,11.0,0.0,0.0,0.0,1961.0,B01,2.0,7,0,0.0,2.0,4.0,0.0,4,15,1200,1,2,1,1,5,2,14,2,3
33309,201600014461,1.0,1,3,1,21.0,0.0,0.0,0.0,1994.0,A01,1.0,33,0,0.0,2.0,1.0,17.0,4,12,1840,1,1,1,1,3,4,7,1,2
33310,201600014461,1.0,1,1,1,11.0,0.0,0.0,0.0,1990.0,B01,1.0,7,0,0.0,2.0,5.0,15.0,4,12,1840,1,1,1,1,3,4,33,2,1
33311,201600014462,2.0,2,3,2,21.0,0.0,0.0,0.0,1967.0,B01,1.0,34,0,0.0,2.0,2.0,1.0,4,13,845,1,2,1,1,2,1,7,1,2
33312,201600014462,1.0,1,3,1,21.0,0.0,0.0,0.0,1966.0,B01,1.0,34,0,0.0,2.0,2.0,1.0,4,13,845,1,2,1,1,2,1,7,1,2
33313,201600014462,1.0,1,1,2,11.0,0.0,0.0,0.0,1969.0,A01,1.0,7,0,0.0,2.0,3.0,11.0,4,13,845,1,2,1,1,2,1,34,2,1
33314,201600014463,0.0,3,4,2,0.0,5.0,2.0,1.0,1953.0,A01,1.0,10,0,0.0,1.0,3.0,15.0,4,13,1130,1,2,1,1,6,1,10,2,2
33315,201600014463,1.0,1,1,1,13.0,0.0,0.0,0.0,1969.0,A01,1.0,10,0,0.0,1.0,3.0,15.0,4,13,1130,1,2,1,1,6,1,10,2,2
33316,201600014464,1.0,1,4,1,21.0,0.0,0.0,0.0,1999.0,B01,0.0,30,0,0.0,2.0,1.0,1.0,4,12,2000,1,2,1,1,1,4,7,1,2
33317,201600014464,1.0,1,1,1,11.0,0.0,0.0,0.0,1994.0,A01,0.0,7,0,0.0,2.0,1.0,1.0,4,12,2000,1,2,1,1,1,4,30,2,1
33318,201600014465,1.0,1,4,2,11.0,0.0,0.0,0.0,1987.0,A01,1.0,7,0,0.0,2.0,7.0,15.0,4,12,1300,1,2,3,1,3,2,34,2,1
33319,201600014465,1.0,1,4,1,21.0,0.0,0.0,0.0,1994.0,B01,1.0,34,0,0.0,2.0,1.0,1.0,4,12,1300,1,2,3,1,3,2,7,1,2
33320,201600014466,1.0,1,3,1,21.0,0.0,0.0,0.0,1994.0,B01,1.0,34,0,0.0,2.0,0.0,1.0,4,13,1500,1,2,1,1,5,3,30,1,1
33321,201600014466,1.0,1,1,2,21.0,0.0,0.0,0.0,1993.0,A01,1.0,30,0,0.0,2.0,1.0,10.0,4,13,1500,1,2,1,1,5,3,34,1,1
33322,201600014466,1.0,1,1,1,11.0,0.0,0.0,0.0,1953.0,C01,1.0,7,0,0.0,2.0,2.0,23.0,4,13,1500,1,2,1,1,5,3,34,2,1
33323,201600014466,2.0,2,1,2,11.0,0.0,0.0,0.0,1959.0,C01,1.0,7,0,0.0,2.0,2.0,23.0,4,13,1500,1,2,1,1,5,3,34,2,1
33324,201600014467,1.0,1,1,2,11.0,0.0,0.0,0.0,1987.0,A01,0.0,7,0,0.0,2.0,5.0,1.0,4,12,1500,1,2,2,1,3,3,33,2,1
33325,201600014467,1.0,1,4,2,21.0,0.0,0.0,0.0,1981.0,B01,1.0,33,0,0.0,2.0,3.0,1.0,4,12,1500,1,2,2,1,3,3,7,1,2
33326,201600014468,1.0,1,3,1,11.0,0.0,0.0,0.0,1991.0,B01,1.0,7,0,0.0,2.0,3.0,1.0,4,13,1540,1,2,1,1,1,3,7,2,2
33327,201600014468,1.0,1,4,1,11.0,0.0,0.0,0.0,1953.0,A01,1.0,7,0,0.0,2.0,1.0,13.0,4,13,1540,1,2,1,1,1,3,7,2,2
33328,201600014469,1.0,1,4,1,21.0,0.0,0.0,0.0,1948.0,B01,1.0,33,0,0.0,2.0,5.0,23.0,4,14,550,5,2,1,1,2,0,7,1,2
33329,201600014469,1.0,1,1,1,11.0,0.0,0.0,0.0,1991.0,A01,1.0,7,0,0.0,2.0,1.0,2.0,4,14,550,5,2,1,1,2,0,33,2,1
33330,201600014470,1.0,1,3,1,21.0,0.0,0.0,0.0,1973.0,B01,1.0,33,0,0.0,2.0,1.0,0.0,4,11,1040,1,2,3,1,1,1,7,1,2
33331,201600014470,1.0,1,1,1,11.0,0.0,0.0,0.0,1951.0,A01,0.0,7,0,0.0,2.0,3.0,15.0,4,11,1040,1,2,3,1,1,1,33,2,1
33332,201600014471,1.0,1,1,2,11.0,0.0,0.0,0.0,1956.0,A01,2.0,7,0,0.0,2.0,7.0,15.0,4,14,1545,1,2,1,1,1,3,33,2,1
33333,201600014471,1.0,1,4,1,21.0,0.0,0.0,0.0,1958.0,B01,1.0,33,0,0.0,2.0,1.0,1.0,4,14,1545,1,2,1,1,1,3,7,1,2
33334,201600014472,1.0,1,3,1,13.0,0.0,0.0,0.0,1988.0,B01,1.0,7,0,0.0,2.0,4.0,2.0,4,9,1630,1,2,1,1,1,3,7,2,2
33335,201600014472,1.0,1,1,1,13.0,0.0,0.0,0.0,1985.0,A01,1.0,7,0,0.0,2.0,1.0,2.0,4,9,1630,1,2,1,1,1,3,7,2,2
33336,201600014473,1.0,1,1,1,21.0,0.0,0.0,0.0,1950.0,A01,1.0,2,0,0.0,2.0,2.0,0.0,4,14,1930,1,1,1,1,3,4,7,1,2
33337,201600014473,2.0,2,3,2,21.0,0.0,0.0,0.0,1999.0,A01,1.0,2,0,0.0,2.0,2.0,0.0,4,14,1930,1,1,1,1,3,4,7,1,2
33338,201600014473,1.0,1,1,2,11.0,0.0,0.0,0.0,1959.0,B01,1.0,7,0,0.0,2.0,2.0,17.0,4,14,1930,1,1,1,1,3,4,2,2,1
33339,201600014474,1.0,1,4,1,11.0,0.0,0.0,0.0,1987.0,A01,1.0,7,0,5.0,0.0,1.0,0.0,4,10,400,3,2,1,1,6,0,7,2,2
33340,201600014475,1.0,1,4,1,21.0,0.0,0.0,0.0,1981.0,A01,2.0,34,0,0.0,0.0,0.0,10.0,4,15,200,5,2,1,1,6,0,34,1,1
33341,201600014476,1.0,1,1,1,21.0,0.0,0.0,0.0,1998.0,A01,2.0,32,0,0.0,1.0,1.0,5.0,4,8,1030,1,2,1,1,6,1,32,1,1
33342,201600014476,0.0,3,4,2,0.0,1.0,3.0,1.0,1990.0,A01,2.0,32,0,0.0,1.0,1.0,5.0,4,8,1030,1,2,1,1,6,1,32,1,1
33343,201600014477,1.0,1,4,1,11.0,0.0,0.0,0.0,1993.0,B01,2.0,7,0,0.0,2.0,4.0,23.0,4,13,1645,1,2,9,1,2,3,7,2,2
33344,201600014477,1.0,1,1,1,11.0,0.0,0.0,0.0,1952.0,A01,2.0,7,0,0.0,2.0,1.0,2.0,4,13,1645,1,2,9,1,2,3,7,2,2
33345,201600014478,1.0,1,4,1,21.0,0.0,0.0,0.0,1945.0,B01,2.0,34,0,0.0,2.0,4.0,1.0,4,7,1800,1,2,1,1,2,4,7,1,2
33346,201600014478,2.0,2,4,2,21.0,0.0,0.0,0.0,1946.0,B01,2.0,34,0,0.0,2.0,4.0,1.0,4,7,1800,1,2,1,1,2,4,7,1,2
33347,201600014478,1.0,1,1,1,13.0,0.0,0.0,0.0,1981.0,A01,2.0,7,0,0.0,2.0,1.0,0.0,4,7,1800,1,2,1,1,2,4,34,2,1
33348,201600014479,1.0,1,3,1,21.0,0.0,0.0,0.0,1980.0,A01,2.0,32,0,0.0,0.0,0.0,1.0,3,19,1930,1,2,1,1,7,4,32,1,1
33349,201600014480,2.0,2,4,2,11.0,0.0,0.0,0.0,1971.0,B01,1.0,7,0,0.0,2.0,4.0,2.0,4,15,1600,1,2,1,1,2,3,7,2,2
33350,201600014480,1.0,1,4,2,11.0,0.0,0.0,0.0,1971.0,B01,1.0,7,0,0.0,2.0,4.0,2.0,4,15,1600,1,2,1,1,2,3,7,2,2